:0200000460009A
:100000004643464200000156000000000103030081
:1000100000000000000000000000000000000000E0
:1000200000000000000000000000000000000000D0
:1000300000000000000000000000000000000000C0
:1000400000000000010408000000000000000000A3
:100050000000200000000000000000000000000080
:100060000000000000000000000000000000000090
:100070000000000000000000000000000000000080
:10008000EB04180A063204260000000000000000FD
:10009000050404240000000000000000000000002F
:1000A0000000000000000000000000000000000050
:1000B0000604000000000000000000000000000036
:1000C0000000000000000000000000000000000030
:1000D00020041808000000000000000000000000DC
:1000E0000000000000000000000000000000000010
:1000F0000000000000000000000000000000000000
:10010000D8041808000000000000000000000000F3
:100110000204180804200000000000000000000095
:1001200000000000000000000000000000000000CF
:10013000600400000000000000000000000000005B
:1001400000000000000000000000000000000000AF
:10015000000000000000000000000000000000009F
:10016000000000000000000000000000000000008F
:10017000000000000000000000000000000000007F
:10018000000000000000000000000000000000006F
:10019000000000000000000000000000000000005F
:1001A000000000000000000000000000000000004F
:1001B000000000000000000000000000000000003F
:1001C000000100000010000001000000000000001D
:1001D000000001000000000000000000000000001E
:1001E000000000000000000000000000000000000F
:1001F00000000000000000000000000000000000FF
:10020000FFFFFFFFFFFFFFFFFFFFFFFFFFFFFFFFFE
:10021000FFFFFFFFFFFFFFFFFFFFFFFFFFFFFFFFEE
:10022000FFFFFFFFFFFFFFFFFFFFFFFFFFFFFFFFDE
:10023000FFFFFFFFFFFFFFFFFFFFFFFFFFFFFFFFCE
:10024000FFFFFFFFFFFFFFFFFFFFFFFFFFFFFFFFBE
:10025000FFFFFFFFFFFFFFFFFFFFFFFFFFFFFFFFAE
:10026000FFFFFFFFFFFFFFFFFFFFFFFFFFFFFFFF9E
:10027000FFFFFFFFFFFFFFFFFFFFFFFFFFFFFFFF8E
:10028000FFFFFFFFFFFFFFFFFFFFFFFFFFFFFFFF7E
:10029000FFFFFFFFFFFFFFFFFFFFFFFFFFFFFFFF6E
:1002A000FFFFFFFFFFFFFFFFFFFFFFFFFFFFFFFF5E
:1002B000FFFFFFFFFFFFFFFFFFFFFFFFFFFFFFFF4E
:1002C000FFFFFFFFFFFFFFFFFFFFFFFFFFFFFFFF3E
:1002D000FFFFFFFFFFFFFFFFFFFFFFFFFFFFFFFF2E
:1002E000FFFFFFFFFFFFFFFFFFFFFFFFFFFFFFFF1E
:1002F000FFFFFFFFFFFFFFFFFFFFFFFFFFFFFFFF0E
:10030000FFFFFFFFFFFFFFFFFFFFFFFFFFFFFFFFFD
:10031000FFFFFFFFFFFFFFFFFFFFFFFFFFFFFFFFED
:10032000FFFFFFFFFFFFFFFFFFFFFFFFFFFFFFFFDD
:10033000FFFFFFFFFFFFFFFFFFFFFFFFFFFFFFFFCD
:10034000FFFFFFFFFFFFFFFFFFFFFFFFFFFFFFFFBD
:10035000FFFFFFFFFFFFFFFFFFFFFFFFFFFFFFFFAD
:10036000FFFFFFFFFFFFFFFFFFFFFFFFFFFFFFFF9D
:10037000FFFFFFFFFFFFFFFFFFFFFFFFFFFFFFFF8D
:10038000FFFFFFFFFFFFFFFFFFFFFFFFFFFFFFFF7D
:10039000FFFFFFFFFFFFFFFFFFFFFFFFFFFFFFFF6D
:1003A000FFFFFFFFFFFFFFFFFFFFFFFFFFFFFFFF5D
:1003B000FFFFFFFFFFFFFFFFFFFFFFFFFFFFFFFF4D
:1003C000FFFFFFFFFFFFFFFFFFFFFFFFFFFFFFFF3D
:1003D000FFFFFFFFFFFFFFFFFFFFFFFFFFFFFFFF2D
:1003E000FFFFFFFFFFFFFFFFFFFFFFFFFFFFFFFF1D
:1003F000FFFFFFFFFFFFFFFFFFFFFFFFFFFFFFFF0D
:10040000FFFFFFFFFFFFFFFFFFFFFFFFFFFFFFFFFC
:10041000FFFFFFFFFFFFFFFFFFFFFFFFFFFFFFFFEC
:10042000FFFFFFFFFFFFFFFFFFFFFFFFFFFFFFFFDC
:10043000FFFFFFFFFFFFFFFFFFFFFFFFFFFFFFFFCC
:10044000FFFFFFFFFFFFFFFFFFFFFFFFFFFFFFFFBC
:10045000FFFFFFFFFFFFFFFFFFFFFFFFFFFFFFFFAC
:10046000FFFFFFFFFFFFFFFFFFFFFFFFFFFFFFFF9C
:10047000FFFFFFFFFFFFFFFFFFFFFFFFFFFFFFFF8C
:10048000FFFFFFFFFFFFFFFFFFFFFFFFFFFFFFFF7C
:10049000FFFFFFFFFFFFFFFFFFFFFFFFFFFFFFFF6C
:1004A000FFFFFFFFFFFFFFFFFFFFFFFFFFFFFFFF5C
:1004B000FFFFFFFFFFFFFFFFFFFFFFFFFFFFFFFF4C
:1004C000FFFFFFFFFFFFFFFFFFFFFFFFFFFFFFFF3C
:1004D000FFFFFFFFFFFFFFFFFFFFFFFFFFFFFFFF2C
:1004E000FFFFFFFFFFFFFFFFFFFFFFFFFFFFFFFF1C
:1004F000FFFFFFFFFFFFFFFFFFFFFFFFFFFFFFFF0C
:10050000FFFFFFFFFFFFFFFFFFFFFFFFFFFFFFFFFB
:10051000FFFFFFFFFFFFFFFFFFFFFFFFFFFFFFFFEB
:10052000FFFFFFFFFFFFFFFFFFFFFFFFFFFFFFFFDB
:10053000FFFFFFFFFFFFFFFFFFFFFFFFFFFFFFFFCB
:10054000FFFFFFFFFFFFFFFFFFFFFFFFFFFFFFFFBB
:10055000FFFFFFFFFFFFFFFFFFFFFFFFFFFFFFFFAB
:10056000FFFFFFFFFFFFFFFFFFFFFFFFFFFFFFFF9B
:10057000FFFFFFFFFFFFFFFFFFFFFFFFFFFFFFFF8B
:10058000FFFFFFFFFFFFFFFFFFFFFFFFFFFFFFFF7B
:10059000FFFFFFFFFFFFFFFFFFFFFFFFFFFFFFFF6B
:1005A000FFFFFFFFFFFFFFFFFFFFFFFFFFFFFFFF5B
:1005B000FFFFFFFFFFFFFFFFFFFFFFFFFFFFFFFF4B
:1005C000FFFFFFFFFFFFFFFFFFFFFFFFFFFFFFFF3B
:1005D000FFFFFFFFFFFFFFFFFFFFFFFFFFFFFFFF2B
:1005E000FFFFFFFFFFFFFFFFFFFFFFFFFFFFFFFF1B
:1005F000FFFFFFFFFFFFFFFFFFFFFFFFFFFFFFFF0B
:10060000FFFFFFFFFFFFFFFFFFFFFFFFFFFFFFFFFA
:10061000FFFFFFFFFFFFFFFFFFFFFFFFFFFFFFFFEA
:10062000FFFFFFFFFFFFFFFFFFFFFFFFFFFFFFFFDA
:10063000FFFFFFFFFFFFFFFFFFFFFFFFFFFFFFFFCA
:10064000FFFFFFFFFFFFFFFFFFFFFFFFFFFFFFFFBA
:10065000FFFFFFFFFFFFFFFFFFFFFFFFFFFFFFFFAA
:10066000FFFFFFFFFFFFFFFFFFFFFFFFFFFFFFFF9A
:10067000FFFFFFFFFFFFFFFFFFFFFFFFFFFFFFFF8A
:10068000FFFFFFFFFFFFFFFFFFFFFFFFFFFFFFFF7A
:10069000FFFFFFFFFFFFFFFFFFFFFFFFFFFFFFFF6A
:1006A000FFFFFFFFFFFFFFFFFFFFFFFFFFFFFFFF5A
:1006B000FFFFFFFFFFFFFFFFFFFFFFFFFFFFFFFF4A
:1006C000FFFFFFFFFFFFFFFFFFFFFFFFFFFFFFFF3A
:1006D000FFFFFFFFFFFFFFFFFFFFFFFFFFFFFFFF2A
:1006E000FFFFFFFFFFFFFFFFFFFFFFFFFFFFFFFF1A
:1006F000FFFFFFFFFFFFFFFFFFFFFFFFFFFFFFFF0A
:10070000FFFFFFFFFFFFFFFFFFFFFFFFFFFFFFFFF9
:10071000FFFFFFFFFFFFFFFFFFFFFFFFFFFFFFFFE9
:10072000FFFFFFFFFFFFFFFFFFFFFFFFFFFFFFFFD9
:10073000FFFFFFFFFFFFFFFFFFFFFFFFFFFFFFFFC9
:10074000FFFFFFFFFFFFFFFFFFFFFFFFFFFFFFFFB9
:10075000FFFFFFFFFFFFFFFFFFFFFFFFFFFFFFFFA9
:10076000FFFFFFFFFFFFFFFFFFFFFFFFFFFFFFFF99
:10077000FFFFFFFFFFFFFFFFFFFFFFFFFFFFFFFF89
:10078000FFFFFFFFFFFFFFFFFFFFFFFFFFFFFFFF79
:10079000FFFFFFFFFFFFFFFFFFFFFFFFFFFFFFFF69
:1007A000FFFFFFFFFFFFFFFFFFFFFFFFFFFFFFFF59
:1007B000FFFFFFFFFFFFFFFFFFFFFFFFFFFFFFFF49
:1007C000FFFFFFFFFFFFFFFFFFFFFFFFFFFFFFFF39
:1007D000FFFFFFFFFFFFFFFFFFFFFFFFFFFFFFFF29
:1007E000FFFFFFFFFFFFFFFFFFFFFFFFFFFFFFFF19
:1007F000FFFFFFFFFFFFFFFFFFFFFFFFFFFFFFFF09
:10080000FFFFFFFFFFFFFFFFFFFFFFFFFFFFFFFFF8
:10081000FFFFFFFFFFFFFFFFFFFFFFFFFFFFFFFFE8
:10082000FFFFFFFFFFFFFFFFFFFFFFFFFFFFFFFFD8
:10083000FFFFFFFFFFFFFFFFFFFFFFFFFFFFFFFFC8
:10084000FFFFFFFFFFFFFFFFFFFFFFFFFFFFFFFFB8
:10085000FFFFFFFFFFFFFFFFFFFFFFFFFFFFFFFFA8
:10086000FFFFFFFFFFFFFFFFFFFFFFFFFFFFFFFF98
:10087000FFFFFFFFFFFFFFFFFFFFFFFFFFFFFFFF88
:10088000FFFFFFFFFFFFFFFFFFFFFFFFFFFFFFFF78
:10089000FFFFFFFFFFFFFFFFFFFFFFFFFFFFFFFF68
:1008A000FFFFFFFFFFFFFFFFFFFFFFFFFFFFFFFF58
:1008B000FFFFFFFFFFFFFFFFFFFFFFFFFFFFFFFF48
:1008C000FFFFFFFFFFFFFFFFFFFFFFFFFFFFFFFF38
:1008D000FFFFFFFFFFFFFFFFFFFFFFFFFFFFFFFF28
:1008E000FFFFFFFFFFFFFFFFFFFFFFFFFFFFFFFF18
:1008F000FFFFFFFFFFFFFFFFFFFFFFFFFFFFFFFF08
:10090000FFFFFFFFFFFFFFFFFFFFFFFFFFFFFFFFF7
:10091000FFFFFFFFFFFFFFFFFFFFFFFFFFFFFFFFE7
:10092000FFFFFFFFFFFFFFFFFFFFFFFFFFFFFFFFD7
:10093000FFFFFFFFFFFFFFFFFFFFFFFFFFFFFFFFC7
:10094000FFFFFFFFFFFFFFFFFFFFFFFFFFFFFFFFB7
:10095000FFFFFFFFFFFFFFFFFFFFFFFFFFFFFFFFA7
:10096000FFFFFFFFFFFFFFFFFFFFFFFFFFFFFFFF97
:10097000FFFFFFFFFFFFFFFFFFFFFFFFFFFFFFFF87
:10098000FFFFFFFFFFFFFFFFFFFFFFFFFFFFFFFF77
:10099000FFFFFFFFFFFFFFFFFFFFFFFFFFFFFFFF67
:1009A000FFFFFFFFFFFFFFFFFFFFFFFFFFFFFFFF57
:1009B000FFFFFFFFFFFFFFFFFFFFFFFFFFFFFFFF47
:1009C000FFFFFFFFFFFFFFFFFFFFFFFFFFFFFFFF37
:1009D000FFFFFFFFFFFFFFFFFFFFFFFFFFFFFFFF27
:1009E000FFFFFFFFFFFFFFFFFFFFFFFFFFFFFFFF17
:1009F000FFFFFFFFFFFFFFFFFFFFFFFFFFFFFFFF07
:100A0000FFFFFFFFFFFFFFFFFFFFFFFFFFFFFFFFF6
:100A1000FFFFFFFFFFFFFFFFFFFFFFFFFFFFFFFFE6
:100A2000FFFFFFFFFFFFFFFFFFFFFFFFFFFFFFFFD6
:100A3000FFFFFFFFFFFFFFFFFFFFFFFFFFFFFFFFC6
:100A4000FFFFFFFFFFFFFFFFFFFFFFFFFFFFFFFFB6
:100A5000FFFFFFFFFFFFFFFFFFFFFFFFFFFFFFFFA6
:100A6000FFFFFFFFFFFFFFFFFFFFFFFFFFFFFFFF96
:100A7000FFFFFFFFFFFFFFFFFFFFFFFFFFFFFFFF86
:100A8000FFFFFFFFFFFFFFFFFFFFFFFFFFFFFFFF76
:100A9000FFFFFFFFFFFFFFFFFFFFFFFFFFFFFFFF66
:100AA000FFFFFFFFFFFFFFFFFFFFFFFFFFFFFFFF56
:100AB000FFFFFFFFFFFFFFFFFFFFFFFFFFFFFFFF46
:100AC000FFFFFFFFFFFFFFFFFFFFFFFFFFFFFFFF36
:100AD000FFFFFFFFFFFFFFFFFFFFFFFFFFFFFFFF26
:100AE000FFFFFFFFFFFFFFFFFFFFFFFFFFFFFFFF16
:100AF000FFFFFFFFFFFFFFFFFFFFFFFFFFFFFFFF06
:100B0000FFFFFFFFFFFFFFFFFFFFFFFFFFFFFFFFF5
:100B1000FFFFFFFFFFFFFFFFFFFFFFFFFFFFFFFFE5
:100B2000FFFFFFFFFFFFFFFFFFFFFFFFFFFFFFFFD5
:100B3000FFFFFFFFFFFFFFFFFFFFFFFFFFFFFFFFC5
:100B4000FFFFFFFFFFFFFFFFFFFFFFFFFFFFFFFFB5
:100B5000FFFFFFFFFFFFFFFFFFFFFFFFFFFFFFFFA5
:100B6000FFFFFFFFFFFFFFFFFFFFFFFFFFFFFFFF95
:100B7000FFFFFFFFFFFFFFFFFFFFFFFFFFFFFFFF85
:100B8000FFFFFFFFFFFFFFFFFFFFFFFFFFFFFFFF75
:100B9000FFFFFFFFFFFFFFFFFFFFFFFFFFFFFFFF65
:100BA000FFFFFFFFFFFFFFFFFFFFFFFFFFFFFFFF55
:100BB000FFFFFFFFFFFFFFFFFFFFFFFFFFFFFFFF45
:100BC000FFFFFFFFFFFFFFFFFFFFFFFFFFFFFFFF35
:100BD000FFFFFFFFFFFFFFFFFFFFFFFFFFFFFFFF25
:100BE000FFFFFFFFFFFFFFFFFFFFFFFFFFFFFFFF15
:100BF000FFFFFFFFFFFFFFFFFFFFFFFFFFFFFFFF05
:100C0000FFFFFFFFFFFFFFFFFFFFFFFFFFFFFFFFF4
:100C1000FFFFFFFFFFFFFFFFFFFFFFFFFFFFFFFFE4
:100C2000FFFFFFFFFFFFFFFFFFFFFFFFFFFFFFFFD4
:100C3000FFFFFFFFFFFFFFFFFFFFFFFFFFFFFFFFC4
:100C4000FFFFFFFFFFFFFFFFFFFFFFFFFFFFFFFFB4
:100C5000FFFFFFFFFFFFFFFFFFFFFFFFFFFFFFFFA4
:100C6000FFFFFFFFFFFFFFFFFFFFFFFFFFFFFFFF94
:100C7000FFFFFFFFFFFFFFFFFFFFFFFFFFFFFFFF84
:100C8000FFFFFFFFFFFFFFFFFFFFFFFFFFFFFFFF74
:100C9000FFFFFFFFFFFFFFFFFFFFFFFFFFFFFFFF64
:100CA000FFFFFFFFFFFFFFFFFFFFFFFFFFFFFFFF54
:100CB000FFFFFFFFFFFFFFFFFFFFFFFFFFFFFFFF44
:100CC000FFFFFFFFFFFFFFFFFFFFFFFFFFFFFFFF34
:100CD000FFFFFFFFFFFFFFFFFFFFFFFFFFFFFFFF24
:100CE000FFFFFFFFFFFFFFFFFFFFFFFFFFFFFFFF14
:100CF000FFFFFFFFFFFFFFFFFFFFFFFFFFFFFFFF04
:100D0000FFFFFFFFFFFFFFFFFFFFFFFFFFFFFFFFF3
:100D1000FFFFFFFFFFFFFFFFFFFFFFFFFFFFFFFFE3
:100D2000FFFFFFFFFFFFFFFFFFFFFFFFFFFFFFFFD3
:100D3000FFFFFFFFFFFFFFFFFFFFFFFFFFFFFFFFC3
:100D4000FFFFFFFFFFFFFFFFFFFFFFFFFFFFFFFFB3
:100D5000FFFFFFFFFFFFFFFFFFFFFFFFFFFFFFFFA3
:100D6000FFFFFFFFFFFFFFFFFFFFFFFFFFFFFFFF93
:100D7000FFFFFFFFFFFFFFFFFFFFFFFFFFFFFFFF83
:100D8000FFFFFFFFFFFFFFFFFFFFFFFFFFFFFFFF73
:100D9000FFFFFFFFFFFFFFFFFFFFFFFFFFFFFFFF63
:100DA000FFFFFFFFFFFFFFFFFFFFFFFFFFFFFFFF53
:100DB000FFFFFFFFFFFFFFFFFFFFFFFFFFFFFFFF43
:100DC000FFFFFFFFFFFFFFFFFFFFFFFFFFFFFFFF33
:100DD000FFFFFFFFFFFFFFFFFFFFFFFFFFFFFFFF23
:100DE000FFFFFFFFFFFFFFFFFFFFFFFFFFFFFFFF13
:100DF000FFFFFFFFFFFFFFFFFFFFFFFFFFFFFFFF03
:100E0000FFFFFFFFFFFFFFFFFFFFFFFFFFFFFFFFF2
:100E1000FFFFFFFFFFFFFFFFFFFFFFFFFFFFFFFFE2
:100E2000FFFFFFFFFFFFFFFFFFFFFFFFFFFFFFFFD2
:100E3000FFFFFFFFFFFFFFFFFFFFFFFFFFFFFFFFC2
:100E4000FFFFFFFFFFFFFFFFFFFFFFFFFFFFFFFFB2
:100E5000FFFFFFFFFFFFFFFFFFFFFFFFFFFFFFFFA2
:100E6000FFFFFFFFFFFFFFFFFFFFFFFFFFFFFFFF92
:100E7000FFFFFFFFFFFFFFFFFFFFFFFFFFFFFFFF82
:100E8000FFFFFFFFFFFFFFFFFFFFFFFFFFFFFFFF72
:100E9000FFFFFFFFFFFFFFFFFFFFFFFFFFFFFFFF62
:100EA000FFFFFFFFFFFFFFFFFFFFFFFFFFFFFFFF52
:100EB000FFFFFFFFFFFFFFFFFFFFFFFFFFFFFFFF42
:100EC000FFFFFFFFFFFFFFFFFFFFFFFFFFFFFFFF32
:100ED000FFFFFFFFFFFFFFFFFFFFFFFFFFFFFFFF22
:100EE000FFFFFFFFFFFFFFFFFFFFFFFFFFFFFFFF12
:100EF000FFFFFFFFFFFFFFFFFFFFFFFFFFFFFFFF02
:100F0000FFFFFFFFFFFFFFFFFFFFFFFFFFFFFFFFF1
:100F1000FFFFFFFFFFFFFFFFFFFFFFFFFFFFFFFFE1
:100F2000FFFFFFFFFFFFFFFFFFFFFFFFFFFFFFFFD1
:100F3000FFFFFFFFFFFFFFFFFFFFFFFFFFFFFFFFC1
:100F4000FFFFFFFFFFFFFFFFFFFFFFFFFFFFFFFFB1
:100F5000FFFFFFFFFFFFFFFFFFFFFFFFFFFFFFFFA1
:100F6000FFFFFFFFFFFFFFFFFFFFFFFFFFFFFFFF91
:100F7000FFFFFFFFFFFFFFFFFFFFFFFFFFFFFFFF81
:100F8000FFFFFFFFFFFFFFFFFFFFFFFFFFFFFFFF71
:100F9000FFFFFFFFFFFFFFFFFFFFFFFFFFFFFFFF61
:100FA000FFFFFFFFFFFFFFFFFFFFFFFFFFFFFFFF51
:100FB000FFFFFFFFFFFFFFFFFFFFFFFFFFFFFFFF41
:100FC000FFFFFFFFFFFFFFFFFFFFFFFFFFFFFFFF31
:100FD000FFFFFFFFFFFFFFFFFFFFFFFFFFFFFFFF21
:100FE000FFFFFFFFFFFFFFFFFFFFFFFFFFFFFFFF11
:100FF000FFFFFFFFFFFFFFFFFFFFFFFFFFFFFFFF01
:10100000D1002043491600600000000000000000ED
:10101000201000600010006000FC03600000000071
:10102000000000600008040000000000FFFFFFFF58
:10103000FFFFFFFFFFFFFFFFFFFFFFFFFFFFFFFFC0
:10104000FFFFFFFFFFFFFFFFFFFFFFFFFFFFFFFFB0
:10105000FFFFFFFFFFFFFFFFFFFFFFFFFFFFFFFFA0
:10106000FFFFFFFFFFFFFFFFFFFFFFFFFFFFFFFF90
:10107000FFFFFFFFFFFFFFFFFFFFFFFFFFFFFFFF80
:10108000FFFFFFFFFFFFFFFFFFFFFFFFFFFFFFFF70
:10109000FFFFFFFFFFFFFFFFFFFFFFFFFFFFFFFF60
:1010A000FFFFFFFFFFFFFFFFFFFFFFFFFFFFFFFF50
:1010B000FFFFFFFFFFFFFFFFFFFFFFFFFFFFFFFF40
:1010C000FFFFFFFFFFFFFFFFFFFFFFFFFFFFFFFF30
:1010D000FFFFFFFFFFFFFFFFFFFFFFFFFFFFFFFF20
:1010E000FFFFFFFFFFFFFFFFFFFFFFFFFFFFFFFF10
:1010F000FFFFFFFFFFFFFFFFFFFFFFFFFFFFFFFF00
:10110000FFFFFFFFFFFFFFFFFFFFFFFFFFFFFFFFEF
:10111000FFFFFFFFFFFFFFFFFFFFFFFFFFFFFFFFDF
:10112000FFFFFFFFFFFFFFFFFFFFFFFFFFFFFFFFCF
:10113000FFFFFFFFFFFFFFFFFFFFFFFFFFFFFFFFBF
:10114000FFFFFFFFFFFFFFFFFFFFFFFFFFFFFFFFAF
:10115000FFFFFFFFFFFFFFFFFFFFFFFFFFFFFFFF9F
:10116000FFFFFFFFFFFFFFFFFFFFFFFFFFFFFFFF8F
:10117000FFFFFFFFFFFFFFFFFFFFFFFFFFFFFFFF7F
:10118000FFFFFFFFFFFFFFFFFFFFFFFFFFFFFFFF6F
:10119000FFFFFFFFFFFFFFFFFFFFFFFFFFFFFFFF5F
:1011A000FFFFFFFFFFFFFFFFFFFFFFFFFFFFFFFF4F
:1011B000FFFFFFFFFFFFFFFFFFFFFFFFFFFFFFFF3F
:1011C000FFFFFFFFFFFFFFFFFFFFFFFFFFFFFFFF2F
:1011D000FFFFFFFFFFFFFFFFFFFFFFFFFFFFFFFF1F
:1011E000FFFFFFFFFFFFFFFFFFFFFFFFFFFFFFFF0F
:1011F000FFFFFFFFFFFFFFFFFFFFFFFFFFFFFFFFFF
:10120000FFFFFFFFFFFFFFFFFFFFFFFFFFFFFFFFEE
:10121000FFFFFFFFFFFFFFFFFFFFFFFFFFFFFFFFDE
:10122000FFFFFFFFFFFFFFFFFFFFFFFFFFFFFFFFCE
:10123000FFFFFFFFFFFFFFFFFFFFFFFFFFFFFFFFBE
:10124000FFFFFFFFFFFFFFFFFFFFFFFFFFFFFFFFAE
:10125000FFFFFFFFFFFFFFFFFFFFFFFFFFFFFFFF9E
:10126000FFFFFFFFFFFFFFFFFFFFFFFFFFFFFFFF8E
:10127000FFFFFFFFFFFFFFFFFFFFFFFFFFFFFFFF7E
:10128000FFFFFFFFFFFFFFFFFFFFFFFFFFFFFFFF6E
:10129000FFFFFFFFFFFFFFFFFFFFFFFFFFFFFFFF5E
:1012A000FFFFFFFFFFFFFFFFFFFFFFFFFFFFFFFF4E
:1012B000FFFFFFFFFFFFFFFFFFFFFFFFFFFFFFFF3E
:1012C000FFFFFFFFFFFFFFFFFFFFFFFFFFFFFFFF2E
:1012D000FFFFFFFFFFFFFFFFFFFFFFFFFFFFFFFF1E
:1012E000FFFFFFFFFFFFFFFFFFFFFFFFFFFFFFFF0E
:1012F000FFFFFFFFFFFFFFFFFFFFFFFFFFFFFFFFFE
:10130000FFFFFFFFFFFFFFFFFFFFFFFFFFFFFFFFED
:10131000FFFFFFFFFFFFFFFFFFFFFFFFFFFFFFFFDD
:10132000FFFFFFFFFFFFFFFFFFFFFFFFFFFFFFFFCD
:10133000FFFFFFFFFFFFFFFFFFFFFFFFFFFFFFFFBD
:10134000FFFFFFFFFFFFFFFFFFFFFFFFFFFFFFFFAD
:10135000FFFFFFFFFFFFFFFFFFFFFFFFFFFFFFFF9D
:10136000FFFFFFFFFFFFFFFFFFFFFFFFFFFFFFFF8D
:10137000FFFFFFFFFFFFFFFFFFFFFFFFFFFFFFFF7D
:10138000FFFFFFFFFFFFFFFFFFFFFFFFFFFFFFFF6D
:10139000FFFFFFFFFFFFFFFFFFFFFFFFFFFFFFFF5D
:1013A000FFFFFFFFFFFFFFFFFFFFFFFFFFFFFFFF4D
:1013B000FFFFFFFFFFFFFFFFFFFFFFFFFFFFFFFF3D
:1013C000FFFFFFFFFFFFFFFFFFFFFFFFFFFFFFFF2D
:1013D000FFFFFFFFFFFFFFFFFFFFFFFFFFFFFFFF1D
:1013E000FFFFFFFFFFFFFFFFFFFFFFFFFFFFFFFF0D
:1013F000FFFFFFFFFFFFFFFFFFFFFFFFFFFFFFFFFD
:10140000814205D051F8043B40F8043B8242F9D8B0
:10141000704700BF044A05494FF0000342F8043BFF
:101420009142FBD8704700BFC0E6002020D40120C5
:101430002DE98848BFF34F8F00BF00BF00BF00BF3A
:1014400000F0E6F9674B0822C3F8542100BF00BF43
:1014500000BF00BF00BF00BF00BF00BF00BF00BF94
:1014600000BF00BF00BF00BF00BF00BF5E4A5F49B2
:101470005F48FFF7C5FF5F4A5F496048FFF7C0FF5D
:101480005F4CFFF7C7FF4FF470004FF0E0210023DF
:101490005C4AC1F8880D44F823200133B02BFAD1FF
:1014A000594B8021594A03F8011B9342FBD14FF05D
:1014B000E0254C4E4FF08039DFF880B1DFF880A195
:1014C0004FF0FF31C5F8084D0027C6F80491C6F863
:1014D00000B1C6F8F490C6F8F0A0D5F8243DDFF8C6
:1014E000648143F4E0234A4AC5F8243DD8F81C300F
:1014F00023F07F0343F04003C8F81C30D8F82430B1
:1015000023F07F0343F04003C8F824309166D1668E
:101510001167516700F084F93E4B3F49A3633F4B8D
:10152000E36363236B610323AF612B613C4BC5F81D
:10153000203DD5F8FC3D43F08073C5F8FC3D394BA8
:101540001A6842F001021A605B680B6000F0F0F963
:10155000C6F804913448C6F800B1C6F8F490C6F84D
:10156000F0A000F01DFCD8F86C10304B304A41F46C
:101570004051C8F86C101F60C3F80871C3F81871A7
:10158000C3F82871C3F83871936BDB0708D442F6AF
:101590001563284951651365936B43F00103936309
:1015A000234A254C936843F00113936000F006F939
:1015B00000F006FC00F0EAF900F02CF92368132B88
:1015C000FCD900F07BFA2368B3F5967FFBD300F0DB
:1015D00025F900F021F900F0DFFB00F0F5FB30BF4A
:1015E000FDE700BF00800D40C8F10200E42100606B
:1015F00000000000C0E60020B013036000000020DF
:1016000000E40020C94A020000E400E0A0E400E099
:1016100000C00A40C9700200B8B80120CD700200B5
:1016200000002020001000E00046C32300400840D6
:1016300000400D400000C056BCB801201B1018200F
:101640000C0D111300C00F40054B4FF42A01054A41
:1016500005485A641864054A99639546FFF7E8FE01
:1016600000C00A40FFAFAAAA070020000000052022
:101670001BB9124B1B6F9B041ED400F03F000F4B95
:1016800022F0604221F0604140F489101867C3F8ED
:101690008010C3F890201A6F22F480521A671A6FD4
:1016A000002AFCDAD3F87011054A0A40C3F8702109
:1016B0001A6F22F480321A67704700BF00800D4015
:1016C000FF7F7FFFB1F5607FF0B50E468DB028BF7C
:1016D0004FF460760F46054672B62E4B00247022FA
:1016E000186021462C4B2D481C8000F04DFBCFB1DB
:1016F00021462A484FF0010C4A0901F01F0301312D
:1017000050F822400CFA03F38E4243EA040340F8F7
:101710002230F1D8284600234380013300F582703F
:101720009E42F9D81E4C257815B162B60DB0F0BDB9
:10173000082000F03DFB1B4B80220646009302A9C7
:101740000693194B0271056008A8029300F018FB7C
:1017500006A9164A304600F02FFB069B08A8DB6856
:101760009847009B02A8DB6898472378002BDCD1C0
:101770000F4B104AC3F858210F49D0204FF0E023F7
:10178000402281F84600C3F808210123237062B685
:101790000DB0F0BD60EC00208ED3012068EC00207D
:1017A000AED3012098A40020593102001B10010083
:1017B00000E400206531020000E400E0104BA020AE
:1017C000104AD96E41F4403110B4D96640F2376402
:1017D000D96E41F44071D96654649064936C1B06D1
:1017E000FCD4094A40F23761A02351649364936C9E
:1017F00013F08003FBD1054A13705DF8044B70476A
:1018000000C00F4000400C4000800C40C1D30120BC
:10181000704700BF704700BF704700BF00BF7047F0
:1018200010B44FF0E023002110243148C3F8941D78
:10183000C3F89C4D1124C3F8A00D2E48C3F89C4D4D
:101840001224C3F8A00D2C48C3F89C4D2B4AC3F8B2
:10185000A00D2B4C42F015022A48C3F89C4DC3F84A
:10186000A00D294C2948C3F89C4DC3F8A00D284C65
:10187000C3F89C2D2748284AC3F8A04DC3F89C0DF7
:10188000C3F8A02D02F5A022244C0C322448C3F842
:101890009C4DC3F8A02D234AC3F89C0D224CC3F8DD
:1018A000A02D02F14062C3F89C4D2048C3F8A02D42
:1018B0000C32C3F89C0DC3F8A02D00BF00BF00BFC1
:1018C00000BF00BF0122C3F8942DBFF34F8FBFF3B9
:1018D0006F8FC3F8501FBFF34F8FBFF36F8FD3F8D5
:1018E000142D5DF8044B42F44032C3F8142D7047B8
:1018F0003F000010250008070900100020D4012037
:101900001300200021000207140000202500081306
:10191000090000101600202027000B1317000040BC
:10192000180000602F000B07190000701A000080DB
:10193000F0B4154A40274FF480314FF480564FF4ED
:1019400000554FF4404443F24200136913F0020F74
:101950000ED113F4005F0FD013F4805F0ED0002B74
:10196000F3DA13F4803F0BD15B060BD5F0BC704764
:10197000946151619061E8E75561E6E75661E4E7FB
:101980009161E2E75761E0E700800D403F4A0320A4
:101990003F49F3EE095AD2F880304FF0000C9FED2A
:1019A0003D6A23F001039FED3C5A30B4C2F8803009
:1019B000C2F89000D1F8E010384DCBB2384C39481D
:1019C0002B6007EE903A0B0DC1F30B21F8EEE77A8E
:1019D00006EE903A07EE101A334BB8EEC77A216044
:1019E000F8EEE66A314937EEC66A37EEC55A76EE4A
:1019F000C76A77EEE57A26EE266AC3ED006A25EE21
:101A0000265AD2F8803067EEA64AC0ED007AC6EEBC
:101A1000275A274885EE276AC4EEA76A75EE875ACB
:101A2000FCEEE55A36EE076A15EE904ABCEEC66A41
:101A300043EA045376EE877AC2F8803016EE103A05
:101A4000D2F89041FCEEE77A01EA0341214317EE18
:101A5000903AC2F89011C3F30B03D2F890110B43E4
:101A60001449C2F89031D2F8803043F00203C2F832
:101A70008030114B80F840C0C1F840314FF0E02376
:101A8000012230BCC3F80821704700BF00810D401F
:101A900000441F400000AA420000B44258AF012099
:101AA00054AF01205CAF012060AF01200000FF0FA8
:101AB00000E400E000E40020B54C0200314B40F6A9
:101AC000617210B5C3F8202140F2044400F06CF9B3
:101AD0002D4A2E49D2F880302D4843F00303C2F836
:101AE00080302C4BC1F8604102681A4203D1D1F812
:101AF000A8319A071BD0254A4FF00041244B596367
:101B0000D2F8403143F00203C2F84031D2F84031FC
:101B10009B07FBD44FF400304FF0E0211C4B4FF0FB
:101B20000042C1F88C0219209A6300F031F9184A7A
:101B30004FF08040154C002190630A20164B116035
:101B40004FF46072C4F8A801184600F01DF94FF474
:101B5000800203464FF4810040F243111860C4F83C
:101B600058311A640D4B0E4AC4F84811C3F80422C8
:101B70004FF0E0224FF400310123C2F80C11C4F8F9
:101B8000403110BD00800D4000C00F4000002E40CD
:101B900000900D40001C1E000000002000E400200A
:101BA0009D4F020008B50E4B1B6E9B0700D4FBBE79
:101BB00072B60C4B00200C4AC3F8400103F160439D
:101BC0000A49A3F55F2311649D46BFF34F8F4FF47D
:101BD00000130748074ADB6902609B68984700BF0B
:101BE00000441F4000002E4000C00A4003002000B7
:101BF00000802020000012EB43690A4A03EB011029
:101C000010B4037A084C02EB0313D3E901321460D9
:101C1000C2681A6003690BB142691A605DF8044B2F
:101C2000704700BF94A7002061F801004369027E5D
:101C300003EB021292F808C08C451CD01A7AFF2AD6
:101C400019D0914210B5044616D01A7EFF2A06D04C
:101C50000121D3E9002312681A4201D1217610BD77
:101C6000064B0522204603EB0C135B681A60FFF756
:101C7000C3FF2176F3E770470021EAE794A700202D
:101C800043690A4A03EB011010B490F82830084C5D
:101C900002EB0313D3E901321460C26A1A60036BCA
:101CA0000BB1426B1A605DF8044B704794A700209B
:101CB00061F801004369427E03EB021292F828C0EA
:101CC0008C451ED093F82820FF2A1AD0914210B5D7
:101CD000044617D093F83820FF2A06D00121D3E913
:101CE000002312681A4201D1617610BD064B05220D
:101CF000204603EB0C135B681A60FFF7C1FF6176A7
:101D0000F3E770470021EAE794A7002016494269EB
:101D10008B6B23F47C0343F4802370B58B63044600
:101D2000124DD2E900130A681A4303690A600222BD
:101D300000211A610E4A19619A6401225A629D6259
:101D40004FF43035DD624FF001159E6C1E6519624F
:101D50009D651A61017EFFF74FFF617E2046BDE859
:101D60007040FFF78DBF00BF00C00F40B80B0505E6
:101D70003B372819F8B500BFF8BC08BC9E46704731
:101D80005FF800F0CD3102005FF800F0ED9702003F
:101D90005FF800F0354002005FF800F0BD9C0200E3
:101DA0005FF800F0453D02005FF800F0A95F020017
:101DB0005FF800F0654702005FF800F03537020079
:101DC0005FF800F0D54902005FF800F021460200FC
:101DD00045000000D5C1000089C900005D5E01001A
:101DE000019901002DFF0100210102002D010200D7
:081DF000C51B02003938020096
:101DF80024035400650065006E007300790020001C
:101E08004D004900440049002F004100750064005E
:101E180069006F0018035400650065006E007300C8
:101E280079006400750069006E006F0004030904FE
:101E380009025501060100C032080B000202020126
:101E48000009040000010202010005240010010538
:101E58002401010104240206052406000107058265
:101E68000310001009040100020A0000000705031E
:101E78000240000007058302400000090402000236
:101E880001030000072401000125000624020101C6
:101E980000062402020200092403010301020100D2
:101EA800092403020401010100090504024000009D
:101EB8000000052501010109058402400000000019
:101EC8000525010103080B030301010000090403B0
:101ED8000000010100000A240100013E000204057F
:101EE8000C24020102060002030000000924030278
:101EF80001010001000C240203010100020300009B
:101F0800000A240631030101020200092403040225
:101F1800060031000904040000010200000904045D
:101F2800010101020000072401020301000B240241
:101F3800010202100144AC0009058509B400010042
:101F48000007250100000000090405000001020047
:101F5800000904050102010200000724010303012E
:101F6800000B2402010202100144AC00090505051A
:101F7800B40001008607250100000000090586114C
:101F8800030001050000000009025501060100C018
:101F980032080B00020202010009040000010202DB
:101FA8000100052400100105240101010424020692
:101FB8000524060001070582031000050904010035
:101FC800020A000000070503020002000705830259
:101FD80000020009040200020103000007240100B6
:101FE800012500062402010100062402020200095C
:101FF8002403010301020100092403020401010171
:10200800000905040200020000000525010101097C
:1020180005840200020000000525010103080B03E6
:1020280003010100000904030000010100000A2463
:102038000100013E000204050C2402010206000210
:10204800030000000924030201010001000C24021E
:102058000301010002030000000A24063103010104
:1020680002020009240304020600310009040400E6
:102078000001020000090404010101020000072414
:1020880001020301000B2402010202100144AC000A
:1020980009058509B40004000007250100000000B7
:1020A80009040500000102000009040501020102FB
:1020B8000000072401030301000B2402010202109F
:1020C8000144AC0009050505B40004008607250194
:1020D8000000000009058611040004070000000044
:1020E8000A060002EF0201400100000080C00F4014
:1020F800000000031900000010000000E8841F40E1
:1021080001000000FF000000FF00000000000000C8
:10211800000000001800000010000000E4841F40C8
:1021280001000000FF000000FF00000000000000A8
:10213800000000001F0000007576020070C00F400C
:10214800000C00001100000011000000E0841F4096
:10215800020000002400000012000000E0841F407C
:10216800010000001000000011000000DC841F4086
:10217800020000002500000012000000DC841F405F
:10218800010000001E0000006976020070C00F40C8
:10219800C00000001200000013000000D0841F409F
:1021A80001000000FF000000FF0000000000000028
:1021B800000000001300000013000000CC841F4042
:1021C80001000000FF000000FF0000000000000008
:0C21D800000000001C0000005D7602000A
:1021E40000000000000000000000000000000000EB
:1021F40000000000000000000000000000000000DB
:102204000548064B1B1AD90F01EBA301491002D054
:10221400034B03B118477047C0E60020C0E6002016
:102224000000000008B5054B1BB105490548AFF394
:102234000080BDE80840FFF7E3BF00BF00000000D6
:10224400409701200008046070B52DED028B90EDDD
:10225400078A054690ED087AF0EE488A90ED096AFF
:1022640037EE487AD0ED087ADFED3B6AE7EE068A6E
:1022740077EEE87AF0EEE77AF4EEE67AF1EE10FA29
:1022840001D5D0ED088AB5EE408A00212846F1EE4A
:1022940010FA04D1F5EE408AF1EE10FA4BD023F097
:1022A4003DF90646002851D0F7EE007AB4EE678A6D
:1022B400F1EE10FA04D1F4EE678AF1EE10FA41D08F
:1022C40038EEC87ADFED257AB31C06F5817CDFEDA4
:1022D400246A27EE277A9FED236A234C33F9022FD1
:1022E40007EE902A47F6FF72F8EEE77A67EE887AEF
:1022F400F4EEE67AF1EE10FA0ADCF4EEC67A22463F
:10230400F1EE10FA04D4FDEEE77A17EE902A12B239
:10231400634538EE078A1A80E0D100223146284608
:10232400C5ED078A23F0CAF83046BDEC028BBDE840
:10233400704023F09BB823F0E5F80028F5D1BDECFC
:10234400028B70BD014600222846EBE7C5ED078AE3
:10235400BDEC028B70BD00BF17B751390000003CC3
:1023640000FEFF46000000C70080FFFF084B1B78FB
:1023740083420CD900EB400C064B074903EB8C035A
:10238400064A087000211B790548117003707047D4
:1023940024CD002024AA0020C2D30120BDD30120D3
:1023A400FEE20020034B187010B1034B00221A7098
:1023B400704700BFBCD30120BDD301202DE9F84FE5
:1023C40006EE103A0446259BF7EE006A00254FF00E
:1023D400020B2361B6EE007A0A9B4FF0005E13985D
:1023E40041F2623CE3644FF06F090B9B41F23A18EF
:1023F400C4ED0B6A23650C9B84ED126A63650D9B27
:102404009DF890A0A3650E9B2560E3650F9BA560D6
:102414002366109B25736366119B84F804B0A3663E
:10242400129BDFED3A7ADDE91476C4E91012E36613
:10243400169BC4ED087AE367179BC4ED097AC4F8C8
:102444008030189BC4ED0F7AC4F88430199B84ED56
:102454000C7AC4F888301A9B84ED0D7AC4F88C3059
:102464002B4BA56163612B4B2585E361FF23A66795
:1024740084F82A30284BA3631B9BC4F890301C9B20
:10248400C4F894301D9BC4F898301E9BC4E91C0703
:10249400C4F89C301F9BC0F830E0C4F8A030209BE7
:1024A400A0F834C0C4F8A430219BA0F82A90C4F842
:1024B400A830229BA0F82E80C4F8AC30239BC7F828
:1024C40030E0C4F8B0304FF0FF33A7F834C0A7F8B9
:1024D4002A90A7F82E80C4F8B830C6F830E0A6F8E1
:1024E40034C084F8B4A0A6F82A90A6F82E80A4F8E4
:1024F400BC50C4F8C05020F0A3FB606F20F0A0FBD8
:10250400A06F20F09DFB2046BDE8F88F000000007E
:10251400000070420140FF0052B87E3F07EE901A5F
:10252400B7EE005ADFED455A4FF0010CB8EEE76AFA
:1025340007EE902A826FF8EEE76A07EE903AB5EE5E
:10254400C06AB8EEE77AF1EE10FA10B5D0E91C31A2
:1025540084B04FF6FF70CDE901310DF10C0E01A9E5
:10256400039249D466EE257AFCEEE77A17EE902AB8
:102574000732D2088242144628BF04465C85DAB387
:10258400B5EEC07AF1EE10FA3DD467EE257AFCEE92
:10259400E77A17EE902A0732D2088242144628BFFF
:1025A4000446DC857AB3B5EEC00AF1EE10FA31D4F4
:1025B400B4EEC50AF1EE10FA39DD4FF08042F5EEC3
:1025C400C06A1A63F1EE10FA2BD466EEA57AFCEE1B
:1025D400E77A17EE902A0732D2088242144628BFBF
:1025E40004469C86EAB18E451FD0B5EEC06A51F808
:1025F400043FF1EE10FAB5D5B5EEC07AA3F82AC0BF
:10260400F1EE10FAC1D5B5EEC00AA3F82EC0F1EE72
:1026140010FACDD5F5EEC06A00221A63F1EE10FA75
:10262400D3D58E45A3F834C0DFD104B010BDF0EE8D
:10263400407AFEEEC17A17EE902AC0E76666304211
:1026440030B50E4D87B00FCD6C460FC495E803002E
:1026540084E803006421002023F064FB002369461E
:102664001A4651F8044BDDB201332244904202DB96
:10267400062BF6D10425284607B030BD7011002082
:10268400D0F8A820D0F890302DE9F04792F80080D7
:1026940004462DED0A8B84B01E78B8F1000F00F0CB
:1026A4005C82E14B1F68002F00F0A582D7ED007A11
:1026B4009FEDDE7AF4EEC77AF1EE10FA40F24D8225
:1026C4009FEDDB7AF4EEC77AF1EE10FA94BF01279E
:1026D40002274FF07E53D4F848E00122D4F84CC0CE
:1026E400E3624FF07C53256C23636363D14BA36394
:1026F4000023E3630023AEF83220CEF82030ACF898
:102704003220721ECCF82030022A00F20082042209
:10271400D4F84490012E2B626A86C9F82030A9F8B7
:10272400322040F0F681F1EE04BAC34B9FEDC3AA08
:10273400EB62F0EE6B8AC24B9FEDC27AC9F82C3083
:10274400C14B032E18BF012EE36300F21B83002F3D
:1027540000F01883012F00F0FD82F6EE005A9FED81
:10276400BB8ADFEDBB9A40F24C42DFEDBA7A4FF4FC
:102774007A73DFEDB96A4B219FEDB89A9FEDB85A91
:10278400DFEDB84A9FEDB8BAF4EE66BAC4ED0F5A5D
:10279400B5EE006A27EE247AF1EE10FAB4EE66AADA
:1027A40068EE858A76FEABBAF1EE10FAF4EEC67ADC
:1027B40036FE8AAAF1EE10FA40F1FC81B0EE49CA65
:1027C400DFEDAAAAF0EE676A9FEDA95AB7EE006A98
:1027D400F4EE458AF1EE10FAB4EE458A48BFF0EE05
:1027E400458AF1EE10FAF4EEC67A48BFB0EE458A97
:1027F400F1EE10FA40F3CC81F4EEC66A4FF4803067
:102804006862F1EE10FA40F3AA81C9F82400CEF808
:102814002400F3EE047AD4F85890CCF82400B4EEF3
:10282400E77AF1EE10FA00F18C81DFED927AB4EEE2
:10283400E77AF1EE10FA00F3CC81DFED8F7A0191A3
:1028440027EE270ACDE90232F0EE407AFEEEE07A76
:1028540017EE905A27F0D4FBF0EE407A039ADDE9A4
:102864000113FEEEE07A17EE900ADFED817AF4EEC2
:10287400E78AC9E90650F1EE10FA00F16081F1EE41
:10288400047AF4EEE78AF1EE10FA00F3AB81B7EEC6
:10289400007AC7EE287AB0EE677ABEEEC17A17EEF8
:1028A400100AF7EE007A656EC9F82400B4EEE79AD0
:1028B400F1EE10FA40F365814FF48030DFED6F7A6A
:1028C4002862F4EEE7AAF1EE10FA00F34381DFED9B
:1028D4006C7A6AEEA77AFCEEE77A17EE900AF3EECA
:1028E400047AE861E56DF4EEE79AF1EE10FA00F18E
:1028F4002D81DFED607AF4EEE79AF1EE10FA00F341
:102904006B819FED5D0A019129EE800ACDE90232C7
:10291400F0EE407AFEEEE07A17EE909A27F070FB24
:10292400F0EE407A039ADDE90113FEEEE07A17EE49
:10293400900ADFED4F7AB4EEE78AC5E90690F1EE2E
:1029440010FA00F10181F1EE047AB4EEE78AF1EEB7
:1029540010FA00F34581B7EE007AC7EE087AB0EEBC
:10296400677ABEEEC17A17EE100AF7EE007AD4F851
:1029740068C06862B4EEE7CAF1EE10FA40F3FA8078
:102984004FF48035DFED3D7ACCF82050F4EEE7BA11
:10299400F1EE10FA00F3D080DFED397A6BEEA77A0E
:1029A400FCEEE77A17EE900AF3EE047AD4F860901E
:1029B400CCF81C00F4EEE79AF1EE10FA00F1B880BE
:1029C400DFED2C7AF4EEE79AF1EE10FA00F3FD80D5
:1029D4009FED290A019129EE800ACDE90232F0EE39
:1029E400407AFEEEE07A17EE90AA27F009FBF0EEAB
:1029F400407A039ADDE90113FEEEE07A17EE900ABD
:102A0400DFED1B7AB4EEE78AC9E906A0F1EE10FA0D
:102A140000F18C80F1EE047AB4EEE78AF1EE10FA5C
:102A240000F3D1802EE000BF608F012000007042CF
:102A34000000AA4252B87E3F34870020CDCC4C3EE1
:102A44001477002000007A449A99993E3333B33FB7
:102A54000000B6437B142E3E9A99193F295C8F3EA1
:102A64003333B33EB81E053FCDCCCC3ECDCC4C3D2C
:102A74003333333F00D08946936515380044AC4660
:102A8400C637BE47B7EE007AC7EE087AB0EE677A6B
:102A9400BEEEC17A17EE100A5FED087AD4F86CC066
:102AA400B4EEE7AAC9F82400CCF82050F1EE10FAED
:102AB40039DC5FED0D7A6AEE277AFCEEE77A17EEE1
:102AC400900ACCF81C00B0EE4B0A2046FFF726FD16
:102AD400D4ED0F7A626DF5EEC07AF1EE10FA67D498
:102AE400B7EE007AF4EEC77AF1EE10FA7CDD4FF41B
:102AF40080331362B74BA67784F8298084F82A7050
:102B04002362636204B0BDEC0A8BBDE8F087D4F89D
:102B14004490B31E032B00F24B81DFE813F0F8005E
:102B2400EA00C7007B004FF00040CAE7AA48B3E7B9
:102B3400AA48DFF8ACA263E74FF0004034E7A648A8
:102B4400AFE6A648A64D90E6A3480EE7A348DFF8F3
:102B54009092EEE64FF00040C1E60027B9E5F0EEB2
:102B6400667AFEEEC87A17EE905AC9F82450CEF869
:102B740024004EE6F0EE4C7AFEEEC87A17EE905A38
:102B840000E7F0EE497AFEEEC87A17EE900A95E671
:102B9400F0EE675AF4EEC66AFEEEC85AF1EE10FA89
:102BA40015EE900AC5ED095AD9DD4FF48035DCE7FE
:102BB40000239EE7F0EE467ADFED8AAAB0EE49CA1A
:102BC400F0EE466A00E6884866E78848DFF820A207
:102BD40016E78648864D48E68448DFF81492A8E64E
:102BE4008148C2E680485CE6B0EE677ABEEEC87AF9
:102BF40017EE103A7DE7D0F88C301B68002B7FF776
:102C040068AD07EE903ADFED7B6AB8EEE77AC6EE80
:102C1400877A4DE503210023B8F1000F4FF07C5271
:102C240069864FF004012B62B7EE008AA9F83210CE
:102C34007149C9F82030C9F82C1018BF1421CEF8F6
:102C4400203008BF4FF4C871AEF83230CCF82030D1
:102C5400ACF83230694B9FED6ABAE362694B9FED81
:102C64006A6AA36318BF4FF4FA73226308BF4FF470
:102C7400AF63626340F26C729FED64AA18BF4FF4B5
:102C84002F72DFED63BA06FE0BBADFED629ADFED59
:102C940062AA9FED629ADFED628A9FED627ADFEDB0
:102CA400626ADFED627A9FED56CA8DE5F5EE006A41
:102CB40000239FED4CAAB1EE008A2B62F1EE048A48
:102CC4006B86F0EE4AAAC9F82030F0EE667AA9F8CD
:102CD4003230B6EE00BADFED56BA4FF46172DFED72
:102CE400559A4FF448739FED469A14219FED527AFA
:102CF400D9E7524BF0EE088A9FED51AAEB62514B93
:102D0400DFED38BA9FED507AC9F82C3018E54F4BF7
:102D1400B1EE04AAF5EE006ADFED4DBAEB62B1EE56
:102D2400008A4C4BF0EE4A8AF0EE667ADFED419A67
:102D3400C9F82C30B6EE00BA474B4FF46172DFEDA0
:102D440029AA1421E3634FF448739FED2D9A9FED54
:102D54003A7AA8E7DFED3A5A4FF47A729FED3F8A48
:102D64004FF46173B0EE659ADFED3D9ADFED387A8A
:102D74002D21DFED3C6A9FED3C5ADFED3C4A9FED8F
:102D84002BBA01E5F5EE006A9FED1DCAB1EE008A8B
:102D9400DFED289AB0EE4C9ADFED12AAF0EE667AD7
:102DA4004FF46172B6EE00BA4FF4487314210BE588
:102DB40000230322B1EE08AADFED21BA2B62F1EE63
:102DC400048A6A86C9F8203001239FED1B7AA9F88A
:102DD4003230B5E4000080BF00B76D5BDE571700EA
:102DE400DF571700CDCC4C3DD0CCCC0C008C3C4BE9
:102DF40000BE6C5000606A47C85B0020643B7F3FA4
:102E04009A99193F9CC4803F3333733F022B073D8B
:102E1400BC74933C0000AF44CDCCCC3C9A99993E11
:102E2400CDCC8C3F0000C8443D0AD73E6666E63EE2
:102E3400CDCCCC3D00002F4400007A4480370020E4
:102E4400CDCCCC3E9441002000004844B85300202F
:102E5400CDCC4C3EA84B00209A99993ECDCC0C4049
:102E64000100FC439A99993FCDCC0C3FEC51383F7B
:102E7400F0B5754D0446D0F8B8202B689A422DED74
:102E8400028B83B017D0981FC4F8B830042B18BF36
:102E9400012894BF0120002008D86421002022F0DA
:102EA40041FF27282B68CCBF00200120043B84F875
:102EB400BC0084F8BD30654D2868002800F01882F5
:102EC400002118F0A1FF40B1002394F8BC20C4F8FD
:102ED400C03012B1D4F8A0201370237B3BB1286812
:102EE40028B1002118F090FF002840F0DB83D4F8CB
:102EF400A8301A788AB32868002800F0FF810321DB
:102F040018F082FF48B3D4F8B010D4E9272312781C
:102F14001B7802EB420203EB430351F82220D7183B
:102F2400D35C022B08D003F0FD06012E00F0B78419
:102F3400237F002B40F0A08494F8BC20002A40F0AA
:102F4400BC84D4F8A0100B7801330B70D4E9283179
:102F540009781878884228BF1A70206918B190F847
:102F6400A130002B3DD12868002800F015840021F1
:102F740018F04AFF002800F07E812A684FF4C073DD
:102F84005179B3FBF1F31179D26801FB03F32168A2
:102F9400B2FBF3F32279591A9142C0F06C810221F9
:102FA4002360002022F0BEFE034600201421834249
:102FB4000CBF02230423237122F0B4FE244B1B68AC
:102FC400032B00F0EC83092840F3EB830D2840F336
:102FD4000A84102840F303844FF0FF330021A360D8
:102FE4000DE0026FA369934200F0DF830023A26126
:102FF40019461A460CF07EF9012184ED050AD4F82D
:10300400A820137813B1012323731378D4F8AC20C8
:103014001278002A00F0C681002900F035810D499C
:1030240001260D4A096802EB810292ED008ADFED68
:103034000B7AB4EEE78AF1EE10FA1DDDB3EE047AF2
:10304400F6EE006A13E000BFF8000120608F012053
:1030540064AF01208CE2002078E000200000F04200
:1030640028EE268AB4EEE78AF1EE10FA04DDB4EE17
:10307400C78AF1EE10FAF3DCF3EE047AB4EEE78AD1
:10308400F1EE10FA48BF38EE088A002B40F01381A5
:1030940094F82930002B40F0FF802868002840F085
:1030A400708305460120D4F890301A78A37F9A42A1
:1030B40007D1D4F8A8301A7894F829309A4200F04D
:1030C40062832046FFF7DCFABF4B1B7843B1BF4A4B
:1030D4001278002A40F06481E27F002A00F0F28135
:1030E400D4ED087AE377F4EE487AF1EE10FA41D0A1
:1030F400D4ED0B7A226C68EE277AF5EEC07AF1EE05
:1031040010FA00F155819FEDB27AF4EEC77AF1EE30
:1031140010FA40F3C881AF4BD361D4ED0C7A626CE2
:1031240068EE277AF5EEC07AF1EE10FA00F16581C7
:103134009FEDA77AF4EEC77AF1EE10FA40F3A4817A
:10314400A44BD361F6EE007A626D68EE277AF5EE51
:10315400C07AF1EE10FA00F12E819FED9D7AF4EE23
:10316400C77AF1EE10FA40F386814FF00043D36141
:1031740084ED088A002E40F00F81D4F8883093ED56
:10318400000AB8EEC00ADFED947AB4EEE70AF1EE75
:1031940010FA10DDB3EE047AF6EE006A06E020EED3
:1031A400260AB4EEE70AF1EE10FA04DDB4EEC70A1B
:1031B400F1EE10FAF3DCF3EE047AB4EEE70AD4EDA0
:1031C400097AF1EE10FA48BF30EE000AF4EE407AC4
:1031D400F1EE10FA2BD0D4ED0D7AA26C60EE277AC2
:1031E400F5EEC07AF1EE10FA00F104819FED787AE1
:1031F400F4EEC77AF1EE10FA40F32E81754BD361E9
:10320400D4ED0E7AE26C60EE277AF5EEC07AF1EE38
:1032140010FA00F1D5809FED6E7AF4EEC77AF1EEE4
:1032240010FA40F30A816B4BD36184ED090AD4F898
:1032340090301B78013B012B7DD994F82820002A7B
:1032440000F08E82654DB0EE480A286817F0FEF84B
:10325400D4F8A83002461B78002B47D0237F03B153
:10326400637F28680221C41C009417F04FF903B04F
:10327400BDEC028BF0BDD4F8AC301B78002B00F011
:103284000982D4F8A8301B78D4F88820002692ED5F
:10329400008AB8EEC88ACAE6206F1FF0D1FC606FBE
:1032A4001FF0CEFCA06F1FF0CBFCD4F8A8301B7825
:1032B400002B3FF4F2AE2868002800F01282D0ED13
:1032C400007A9FED477AF4EEC77AF1EE10FA40F2F5
:1032D40058829FED447AF4EEC77AF1EE10FA94BF67
:1032E40001250225002118F08FFDDCE64023B8E714
:1032F400D4F8A8301A78002A3FF42FAE20690028A9
:1033040000F0ED8190F8A120002A7FF46AAE1B78CA
:10331400D4F8AC201278002AB6D1A268561C00F06A
:10332400D281D4F88810002601EB820292ED008A43
:10333400B8EEC88A7BE6D4F8A8301B78002B5FD09F
:10334400227F94F82830002A00F05D81002B7FF45E
:1033540079AF216D72B6244AC8690A62904215D0C9
:1033640080FAA2F2EFF3008313F0006F1F4B00F01A
:103374001D8383FB0053C2170344C2EBA3221C4BDF
:103384009B1A002B00F019824B6201230B7662B664
:10339400012384F8283055E720690CF0F1F8F2E6AF
:1033A40000239DE60029B8D094ED058A01263EE667
:1033B4000023D361B1E60023D36184ED088AD9E602
:1033C4000023D36131E700BFC5D30120C4D301205A
:1033D4000044AC460000FE7F0000F042B08A0120A9
:1033E400000070420000AA42C0196626D3C324C656
:1033F4001E6E07000023D36102E70023D361A1E618
:1034040094F82830002B7FF41DAF216D72B6C54AA5
:10341400C8690A629042B9D080FAA2F2EFF300833D
:1034240013F0006FC04B00F0348283FB0053C217CB
:10343400C2EBA322BD4B9B1AA3E79FEDBD7ABD4906
:1034440067EE877AFCEEE77A17EE903AC2ED077AD8
:103454008B423FF6E8AEE8E69FEDB57AB54967EEF4
:10346400877AFCEEE77A17EE903AC2ED077A8B4240
:103474003FF6C4AEC4E69FEDAE7A67EE877AFCEE03
:10348400E77A17EE903A97E79FEDA97AA94967EE94
:10349400877AFCEEE77A17EE903AC2ED077A8B4210
:1034A4003FF64EAE4EE69FEDA27AA24967EE877ACA
:1034B400FCEEE77A17EE903AC2ED077A8B423FF6BC
:1034C4002AAE2AE69C4A9D481268002A00F0068229
:1034D4000568D2ED187A002D00F08981B5EE007AE6
:1034E400DFED976A67EEA66A67EE877AD5F800C1C2
:1034F400E76FBCF1000F00F07A82002203E0013292
:10350400944500F01C8255F832108F42F7D105EB38
:10351400C20204329FED8B7AF4EEC76AF1EE10FA20
:1035240008DC9FED897AF4EEC76AF1EE10FA58BF11
:10353400B0EE667A72B687ED087A87ED077A62B6DE
:103544000AB1C2ED006A0568D4F88070D5F800C1EC
:10355400BCF1000F00F04382002203E00132624517
:1035640000F0DA8155F832108F42F7D105EBC20230
:1035740004329FED747AF4EEC77AF1EE10FA08DCA7
:103584009FED717AF4EEC77AF1EE10FA58BFB0EEFF
:10359400677A72B687ED087A87ED077A62B60AB160
:1035A400C2ED007A0068D4F88450D0F80071002F7E
:1035B40000F01082002203E00132BA4200F09D8143
:1035C40050F832108D42F7D100EBC200021D9FED7E
:1035D4005D7AF4EEC77AF1EE10FA08DC9FED5A7AC0
:1035E400F4EEC77AF1EE10FA58BFB0EE677A72B60D
:1035F40085ED087A85ED077A62B6002A3FF470AD4E
:10360400C2ED007A6CE5002B3FF41CAED4F88C308C
:103614009FED4E7AD3ED007A216DF8EEE77A67EEEE
:10362400877AFCEEE77A17EE903AC82B38BFC823A6
:1036340007EE903AF8EE677AF5EEC07AF1EE10FAFA
:1036440040F2AF819FED427A67EE877AFDEEE77A2A
:1036540017EE903A002B00F09E8172B6C8690A6298
:10366400002800F0C98180FAA2F2EFF300852D0151
:1036740040F1BA81012B02D090FBF3F35A42002AA5
:1036840000F09F814A6201230B7662B6002384F81E
:103694002830D7E5A268D4F8A830561C1B787FF4EC
:1036A40040AE10E00023D4F8A010012223730B7065
:1036B4002277206F1FF0C4FA606F1FF0C1FAA06F69
:1036C4001FF0BEFA13E4D4F88820002692ED007AA5
:1036D400B8EEC77B37EE077BB7EEC78BA7E40123B1
:1036E40016E6D4F88C301B68002B7FF7DAAC07EEB3
:1036F400903A9FED186ADFED186AF8EEE77A86EEE5
:10370400277AB4EEE67AF1EE10FA7FF6CAACDFED72
:10371400137AB4EEE77AF1EE10FA5AD902250120B1
:10372400C1E400BFC0196626E5DBE27645750400F6
:10373400C637BE470000FE7F1C08012078840120A4
:103744003D0AD73E00FEFF4600FEFFC63333733FFB
:103754006666304200606A47000070420000AA4278
:10376400216D72B6A74BC8690B62984200F0FA80CB
:1037740080FAA3F3EFF30082120140F1B780A24B69
:1037840053E60025AEE594F82A30AB423FF49CACF6
:1037940000283FF499AC94E4D4F8A830B7E509289C
:1037A4001ADC00231946A36029E4D4F8AC301B7852
:1037B4005BB9D4F8A8301B78F6E5924B9842B4BFB5
:1037C40001204FF0FF304862DFE5D4F8A8301B78C1
:1037D40025E40125284666E40E287FF7FFAB042381
:1037E4000021A3600BE402230021A36007E49FED02
:1037F400877ADFED876A27EE877AE26FB4EEE67A9E
:10380400F1EE10FA00F3B880DFED826AB4EE667A66
:10381400F1EE10FA48BFB0EE667AB5EE006ADFED5D
:103824007C6AD4F8801082ED087A67EE867AF4EE2A
:10383400E67AF1EE10FA00F398809FED767AD4F8E8
:103844008420F4EEC77AF1EE10FAF4EEE67A54BF6F
:10385400B0EE676AB0EE476AF1EE10FA81ED086ADD
:1038640000F3CD80F4EE477AF1EE10FA48BFF0EEA3
:10387400477AC2ED087A33E4206F1FF009FA606FCB
:103884001FF006FAA06F1FF003FA00232377FFF757
:1038940053BB83FB0253D217C2EBA32371E5206F02
:1038A4001FF0CEF9606F1FF0CBF9A06F1FF0C8F9BD
:1038B40026777B786377FFF73FBBD4F8C010D4F842
:1038C400A430013194F8BD00C4F8C0101A7804F093
:1038D40027FED4F8A0301870FFF73FBB0568002D11
:1038E4004DD0F5EE007ADFED496AFFE5464A82FBEA
:1038F4000352DB17C3EBA22343E5202F68D0F90062
:1039040007F1010C0A1D40F837500144424F0244AC
:103914004F60C0F800C15AE6BCF1200F4DD04FEA09
:10392400CC010CF1010E0A1D45F83C702944DFF866
:10393400E8C02A44C1F804C0C5F800E119E6BCF1A6
:10394400200F3CD04FEACC010CF1010E0A1D45F8C2
:103954003C702944DFF8C0C02A44C1F804C0C5F84B
:1039640000E1D7E50A7662B612E5D4F88420F0EED9
:10397400667AC1ED086A7CE7B0EE667A4DE7E26FDD
:10398400B5EE007A25491162F0EE477AD4E92012A7
:1039940081ED087A6DE772B6C1ED077A0B7662B6EF
:1039A40074E672B6CA610A7662B66FE683FB0253A6
:1039B4001344D217C2EBA323E3E40022D9E5002287
:1039C400A8E50028B4BF01234FF0FF334B625AE649
:1039D4000022FCE504224FF0010C394693E704224F
:1039E4004FF0010E61469FE792FBF3F247E6042293
:1039F4004FF0010E6146AAE7087662B646E6F0EE9D
:103A0400667A36E7C0196626E5DBE2763D0AD73EDC
:103A140000FEFF4600FEFFC6000080BF3D0AD73E01
:103A24000121002300224FF0020C0177D0F8A010EE
:103A3400036080F804C0836083610262426280F89C
:103A440028300B700373C0F8C030704738B50B686A
:103A54000D4604460BB300210422C3620162428670
:103A6400D5ED027AF5EEC07AF1EE10FA12D4B7EE83
:103A7400007AF4EEC77AF1EE10FA03DD4FF48033E6
:103A8400636238BDB0EE677ABEEEC87A17EE103ABC
:103A9400636238BD0023636238BDB1F90420036258
:103AA4000B2A42860AD00C2A0DD0093A92B2012A76
:103AB400D6D8C169383021F00FFAD1E7C16938305E
:103AC40021F0B2FACCE7826A383050F81C1C21F09D
:103AD40067FAC5E7704B1B682DE9F0410446002BDB
:103AE40038D01F790021082518468F4208BF0427C3
:103AF40018F072FA0646B5FBF7F506FB05F504F572
:103B0400C478294640461EF075FC00286BD104F5A4
:103B1400CC78294640461EF06DFC002855D1D4F8D7
:103B2400A81104F1B80591FBF7F1284606FB01F151
:103B34001EF060FC00283CD1D4F8AC1104F1C80597
:103B440091FBF7F1284606FB01F11EF053FC38B94E
:103B5400BDE8F081436D022504271E68AE40CCE722
:103B6400002128461EF02CFC94F83533002BEFD1AD
:103B740094F83433002BEBD194F83853002DE7D16B
:103B84006421284622F0CEF801285BDD0D2838DCBC
:103B94001D21082022F0C6F810F0FF00D8D094F8B8
:103BA4003833002B68D0E36E012284F838031A609E
:103BB400CEE7002128461EF003FC384B002019688C
:103BC40022F0B0F8364B1860B6E7002140461EF0EC
:103BD400F7FB0521002022F0A5F8324B53F82030E2
:103BE400C4F8AC319BE7404600211EF0E9FB0521F7
:103BF400002022F097F82B4B53F82030C4F8A8315A
:103C040085E76421284622F08DF822280DDD362828
:103C140037DD452837DD4F2837DD542837DD59286F
:103C240037DD5E28CCBF072506251F4B6421002005
:103C34001D6022F077F82C281C4BCCBF00200120FB
:103C4400186085E7D4E91A232946106884F83603F6
:103C5400186884F8370303201060022041F2883288
:103C64001860012304F54470C4F83023A4F83433F5
:103C7400BDE8F0411EF0A4BBE36E1A6884F83B2350
:103C840092E70125D1E70325CFE70225CDE70425F7
:103C9400CBE70525C9E700BF608F0120D8D70020F6
:103CA4003CAE012064A00020F8000120FC000120AB
:103CB400036807EE901AD3F8842130B462B192F805
:103CC400301049B1B5EEC00AF1EE10FA40F39A8013
:103CD40003F5816282ED000AF8EEE77A9A69F5EE5F
:103CE400C07AF1EE10FA60D9B7EE007AB4EEC70AE2
:103CF400F1EE10FA34DDB4499FEDB47A67EE877AB9
:103D0400FDEEE77A17EE903A002B42D072B6D469F2
:103D140011628C4200F0AB8084FAA1F5EFF3008CC1
:103D24001CF0006F69D003F1010CBCF1020F04D93F
:103D340091FBF3F594FBF3F3ED1A002D43D0556298
:103D44000123137662B6B5EEC00AF1EE10FA2AD852
:103D540043681B783BB30368586C30BC1EF098BFB3
:103D6400BFEE007AB4EEC70AF1EE10FA32D49FED3A
:103D7400977A67EE877AFDEEE77A17EE903ADFEDF1
:103D8400947A60EE277AFDEEE77A17EE901A002B0C
:103D9400BCD172B60023D161137662B6B5EEC00A07
:103DA400F1EE10FAD4D930BC7047F7EE007AB4EED5
:103DB400E70AF1EE10FA0FDD834B72B60021D361EE
:103DC400117662B6EAE78C42B4BF01244FF0FF34A7
:103DD4005462B5E77F498FE7FFEE007AB4EEE70A55
:103DE400F1EE10FA00F1A180DFED797A60EE277A26
:103DF400FDEEE77A17EE903ADFE795FBF3F5002D39
:103E0400E1D09CE792F86C1019B1596E0968012948
:103E140031D1F8EEE77A9A69F5EEC07AF1EE10FA4C
:103E240040F285809FED697A67EE877AFDEEE77A46
:103E340017EE903A002B5FD072B60021D46911625C
:103E4400002C00F0B38084FAA1F1EFF300852D017A
:103E540040F19A805D1C022D02D994FBF3F3594280
:103E640000296AD051620123137662B649E0002327
:103E7400137662B692E7F8EEE77A03F58164D2ED41
:103E84001C6A94ED007AF5EEC07A996927EE267AD9
:103E9400F1EE10FA7BD9F7EE006AB4EEE67AF1EEB1
:103EA40010FA51DD484A9FED497A67EE877AFDEEB4
:103EB400E77A17EE903A002B5FD072B6CC690A62AB
:103EC400944200F09D8084FAA2F5EFF3008C1CF07C
:103ED400006F75D003F1010CBCF1020F04D992FB01
:103EE400F3F594FBF3F3ED1A002D62D04D62012338
:103EF4000B7662B6036812E072B6C2ED077A1376E7
:103F040062B603680025344A03F20C4183F8E05397
:103F1400146803F582620968C3F8E84311604268D3
:103F24001278002A3FF43FAF16E72A4B45E772B6F2
:103F34000023D361137662B6E3E7002CB4BF0123F8
:103F44004FF0FF3353628EE7FFEE006AB4EEE67A79
:103F5400F1EE10FA42D4DFED1D6A67EEA67AFDEEAB
:103F6400E77A17EE903ADFED1A7A27EE277AFDEE1C
:103F7400C77A17EE902A002B9FD172B60023CA612C
:103F84000B7662B60368CAE791FBF3F168E7F7EED4
:103F9400007AB4EEE77AF1EE10FA21DD0A4B72B63C
:103FA4000022CB610A7662B60368B8E7147662B67B
:103FB400A7E79442B4BF01244FF0FF344C6296E764
:103FC40095FBF3F590E700BF0000FF7F6666304283
:103FD40000FEFF4E00000180BCB801200C4A62E7DD
:103FE400FFEE007AB4EEE77AF1EE10FA0DD4DFEDCD
:103FF400097A27EE277AFDEEC77A17EE903ACEE7D4
:1040040000230B7662B6036889E7014BC7E700BF5C
:104014000000018000FEFF4E144BD0F818221B68EC
:104024009B1A312B11D9B5EEC00A0268F1EE10FAD1
:1040340009D4DFED0F7AB4EEE70AF1EE10FA05DDEC
:104044000C4BD36170470023D3617047DFED0A7ACC
:10405400084920EE270AFCEEC07A17EE903AC2ED2A
:10406400077A8B42F1D9034BD3617047BCB8012066
:104074000044AC460000FE7FC637BE47F8B5044690
:10408400016009684FF07C579DF888504160002119
:104094000E98C4E90223069B2361079B6361089B76
:1040A400A361099BE3610A9B23620B9B63620C9BE4
:1040B400A3620D9BC4E90B300F9B04F1780063638A
:1040C400109BA363139BE363149B2364159B63649A
:1040D400119BA364129BE364179B2365189B636580
:1040E400199BA3651A9BE3651B9B23661C9B636654
:1040F4001D9BA3661E9BE3661F9B2367209B636730
:104104001EF044F9002104F188001EF03FF900215B
:1041140004F198001EF03AF9002104F1A8001EF001
:1041240035F9002104F1B8001EF030F9002104F142
:10413400C8000E461EF02AF904F1D80031461EF0DC
:1041440025F9314604F58A70A4F81061C4E93A6689
:104154001EF01CF93146C4F8247104F5967084F8F5
:1041640028611EF013F93146C4F83C7104F5A270BD
:1041740084F840611EF00AF93146C4F8547104F51C
:10418400AE7084F8586110271EF000F9314604F52A
:10419400B870C4F86C611EF0F9F8169B314604F54A
:1041A400C470C4F880315E4BC4F884311EF0EEF85C
:1041B400314604F5CC701EF0E9F81423314604F5B9
:1041C4004470C4F8A8314FF6FF73A4F8B461A4F89E
:1041D400E03184F8E2314FF48023C4F8B861C4F8C4
:1041E400B0316423C4F8AC71C4F8C431C4F8C861F4
:1041F40084F8EC61C4F8F062A4F8F462C4F8F862DC
:10420400A4F80C63C4E96F66C4E979661EF0BEF8CD
:10421400314604F548701EF0B9F8219B314604F587
:104224006170C4F87C3304F54F7384F87A73C4F86E
:104234006C333C4BC4F83863C4F8743384F870634B
:10424400A4F8786384F88053C4E9CC661EF09EF821
:1042540004F5677234490023C4F8CC2304F5836061
:10426400C4F89413314A3249C4F8DC2304F20442FA
:10427400C4F8D41304F58061C4F8EC33C4F8F03303
:10428400C4F8F433C4F8986384F8D06384F8D8632A
:1042940084F8E063C4F8F86384F8FC63C4E9F9665D
:1042A4000B60136004F581622249116004F5826297
:1042B40004F20C410B603146136084F814641EF060
:1042C40065F8314604F22C4084F828641EF05EF848
:1042D400314604F23C401EF059F831464FF48072E6
:1042E40004F5F87084F84C6427F070FB2022314602
:1042F40004F1F000C4F8FC62C4F80063C4F8046379
:10430400C4F8086327F062FB2046C4F8CC61C4F803
:10431400D061C4F8D461C4F8D861C4F8DC61F8BDD4
:10432400E4690020B8A000200064460000005C435B
:10433400C0A000203333B33E436F1B7870B4002B0E
:1043440036D1D0F88431002B51D093F83020002A94
:1043540049D1474941F2053547F23336D0E90424BF
:104364009161A1F2E471D1614249516242F2D731C3
:10437400826CC4E90756D3ED037AC46CF5EEC07AB7
:104384001162C2E90611F1EE10FA4FF4804281681D
:1043940022624BD50022D3ED067A4A62F5EEC07A4A
:1043A400C268F1EE10FA4BD50023536270BC70471B
:1043B400D0E904142E4D47F2333C836C42F2D732D9
:1043C4008D61A5F2E475C06CCD612A4D4D6241F258
:1043D4000531C4E9071C4FF480411A62C3E906227F
:1043E40070BC01627047826C42F2D731C3E7D0E9F6
:1043F40004241F4947F2333541F205369161A1F295
:10440400E471D1611B49516242F2D731826C256259
:10441400C56CE6614FF480441162C2E90611D0E92B
:1044240002124FF400402C624862BEE7B7EE007AF5
:10443400F4EEC77AF1EE10FA0CDD4FF48032AAE7FD
:10444400B7EE007AF4EEC77AF1EE10FA09DD4FF414
:104454008033AAE7B0EE677ABEEEC87A17EE102A68
:1044640099E7B0EE677ABEEEC87A17EE103A9CE789
:10447400C8944702405555350022434938B504468F
:10448400002380F8142400F5806000F8202C00F844
:10449400042CC4F8EC33C4F8F433036004F204408D
:1044A4000968036004F20C40036004F58260036051
:1044B400636F1B78C4E9F911002B4BD1226F157877
:1044C4000D2D24D8C5EBC503304905EB83039A00B1
:1044D40001EB830304321144C4F88431A068FFF76C
:1044E400B5FAD4F88411E0681031FFF7AFFA284B1D
:1044F400186840B1D4F884310321D3ED0B0A93ED4D
:104504000A0A16F0C5FB234B1B782BB938BD1F498B
:104514001D4604220B46DEE70F211F4824F0B8FD98
:1045240000230A2229461D4821F0FAFA02211C48D8
:1045340024F0AEFDD4F884311C6834B1204627F051
:10454400EFFC0146204624F0A3FD1448BDE83840A2
:1045540021F0CABA134B03210D48C4F88431A5686D
:10456400E3684FF4004400682A6269866C621A6248
:104574005A865A620028C9D0B5EE000ADFED0A0A4D
:10458400BDE8384016F084BBBCB80120E4690020C3
:10459400FC8D012008E3002078A0002050CE0020EC
:1045A40088A00020286C0020CDCC4C3E00000000E8
:1045B40070B5036942F2D732954E4FF48035954970
:1045C4000446C3E90661944947F23336596241F21D
:1045D40005314369C3E90716836C42F6CC418F4E1B
:1045E400C3E90821C3E906228D49D0E90C32996157
:1045F400A1F5AD21A1F51071D9618A49596249F635
:1046040099130021C2E90653D0E90F0342F614625C
:104614005986726243F2A302C3E9081580F838127E
:104624002C20E36BDA6240F2E133626C508540F295
:1046340076601163D3854FF400439086E06C7A4A28
:1046440003621362C2E90633A36B44F6CC424262AE
:104654001A7ED00772D4D98B40F6C8501C29186230
:104664004DD942F001021A76A36B1A7E950757D4EE
:10467400D98B41F2AC402A29586201D82B21D98325
:1046840042F002021A76A36B1A7E55073AD4D98BEC
:1046940041F690303829986201D83921D98342F003
:1046A40004021A76636A40F2962200251121DA8503
:1046B40040F23B32598520469A861D63FFF7DCFEA3
:1046C400A36A5A4904F17800594AC3E90612594ABF
:1046D40029465A621DF074FE294604F1A8001DF013
:1046E4006FFE294604F1B8001DF06AFE294604F164
:1046F400C8001DF065FE504B1B786BBB70BD1D21BF
:10470400D983AEE7986A41F68F31884233D8DA8B81
:10471400382A01D83922DA8341F690329A62C1E705
:10472400586A41F2AB41884254D8D98B2A2901D81E
:104734002B21D98341F2AC415962A6E71D6A40F6A8
:10474400C75085422FD8D98B1C2901D81D21D98364
:1047540040F6C851196289E72A21384824F098FCA8
:10476400022137489FED280B21F0EEF93448BDE8CB
:10477400704021F0B9B9002141F6903003F12006D0
:104784000D46986242FA01F0C00707D556F8210099
:104794007F30C0090130854238BF05460131082900
:1047A400F0D1DD837EE740F6C8501E460D4646F83C
:1047B400200F42FA01F0C00707D556F821007F30D8
:1047C400C0090130854238BF054601310829F0D1BE
:1047D400DD834BE7002141F2AC4003F120060D4696
:1047E400586242FA01F0C00707D556F821007F301D
:1047F400C0090130854238BF054601310829F0D18E
:10480400DD8342E7AFF30080000000E0A370ED3FDA
:10481400C8944702E48C47024055553558AE0120F0
:10482400F00DC40C00721C47B48A012090298F0437
:1048340060EA8E04C0AAAA2A08E300208CA0002003
:1048440050CE0020D0F8843170B504462DED028B93
:10485400B0EE408A80EDF70A53B393F824201AB3DC
:10486400DFEDA17AB4EEE70AF1EE10FA1CDBDFED1E
:104874009F6AB6EE007AC16A0123C6EE807A0022EE
:104884000B7643F6E120D4F884318A83086277EE0C
:10489400877AFDEEE77A17EE902AB2F5067FA8BF75
:1048A4004FF406724A831BB193F83020002A56D184
:1048B400B5EEC08AA268F1EE10FA1CD4DFED8C7A52
:1048C400B4EEE78AF1EE10FA0CDCDFED8A7A8A485E
:1048D40068EE277AFCEEE77A17EE901AC2ED077AB3
:1048E40081420AD98449D161626F1278012A08D1C0
:1048F400BDEC028B70BD0021D161626F1278012A78
:10490400F6D0002BF4D0D3ED067AF5EEC07AF1EEB2
:1049140010FAEDDD93ED086AF2EE080ADFED776A2E
:10492400B0EE000A93ED077AC6EE267AE46877EED5
:10493400877AC7EEA00A25F0D3F920EE080AB5EE6F
:10494400C00AF1EE10FA00F1CA80DFED697AB4EE24
:10495400E70AF1EE10FA65DD674BE361C8E794F806
:10496400E0232AB904F20C4204F5826112680A6059
:10497400D3ED167A0125624EF5EEC07A84F8E05341
:104984003268F1EE10FAC4F8E42315DDD4EDFB7AB5
:10499400F5EEC07AF1EE10FA0EDD626E1268AA42EC
:1049A4000AD078EE677AB6EE007AF0EEE77AF4EEA3
:1049B400C77AF1EE10FA43DCB5EEC08A0022A16892
:1049C40084EDFD8AF1EE10FA84EDFB8A84F8FC2371
:1049D40016D4DFED477AB4EEE78AF1EE10FA0CDC78
:1049E400DFED447A444868EE277AFCEEE77A17EE66
:1049F400902AC1ED077A824203D93F4ACA6100E096
:104A0400CA61626F157835B9D3ED067AF5EEC07ACE
:104A1400F1EE10FA32DC04F5806484ED008ABDEC1A
:104A2400028B70BDDFED337A334A20EE270AFCEEA9
:104A3400C07A17EE903AC4ED077A93428CD857E7C0
:104A44006421002021F06EF9D4F884319FED2B7A93
:104A5400D3ED177A67EE877AFDEEE77A17EE902AA0
:104A64009042A9DAD4F8EC23336884EDFD8A84F803
:104A7400FC53C4F8F023C4F8F83339E793ED086A1B
:104A8400F2EE080ADFED1D6AB0EE000A93ED077A34
:104A9400C6EE267AE66877EE877AC7EEA00A25F096
:104AA4001FF920EE080AB5EEC00AF1EE10FA19D487
:104AB400DFED0F7AB4EEE70AF1EE10FA0CDCDFED6D
:104AC4000D7A0D4A20EE270AFCEEC07A17EE903AD2
:104AD400C6ED077A93429ED9074BF3619BE7002307
:104AE400E36105E7F56196E70000204200442C47A6
:104AF4000044AC46C637BE470000FE7F0000C842F3
:104B0400BCB8012070B5044640680D4643689B68F4
:104B140053F8216007EE906A2DED028BB8EEE78A18
:104B2400B0EE480AFFF78EFE6368D3F880211AB10D
:104B3400596F0978002945D153490122C3F8C85156
:104B44000E60A16883F8C52183F8C6210A6812782B
:104B5400C3E96E5682B3B5EEC08AF1EE10FA2BD9D2
:104B6400486890F8D8230AB138EE088AB5EEC08AAE
:104B7400C16B78EE087AF1EE10FA5DD49FED437ABA
:104B8400B4EEC78AF1EE10FA48DD414A4A62F5EE06
:104B9400C07A006CF1EE10FA56D49FED3C7AF4EE34
:104BA400C77AF1EE10FA2BDD394AC26142F6AA2027
:104BB4000122886281F83922E2681278CAB9BDEC10
:104BC400028B70BD3349D2F818020968091A3129D9
:104BD400B2D9B5EEC08A1268F1EE10FA45D4DFED11
:104BE4002B7AB4EEE78AF1EE10FA30DD2849D16170
:104BF400A2E7BDEC028B586CBDE870401EF020B8F3
:104C04009FED257A224D67EE877AFCEEE77A17EE60
:104C1400902AC0ED077AAA42C6D8C7E79FED1E7A4C
:104C24001B4D28EE078ABCEEC87A17EE102A81EDD8
:104C3400097AAA42A9D8AAE7F5EEC07A0022006C44
:104C44004A62F1EE10FAA8D50022C261AEE7DFEDA8
:104C5400127A0F4868EE277AFCEEE77A17EE901A7C
:104C6400C2ED077A8142C1D866E700200121D061F4
:104C7400054AC3F8C85183F8C51183F8C6111660F4
:104C8400C3E96E5698E700BFC0AF01200044AC46AC
:104C94000000FE7FBCB80120C637BE4703681B78FE
:104CA400012B00D07047FFF72DBF00BF03292AD87E
:104CB4000B4610B504460068A26D50F82300216D20
:104CC4001360036860609B68984760680368DB68EA
:104CD4009847606803681B6998470023C4F8B83193
:104CE40084F8B33184F8B431C4F8F032A4F80C3346
:104CF400C4F8CC31C4F8D031C4F8D431C4F8D831B4
:104D0400C4F8DC3110BD704770B5044600200D4670
:104D140084F8B501D4F88401002800F09A8090F852
:104D2400301000294AD10B4607EE902AA169F8EE0B
:104D3400E77AF5EEC07AF1EE10FA40F28C809FED3E
:104D44007B7A67EE877AFDEEE77A17EE902A002ADF
:104D540000F0A08072B60020CE690862002E00F038
:104D64009F8086FAA0F0EFF3008C1CF0006F78D0DF
:104D740002F1010CBCF1020F02D996FBF2F250428F
:104D8400002872D0486201220A7662B663B1684A8A
:104D940004F20C43002011681A6804F5826384F855
:104DA400E003C4F8E8131A60606C1DF071FF25B1CC
:104DB400D4F8B8310133C4F8B83170BD466D002E53
:104DC400C8BF3246002BAED090F86C100029ABD08F
:104DD40007EE902A04F58163D0ED1C6AF8EEE77AB9
:104DE40093ED007AA16927EE267AF5EEC07AF1EE0A
:104DF40010FA41D9F7EE006AB4EEE67AF1EE10FA51
:104E040051DD4C4A9FED497A67EE877AFDEEE77AE9
:104E140017EE903A002B5FD072B6C8690A629042CE
:104E24007ED080FAA2F6EFF3008C1CF0006F72D0F3
:104E340003F1010CBCF1020F04D992FBF3F690FBD1
:104E4400F3F3F61A002E4DD04E6201230B7662B6B0
:104E5400AAE7034668E772B60022CA610A7662B618
:104E640094E790FBF2F000288CD1002EB4BF01220D
:104E74004FF0FF324A6286E7F7EE007AB4EEE77A43
:104E8400F1EE10FA37DD2B4B72B60022CB610A76B5
:104E940062B689E772B6C1ED077A0A7662B675E73B
:104EA4000E7662B672E7FFEE006AB4EEE67AF1EED1
:104EB40010FA1ED4DFED1D6A67EEA67AFDEEE77ADE
:104EC40017EE903ADFED1C7A27EE277AFDEEC77ACB
:104ED40017EE902A002B9FD172B60023CA610B767D
:104EE40062B661E79042B4BF01204FF0FF304862E0
:104EF400ABE7124A86E7FFEE007AB4EEE77AF1EE0A
:104F040010FA11D4DFED0C7A27EE277AFDEEC77A7A
:104F140017EE903AB8E796FBF3F6002EE2D093E74B
:104F240000230B7662B63FE7044BADE7666630427A
:104F3400BCB801200000FF7F00FEFF4E000001808E
:104F4400426838B5CCB20B4611790546A14202D964
:104F54009169095D11B985F8B44138BD52690020E1
:104F640052F82440012202FA03F324EA030420F055
:104F7400D9FE431E20B1621E013B14405A1CFAD1D3
:104F840094FAA4F4B4FA84F485F8B44138BD00BFAB
:104F94000A1E35DDD0F8B831934202DB0023C0F895
:104FA400B831836E1B68013B062B26D8DFE803F07B
:104FB400092512161B200400D0F8F012032003F078
:104FC400AFBAD0F8B831501E93FBF2F102FB1133A3
:104FD400C01A70471146002020F0A4BED0F8F01289
:104FE400002003F09DBAD0F8F012012003F098BA23
:104FF400D0F8F012022003F093BAD0F8B801704749
:105004004FF0FF30704700BF10B590F80D330446E1
:10501400012B90F80C330ED91BB9002384F80D33FF
:1050240010BD013BDBB2C21880F80C3392F8FC329D
:1050340080F8B331F1E70F2B90F8B31105D85A1C5F
:10504400034480F80C2383F8FC122046FFF778FF12
:1050540094F80D3394F8B421013384F8B321DBB20E
:1050640084F80D3310BD00BFF8B5C36E0C461B6841
:10507400012B00F0A980D0F884310646002B51D0D2
:1050840093F83050002D4DD000F1D807C9003846B0
:105094001DF0B0F9002840F0B3800223C6F8EC30CC
:1050A40007EE904AB36DB8EE677B1B68022B37EEB0
:1050B400077BFCEEC77B17EE900AC6F8E8004DD1DB
:1050C40096F82831002B00F09280D6ED497AF36DE2
:1050D40093ED007ADFED676A37EE677AE7EE267ABA
:1050E400F5EEC07AF1EE10FA00F1A380B7EE007A83
:1050F400F4EE477AF1EE10FA77FE277AB7EE007AEB
:10510400C6ED497A0DB937EE877A07EE900AF8EEC4
:10511400677AC7EE876AFCEEE67A17EE900AC6ED68
:105124003A7AF8BD06F1D807E10038461DF062F975
:10513400054600284AD1D6F8EC30012B3ED107EEC3
:10514400104ABBEEEF7B0025FCEEC77B17EE900AFE
:10515400B36DC6F8E8001B68022BB1D0032BE0D175
:1051640096F84031002B67D0F36D96ED4F7AD3ED6E
:10517400007ADFED406A77EEC77AA7EEA67AB5EE3D
:10518400C07AF1EE10FA60D4F7EE007AB4EEE77A62
:10519400F1EE10FA3DDDF6EE006AB0EE677A07EE46
:1051A400900A86ED4F7AF8EE677A87EEA67AFCEEDF
:1051B400C77A17EE900AC6ED3A7AF8BD022B3FF48F
:1051C4006FAF20460025C3E70846F8BD00213846E6
:1051D4001DF0F6F80A21002020F0A4FD062840DD89
:1051E4000738012841D80123C6F8EC30A7E7F36D4E
:1051F4000122D3ED007A86F82821C6ED497A67E7C3
:10520400384600211DF0DCF80A21002020F08AFD38
:1052140043E7F6EE005A9FED186AF0EE676AE7EE90
:10522400656AF4EEC66AF1EE10FA13D5F0EE466A3A
:10523400B5E7DFED127A61E7F36D012293ED007AB1
:1052440086F8402186ED4F7A91E7F7EE006A9FEDEC
:105254000B7AA4E7F4EE676AF1EE10FA77FEA66A19
:105264009DE70023C6F8EC30ABE702230025C6F81F
:10527400EC3015E70AD7A33CCDCCCC3E00000000AF
:10528400836D1B68022B00D0704770B500F58A75DA
:105294000446C82128462DED028B1DF0ABF810B949
:1052A400BDEC028B70BD002128461DF089F894F8EE
:1052B4002831002B7ED0E36DD4ED497A93ED007A4A
:1052C400DFED716A37EE677AE7EE267AF5EEC07A9B
:1052D400F1EE10FA79D4F7EE006AF4EEE67AF1EE24
:1052E40010FA44DDB5EE008ADFED688A9FED687A36
:1052F400C4ED496AF3EE047A2669B4EEE77AF1EE76
:1053040010FA7BD5634B644DDFED647A644AF4EEA6
:10531400E78A7262F1EE10FAC6E9065346D4DFED6D
:10532400617AF4EEE78AF1EE10FA5ADCF5EEC08AFF
:105334006269F1EE10FA57D50023B5EEC08AD36145
:10534400F1EE10FA3FD4DFED587AB4EEE78AF1EECD
:1053540010FA43DCF7EE007AB4EEE78AF1EE10FAC5
:1053640076DD4FF480331362BDEC028B70BD9FED8C
:105374004F6A9FED4F7ADFED4F6AA7EE867AC4ED50
:10538400497AB4EEE67AF1EE10FA41D54A4B4B4D28
:105394009FED4B8ADFED4B6AF0EE488A9FED3B7A36
:1053A4002669A7EE878AE7EEA68AADE740F2CD33F9
:1053B4006269C2E7E36D0122D3ED007A84F8282103
:1053C400C4ED497A7AE70023CDE79FED3D8A9FED4E
:1053D400387AF0EE488ADFED3C6A89E746F2666384
:1053E400C1E747F22123E3E7DFED387AF4EEE78AF9
:1053F400F1EE10FA16DD4FF000439EE7DFED347A4C
:10540400B4EEE77AF1EE10FA29DD324B324D7BE748
:10541400DFED326AB4EEE67AF1EE10FA0BDD304BD2
:10542400304DB5E7DFED307A68EEA78AFCEEE87A16
:1054340017EE903A81E79FED228A9FED226AF0EE03
:10544400488ADFED126AA7EEA68AE7EE868A51E75C
:10545400F0EE487AFEEEC87A17EE903A83E7DFED75
:10546400237A27EE277AF0EE477AB0EE470AFEEE6B
:10547400E07A17EE905A24F0C3FDF0EE407AFEEE87
:10548400E07A17EE903A3FE70AD7A33CCDCC4C3EE6
:1054940000009644DE571700DF5717000AD7233C55
:1054A40000B76D5B9A99993ECDCCCC3E00002F4459
:1054B4000000FA430000C84360D9D2016CDDD20178
:1054C400CDCC4C3D9A99193E000000000044AC46F6
:1054D40000D08946008C3C4B00BE6C500080BB441D
:1054E40018E9D50650BED606C637BE4793651538AB
:1054F400836D1B68032B00D0704770B500F596755B
:105504000446C82128462DED048B82B01CF072FF9E
:1055140018B902B0BDEC048B70BD002128461CF004
:105524004FFF94F84031002B00F0DC80E36DD4EDA4
:105534004F7A93ED007ADFEDB86A37EE677AE7EEDB
:10554400267AF5EEC07AF1EE10FA00F1D680F7EE85
:10555400006AF4EEE67AF1EE10FA3ADDB5EE008A6E
:10556400DFEDAE0AB6EE009ADFEDAD9ADFEDAD8A5F
:105574009FEDAD7AC4ED4F6AF3EE047A2669B4EE7A
:10558400E77AF1EE10FA40F1E980A84BA84DF6EE67
:10559400007AC6E90653F4EEE78AF1EE10FA4AD42B
:1055A400DFEDA47AF4EEE78AF1EE10FA00F3C0809E
:1055B400DFEDA17AF4EEE78AF1EE10FA3BD4F1EED6
:1055C400047AF4EEE78AF1EE10FA40F3D1809B4BB3
:1055D40032E09FED9B6A9FED9B7ADFED9B6AA7EE1D
:1055E400867AC4ED4F7AB4EEE67AF1EE10FA40F121
:1055F400AB80964B964D9FED978AB6EE005A9FED81
:10560400967AF5EE000AF0EE489ADFED8A8AB0EE5B
:10561400479ADFED925A9FED926AE7EEC58ADFED75
:10562400916AE7EEA59AA7EE869A2669E7EEC70A7D
:10563400A7EEA68AABE78C4BDFED8C7A7362F4EEAF
:10564400E79AF1EE10FA49D4F6EE007AF4EEE79A0E
:10565400F1EE10FA69DCF5EEC09A6369F1EE10FA26
:1056640068D50022B5EEC09ADA61F1EE10FA42D4A0
:10567400DFED7F7AB4EEE79AF1EE10FA52DCF7EE42
:10568400007AB4EEE79AF1EE10FA7CDD4FF4803242
:10569400F5EEC00A1A62F1EE10FA40D4F6EE007A82
:1056A400F4EE670AF1EE10FA77FEA00AB5EEC08AAE
:1056B400F1EE10FA30D4DFED6A7AB4EE678AF1EED7
:1056C40010FA37FE888A6B4BB0EE480A186802B0AD
:1056D400BDEC048BBDE8704019F008BF41F20532FF
:1056E4006369BFE7E36D0122D3ED007A84F84021BA
:1056F400C4ED4F7A1DE70022CAE79FED568AF5EE06
:10570400000A9FED559AF0EE489ADFED4A8A9FED24
:105714004D7ADFED596A2DE79FED578AD3E7DFED28
:10572400560AC3E748F6CC42B2E74BF63762D7E7EE
:10573400524B81E7DFED527AF4EEE79AF1EE10FA7C
:1057440047DD4FF000428DE7DFED4E6AB4EEE67AB6
:10575400F1EE10FA1EDD4C4B4C4D4CE7DFED4C7A6C
:10576400B4EEE77AF1EE10FA3CDD4A4B4A4D0EE70F
:10577400B7EE007AC7EE287AB0EE677ABEEEC17A49
:1057840017EE103A58E7F0EE497AFEEEC87A17EEB3
:10579400902A7DE79FED2F8AF6EE004ADFED2E6A10
:1057A400F5EE000AF0EE489ADFED228AB0EE669A32
:1057B4009FED2A5ADFED2A5AE7EEE48A9FED296A23
:1057C400E7EE859AA7EEA59AE7EEE60AA7EE868AA3
:1057D400D2E6DFED327A69EEA77AFCEEE77A17EECD
:1057E400902A3FE7DFED2E7ACDED010A27EE277AE6
:1057F400F0EE477AB0EE470AFEEEE07A17EE905AE2
:1058040024F0FEFBF0EE407ADDED010AFEEEE07AD4
:1058140017EE903ABBE600BF0AD7A33CCCCC4C3D74
:10582400CCCCCC3E3433333F0000E144DE57170088
:10583400DF5717009A99993F3333333FD0CCCC0CC0
:1058440000007A4400004844000016447C3EBC0238
:10585400204CBC020AD7A33DCDCC4C3E0AD7A33E74
:105864009A99993E7B142E3E00B76D5BCDCC4C3D8E
:10587400CDCC0C3F9C9601200000000040555535CE
:105884000044AC460000FA44D0591C0920531E09B8
:1058940000D08946008C3C4B00BE6C50C637BE47D6
:1058A40093651538836D70B51D6805B170BD00F53D
:1058B400A2760446C82130461CF09CFD0028F5D091
:1058C400294630461CF07CFD94F8583103B3E36D4F
:1058D400D4ED557A93ED007A0023DFED4A6A37EE72
:1058E400677AE7EE267AF5EEC07AF1EE10FA18D46C
:1058F400F7EE006AF4EEE67AF1EE10FA1EDDC4ED7E
:10590400556A42F614634049404ACD61D36170BD83
:10591400E36D0122D3ED007A84F85821C4ED557A61
:10592400D8E745F699159FED3A7AC4F85431F0EE6C
:10593400477AFEEEC87A17EE903AE4E79FED357A9F
:10594400C4ED557AF4EEC77AF1EE10FAD9DA36EEF0
:10595400E77A9FED316A27EE067AB5EEC07AF1EE6A
:1059640010FA0FD4B4EEE67AF1EE10FA02DD4FF439
:10597400803507E0DFED296AB4EEE67AF1EE10FA3D
:1059840027DD274D9FED237AF4EEC77AF1EE10FA66
:10599400B7DADFED1F6A9FED236AB0EE667AA7EEF1
:1059A400867AB4EEE67AF1EE10FA0FD4DFED1E7AC1
:1059B400B4EEE77AF1EE10FAA3DCDFED187AB4EE78
:1059C400E77AF1EE10FA0DDD154B9CE740F6CC4377
:1059D40099E7DFED166AB4EEE67AF1EE10FA0AD52D
:1059E400134DCFE7DFED117AB4EEE77AF1EE10FA5A
:1059F4009DD50F4B87E7F0EE476AFEEEC86A16EEB8
:105A0400905ABFE78FC2F53DC8AE0120948B0120A8
:105A1400CDCC4C3D9A99593F3333B33E00FEFF46FB
:105A24000000FF7FB91E053EEC51383E00FEFFC664
:105A340000000180134B1B6810B5044603B3032117
:105A4400184616F0C9FA94F89433032B94F8963355
:105A540008BF5B0800FB03F3B3F57A7F0ED30A4A51
:105A6400A2FB03235B09984228BF1846D4F884316B
:105A74001BB193F8303003B1400010BD0A20F5E7A4
:105A84006420E0E7608F01201F85EB5130B50446A8
:105A94004068154603682DED028B83B09B68019125
:105AA400216D984760680368DB68984760680368FD
:105AB4001B6998470122636ED4ED6F7A84F8B5218F
:105AC4001A68B8EEE78A32BBD4F8803123B1616F2B
:105AD4000978002940F0B681B0EE480A2046FEF766
:105AE400B1FE6068D4ED6F7A0368B8EEE78A9B690B
:105AF400984763689B79002800F0F980002B00F038
:105B0400F680D4F8B8219A4280F0F180825C636E0A
:105B1400C4F8C8211A68022A00F0F180D4F884314C
:105B24001946002B00F0248193F82410002966D034
:105B34001946002DC0F2AF807F2DDFEDB66ADFED90
:105B4400B67AA8BF7F259FEDB58A07EE105AEDB24D
:105B5400B8EEC76A86EE267AA7EE278A84F8C4517F
:105B640079B191F8303063B10D6D04F58163002D86
:105B740083ED008A05DDE36E1B68012B00F08F8145
:105B84000195DDED017AA169F8EEE77AF5EEC07AC8
:105B9400F1EE10FA40F2E380B7EE007AB4EEC78A71
:105BA400F1EE10FA7BDD9E4B9FED9E7A67EE877ACD
:105BB400FDEEE77A17EE902A002A00F08A8072B68A
:105BC400C8690B62984200F0638180FAA3F5EFF391
:105BD400008C1CF0006F00F0178102F1010CBCF185
:105BE400020F04D993FBF2F590FBF2F2AD1A002DEB
:105BF40000F0C7804D6201230B7662B66EE093F825
:105C04003010002994D1022A92D1A26D126832F088
:105C140002028DD194F8D833002B40F03D81B5EECB
:105C2400C08AE26B78EE087AF1EE10FA00F15C813A
:105C34009FED7D7AB4EEC78AF1EE10FA40F33E810F
:105C44007A4B5362F5EEC07A216CF1EE10FA00F152
:105C540048819FED757AF4EEC77AF1EE10FA0CDC08
:105C64009FED737A714867EE877AFCEEE77A17EE58
:105C7400903AC1ED077A834201D96C4BCB6142F66D
:105C8400AA210123916282F83932606C1CF0D8FF9A
:105C9400D4F884114DE764259FED668A5EE7BFEE74
:105CA400007AB4EEC78AF1EE10FA71D49FED5D7AF2
:105CB40067EE877AFDEEE77A17EE902ADFED5E7ADB
:105CC40028EE278AFDEEC87A17EE903A002A7FF470
:105CD40076AF72B60022CB610A7662B6012384F8ED
:105CE400C53184F8C63103B0BDEC028B30BD00224F
:105CF400636EC4F8C8211A68022A7FF40FAFD4F87F
:105D040080311BB1626F1278002A54D1D4ED707ABD
:105D1400B8EEE70A2046FEF795FD6068D4ED707A88
:105D24000368B8EEE78A5B69984763685B7930B1CA
:105D34002BB1D4F8B8219A4201D2825C00E000224F
:105D4400C4F8C821D4F88431626E1268002B3FF481
:105D54005AAF93F8241000297FF4EAAE4FE7F7EE28
:105D6400007AB4EEE78AF1EE10FA13DD2C4BB0E7BB
:105D7400002DBFF6E1AE64239FED2E8A84F8C43172
:105D8400FFE69842B4BF01204FF0FF30486232E78B
:105D94002A4B09E7FFEE007AB4EEE78AF1EE10FA37
:105DA40000F19D80DFED247A28EE278AFDEEC87A83
:105DB40017EE903A8DE7224AD3F818121268D4ED00
:105DC400707A521AB8EEE70A312AA3D9B5EEC00A9E
:105DD4001B68F1EE10FA00F18A80DFED137AB4EE5D
:105DE400E70AF1EE10FA0CDCDFED117A0F4960EEF0
:105DF400277AFCEEE77A17EE902AC3ED077A8A42F7
:105E040088D90A4ADA6185E795FBF2F5002DB8D006
:105E1400F0E600BF0000FE420AD7A33E0AD7A33D26
:105E24000000FF7F666630420044AC460000FE7FFF
:105E3400C637BE473333B33E00FEFF4E0000018039
:105E4400BCB801202B49D3F818020968091A312972
:105E54007FF642AEB5EEC08A1B68F1EE10FA3CD470
:105E6400DFED257AB4EEE78AF1EE10FA0DDCDFED12
:105E7400237A234968EE277AFCEEE77A17EE902A14
:105E8400C3ED077A8A427FF627AE1D4ADA6123E61C
:105E940000230B7662B621E738EE088ABFE6204677
:105EA400FFF7C8FD174A00EB40004300A2FB0323A1
:105EB400DB08AB4228BF2B46019362E69FED0F7AC5
:105EC4000F4928EE078ABCEEC87A17EE103A82ED25
:105ED400097A8B423FF6B4AEB4E6DA61FCE50A4BCC
:105EE400F7E60023CB61CAE600235362AAE6002248
:105EF400DA610FE7BCB801200044AC46C637BE47A0
:105F04000000FE7FCDCCCCCC0000018010B504464F
:105F14000068D0F8B8318B4202DB0023C0F8B831F6
:105F240063681B68012B06D023B9206890F8B5314B
:105F3400012B0DD010BD90F8B5110029FAD14FF006
:105F4400FF32FFF7A3FD63681B68002BEDD0F1E778
:105F54004FF4FA721946BDE81040FEF7D5BE00BFF3
:105F64002DE9F043D0F884512DED028B83B0002D40
:105F740071D095F83030002B6DD0E14A044690F88A
:105F8400FC331768002B6BD190EDFB8AD5ED188A92
:105F9400F5EEC08AF1EE10FAB5EEC08A40F39480B3
:105FA400F1EE10FA40F3C380D4F8E433002B00F090
:105FB4008E80FB1A95ED1A7A07EE903AF8EE677A1E
:105FC400B4EEE77AF1EE10FA40F1818037EEC77A49
:105FD400DFEDCC5AB7EE006A95ED190AC7EE256AD3
:105FE400DFEDC95A87EEA57AB7EEC00AF4EEC66AA9
:105FF400F1EE10FAB7EEC77AD8BF68EEA68A9FED25
:10600400BE6B20EE060B20EE070BB7EEC00B23F0A1
:10601400F7FF9FEDBE7AC8EE877A27EE800A23F059
:1060240091FC28EE008A52E095ED137AB5EEC07A21
:10603400F1EE10FA00F31F819FEDB58A04F20C43D0
:1060440004F583660621304683ED008A1CF0D2F9FC
:10605400002840F09C8003B0BDEC028BBDE8F083C7
:10606400F7EE006AD0F8F83395ED167AFB1AB4EE21
:10607400E67A07EE903AF1EE10FAF8EE677A37FE18
:10608400267AC7EE878AF4EEE68AF1EE10FA04DB8C
:10609400F0EE668A002380F8FC3394EDFC0A23F0CA
:1060A400B9FCB0EE408A94EDFD0A23F0B3FC30EE67
:1060B400480AA0EE288AB0EE480A23F043FCB0EE6A
:1060C400408A84EDFB0A61E7F1EE10FA2FDD04F556
:1060D40080669FED907AD6ED007A78EE677AF0EEDE
:1060E400E77AF4EEC77AF1EE10FA20DDB5EEC08A55
:1060F400A368F1EE10FA00F11B81DFED877AB4EEAC
:10610400E78AF1EE10FA40F31681844ADA61636F8C
:1061140093F80080B8F1000F07D1D5ED067AF5EEBB
:10612400C07AF1EE10FA00F3158186ED008A94F836
:10613400E033002B3FF478AFD4F8E43395ED107AD4
:10614400FB1A07EE903AF8EE677AB4EEE77AF1EECE
:1061540010FA00F3B880D5ED116A37EE266AB4EE72
:10616400E76AF1EE10FA40F3C380F5EEC06A77EE09
:10617400C77A95ED127AB7EE008AF1EE10FA38EE8E
:10618400477AC8BFC7EEA67AA7EE678A8CE00021DB
:1061940030461CF015F994F8143443BBD5ED0F7A4E
:1061A400F5EEC07AF1EE10FA1BDD9FED5D7A2269FF
:1061B400F4EEC77AF1EE10FA00F10381B1EE047A3D
:1061C400F4EEC77AF1EE10FA00F30381F7EE006AF9
:1061D40086EEA77AF0EE477AFEEEC17A17EE903A91
:1061E4005362626900210123116284F8143495ED2D
:1061F4000D7AB2EE006AD5ED0E6A04F2044576EE2D
:10620400C76AD5ED007AA6EE887A77EE677AF0EE63
:10621400E77AF4EEC67AF1EE10FA7FF71CAFF3EEEC
:10622400047A2669B4EEE77AF1EE10FA00F1C6803A
:10623400DFED3C7AB4EEE77AF1EE10FA00F3C380B6
:106244009FED390A8DED017A27EE000AF0EE407ACF
:10625400FEEEE07A17EE904A23F0D2FEF0EE407A9A
:106264009DED017AFEEEE07A17EE903AC6E9064318
:1062740085ED007AEFE6D4F8E833B7EE008AFB1A2E
:1062840007EE903AF8EE677AC7EE876AF4EEC86ACA
:10629400F1EE10FABFF6D0AE04F5826338EE668AEA
:1062A400D3ED007A28EE278AB5EEC08AF1EE10FA13
:1062B4003FF5C2AEF7EE007AB4EE678AF1EE10FA5B
:1062C40037FE888ABAE6B5EEC07A04F5826393EDA8
:1062D400008AF1EE10FAC8BFC7EE876AF7EE007ABB
:1062E400D8BFF7EE006A77EEC87AA7EEA68ADBE796
:1062F40095ED128AD8E700BF182D4454FB211940AC
:10630400BCB801200000484300007A4400009644D1
:10631400000000000AD7233C0044AC460000FE7F86
:106324003333333F00D0894693651538C637BE47AB
:106334000022DA61EBE65FED037A274968EE277AFB
:10634400FCEEE77A17EE902AC3ED077A8A423FF60D
:10635400DCAEDCE695ED086AF2EE080ADFED1F6AB2
:10636400B0EE000A95ED077AC6EE267AD4F80C90C2
:1063740077EE877AC7EEA00A23F0B2FC20EE080A73
:10638400B5EEC00AF1EE10FA20D4DFED157AB4EEC2
:10639400E70AF1EE10FA0DDCDFED127A0E4A20EE78
:1063A400270AFCEEC07A17EE903AC9ED077A9342B9
:1063B4007FF6BBAE084BC9F81C30B6E60A4B0B4C53
:1063C40054E70B4B0CE70B4B0B4C4FE7C9F81C8005
:1063D400ABE60A4B04E700BF0000FE7F0000C842A2
:1063E4000044AC46C637BE47DE571700DF571700D8
:1063F40000B76D5B008C3C4B00BE6C50D0CCCC0C19
:10640400F8B5002405462B68296D1859043403682F
:106414009B689847102CF6D1AB6DAA6A1B68944808
:1064240023F002039349012BC2E9060123D16B6DCA
:106434001B68B3F5FA7F23DDEB6D05F18804DFED0E
:106444008E7A93ED007A2046B4EEE77AF1EE10FAF4
:10645400CCBF322164211BF0CDFF002842D1502152
:1064640020461BF0C7FF10B1EB6900221A76AB6D12
:106474001B6823F002031BB96B6E1B68022B00D050
:10648400F8BD95F83933002BFAD195F83833002B41
:10649400F6D16B6D05F22C44196820460029B8BF6B
:1064A40001314910B1F5C87F28BF4FF4C8715A298A
:1064B40038BF5A211BF09EFF002850D195F84C3468
:1064C400002BDDD05A2105F23C401BF093FF00283D
:1064D400D6D0686A1CF0DCFB00232A6A137685F8A0
:1064E4004C34F8BD002120461BF06AFF6B6E1B681C
:1064F400022BB4D195F83933002BB0D195F8386319
:10650400002EACD16B6D05F5AE771968384689005D
:106514001BF070FF002865D1D5ED707A17EE903A24
:10652400002B9CDDD5F86C31012B69D0022B7BD07C
:10653400B8EEE77A002B74D0DFED507AB4EEE77A48
:10654400F1EE10FA77D5EA694FF4067341F6FF715C
:106554001162002153830123918313767FE7002185
:1065640020461BF02DFF95F81131042BA6D995F880
:106574001031033303F007033C3355F82330002B69
:106584009CDD07EE903AB8EEE77ADFED3C7AB4EEA4
:10659400E77AF1EE10FA30D49FED396AF6EE006A2C
:1065A400C6EE077A77EEA67AFDEEE77A17EE903A12
:1065B400B3F5067FA8BF4FF406739BB22A6A002680
:1065C400012441F6FF715383116214769683686A3D
:1065D4001CF036FB314605F23C4085F84C441BF078
:1065E400EFFE6BE7314638461BF0EAFE03213046E6
:1065F4001FF098FBC5F86C018EE74FF40673DDE7D6
:10660400B0EE677A41F63331BAEEEF7ADFED1B7AFA
:10661400B4EEE77AF1EE10FA23D5EA694FF4067383
:1066240096E741F6FF71F1E7F8EEE77A41F6FF717C
:1066340037EEA77AEAE7F6EE006A9FED116AEA6997
:1066440041F6FF71C6EE077A77EEA67AFDEEE77A99
:1066540017EE903AB3F5067FA8BF4FF406739BB2CA
:1066640076E7F6EE006A9FED066AEA69EAE700BF9C
:1066740090298F0460EA8E049A99193F0000204201
:1066840000442C47000000002DE9F84FD04B05468C
:106694001B68002B00F0B1800021184615F09CFC0B
:1066A400C100D5F8803113B16B6F1B780BB9BDE80D
:1066B400F88F05F5B87420461BF09CFE002840F0C6
:1066C400A080D5F88041002CF1D06B6F1B78002B93
:1066D400EDD094F82032002BE9D0BE4AD4F8183219
:1066E4001668F31A312BE2D9D4ED842AF7EE007A36
:1066F40094ED857A72EE872AF4EEE72AC4ED842AB3
:10670400F1EE10FA80F2CD80B7EEE27A94F804024A
:10671400B7EE006B94F8053294F806124200AE4DC1
:1067240036EE476B94F808724FB1F7EE005A94EDC9
:10673400837AB4EEE57AF1EE10FA00F1CB800244EC
:1067440004F10409B7EE005B04F5017803EB42039E
:1067540001EB420255F8233055F822004A46991EAF
:10676400C3F1020E023830F9023F0EEB010C07EEC2
:10677400103A31F9023FB8EEC77A04EE103AB8EE97
:10678400C44B27EE227AB7EEC77AA4EE067BBDEEA1
:10679400C77B17EE103A1BB227B394F804A207EE96
:1067A400903A94F805B20AEB4A0AB8EEE77AD4EDC7
:1067B400837A0BEB4A0BB7EEE74A55F82B3027EEFA
:1067C400277A33F90C3035EE444BB7EEC77A03EE33
:1067D400103AB8EEC33BA3EE047BBDEEC77B17EEC5
:1067E400103A1BB222F8023B9045BCD12368C3F88F
:1067F4002C90C4F81862BDE8F88F436D19684901FC
:106804004FE7002120461BF0DBFD082100201FF08C
:1068140089FAD5F88021C3B292F80412082B28BF54
:106824000023994207D00120002182F8073282F820
:106834000802C2F80C12042100201FF073FA50B1B0
:10684400012808D00228D5F8804100F0CB8003232A
:1068540084F8213203E0D5F8804184F8210219211B
:1068640005201FF05FFA07EE900A9FED534BB8EE38
:10687400E76B9FED535B86EE047BB7EEC77BB7EE09
:10688400C76AB4EEC56BF1EE10FA20D4F7EE007AC5
:10689400B4EE677AF1EE10FA37FE877A84ED857AE2
:1068A4000FE794F8040200234B4DC4F8103200EBB8
:1068B4004003420005EBC30393F8108094F821329F
:1068C400032B00F2A580DFE803F0654232229FED3E
:1068D400437AE3E7B7EEC77A9FED3B4B37EE047B91
:1068E400B7EEC77BB4EEE57AF1EE10FA61DB94F80B
:1068F40007C20027C4ED835A84F804C24FF0010C88
:1069040084F8087284F8057284F806C217E794F8CC
:106914000572B7EE006BDFED322AB7FA87F77F090D
:106924003B4684F80672194684F80572FAE6D4F8F0
:10693400243294F805721F44FFB2B84558D9B7EE13
:10694400006BDFED272A3B4684F80672EBE7B8F1CB
:10695400010F94BF4FF000094FF0010902E0B9F1B3
:10696400000F0BD0414600201FF0DCF994F80522FB
:10697400C3B29A421F4684F80632F0D0D4ED842A7A
:10698400B7EE006B94F80402B7EEE27A420036EEFA
:10699400476BC8E794F80532B7EE006BDFED102AB9
:1069A4000133B3FBF8F108FB1133DFB284F806724C
:1069B400B9E784ED837AC2E60000000000408F400E
:1069C400FCA9F1D24D62503F9A9999999999A93F9E
:1069D400608F0120BCB80120F82C00206F12833A8C
:1069E40000000000012384F82102C4F8243236E7B1
:1069F400A8F102084FF0FF33B7EE006B5FED082AF1
:106A04005FFA88F7C4F8243284F806723B468AE7B2
:106A140094F80672B7EE006B5FED0F2A3B4682E7EF
:106A240090F880338B4210D901EB4102D0F87C33CB
:106A34004FF0000C80F8781303EB8203034A80F8CC
:106A440079C31B79117080F87A337047C3D301205E
:106A540070B50446284E04210020A36D08251B6848
:106A640006EB83061FF05EF9305C84F899031BF093
:106A7400A5FB042100283BD11FF054F96B1E305CA8
:106A840013F0FF0584F89903F1D1082584F89A03DB
:106A940003E094F8993383420AD1042100201FF0C3
:106AA40041F96B1E305C13F0FF0584F89A03F0D1B2
:106AB400082501E094F89A031BF080FB042160B9D7
:106AC4001FF030F994F89923335C9A4201D084F88A
:106AD4009A336B1E13F0FF05ECD1642100201FF0E4
:106AE40021F90E28CCBF0020012084F83A0370BDA0
:106AF40094F89903C9E700BF14AA002038B500250B
:106B0400044680F8B351A0F8B451C0F8B85180F8E5
:106B1400C75180F8EC51C0F8F052A0F8F452C0F814
:106B2400F852A0F80C5380F8795380F8985380F801
:106B34009B53A0F83853C0E97955FFF789FF04F156
:106B440078002946C4F8CC51C4F8D051C4F8D451C3
:106B5400C4F8D851C4F8DC511BF032FC294604F1C6
:106B640098001BF02DFCA36984F8285184F8405147
:106B740072B6DD611D7662B6606C1CF089F8002384
:106B840004F5806184F8E05384F8FC532046C4F88B
:106B9400EC33C4F8F4330B6004F20441084A0B608C
:106BA40004F20C4112680B6004F582610B6084F8F6
:106BB4001454C4E9F922BDE83840FDF75DBC00BFB8
:106BC400BCB8012001EB4101D0F87C338A0003EB0F
:106BD400810170B50979044610290D4628BF102596
:106BE40039B39E58A9424FF0000328BF29469C465A
:106BF40003EB430201330CF10100B25C5FFA83FE44
:106C040002F0FD02012A08BF5FFA80FC8E45EFD333
:106C14000CF1020CAC4504F567734FF000022946F1
:106C2400A8BFAC465FFA8CF01BF022FB84F8D0536B
:106C340070BD4FF0020CEDE710B590F83833044600
:106C4400002B75D190F89833013303F003029B07AE
:106C540080F8982351D0032A55D0022A1BD0002251
:106C640094F8993384F89B2384F8392394F8802387
:106C74009A420FD903EB4301D4F87C23002084F813
:106C8400783302EB81024C4984F8790312790B7052
:106C940084F87A2310BD94F83A2394F89A33002A9E
:106CA400E0D003EB4303D4F87C230020012102EB62
:106CB400830284F89B0384F839131079431EDAB2F3
:106CC4000F2A75D8DAB204F1030C0321234611FB11
:106CD40002C1002283F83C23033383F83A2383F868
:106CE4003B239942F6D1344BFE2184F8700384F897
:106CF400792384F87A03197010BDFFF7A9FE94F87C
:106D04009823032AA9D194F899132046FFF75AFF30
:106D14000023012094F8D013274A84F8393384F8E7
:106D24007933FF2384F89B0384F87A13137010BD1E
:106D340090F89923013BD0F87C034FF0000C02EB50
:106D44004202D9B2012300EB820084F89BC384F889
:106D5400393384F8381390F804C00CF1FF33DAB2F5
:106D64000F2A21D8DAB204F1030E0320234610FBC4
:106D740002E0002283F83C23033383F83A2383F8A8
:106D84003B239842F6D10C4B84F87923FE2284F8F5
:106D940070C384F87AC31A7000297FF47BAFE36E62
:106DA40094F83B231A6010BD4FF0100C0F23D9E761
:106DB40010200F2386E700BFC3D301200346806E53
:106DC40070B40C4601680326022583F83613D96E85
:106DD400D1F800C083F837C3066001200D6000219C
:106DE40083F8340303F54470C3F8304383F8352340
:106DF40070BC1BF0E5BA00BF826E002390F8361316
:106E0400A0F83433C36E116090F837231A607047CA
:106E1400F0B5044640682DED048B036891B09B687F
:106E24008DF80B200391216D984760680368DB6837
:106E34009847606803681B6998479DF80B30012BDD
:106E440000F08981022B00F0AF81002B00F08781D4
:106E5400636E00261B68022B00F062810025606CC3
:106E64008DF817501BF014FFE36C5D620DF10B02FB
:106E740003A90DF117030D940C929DF80B20CDE995
:106E84000641022A08A9CDE90834CDE90E13CDE95B
:106E94000A4300F04381131E18BF0123E16E0D68FD
:106EA4005DB1012D40F0A580616E0968994200F042
:106EB400F38111B0BDEC048BF0BDA16E0F688FBBE4
:106EC400616E09689942F4D1012A40F00682002ECD
:106ED40000F03E839FEDB28A03E00137BE4200F02A
:106EE400378394F8B331BB42F7D1039B012B00F0F5
:106EF4000E82002BF1D194F8B521012AEDD1184668
:106F040084F8B5314FF47A711EF00CFFB0EE480AE4
:106F140001460AA8FCF7CCFE94F8B3112046FEF70C
:106F24000FF8DAE7012F40F0A680616E09689942F4
:106F3400BFD1012A00F05382002EBAD0D4F8B87120
:106F4400B74280F2058497FBF6F106FB117760687F
:106F54000368002A40F0F9839B69984718B1731EAF
:106F6400DB1BC55CA80063689DF80B209B681B585D
:106F7400002A40F0E2838B4AC4F8BC311360D4F891
:106F84008421002A00F04D8392F83060002E00F036
:106F94004883039B012B40F0AA8194F8B511002982
:106FA40087D14FF0FF322046FEF770FDC4F8C85178
:106FB4000123039A84F8C53184F8C631002A7FF48A
:106FC40078AF94F8B531012B7FF473AF002E40F005
:106FD400968100234FF4FA719FED710A0AA884F890
:106FE400B531FCF765FED4F8B8310133C4F8B831D3
:106FF4005FE7022D7FF45DAF616E096899427FF40B
:1070040058AF94F834336BB194F8355355B9D4F878
:10701400301304F544701BF0EDF9002840F0B884F7
:107024009DF80B20636D1B68002BB8BF0333EF2B57
:107034004FEAA30100F24B811427012A00F09B833D
:10704400002E3FF436AF314600201EF06BFE039B4A
:10705400C4F8B801012B00F04182002B7FF429AF62
:1070640094F8B531012B7FF424AF3A4619462046F3
:10707400FDF74AFE1DE7022F40F3D080616E0968D8
:1070840099427FF416AF012A00F08582002E3FF466
:1070940010AF31462046FDF77BFF9DF80B300646C6
:1070A4006068002B40F0598303689B699847002867
:1070B40000F05F83002EC0F25C83855DAA006368E4
:1070C4009B689B589DF80B20002A40F04A83354A60
:1070D400C4F8BC311360D4F88421002A00F0AE82D5
:1070E40092F83070002F00F0A982039B012B00F06E
:1070F4001F85002B7FF4DDAE94F8B531012B7FF4AE
:10710400D8AE01234FF4FA7220461946FDF7FCFD70
:10711400D4F8F0320133C4F8F032CAE61346BDE6BF
:10712400A36D1B6833F002037FF498AED4F8843166
:107134004BB193F82420002A7FF490AE93F83030BA
:10714400002B7FF48BAE0121E36C4FF480428DF869
:1071540017105A628AE66268636E16797AE6606886
:1071640003689B69984763689E791A69002E4ED01C
:10717400B0FA80F35B09002849D0D4F8B8118E42E4
:10718400D8BF1946636EC8BF02EB8102186808B9FC
:10719400C4F8B81112680349C4F8BC210A6059E65E
:1071A40000000000C0AF012063685E79DA6846B36E
:1071B400D4F8B811636E8E421868CCBF02EB81021A
:1071C4000021022808BFC4F8B8111268BC49002A7B
:1071D400C4F8C0210A607FF73DAE94F8101101F1A4
:1071E4003C00013144F8202001F0070194F81121FA
:1071F40084F81011072A3FF62DAE013284F81121CC
:1072040028E6AF4A636EC4F8C061166022E6002225
:10721400AC49636EC4F8BC210A601BE67FF449AE36
:10722400626E12689A427FF444AE636D04F198076B
:107234001B68384607EE103ABAEEEF7BFCEEC77BCC
:1072440017EE901A1BF0D6F8002840F0068394F845
:10725400C7310D2B00F2D7829DF80B30012B40F083
:107264004A8494F8B331002E00F02A849FED9A8A60
:1072740003E00135AE4200F02384AB42F9D1039A16
:10728400012A00F0388122B994F8B531012B00F0BD
:10729400D78494F8B331ECE7012A94F894334DD0B1
:1072A400022B3FF406AE03F0FD03012B039B00F019
:1072B400DC81012B7FF4FDAD94F8B531012B7FF413
:1072C400F8AD322219462046FDF71EFDF1E5B1F571
:1072D400E27F40F293829627AFE6D4F8B8319E421B
:1072E400D8BFC4F8B871039B012B00F0B880002B01
:1072F4007FF4DFAD94F8B531012B7FF4DAAD0123CF
:107304004FF4FA7220461946FDF7FEFCD1E594F8D5
:10731400B50100287FF4E1AD84F8B53164211EF095
:1073240001FDB6EE000A01460AA8FCF7C1FC0C9B5D
:107334001B78012B00F00984039BDAE5A26E03F0AD
:10734400FD071368032B02D1012F00F0EB80002E00
:1073540000F01A8100259FED5C9ADFED5C8A9FEDB9
:107364005C8A03E00135AE4240F30E8194F8B331F8
:10737400AB42F7D1012F40F0F080039B012B7AD070
:10738400002BEFD194F8B521012AEBD184F8B53163
:10739400D4F88431002B00F0BC8393F83030002BF8
:1073A40000F0B7834B4B1868002800F06F8403216A
:1073B40014F012FE00EB400041089FED470A0AA8B2
:1073C400FCF776FCA36E1B68072B00F06284032B8A
:1073D400C8D094F8B3112046FDF7B2FDC2E7002EE1
:1073E40000F0B6809FED3C8A03E00135AE4200F028
:1073F400AF8094F8B331AB42F7D1039B012B18D083
:10740400002BF2D194F8B521012AEED1184684F864
:10741400B5314FF47A711EF085FCB0EE480A01468E
:107424000AA8FCF745FC94F8B3112046FDF788FD43
:10743400DBE794F8B5010028D7D184F8B53164218D
:107444001EF070FCB6EE000A01460AA8FCF730FCF8
:107454000C9B1B78012B00F02A84039BD0E794F843
:10746400B51100297FF425AD4FF0FF322046FEF719
:107474000DFB039B3BE794F8B50100287FF472AF42
:1074840094F89533B0EE480A642184F8B57107EE98
:10749400903AF8EEE77A87EE897AA7EE280A8DED1E
:1074A400010A1EF03FFC9DED010A01460AA8FCF703
:1074B400FFFB0C9B1B78012B00F00484039B5FE70C
:1074C40018080120C0AF01200000FE423D0AD73E4B
:1074D4000AD7A33D608F01200000000094F8B53165
:1074E400002B7FF4E6AC4FF0FF320A212046FEF772
:1074F400CDFA039BB1E594F8B50100287FF4B9AE49
:10750400642184F8B5211EF00DFCB6EE000A014694
:107514000AA8FCF7CDFB0C9B1B78012B00F0EF8332
:10752400039AB0E6039B012B03D0002E7FF412AF25
:10753400BFE494F8B5010028F7D131461EF0F2FB00
:1075440084F8B30103E7A36E1F68072F3FF4B1ACBF
:1075540094F8B43184F8B331ABE494F89433002B49
:107564007FF400AF039A012A7FF4FCAE94F8B521AE
:10757400012A7FF4F7AE1FED280A32210AA884F805
:10758400B531FCF795FBEDE6A36E1B6823F004030D
:10759400032BDDD18DE4002ED7D01FED318A02E01C
:1075A4000135AE42CFD094F8B331AB42F8D1039F4A
:1075B400012F20D0002FF3D194F8B531012BEFD156
:1075C4004FF47A71384684F8B5711EF0ABFBB0EE17
:1075D400480A01460AA8FCF76BFBA36E1B68072B3D
:1075E40000F04A83032B00F0248394F8B31120465F
:1075F400FDF7A6FCD4E794F8B5010028D0D16421A6
:1076040084F8B5711EF08EFBB6EE000A01460AA896
:10761400FCF74EFB0C9B1B78012B00F02883039F87
:10762400C8E7039A012A00F02481002A7FF441ACC0
:1076340094F8B531012B7FF43CACCAE4039A012AD7
:1076440000F0B281002A7FF434AC94F8B531012BF8
:107654007FF42FAC00234FF4FA711FED610A0AA8DE
:1076640084F8B531FCF724FB52E5012B2ED0002B16
:107674007FF41FAC94F8B531012B7FF41AACBB4BEB
:107684001868002800F0F082032114F0A5FC07EE2E
:10769400900AF8EE677A9FEDB67A0123204667EEEA
:1076A400877A1946FDEEE77A17EE902AB2F5C87F7D
:1076B400A8BF4FF4C872142AB8BF1422FDF724FBE4
:1076C400A36E1B68032B7FF7F4AB21E594F8B53167
:1076D400012B00F0D582A36E1B68012B02D0022B74
:1076E40040F31E8231462046FDF752FC051EC0F2CF
:1076F40017829DF80B306068002B40F0CF8203683E
:107704009B699847002800F0E882455D63689DF80E
:107714000B209B6853F82530002A40F0C382954A19
:10772400C4F8BC31136094F8952300212046FEF779
:10773400ADF9039BC4F8C85199E7022A7FF41FAC42
:107744008D4AC4F8C031136019E45B69984705E4B5
:107754002F46C4F8B851FFF7FABB03685B69984732
:10776400A5E4022A7FF4B7AC834AC4F8C03113609D
:10777400B1E40022A3E4314600201EF0D3FAC3B2E0
:1077840084F8B331002E3FF494AB00259FED7B8A3F
:1077940005E00135AE423FF48CAB94F8B331AB4213
:1077A400F7D1039B012B13D0002BF2D194F8B52110
:1077B400012AEED139460AA8B0EE480A84F8B53158
:1077C400FCF776FA94F8B3112046FDF7B9FBE0E72D
:1077D40094F8B5010028DCD184F8B53132211EF0CB
:1077E400A1FAB6EE000A01460AA8FCF761FA0C9B5E
:1077F4001B78012B00F06C82039BD5E7604BA3FB45
:1078040001314F0819E4112B00F262819DF80B300D
:10781400012B039B00F09F81012B12D0002B7FF4DE
:1078240048AB94F8B521012A7FF443AB4FF4FA71C5
:107834009FED520A0AA884F8B531FCF739FAFFF72C
:1078440038BB94F8B51100297FF433AB4FF0FF3205
:107854002046FEF71BF9039BE0E7294638461AF059
:10786400AFFD142128461EF05DFAC3B284F8C73177
:10787400EFE494F8B521002A7FF41BAB07EE903AAD
:107884002046B8EEE78AB0EE480AFCF7DBFFD4F8EE
:10789400800120B1636F1B78002B40F0208201230C
:1078A400B6EE000A00210AA884F8B531C4F8C8511C
:1078B400FCF7FEF9089B1B78002B4CD0B5EEC08A70
:1078C400F1EE10FA47D9099991F8D8330BB138EE93
:1078D400088AB5EEC08ACA6B78EE087AF1EE10FA1F
:1078E40000F10A829FED287AB4EEC78AF1EE10FA0D
:1078F4000CDC9FED267A234828EE078ABCEEC87A72
:1079040017EE103A82ED097A834201D91D4B536276
:10791400F5EEC07A096CF1EE10FA00F1EA819FED00
:107924001A7AF4EEC77AF1EE10FA0CDC9FED177AAE
:10793400144867EE877AFCEEE77A17EE903AC1EDC9
:10794400077A834201D90F4BCB6142F6AA21012366
:10795400916282F839329DF81760002E3FF428AB0B
:10796400606C00261BF06CF9FFF722BB608F0120CE
:107974009A99193FC0AF01201808012000000000A7
:10798400ABAAAAAA0000FE7F0044AC46C637BE4795
:10799400A26E94F83613E36E116094F837231A60DC
:1079A40084F83453FFF785BA94F8B521002A7FF49C
:1079B40080AA07EE903A2046B8EEE78AB0EE480A6D
:1079C400FCF740FFD4F8800120B1636F1B78002BD3
:1079D40040F08A810123B6EE000A00210AA884F847
:1079E400B531C4F8C851FCF763F9089B1B78002B28
:1079F4004CD0B5EEC08AF1EE10FA47D9099991F846
:107A0400D8330BB138EE088AB5EEC08ACA6B78EE6B
:107A1400087AF1EE10FA00F17A811FED257AB4EEBE
:107A2400C78AF1EE10FA0CDC1FED287AC34828EE61
:107A3400078ABCEEC87A17EE103A82ED097A8342BF
:107A440001D9BE4B5362F5EEC07A096CF1EE10FA1F
:107A540000F15A819FEDBA7AF4EEC77AF1EE10FA8A
:107A64000CDC9FEDB87AB54867EE877AFCEEE77ACE
:107A740017EE903AC1ED077A834201D9AF4BCB613F
:107A840042F6AA210123916282F839329DF81770D7
:107A9400002F40F012810123039AC4F8B86184F8DE
:107AA400C53184F8C631002A7FF403AA94F8B531AD
:107AB400012B7FF4FEA9002F3FF4CCADFFF721BBCF
:107AC40094F8B42184F8EC3184F8B321FFF7F1B9C8
:107AD400122B70D0132B7FF4ECA99DF80B30012BE3
:107AE40077D0D4F8E831314606A8C4F8B831FEF7A7
:107AF4000DFAFFF7DEB9D4F8B831D4F8E421B34273
:107B0400C4E97932FFF6EFAB0023C4F8B831FFF7CC
:107B1400EABB4FF47A7100201EF004F901464CE4EC
:107B240094F8952300212046FDF7B0FF039B9EE5C2
:107B340094F8B51100297FF4BCA94FF0FF32204618
:107B4400FDF7A4FFC4F8C851A5E739460CA8FCF713
:107B5400D9FFFFF7F1BB012B16D0002B7FF4A9A9A5
:107B640094F8B521012A7FF4A4A918464FF47A7138
:107B740084F8B5311EF0D6F89FED730A01460AA8C1
:107B8400FCF796F8FFF795B994F8B50100287FF44F
:107B940090A984F8B53164211EF0C4F8B6EE000A49
:107BA40001460AA8FCF784F894F8B3110CA8FDF771
:107BB40075F8039BD1E79DF80B30012B09D0D4F85D
:107BC400E431314606A8C4F8B831FEF79FF9FFF74F
:107BD40070B994F8EC21B242BFF66BA9039B84F808
:107BE400B321012B0FD023B994F8B521012A00F059
:107BF400918094F8B32194F8B43184F8EC2184F89A
:107C0400B331FFF756B994F8B5010028F1D184F8DF
:107C1400B53164211EF086F8B6EE000A01460AA8C2
:107C2400FCF746F894F8B3110CA8FDF737F8039B5A
:107C3400D9E7314638461EF075F884F8B401AFE44C
:107C4400104684F8B5214FF47A711EF06BF8B0EE4B
:107C5400480A01460AA8FCF72BF894F8B311204609
:107C6400FDF76EF9FFF715BBDFED387A11E529460C
:107C74000CA8FCF747FFD2E42046FDF7C5F98FE4D2
:107C84001E2200212046FDF73FF824E5B421FFF72A
:107C940094BB2046FDF7B8F9FFF764BB03685B6942
:107CA40098472FE52A4AC4F8C03113603BE52946BA
:107CB4000CA8FCF727FFFFF7D0BB606C00271AF075
:107CC400BFFFE8E629460CA8FCF71CFFFFF7F6BB4C
:107CD40029460CA8FCF716FF8EE5054616E5B0EE1E
:107CE400480AFCF799F9DAE5B0EE480AFCF794F98A
:107CF40070E60023CB6128E60023536208E6294698
:107D04000CA8FCF7FFFE0BE40023CB61B8E60023CC
:107D1400536298E6184684F8B5314FF47A711EF030
:107D240001F89FED090A01460AA8FBF7C1FF94F880
:107D3400B3112046FDF704F95BE700BF0000FE7FA6
:107D44000044AC46C637BE47000000006400000093
:107D5400180801202DE9F8430446FCF7EDFA204603
:107D6400FEF792FCB84B1B7813B92046FBF7B2FE22
:107D7400A36E1B68052B00F0238194F8383323B1DC
:107D8400A36D1B68032B00F0678194F8B031002BBE
:107D940040F02F81E36E94F8E0211E7894F8E131ED
:107DA400D4E9190105780F78BB4208BFAA4203D170
:107DB40094F8E231B3423AD094F8B531012B00F093
:107DC40039824FF00008012EC4F8F082A4F8F4823E
:107DD400C4F8F882A4F80C8300F0DF8184F83983B6
:107DE40084F89B83012D00F0188160680368002DDE
:107DF40000F096805B69984763685979D4F8C8C1E4
:107E040060B1B1FA81F35B0941B1013810F8012F77
:107E1400944504D00133DAB29142F7D80023C4F870
:107E2400B83184F8E05184F8E17184F8E2612046C5
:107E3400FEF7E6FA2046FDF735FD2046FDF720FA69
:107E44002046FDF755FB2046FEF78AF8E36E1D68D1
:107E5400022D6AD0012D6DD17C4D2868002800F0D8
:107E6400EF80032104F5617713F0CEFF002840F082
:107E74003D812868002800F0E580032114F0ACF867
:107E8400064694F89433D4F88421032B94F896335B
:107E940008BF5B081AB192F83020002A71D106FBA2
:107EA40003F3B3F57A7F74D3694A3846A2FB0323FC
:107EB4005D09B54228BF354629461AF09BFA0028C9
:107EC4006ED194F89433032B51D1636E1B68012B4C
:107ED4004DD094F89783B8F1000F00F0FC8105EBC6
:107EE400560194F8B551012D41D138461AF082FA61
:107EF40000283CD007EE906A2B4629462046FBEE2C
:107F0400EF7AFDEEE77A17EE902AB2F5967FA8BFD6
:107F14004FF49672142AB8BF1422FCF7F5FE26E03B
:107F24009B6998476368997968E794F83433002B20
:107F340040F0BC80636D04F1780620461968FDF7B3
:107F440093F80546014630461AF054FA002840F0EA
:107F5400828107EE105ABBEECF7B3046FCEEC77B26
:107F640017EE901A1AF046FA002840F0AF8094F801
:107F7400C63123B1D4F8C831132B40F26281BDE875
:107F8400F883552B38BF552306FB03F3B3F57A7FEB
:107F94008AD20A25384629461AF02CFA002890D0AD
:107FA400204602220021FEF733FF0022204611461C
:107FB400FEF72EFF012200212046FEF729FF80E76D
:107FC400224B186800283FF4D8AE002113F01CFFA0
:107FD40000283FF4D2AEB4F8F43201339BB2A4F8D3
:107FE400F432DB0740F14B81D4F8F032C4F8F832B4
:107FF400C3E6184D2868002618F00EFB94F8B1313A
:1080040084F8B061002B3FF4C5AE94F8B21128682F
:1080140015F00CF884F8B161BCE6D4F8C8216368A3
:10802400002A1B793FDB012BB8BF0123013B93429C
:10803400A8BF1346DAB284F8B32184F8B421EEE67B
:1080440004F5617764261CE7CAD30120608F012000
:108054001F85EB519C96012094F8B031002B7FF4DE
:1080640099AE636D0127B24D04211E682868002E65
:108074000378B8BF073684F8B231F610682E28BFEB
:108084006826342E38BF342614F0D0FF28683146D1
:1080940084F8B17118F05AFAA36D84F8B0711B68B2
:1080A400032BA7D176E600221346C4E704F54876ED
:1080B4003C2130461AF09EF9002840F0F8800F2148
:1080C40030461AF097F900283FF451AF20460222B7
:1080D4000021FEF79DFE002220461146FEF798FE81
:1080E400012200212046FEF793FE40E70021384696
:1080F4001AF066F90021286884F8971313F084FEB7
:10810400002840F0038194F8792394F87A33934259
:1081140040F2BD8002EB420194F83933002B40F069
:10812400E98094F89B33002B00F0E78004F5737327
:108134001B68D4F884015E5C0B4484F8946359781A
:1081440084F895139B7884F89633002800F0A48073
:1081540090F83030002B00F09F8012F0010240F0C4
:108164009F80032E84F8282402D1012384F89433B9
:10817400022201212046FEF74BFE00220121204667
:10818400FEF746FE012220461146FEF741FE94F812
:108194007933013384F879336BE6204684F87983A4
:1081A40084F8988384F89B8384F83983FEF750FC21
:1081B40094F8992394F8801391420ED902EB42016A
:1081C400D4F87C3384F8798303EB810384F878232F
:1081D4001B7984F87A33574B1A7094F83833002B90
:1081E4003FF400AE02EB4202D4F87C3303EB82038B
:1081F4001879431EDAB20F2A46D8DBB2E21C0321F7
:1082040011FB03212346002283F83C23033383F824
:108214003A2383F83B239942F6D184F87923012247
:10822400444B84F83923FE2284F8700384F87A03DB
:108234001A70D7E50023142220461946FCF764FD82
:10824400BFE5234493F8CC21FF2A3FF498AE0132D2
:1082540083F8CC2193E6304600211AF0B1F8204689
:1082640002220121FEF7D4FD204600220121FEF75F
:10827400CFFD012220461146FEF7CAFD69E6D4F877
:10828400F832C4F8F03278E510200F23B5E7014640
:10829400024684F879033FE7002384F8283467E72B
:1082A4000122022384F8282484F8943360E73046BA
:1082B40000211AF085F82A4620460121FEF7A8FD80
:1082C400204600220121FEF7A3FD0122204611468B
:1082D400FEF79EFDF3E64FEA5609384649461AF082
:1082E40089F8D8B994F89733002B3FF440AE09EBE2
:1082F4000501F6E504F55B731AE794F8783303EBAC
:108304004300D4F87C3303EB800311E72046FEF7E7
:1083140093FC94F8792302EB4201FDE601234146E4
:1083240094F89523204684F89733FDF7AFFBD9E7FB
:108334009C960120C3D3012043682BB3426E12687C
:10834400012A21D052B99A79F2B1836E19680B1FB0
:10835400032B1CD8DFE803F0130E09045A79F3E762
:10836400D0F8F012032000F0DBB8D0F8F0120220AD
:1083740000F0D6B8D0F8F012012000F0D1B8D0F84F
:10838400F012002000F0CCB84FF0FF307047D0F866
:10839400B801012920EAE070B0FBF2F302FB1300FC
:1083A400F4D1013A101A704770B504464068D0B150
:1083B400012915D0036869B15B699847636805466C
:1083C4005E792046FFF7B8FF6DB166B1B0420AD2BC
:1083D400285C70BD9B699847636805469E79F0E701
:1083E400D4F8C80170BD4FF0FF3070BDFFF7A4BFD3
:1083F40070B504464068002841D0636E1B68012BA9
:1084040029D0EBB103685B699847636E05461B6826
:10841400F3B963689E792046FFF78EFFB6FA86F3B8
:108424005B0953EAD0732AD14DB3A36E1B68013B99
:10843400062B50D8DFE803F04D4F4F453D3526005D
:1084440003689B699847636E05461B68002BE0D060
:1084540063685E79DFE7D4F8B8110479CAB294424C
:108464000DD98469A45C54B140698B4050F8220052
:1084740020EA030090FAA0F0B0FA80F070BD4FF04B
:10848400FF3070BDD4F8F01232460320013100F001
:1084940047F80028B8BF8019B042A8BF801B285CE9
:1084A40070BDD4F8F01232460220013100F038F8E1
:1084B400EFE7D4F8F01201203246014400F030F81E
:1084C400E7E7D4F8F01232460020013100F028F832
:1084D400DFE70138DDE70130DEE700BF4368CBB1F9
:1084E400D0F8B821416E002A097810B504460CDB97
:1084F40001290CD0FFF77CFF002806DB63681A799A
:10850400824202DDC1B2914206D3002010BD90F830
:10851400B401F4E7002070479B6853F8200010BDB5
:10852400002A24DD134B4FEA001C03EB001010B4A7
:10853400847A7CB9047A91FBF4F004FB10110029CD
:1085440001DA2144013863445C6893F909306156C7
:1085540000FB031191FBF2F302FB1310002802DB72
:108564005DF8044B704710445DF8044B70470020DD
:10857400704700BF502C002083604FF42F63436288
:108584004FF48033C0E900120B6245F255530021C9
:10859400C2E90A314FF48073A2F83832009BC360F9
:1085A400019B0361029BDDE903124361059BC0E962
:1085B40006120362704700BFB5EEC00A0023D0E97B
:1085C4000012F1EE10FA10B40B6207D4DFED137A47
:1085D400B4EEE70AF1EE10FA11DD114B53624FF4D9
:1085E40080444FF4FA718368D462416272B60D49D3
:1085F4000022D9611A7662B65DF8044B7047DFED4C
:108604000A7A074920EE270AFCEEC07A17EE903A60
:10861400C2ED097A8B42E0D8E1E700BF0044AC46E2
:108624000000FE7F0080FF3FC637BE47DFED2A7A99
:108634004FF48033026860EE277A1362F5EEC07A55
:10864400F1EE10FA46D49FED257AF4EEC77AF1EEF6
:1086540010FA39DC9FED227A67EE877AFCEEE77A2E
:1086640017EE903AB5EEC00AD3614268F1EE10FA03
:108674002DD4DFED1A7AB4EEE70AF1EE10FA0CDC31
:10868400DFED177A174920EE270AFCEEC07A17EEC1
:10869400903AC2ED097A8B4201D9124B536245F2EA
:1086A40055514FF0010C42F2666382F839C2C2E9B7
:1086B4000A134FF42F628368426272B60A49002299
:1086C400D9611A7662B670474FF00043CAE70023B7
:1086D4005362E4E70023C5E7F628BC3F0044AC46F8
:1086E400C637BE470000FE7FC019662610B5044693
:1086F400C0681CF0E5FD002853D0A269F2EE007AB0
:10870400554B2046126803EB820393ED000A20EEDA
:10871400270AFFF751FF236A03B19847E0681CF06A
:10872400C5FD58B162694C4B2046126803EB8203C5
:10873400BDE8104093ED000AFFF778BFE3692069B4
:10874400196819F057FE08B1A269ECE7D4ED097A6B
:10875400A268F8EE677AF5EEC07AF1EE10FA49D91C
:108764009FED3E7A67EE877AFDEEE77A17EE903A50
:10877400002B5CD072B6D1691062002969D081FAED
:10878400A0F0EFF3008424015ED5012B02D091FB0D
:10879400F3F35842002850D050620123137662B696
:1087A40010BDD4ED097AA268F8EE677AF5EEC07AC6
:1087B400F1EE10FA26D99FED297A67EE877AFDEE5D
:1087C400E77A17EE903A13B372B6D1691062B1B179
:1087D40081FAA0F0EFF3008C1CF0006F24D0012B81
:1087E40002D091FBF3F35842B8B1506201231376DF
:1087F40062B693E772B6D061107662B610BD117698
:1088040062B68BE772B6D061107662B686E772B64E
:10881400C2ED077A137662B680E70029B4BF01235C
:108824004FF0FF335362E1E790FBF3F0DCE772B6FD
:10883400C2ED077A137662B610BD0029B4BF0123D6
:108844004FF0FF335362A8E790FBF3F00028F4D015
:10885400A2E7117662B610BD78E000206666304269
:1088640083604FF07E5C154BC0F880C0C3614FF449
:108874007F43C0E900120022038400F13003C26286
:10888400C0F8842000F1540230B500244FF0FF35C5
:108894004FF0010E846180F80CE080F822404462BD
:1088A40080F82840C0E90455C0E9154443F804CBD6
:1088B4009342C3F828C0F9D130BD00BFE4AA002018
:1088C400B5EEC00AF1EE10FA22D4B7EE007AB4EE97
:1088D400C70AF1EE10FA02DD9FED1E0A7047DFEDC4
:1088E4001E6AB4EEE60AF1EE10FA29D4DFED1B7A23
:1088F400B4EEE70AF1EE10FA0DD570EE667A9FED4C
:10890400187A9FED180A77EEA77AA7EE870A7047C0
:10891400B6EE000A7047DFED147AB4EEE70AF1EE22
:1089240010FA02D5B0EE470A704770EE677AB6EED9
:10893400006AC7EEA65AA5EEC67AB0EE470A70479B
:1089440080EE267ADFED097AB6EE000AA7EE270A52
:10895400704700BF0200003F9A99193E6666263FA1
:10896400CDCC4C3ECDCC4C3F9A99593F9A99993EE7
:10897400F6EE007A9FED4E7AD0ED205A90ED216A02
:10898400F0EE676AE6EE077AE5EE876A2DE9F041D4
:10899400FDEEE77A4768064690B0BDEEE67A17EE3C
:1089A400908A17EE100A5FB13F684FB17B68002BC5
:1089B40065D097F8C8211979914260D99B699F5C69
:1089C4004FF0000CF4EE006AF6EE005A394B6246A2
:1089D4009FED396A55250E248242614637DC0DB17C
:1089E400454534DD1FFA84FE0CB3DFED347A1A46B4
:1089F40003F12005B2EC017AAA4277EE877AF9D125
:108A0400052F67EEA67A25D9F4EEC67AF1EE10FAB0
:108A140003DD04EB4404C4F34F0E96F821405FFADF
:108A24008CF2944208BF4FEA5E0E714489B22DF86D
:108A34001CE00CF1010C2C33BCF10B0F12D093F899
:108A4400212093F82040824293F82250C7DD4FF052
:108A5400000EECE7022FE0D8F4EEE57AF1EE10FA1E
:108A6400DBD5D6E769B9164B002596F82020F361CB
:108A740086F8205086F8212010B0BDE8F081002748
:108A84009EE700201DF04EF900216B4680B20A4695
:108A940002E001310B29E6D033F8024BCDB2224477
:108AA40092B29042F5D2064B2C2202FB0133DCE752
:108AB4000000C842ECAA00203333333F000000001A
:108AC400E4AA00208268836910B504462DED028B68
:108AD400002A00F08C80002B48DD07EE903A2068D5
:108AE400B8EEE78A84ED0B8A00286CD00379012163
:108AF40008EE903A13F070FA07EE900A9FED436A7D
:108B0400F8EE688ADFED426AF8EE677A206867EE6D
:108B1400A87A87EE867AB4EEE67AF1EE10FA48BFC8
:108B2400B0EE667AC8EE077AB6EE007A77EE877A08
:108B3400FCEEE77A17EE903A012B55D9072B8CBF40
:108B44000622002284F8282060B141794FF4C072D3
:108B540090F804C0B2FBF1F2C1680CFB02F2B1FB65
:108B6400F2F213446362BDEC028B10BDD2ED007AC5
:108B7400F4EE006A9FED256AB3EE047AF8EEE77A24
:108B8400C7EE868A68EEA68AF4EEC78AF1EE10FA7A
:108B940033D5F0EE478A40F2213100201DF0C2F8AF
:108BA40007EE900ADFED196AF8EEE77A9FED197A7D
:108BB400206887EEA68A38EE078A28EE288A84ED94
:108BC4000B8A002892D1F6EE007AE8EE277AFCEEC2
:108BD400E77A17EE903A012BB0D8022384F82800E4
:108BE400BDEC028B636210BD02230022AAE7002BB6
:108BF4003FF773AFDFED088ACDE7DFED077AF4EED8
:108C0400678AF1EE10FA77FEA88AC4E700007A4476
:108C1400CDCC4C3D9A99193F0000964210B544685A
:108C240054B12368002B5FD093F8394324B993F8E7
:108C34003843003C18BF0124C369F7EE006A8C4630
:108C4400DFED2A5A03F1040E9FED296A0123002265
:108C54009FED285ABEEC017AD0ED207AB5EEC07AA9
:108C640067EE277AF1EE10FA17DDF4EEC67AF1EE2C
:108C740010FA12D5DFED1E7A32B3F4EE667AF1EE15
:108C840010FA76FEA77A092BCCED007A17D00133BF
:108C940001320CF1040CDBB2DCE7B5EE407AF1EE04
:108CA40010FA00D864B992B1F5EEC07AF1EE10FA78
:108CB400E3D5DFED107A092BCCED007AE7D110BDB6
:108CC400DFED0D7A002AD8D1C1ED005ADFE7F4EECA
:108CD400E57AF1EE10FAF7D4F5EEC07AF1EE10FA77
:108CE400CBD58CED005AD2E71C46A5E79A99193FDB
:108CF4003333B33E00000000CDCCCC3E38B500F198
:108D04003002044600F15C0300F17C05D3F800E076
:108D1400103353F80CCC103253F8080C53F8041CDD
:108D2400AB4242F810EC42F80CCC42F8080C42F882
:108D3400041CEBD11968264B11601B68206863651D
:108D440060B3002113F048F994ED0B7ADFED216A4A
:108D540007EE900A27EE267AF8EE677AB5EEC07A27
:108D640077EEA77AF1EE10FA0ADDF6EE006A27EE46
:108D7400267AB4EEE77AF1EE10FA01D5F0EE477AEE
:108D8400F5EEC07AF1EE10FA02DC0023A36538BDDB
:108D9400FCEEE77A17EE903AA36538BD94ED0B7AB2
:108DA400DFED0C7A27EE277AB5EEC07AF1EE10FAF1
:108DB4000ADDF6EE006ADFED087A27EE267AB4EED5
:108DC400E77AF1EE10FAD9D44FF47A63A36538BD8B
:108DD400BCB8012000007A4400007A4510B58AB07E
:108DE400044601A9FFF71AFF184BD0E915121B68B6
:108DF4005B1A9A421DD8F7EE006A002004F1300194
:108E040001AA002390B1D1ED007A92ED007A37EEF9
:108E1400677AE7EE267A04EB830C013304310432DB
:108E2400092BCCED177AEDD10AB010BDD2ED007A42
:108E3400F1E707EE903A07EE102A0120F8EE677A80
:108E4400B8EE477AC7EE876AD8E700BFBCB80120FE
:108E54004369DFED1C6A002B10B50446C0ED216A9E
:108E64002CDB07EE903A9FED186AB8EEE77AC7EE6E
:108E7400067AF4EEE67AF1EE10FA1CD4B7EE007A34
:108E8400F4EE477AF1EE10FA77FE277A0123FF22F7
:108E94002046C4ED207A84F8223084F82120FFF79C
:108EA40067FD2046FFF70EFE00232046A365BDE8BC
:108EB4001040FFF793BFF0EE667AE7E7F6EE007A2C
:108EC400E4E700BF000000000000C84238B5836832
:108ED400044613B11B68002B31DC6369002B4EDBA5
:108EE40007EE903A9FED4D7AF8EEE77A87EE870A1F
:108EF400B5EEC00AF1EE10FA55D4F7EE007AB4EEEE
:108F0400670AF1EE10FA37FE800A237B84ED200A0B
:108F1400002B3ED02369E5690A2B47D8404A2C210F
:108F240084F8203001FB0323E3619D4202D02046F4
:108F3400FFF7E4FE2046BDE83840FFF74FBF39484D
:108F440019F04CFAA36807EE900A93ED007AF8EE54
:108F5400676AB8EEC77AC6EE877AF5EEC07AF1EEA4
:108F640010FA46D4B7EE007AF4EE477AF1EE10FA2E
:108F740077FE277A6369C4ED217A002BB0DA94ED89
:108F8400210A2046FFF79CFC237B84ED200A002B5A
:108F9400C0D104F15C034FF07E52803443F8042BBB
:108FA4009C42FBD138BD9FED200AAEE794F82230F5
:108FB40013B31E4B1B78002BBCD11D4B1B78002B0D
:108FC400B8D120680028B5D042794FF4C073B3FB00
:108FD400F2F3027902FB03F3C268B2FBF3F2636AB1
:108FE4009342A7D894F8281012F00EFF78B9E369D9
:108FF4009BE7DFED0D7ABDE70123204684F822309C
:10900400FFF7B6FC2046FFF75DFDE3698DE72046D8
:10901400FFF7AEFC2046FFF755FDE8E70000C84225
:10902400E4AA0020948A012000000000C4D3012097
:10903400C6D3012021EAE17101390161704700BF03
:109044000029D8BF4FF0FF314161704721EAE17137
:109054008161704710B51B21474820F019F8474833
:109064001CF042FD0921464820F012F8454B03212B
:10907400424893ED000A444CB7EEC00A1CF064FD6C
:109084003E481CF031FD0E21404820F001F82368D1
:1090940003213A4893ED080AB7EEC00A1CF054FDC8
:1090A40036481CF021FD0F2139481FF0F1FF2268DA
:1090B400384B92F8C1203848002A12BF02210321FC
:1090C40018461FF0E5FF2D481CF00EFD162133480D
:1090D4001FF0DEFF236893F8BE20002A34D093F8F3
:1090E400BC202F4B002A2F4812BF0321022118460F
:1090F4001FF0CEFF21481CF0F7FC1A212A481FF06C
:10910400C7FF236893F8BF205ABB022124481FF0ED
:10911400BFFF1A481CF0E8FC1A2124481FF0B8FFCE
:10912400236893F8C02092B902211D481FF0B0FFB4
:1091340012481CF0D9FC19211D481FF0A9FF0F4843
:10914400BDE810401CF0D0BC02211548D0E793F8CC
:10915400BD20144B002A12480EBF022103211846D9
:10916400E4E793F8BD200F4B002A0D480EBF0221FF
:1091740003211846CBE700BF6418002050CE00201E
:109184008018002064E00020AC8A01208C180020A4
:109194009C1800205C180020601800200019002092
:1091A4005818002054180020E4180020C818002083
:1091B400AC1800202DE9F041B94D04462B682DED83
:1091C400028B13B1184614F00BFDB64B1B78012B20
:1091D40004D11CB9BDEC028BBDE8F081B24C0D2169
:1091E400B24B00202268B24E1A601CF09BFDB14BBA
:1091F400092153F82030002023601CF093FDAE4B6E
:10920400AE49AF4A91ED008A42F211711860002014
:10921400D2ED008A1CF086FD07EE900ADFEDA96A04
:10922400B8EEC88A3368F8EEE77AF8EEE88A87EE93
:10923400A67A78EEC88AA7EE288A73B3152100208F
:109244001CF070FD00220A249F4F134680B2394659
:10925400234403319BB2984208D30132052A0DD02E
:109264008C78033123449BB29842F6D202EB42023B
:109274003068BB18B95C5A7812F0D0FC306860B121
:1092840090F82C30002B00F0638112F06BFC01216C
:10929400306812F0A1FE034607E09FED8C7AC7EE1A
:1092A400087AFDEEE77A17EE903A894A0521012003
:1092B400884C13601CF036FD874B1870F9F7C0F921
:1092C400864B0521187001201CF02CFD0346042157
:1092D400012023701CF026FD2378C0B2804A83420B
:1092E400107009D17F49A1FB030101F0FE0000EBDE
:1092F40051015B1A013313700E2101201CF012FD81
:10930400794C03460621002023701CF00BFD774B9B
:10931400024620781A7018F013FD754B0020196866
:109324001CF000FD734B0246642100201A601CF0FF
:10933400F9FC222813DD362840F30881452840F340
:109344000D814F2840F30C81542840F30B81592898
:1093540040F30A815E28CCBF0722062200E00022E7
:10936400654B64210020654E1A601CF0DBFC03464B
:10937400634A644C00202C2B3168CCBF00230123AA
:1093840013601CF0CFFC2368984200F0CD805E4B44
:1093940001221A705D4E2060306018F0ABFE0A2185
:1093A40000201CF0BFFC022876DC33680421584EF0
:1093B4000020082406EB83061CF0B4FC16F8008099
:1093C400404618F0FBFE042138B91CF0ABFC631EC8
:1093D40016F8008013F0FF04F2D1042100201CF0E1
:1093E400A1FC0824375C384618F0E8FE042130B9A3
:1093F4001CF098FC631E375C13F0FF04F3D1404665
:1094040018F004FF0446384618F000FF844294BF65
:1094140040463846F8F7AAFF0120F8F7C3FF0221B7
:1094240000201CF07FFCB0FA80F33A495B092A68FB
:109434000B7012B1104614F003FC4FF4C871642091
:109444001CF070FC07EE900A9FED338AF8EEE77A81
:10945400324C334DDFED338A87EE887A84ED007A1F
:109464004FF4C87164201CF05DFC07EE100AD4EDC3
:10947400007AB8EEC77AC7EE086A76EEE77AC5EDE9
:10948400006AF0EEE77AF4EEE87AF1EE10FAE7D447
:10949400BDEC028BBDE8F0810020F8F783FFBEE746
:1094A4009C960120CAD3012074E000208CE20020A5
:1094B400608F0120902C002064AF0120F0D70020A1
:1094C400ECD7002000401C468C36002000606A4720
:1094D40094E2002001E3002007E30020FFE20020E3
:1094E40002E30020ABAAAAAA00E30020CBD3012008
:1094F400D8D700203CAE0120F8000120E8D7002096
:10950400FC00012088E20020C0D3012000010120DA
:1095140014AA0020BBD3012000007A44DCD7002029
:10952400E0D70020CDCC4C3D104F3B780133DBB26B
:10953400022B3B707FF62EAF316800201CF0F2FB4B
:1095440023689842F8D001233B7023E7012207E700
:10955400B0EE480A12F026FB306896E60322FFE6D6
:109564000222FDE60422FBE60522F9E6C0D301202F
:10957400B54A0120B549B64B70B415681468B54AAC
:10958400B54E1560B54A0870002114600024B44A31
:109594001B6831701460002B00F00681D3F80021A1
:1095A400002A00F0E381AF4C03E001318A4200F06D
:1095B4002A8153F83100A042F7D103EBC1010431F1
:1095C400D1ED007A0020F5EE407AF1EE10FA01D0E8
:1095D400206208600021A44C03E001318A4200F0BB
:1095E400228153F83100A042F7D103EBC1010431C9
:1095F400D1ED007A0020F5EE407AF1EE10FA01D0B8
:10960400206208600021994C03E0904200F0408100
:10961400014653F83150481CA542F6D103EBC10171
:109624000431D1ED007A0020F5EE407AF1EE10FA23
:1096340001D02062086000218D4C03E00131914289
:1096440000F0338153F83100A042F7D103EBC1019C
:109654000431D1ED007A0020F5EE407AF1EE10FAF3
:1096640001D0206208600021824C03E001318A426B
:1096740000F02A8153F83100A042F7D103EBC10175
:109684000431D1ED007A0020F5EE407AF1EE10FAC3
:1096940001D0206208600021774C03E0013191423F
:1096A40080F0218153F83100A042F7D103EBC101CE
:1096B400D3F800010431D1ED007A0022F5EE407AAE
:1096C400F1EE10FA04D022620A60002800F0528100
:1096D40000226A4D03E00132824280F0128153F885
:1096E4003210A942F7D103EBC202D3F8004104328D
:1096F400D2ED007A0021F5EE407AF1EE10FA04D0B2
:1097040029621160002C00F03A8100225C4D02E0D5
:109714000132A24259D253F83210A942F8D103EBD4
:10972400C202D3F800010432D2ED007A0021F5EE32
:10973400407AF1EE10FA04D029621160002800F09A
:10974400238100224F4D02E0013282424CD253F871
:109754003210A942F8D103EBC202D3F8004104321B
:10976400D2ED007A0021F5EE407AF1EE10FA04D041
:1097740029621160002C00F00C810022424802E0B2
:109784000132A24212D253F832108142F8D103EBD3
:10979400C2020432D2ED007A0023F5EE407AF1EEF3
:1097A40010FA01D00362136070BC7047202C00F0E3
:1097B400B680E100651C0A1D43F834001944334C9B
:1097C4001A444C60C3F80051E4E7202C00F0B58043
:1097D400E100601C0A1D43F8345019442B4C1A4410
:1097E4004C60C3F800019FE7202800F0A180C1006D
:1097F400441C0A1D43F83050194424481A44486054
:10980400C3F80041ACE7202A00F0A780D500501C23
:10981400291D43F832401D441C4A19446A6002461B
:10982400C3F80001CCE6202A00F09D8003EBC205BA
:10983400501C43F832402946144A04316A600246F7
:10984400C3F80001D4E600BFBCB80120C4D3012092
:109854007884012054210120C5D30120A48A012049
:1098640070E000204CF10020D4F00020ACF0002087
:10987400FCF000209CF10020C4F100203CF2002008
:1098840024F10020ECF1002014F20020000080BF3D
:10989400202A65D003EBC00543F830408A1C3F48BA
:1098A400291D6860C3F80021BBE6202A4DD003EBD4
:1098B400C205501C43F832402946384A04316A60D4
:1098C4000246C3F80001C4E6202A3BD003EBC205DC
:1098D400501C43F832402946304A04316A6002463B
:1098E400C3F80001CDE6202A32D003EBC20543F8C9
:1098F4003240501C294A29466A600431C3F80001E9
:10990400D9E620280FD0C100441C0A1D43F830506A
:10991400194422481A444860C3F80041E8E6002389
:1099240070BC036270470022D3F800412A62E9E662
:109934000022D3F800412A621CE70022D3F8000178
:109944002A62FBE600212162A5E6002121628AE663
:109954000022D3F800012262B7E60021216239E631
:109964000021216267E6002121624BE604210C4CB0
:1099740015464EE7012404220A4D0146C6E7042297
:109984000120094D214626E701240422074D014602
:1099940030E701250422064821460DE7000080BF78
:1099A4004CF100203CF2002024F10020ECF10020D6
:1099B40014F2002038B5124C00254FF0FF33257205
:1099C400E3606572C4E9005504F036F84FF07A514B
:1099D4000C4AA161E161A2620B49E2620B4A0C4BA1
:1099E4000C48216262630C490C4A6061257423634C
:1099F4006162E3632564A263A4F8445038BD00BFE8
:109A040000090120AE47613ECDCC4C3E3333B33E1A
:109A14006666E63ECDCCCC3DCDCC4C3D9A99993E84
:109A2400B44B1B78002B00F06381B34A537A2DE9C1
:109A3400F04F83B01BB1D668002E80F24D854FF4F1
:109A44008033AE49DFF8E8C2DFF8E892CCF818308A
:109A5400C9F8183092F810E0A94CC1E90633C1E9FD
:109A64000833A849C1E90633C1E90833A649C1E965
:109A74000633C1E908335378002B00F06181236871
:109A8400002B00F07A82D3F80061002E01F02E87BB
:109A940000259E4803E00135AE4201F0908053F862
:109AA40035108142F7D103EBC505043572B60023A6
:109AB4000362C36162B62B602568D5F800010028F3
:109AC40001F007870023DFF8708203E00133984236
:109AD40001F0558055F833104145F7D105EBC30328
:109AE400043372B60021C8F82010C8F81C1062B6FE
:109AF40019602568D5F80001002801F020870023AB
:109B0400834E03E00133984201F0498055F8331045
:109B1400B142F7D105EBC303043372B600213162BD
:109B2400F16162B61960236800217A4DA9619178C8
:109B3400002940F0C081002B41D0BEF1000F00F09D
:109B44009085D2ED067ADFF8F481D8F8001019B1C7
:109B540091ED197A67EE877A6F4ED3F8007196ED1E
:109B6400007A67EE877A002F01F0828600206B4E20
:109B740003E00130874200F0758653F83010B1429B
:109B8400F7D103EBC000043090ED007AF4EE477A8D
:109B9400F1EE10FA13D09FED627AF4EEC77AF1EE8B
:109BA40010FA01F391809FED5F7AF4EEC77AF1EE3B
:109BB40010FA01F18980C6ED087AC0ED007A4CF6FE
:109BC400CC41E961D178002940F09781002B41D044
:109BD400BEF1000F00F04185D2ED077ADFF85C8119
:109BE400D8F8001019B191ED1A7A67EE877A4A4EC7
:109BF400D3F8007196ED007A67EE877A002F01F0B2
:109C04003E860020484E03E00130874200F007867C
:109C140053F83010B142F7D103EBC000043090ED9B
:109C2400007AF4EE477AF1EE10FA13D09FED3C7A05
:109C3400F4EEC77AF1EE10FA01F356809FED397A0B
:109C4400F4EEC77AF1EE10FA01F14E80C6ED087A0F
:109C5400C0ED007A4FF4004129621178002940F0E8
:109C64006E81002B00F09B81BEF1000F00F0118586
:109C7400D2ED087ADFF8C480D8F8001019B191ED5C
:109C8400177A67EE877A244ED3F8007196ED007A3E
:109C940067EE877A002F01F0F9850026234903E057
:109CA4000136BE4200F0FD8453F836008842F7D1F5
:109CB40003EBC606043696ED007AF4EE477AF1EE2D
:109CC40010FA00F06C819FED167AF4EEC77AF1EE8B
:109CD40010FA01F30D809FED137AF4EEC77AF1EEDA
:109CE40010FA01F10580C1ED087AC6ED007A56E15B
:109CF400704700BFCAD30120000901205C8B0120FA
:109D040078840120248B0120048C0120D4F00020CD
:109D1400FCF0002090AE012070E000209CF10020B7
:109D240000FEFF4600FEFFC6C4F100204CF10020F7
:109D3400EC8A0120CC8B0120ACF000201C0801200F
:109D44002368002B00F0AF80DFF84083D8F80010C0
:109D5400002900F0B187D1ED186ABEF1000F00F0C0
:109D64009C8492ED057ABC4E27EE267AD3F80051F6
:109D7400D6ED007A27EE277A002D01F072850027B0
:109D8400B64803E00137AF4200F0BE8453F8371001
:109D94008142F7D103EBC707043797ED006AB4EEAD
:109DA400467AF1EE10FA15D0DFEDBB7AB4EEE77A1D
:109DB400F1EE10FA00F3A487DFEDB87AB4EEE77A97
:109DC400F1EE10FA00F19C8780ED087A87ED007AB5
:109DD400D6ED007ABEF1000F00F04A8492ED057AC8
:109DE40026EE877A0020DFF8A88227EE277A03E0A0
:109DF4000130A84200F0038553F830104145F7D1F3
:109E040003EBC000043090ED006AB4EE467AF1EE44
:109E140010FA15D0DFEDA07AB4EEE77AF1EE10FA7D
:109E240000F35687DFED9D7AB4EEE77AF1EE10FA8F
:109E340000F14E8788ED087A80ED007AD6ED007A3D
:109E4400BEF1000F00F0218492ED057A66EE876A78
:109E54000020834E66EEA77A03E00130854200F0CD
:109E6400428453F83010B142F7D103EBC000043000
:109E740090ED007AF4EE477AF1EE10FA13D09FEDEC
:109E8400867AF4EEC77AF1EE10FA00F325879FED97
:109E9400837AF4EEC77AF1EE10FA00F11D87C6ED6D
:109EA400087AC0ED007A4CF6CC416E4DA9619178E8
:109EB40000293FF440AE002B65D0D3F80071002F89
:109EC40001F01A850020684E03E00130874200F05B
:109ED400978653F83010B142F7D103EBC000043039
:109EE40072B600233362F36162B603602368002113
:109EF400E961D17800293FF469AE002B49D0D3F849
:109F04000071002F01F00D850020584E03E0013050
:109F1400874200F0A88653F83010B142F7D103EB22
:109F2400C000043072B600233362F36162B603608A
:109F3400236800212962117800293FF492AECBB145
:109F4400D3F80071002F01F0E5840026484903E0AE
:109F54000136B74200F0438653F836008842F7D101
:109F640003EBC606043672B600230B62CB6162B6FD
:109F7400336023680021084615E03A4D9178AB61BF
:109F840000293FF41CAE0023EB61D378002B3FF48F
:109F940061AE002311782B620029EBD10B464FF4FC
:109FA400004142F61460696232494862917900299D
:109FB40000F097810025DFF8DC802F4FCCF820508B
:109FC400C9F82050FD61C8E90855002B00F02F8323
:109FD400D3F80061002E01F0B884284803E001356D
:109FE400B54200F01E8653F835108142F7D103EBD9
:109FF400C505043572B600230362C36162B62B60E3
:10A004002568D5F80061002E01F07D8400211C48EC
:10A0140003E00131B14200F0158655F83130834236
:10A02400F7D105EBC101043172B600230362C361A9
:10A0340062B60B602368002B5AD0074E9FED117A4D
:10A04400D6ED007AD3F8005167EE877A002D01F03F
:10A05400028400260C4827E070E00020D4F00020A1
:10A06400FCF0002090AE01209CF10020C4F10020FF
:10A074004CF1002058AE0120C8AE0120ECF10020C4
:10A0840014F200206666E63E64F200201C080120FB
:10A09400ACF00020748C012000FEFF4600FEFFC6D9
:10A0A400AA4500F0C682564653F8361006F1010A56
:10A0B4008142F5D103EBC606043696ED007AF4EE40
:10A0C400477AF1EE10FA13D01FED0D7AF4EEC77A49
:10A0D400F1EE10FA00F3EA831FED107AF4EEC77A7A
:10A0E400F1EE10FA00F1E283C0ED087AC6ED007AD1
:10A0F400D179002946F2666118BF0021C8E906112A
:10A10400117A002900F09C81C3B1D3F80061002EBC
:10A1140001F022840025BE4903E00135B54200F078
:10A124001D8553F835008842F7D103EBC505043586
:10A1340072B600230B62CB6162B62B600023C7E9C1
:10A1440008335379002B40F088802468002C71D0A8
:10A15400B04EDFF8E482BEF1000F00F09382D2ED3E
:10A164000E7AD4F80051002D01F097830021AA48FB
:10A1740003E00131A94200F0A58254F83130834252
:10A18400F7D104EBC101043191ED007AF4EE477A82
:10A19400F1EE10FA13D09FEDA17AF4EEC77AF1EE46
:10A1A40010FA00F3B9859FED9E7AF4EEC77AF1EECA
:10A1B40010FA00F1B185C0ED087AC1ED007ABEF164
:10A1C400000F00F04782D2ED0F7AD8F800301BB1AF
:10A1D40093ED1C7A67EE877A96ED007A0020914918
:10A1E40067EE877A03E09D4200F0A082184654F897
:10A1F4003060431C8E42F6D104EBC000043090ED75
:10A20400007AB4EE677AF1EE10FA13D09FED837AF8
:10A21400F4EEC77AF1EE10FA00F382859FED807AAE
:10A22400F4EEC77AF1EE10FA00F17A85C1ED087AFE
:10A23400C0ED007A4AF26663BB6192F84430002BA9
:10A2440047D14FF40043CCF81C30C9F81C3003B09C
:10A25400BDE8F08F5379002BECD02668002E32D065
:10A26400D6F80051002D01F0638300236A4803E00F
:10A2740001339D4200F0468456F833108142F7D1F1
:10A2840006EBC303043372B600210162C16162B6F6
:10A2940019602568D5F80001002801F02183002306
:10A2A400604903E00133834200F01C8455F83340D5
:10A2B4008C42F7D105EBC303043372B60020086265
:10A2C400C86162B618600023BB6192F84430002B69
:10A2D400B7D00023CCF81C30C9F81C3003B0BDE85B
:10A2E400F08F4FF48031504FCCF82010C9F8201073
:10A2F40045F69911F961002B00F09781DFF8388158
:10A30400D8F80010002900F0DB8491ED1D7ABEF12D
:10A31400000F00F0B181D2ED0A6A3E4E66EE876A04
:10A32400D3F80051D6ED007A66EEA76A002D01F04D
:10A33400C1824FF000083D4804E008F1010845459A
:10A3440000F0038253F838108142F6D103EBC808B9
:10A3540008F1040898ED006AF4EE466AF1EE10FA8A
:10A3640015D0DFED2E7AF4EEE76AF1EE10FA00F381
:10A37400B784DFED2B7AF4EEE76AF1EE10FA00F120
:10A38400AF84C0ED086AC8ED006AD6ED007ABEF16C
:10A39400000F00F06A81D2ED0B6A27EE267A4FF0A7
:10A3A4000008234827EE277A03E0554500F0488249
:10A3B400D04653F8381008F1010A8142F5D103EB75
:10A3C400C80808F10408D8ED006AB4EE667AF1EE24
:10A3D40010FA15D0DFED117AB4EEE77AF1EE10FA47
:10A3E40000F39284DFED0E7AB4EEE77AF1EE10FA20
:10A3F40000F18A8480ED087A88ED007AD6ED007A3F
:10A404009FED0C7ADFF8348067EE877A21E600BF8F
:10A4140024F1002070E0002074F1002000FEFF46CB
:10A4240000FEFFC63CF20020C8AE0120ECF1002083
:10A4340014F200206666E63E1C080120748C01209C
:10A44400002B3FF407AFBEF1000F00F01881D2EDEE
:10A454000D7ADFF86C83D8F8001019B191ED1F7AEA
:10A4640067EE877AC24ED3F800A196ED007A67EEC4
:10A47400877ABAF1000F01F017820025BD4903E085
:10A484000135AA4500F0A68153F835008842F7D17A
:10A4940003EBC505043595ED007AF4EE477AF1EE49
:10A4A40010FA13D09FEDB47AF4EEC77AF1EE10FAF5
:10A4B40000F322849FEDB17AF4EEC77AF1EE10FA3C
:10A4C40000F11A84C1ED087AC5ED007A5379002BA6
:10A4D4007FF4C3AE24683EE64FF48033A849A9480C
:10A4E400A94CDFF8E0C2A94DA94FDFF8DC92DFF8F0
:10A4F400DCB2CCF81830CCF82030C9F81830C9F8E0
:10A504002030C1E90633C1E90833A249C0E9063362
:10A51400C0E90833C1E90633C1E9083320680021E2
:10A52400C5E90611C5E90811C7E90611C7E908110B
:10A53400CBF82410002800F0A783022E00F0BA8183
:10A54400D0F800E1BEF1000F01F0A883924E03E0C1
:10A554000131714501F0D08050F83130B342F7D168
:10A5640000EBC103043372B600213162F16162B6BB
:10A574001960D368032B40F09C812668D6F800E16B
:10A58400BEF1000F01F061830021844803E0013132
:10A59400714501F0DB8056F831308342F7D106EB88
:10A5A400C103043372B600210162C16162B619604D
:10A5B400D368012B40F09C812668D6F800E1BEF1F7
:10A5C400000F01F03C830021754803E0013171451F
:10A5D40001F03D8056F831308342F7D106EBC103D8
:10A5E400043372B600210162C16162B61960266843
:10A5F400D6F800E1BEF1000F01F04A83002169485A
:10A6040003E00131714501F00D8056F83130834289
:10A61400F7D106EBC103043372B600210162C161B4
:10A6240062B61960D3680093BAE1DFF8A48100230D
:10A634005EE5202D00F02781ED00B11C2E1D43F8AE
:10A644003A0003EBCA0A584D1E44CAF80450C3F832
:10A65400001132E5F6EE087AB7E5F5EE007AFFF779
:10A66400BDBADFED527AFFF76EBADFED516A94E6B8
:10A67400B5EE007AFFF7B4BBDFED4D6A4DE6DFEDD2
:10A684004D7AE6E6DFED4A7A6BE5B5EE007AFFF740
:10A69400DDBBDFED497AFFF7EDBA9FED487AFFF7AE
:10A6A40062BB202F00F02E87F80007F10108061D79
:10A6B40043F8371018443C4F1E444760C3F80081E8
:10A6C400FFF7F9BA202D00F0C686EB0005F1010A68
:10A6D400191D44F835002344334D21445D6055462B
:10A6E400C4F800A150E5202D00F0DD862E4803EBD0
:10A6F400C50143F835604860691C03EBC500C3F825
:10A7040000110430FFF7B4BB202D00F07C86E90073
:10A7140005F101080F1D43F835001944224D1F446B
:10A724004D604546C3F80081FFF737BB202D00F08C
:10A734003987023004EBC5031B4E44F835105E60C4
:10A74400C4F800011846043059E5202D00F0EE86C7
:10A75400E90005F1010A01F1040843F83500194440
:10A76400114D98444D605546C3F800A1F2E500BF71
:10A7740070E0002024F1002000FEFF4600FEFFC62A
:10A78400248B01205C8B01207884012090AE012071
:10A79400C8AE0120048C01209CF1002074F100203B
:10A7A400ECF1002014F20020000080BF9A99993E39
:10A7B4006666E63ECDCCCC3E1F856B3F3D0AD73E58
:10A7C4001C080120EC8A0120CC8B012058AE01200A
:10A7D400748C0120BAF1200F00F0D0864FEACA0B26
:10A7E4000AF101000BF1040543F83A109B44DFF829
:10A7F40038A31D44CBF804A0C3F800014BE6202D78
:10A8040000F03D8603EBC500691CC74F43F8358053
:10A81400043007600D46C3F80011FFF7F4BA202F87
:10A8240000F09886F90007F10108081D43F8376025
:10A834001944BD4F18444F60C3F80081FFF7EFB9C6
:10A84400202D00F0448608F1020503EBCA01DFF86D
:10A85400D88243F83A00C1F8048001F10408C3F82F
:10A864000051B0E5202F00F0E285F90007F101085E
:10A87400081D43F837601944AB4F18444F60C3F8C0
:10A884000081FFF781B99FEDA97AF4EEC77AF1EE62
:10A8940010FA00F33D829FEDA67AF4EEC77AF1EE4A
:10A8A40010FA00F13582C0ED087A21E480ED087ACF
:10A8B4001CE42068D0F800E1BEF1000F01F0D5815E
:10A8C40000219C4E03E00131714500F02A8750F8C5
:10A8D4003130B342F7D100EBC103043372B6002127
:10A8E4003162F16162B61960D368052B7FF445AE1D
:10A8F4002668D6F800E1BEF1000F01F0AC8100211A
:10A904008D4803E00131714500F0468756F8313037
:10A914008342F7D106EBC103043372B6002101620E
:10A92400C16162B619602068D0F80061002E01F0A0
:10A93400A8810021DFF8208203E00131B14200F058
:10A944001A8750F831304345F7D100EBC103043383
:10A9540072B60021C8F82010C8F81C1062B619603D
:10A964002068D0F800E1BEF1000F01F084810021DD
:10A97400724E03E00131714500F0978650F8313092
:10A98400B342F7D100EBC103043372B60021316244
:10A99400F16162B61960D368062B00937FF40CAEA4
:10A9A400D4F800E0664E9FED677AD6ED007ADEF8C3
:10A9B400008167EE877AB8F1000F00F083874FF0CB
:10A9C400000A6148009904E00AF1010AC24500F056
:10A9D40000855EF83A308342F6D10EEBCA0300914B
:10A9E400043393ED007AF4EE477AF1EE10FA13D0C3
:10A9F4009FED4E7AF4EEC77AF1EE10FA00F3048676
:10AA04009FED4B7AF4EEC77AF1EE10FA00F1FC8573
:10AA1400C0ED087AC3ED007A009B072B00F0D685C1
:10AA240000994FF0000A494B0629C3E906AA40F0F1
:10AA340041824FF0000A464904E00AF1010AC24586
:10AA440000F048865EF83A308B42F6D10EEBCA0E1F
:10AA54000EF1040E72B600230B62CB6162B6CEF81F
:10AA64000030D368002B41F02582D4F800E0DEF8F2
:10AA74000081B8F1000F01F0D5804FF0000A35498C
:10AA840004E00AF1010AC24500F0F6855EF83A30A6
:10AA94008B42F6D10EEBCA030433009372B64FF027
:10AAA400000EC1F820E0C1F81CE062B6009BC3F8B8
:10AAB40000E0D368082B3FF608AC01A151F823F05D
:10AAC400CF900000E58E00006D8E0000F58D000033
:10AAD400EB800000458D0000C78B00002190000032
:10AAE400498B0000202800F04084C400461C231D2C
:10AAF40045F830102C440C482B446060C5F80061C4
:10AB0400FFF7DBBB202D00F02984E90005F1010EDD
:10AB14000B1D46F835003144034D33444D60C6F8EF
:10AB240000E1FFF7B0BB00BF000080BF00FEFF469E
:10AB340000FEFFC6C4F10020D4F00020FCF0002089
:10AB440070E000206666E63E64F20020748C01200A
:10AB540024F100203CF20020ACF00020202E00F074
:10AB64003184F00006F10108051D43F8361018443D
:10AB7400D54E1D444660C3F80081FFF7D9BA20289A
:10AB840000F0D483C100461C0B1D45F830802944D5
:10AB9400CD482B444860C5F80061FEF7A2BF2028C9
:10ABA40000F0D483C100471C0B1D45F830602944D4
:10ABB400C5482B444860C5F80071FEF7AEBF202E8F
:10ABC40000F0BD83F100771C0D1D43F836001944D5
:10ABD400BD4E1D444E60C3F80071FEF767BF202FC1
:10ABE40000F0DA83F80007F10108061D43F8371076
:10ABF4001844B54F1E444760C3F80081FFF7B3B94A
:10AC0400202F00F0C183F90007F10108081D43F863
:10AC140037601944AC4F18444F60C3F80081FFF704
:10AC24005FB9202E00F0C783F10006F1010A0D1D63
:10AC340043F836001944A44E1D444E60C3F800A1E5
:10AC4400FFF7D8B9202E00F0AF83F30006F1010A14
:10AC5400191D45F836002B449B4E29445E60C5F807
:10AC640000A1FFF7E1B9202F00F08683F90007F176
:10AC74000108081D43F837601944934F18444F6086
:10AC8400C3F80081FFF74EB9082E3FF61EAB01A3AF
:10AC940053F826F03B910000E58E00006D8E000015
:10ACA400F58D0000EB800000458D0000C78B00008F
:10ACB400EB800000498B0000F7EE006AFFF74DB807
:10ACC400B7EE007AFFF723BB86ED087AFEF775BF6F
:10ACD400C8ED087AFFF7B0B886ED087AFFF7E1B857
:10ACE400C0ED087AFFF74FBB86ED087AFEF7B0BFD8
:10ACF40081ED087AFEF7F9BF81ED087AFFF7E4BB2E
:10AD0400C0ED087AFFF762B8C0ED087AFFF774BBAC
:10AD140080ED087AFFF7ECB980ED087AFFF74DBAB9
:10AD240081ED087AFFF784BA2068A0B3674B9FEDE2
:10AD3400687AD3ED007AD0F8005167EE877A002D57
:10AD440001F0FC800023634903E00133AB4200F0CF
:10AD5400A38650F833408C42F7D100EBC30304338D
:10AD640093ED007AF4EE477AF1EE10FA13D09FEDEA
:10AD74005A7AF4EEC77AF1EE10FA01F363809FED8C
:10AD8400577AF4EEC77AF1EE10FA01F15B80C1ED67
:10AD9400087AC3ED007A47F233314FF40043C7E930
:10ADA4000813FFF792BA4CF6CC432168CCF8203054
:10ADB400C9F8203045F69913FB6100293FF485AAB0
:10ADC400424E9FED477AD6ED007AD1F8005167EEF6
:10ADD400877A002D01F0AE800023424803E001335E
:10ADE400AB4200F09A8651F833408442F7D101EB2C
:10ADF400C303043393ED007AF4EE477AF1EE10FACC
:10AE040019D09FED357AF4EEC77AF1EE10FA01F31A
:10AE140025809FED327AF4EEC77AF1EE10FA01F153
:10AE24001D80C0ED087A9FED2E7AC3ED007AD6ED31
:10AE3400007A67EE877A00242B4803E0AF4200F0E3
:10AE44009E863C4651F83430671C8342F6D101EBB0
:10AE5400C404231D93ED007AB4EE677AF1EE10FA80
:10AE640019D09FED1D7AF4EEC77AF1EE10FA00F3D3
:10AE7400E1879FED1A7AF4EEC77AF1EE10FA00F149
:10AE8400D987C0ED087A9FED167AC3ED007AD6ED26
:10AE9400007A67EE877A0023144803E001339D4269
:10AEA40000F0D78551F833408442F7D101EBC30356
:10AEB4000433DEE1C3E908AA009B082B7FF4B9AD93
:10AEC4004FF0000A0A491AE0000080BF70E0002039
:10AED400CDCCCC3E24F1002000FEFF4600FEFFC690
:10AEE4006666E63EECF1002014F2002064F20020D5
:10AEF4004CF100200AF1010AC24500F091845EF889
:10AF04003A308B42F6D10EEBCA0A0AF1040A72B641
:10AF140000230B62CB6162B6CAF80030D368052BFC
:10AF24007FF4A3AD2468002C4FD0BE4BB6EE087A54
:10AF3400D4F80051D3ED007A67EE877A002D00F043
:10AF4400F5870023B84903E00133AB4200F047869C
:10AF540054F833008842F7D104EBC303043393ED70
:10AF6400007AF4EE477AF1EE10FA13D09FEDB87A36
:10AF7400F4EEC77AF1EE10FA00F360879FEDB57A2C
:10AF8400F4EEC77AF1EE10FA00F15887C1ED087AB1
:10AF9400C3ED007A0023A54803E00133AB4200F07F
:10AFA400FF8554F833108142F7D104EBC303DFED7E
:10AFB400A07A93ED017A0433B4EE677AF1EE10FAD5
:10AFC40003D0C0ED087AC3ED007A4FF48033BB613F
:10AFD400FFF77BB92168A1B3924BB5EE007AD1F8A3
:10AFE4000041D3ED007A67EE877A002C00F09A874F
:10AFF4000023904E03E001339C4200F0198551F880
:10B004003300B042F7D101EBC303043393ED007A6C
:10B01400F4EE477AF1EE10FA13D09FED8D7AF4EE48
:10B02400C77AF1EE10FA00F33D879FED8A7AF4EEC9
:10B03400C77AF1EE10FA00F13587C6ED087AC3ED50
:10B04400007A4FF400432B62FFF73FB92168A1B3A4
:10B05400744B9FED797AD3ED007AD1F8004167EE15
:10B06400877A002C00F068870023744E03E00133D4
:10B074009C4200F0A38551F83300B042F7D101EBB4
:10B08400C303043393ED007AF4EE477AF1EE10FA39
:10B0940013D09FED6F7AF4EEC77AF1EE10FA00F355
:10B0A40005879FED6C7AF4EEC77AF1EE10FA00F1A1
:10B0B400FD86C6ED087AC3ED007A4CF6CC43EB610D
:10B0C400FFF703B92468002C00F09580554E9FEDDE
:10B0D4005C7AD6ED007AD4F8007127EE877A002FD7
:10B0E40000F022870023574803E00133BB4200F0FD
:10B0F400878554F833108142F7D104EBC30304333A
:10B10400D3ED006AB4EE667AF1EE10FA00F02D8405
:10B11400DFED4F7AB4EEE77AF1EE10FA00F3A2868F
:10B12400DFED4C7AB4EEE77AF1EE10FA00F19A868C
:10B1340080ED087A83ED007AB5EE007AD6ED007AD8
:10B1440067EE877A0021DFF8048103E00131B94218
:10B1540000F0D28454F831304345F7D104EBC103F5
:10B16400043393ED007AB4EE677AF1EE10FA19D055
:10B174009FED377AF4EEC77AF1EE10FA00F38E867B
:10B184009FED347AF4EEC77AF1EE10FA00F1868678
:10B19400C8ED087AB5EE007AC3ED007AD6ED007AF0
:10B1A40067EE877A0021284E03E00131B94280F02E
:10B1B400C58454F83130B342F7D104EBC1030433EE
:10B1C40093ED007AB4EE677AF1EE10FA13D09FEDA6
:10B1D400207AF4EEC77AF1EE10FA00F33B869FED85
:10B1E4001D7AF4EEC77AF1EE10FA00F13386C6ED5B
:10B1F400087AC3ED007A4CF6CC43AB61FFF765B82F
:10B204002468002C3FF461A8D6ED007A9FED087AFB
:10B21400D4F8005167EE877A002D00F0A284002351
:10B2240020E000BF70E000203CF2002074F1002018
:10B234006666E63EC4F100209A99993E9CF100208E
:10B244003D0AD73ED4F00020FCF00020ACF00020F2
:10B2540000FEFF4600FEFFC61F856B3F01339D4283
:10B2640000F07D8454F833108142F7D104EBC3031A
:10B27400043393ED007AF4EE477AF1EE10FA3FF4DA
:10B2840024A81FED0D7AF4EEC77AF1EE10FA00F35C
:10B29400B3831FED107AF4EEC77AF1EE10FA00F1E1
:10B2A400AB83C0ED087AC3ED007AFFF70EB82468CB
:10B2B4009CB3D6ED007A1FED187AD4F8006167EEDE
:10B2C400877A002E00F034860023D14903E001334D
:10B2D400B34200F09D8354F833008842F7D104EB65
:10B2E400C303043393ED007AF4EE477AF1EE10FAD7
:10B2F40013D09FEDC87AF4EEC77AF1EE10FA00F39A
:10B30400A5859FEDC57AF4EEC77AF1EE10FA00F147
:10B314009D85C1ED087AC3ED007A4FF400436B625A
:10B3240042F61463CBF82430FEF7CFBF72B6002385
:10B33400C8F82030C8F81C3062B6FEF7DABB72B623
:10B3440000230362C36162B6FEF7B6BB72B6002384
:10B354003362F36162B62368FEF7E6BB72B600237C
:10B364000362C36162B6FEF794BF72B600230B6238
:10B37400CB6162B6FEF7A7BF72B600233362F361F6
:10B3840062B62368FEF7D5BD72B600233362F3615B
:10B3940062B62368FEF7ABBD72B600230B62CB61C5
:10B3A40062B62368FEF7E6BD72B600230362C3618A
:10B3B40062B6FEF73FBE72B600230362C36162B693
:10B3C400FEF71EBE72B600230B62CB6162B6FEF7B7
:10B3D400B5BEB8F1200F009100F002814FEAC80316
:10B3E40008F1010A191D01930B460199BFEE007A79
:10B3F4004EF8380073447144D04681ED017ACEF89A
:10B4040000A1FFF7EEBA9FED836AB4EEC67AF1EEBF
:10B4140010FA00F3F1819FED806AB4EEC67AF1EE82
:10B4240010FA00F1E98180ED087AFEF7D3BC9FEDB4
:10B43400797AF4EEC77AF1EE10FA00F3CD819FED3C
:10B44400767AF4EEC77AF1EE10FA00F1C581C6ED12
:10B45400087AFEF7B4BB9FED6F7AF4EEC77AF1EE8B
:10B4640010FA00F3C1819FED6C7AF4EEC77AF1EE25
:10B4740010FA00F1B981C0ED087AFEF7A0BE9FED85
:10B48400656AB4EEC67AF1EE10FA00F3C1819FED5D
:10B49400626AB4EEC67AF1EE10FA00F1B98188ED71
:10B4A400087AFEF7CDBC9FED5B7AF4EEC77AF1EE35
:10B4B40010FA00F3A5819FED587AF4EEC77AF1EE05
:10B4C40010FA00F19D81C6ED087AFEF7ECBCDFEDC1
:10B4D400516AB4EEE67AF1EE10FA00F37681DFED0C
:10B4E4004E6AB4EEE67AF1EE10FA00F16E8180ED68
:10B4F400087A9FED4A7A5546DFF8248167EE877A09
:10B50400FEF7A7BD9FED437AF4EEC77AF1EE10FA89
:10B5140000F366819FED407AF4EEC77AF1EE10FAFB
:10B5240000F15E81C1ED087AFEF739BD9FED396AFD
:10B53400F4EEC66AF1EE10FA00F366819FED366A06
:10B54400F4EEC66AF1EE10FA00F15E81C0ED086A0D
:10B55400FEF71DBF9FED2F7AF4EEC77AF1EE10FAD5
:10B5640000F346819FED2C7AF4EEC77AF1EE10FADF
:10B5740000F13E81C6ED087AFEF76CBB9FED257A9B
:10B58400F4EEC77AF1EE10FA00F322819FED227AED
:10B59400F4EEC77AF1EE10FA00F11A81C1ED087ADF
:10B5A400FEF794BF9FED1B7AF4EEC77AF1EE10FA22
:10B5B40000F307819FED187AF4EEC77AF1EE10FAE2
:10B5C40000F1FF80C1ED087AFEF734BE144B46F259
:10B5D4006661C3E906110021C3E90811FFF729BA1E
:10B5E4009FED0C7AF4EEC77AF1EE10FA00F31481B1
:10B5F4009FED097AF4EEC77AF1EE10FA00F10C81AE
:10B60400C0ED087AFFF708BA80ED087AFFF702BAAE
:10B614004CF1002000FEFF4600FEFFC66666E63ED3
:10B62400748C0120BEF1200F00F0E9814FEACE01B5
:10B634000EF101080B1D46F83E003144DFF87CE4AE
:10B644003344C1F804E0C6F80081FEF7E5BFBEF15B
:10B65400200F00F090814FEACE010EF101080B1D7E
:10B6640046F83E003144DFF854E43344C1F804E0C2
:10B67400C6F80081FEF7B5BFB8F1200F00F09E8137
:10B6840008F101034FEAC80A01930AF10403734461
:10B694004EF83810F244DFF824840093019BCAF872
:10B6A4000480CEF80031FFF7F9B9BEF1200F00F0A5
:10B6B40069814FEACE010EF101080B1D40F83E608E
:10B6C4000144DFF8F8E30344C1F804E0C0F8008162
:10B6D400FFF75BB9BAF1200F00F062810EEBCA03E9
:10B6E400DFF8D8834EF83A10C3F804800AF1010356
:10B6F400CEF80031FFF7AAB9BEF1200F00F06C813B
:10B704004FEACE010EF101080B1D40F83E600144E2
:10B71400DFF8A8E30344C1F804E0C0F80081FEF7B1
:10B7240022BFBEF1200F00F042814FEACE010EF19C
:10B7340001080B1D40F83E600144DFF880E3034438
:10B74400C1F804E0C0F80081FFF7C8B8BEF1200FCB
:10B7540000F03B814FEACE010EF101080B1D46F8C3
:10B764003E003144DFF854E33344C1F804E0C6F842
:10B774000081FEF717BF202E00F03581F10006F19D
:10B78400010E0B1D40F836800144CC4E03444E603C
:10B79400C0F800E1FFF7DCB8BEF1200F00F0F9803B
:10B7A4004FEACE010EF101080B1D46F83E0031446C
:10B7B400DFF808E33344C1F804E0C6F80081FFF77A
:10B7C400ACB881ED087AFEF735BDC0ED086A90E6A5
:10B7D40081ED087AFEF77ABE86ED087AFEF7EFB9B6
:10B7E40081ED087AFEF7DBBB80ED087AFEF7E7BC53
:10B7F40086ED087AFEF72EBA80ED086AFEF7EABAFB
:10B8040086ED087AFEF74FBB80ED086AFEF7BFBDF0
:10B8140088ED086AFEF714BB80ED087AFFF7FCB8E0
:10B82400B8F1200F00F004824FEAC803019308F135
:10B8340001030093019B03F1040A019BF2444EF8B7
:10B8440038107344DFF87482C3F80480009BCEF888
:10B854000031FFF75CBBAA46012104269848FEF795
:10B86400EEBE04274FF0010896482946FEF753BF61
:10B874004FF001080420944E3946FEF7FABF042025
:10B884004FF00108914E3946FEF7D0BF4FF0010842
:10B8940004268F493846FEF70BBF4FF0010A0421F6
:10B8A4008C482B46FEF715BF012004258A49D34650
:10B8B400FEF79ABF4FF0010A4FF004088748294663
:10B8C400FEF74BBF04234FF0010A7D48CDF80480F6
:10B8D4008BE501260423DFF81C820146FFF755B9E6
:10B8E400012604237E490446FFF702B904250127F3
:10B8F40074483146FFF769B94FF001080420724ECD
:10B904003946FFF784B94FF0010A042175483346DC
:10B91400FFF79FB904264FF001086D493846FFF739
:10B9240065B94FF001080420684E3946FFF7A2B903
:10B934004FF0010E042367482946FFF7EAB80127B0
:10B944000423694E0146FFF730B904254FF0010A7C
:10B9540062483146FFF76CB94FF0010804255E498F
:10B964003046FFF702B9C0ED086AB5EE007A67EE1B
:10B97400877AFFF7E7BB72B600230362C36162B63E
:10B98400FEF735BE72B600233362F36162B6FFF789
:10B9940002B872B600230362C36162B6FEF7C3BF86
:10B9A40072B600230B62CB6162B6FFF75AB872B667
:10B9B40000233362F36162B6FEF796BF72B60023CA
:10B9C4000B62CB6162B6FFF774B872B600230362F0
:10B9D400C36162B6FEF7ECBD72B600233362F36155
:10B9E40062B6FEF7C6BD72B60023C8F82030C8F8A8
:10B9F4001C3062B6FEF7B4BF80ED087A53E472B629
:10BA040000230362C36162B6D3680093FEF7C8BF24
:10BA1400202B00F05C8104EBC603284844F8361060
:10BA24005860731CC4F8003104EBC603043359E4B2
:10BA3400202C00F0608101EBC403204841F83460FD
:10BA44005860631CC1F8003101EBC4030433FFF7F1
:10BA5400DDBA202D0CD001EBC503184C41F835009C
:10BA64005C606B1CC1F8003101EBC503043300E4D6
:10BA74009FED1E7AF4EEC77AF1EE10FA00F3F1802E
:10BA84009FED1B7AF4EEC77AF1EE10FA00F1E9802B
:10BA9400C0ED087AFEF719BC202B00F0918100EB71
:10BAA400C503064C40F835105C606B1CC0F80031CF
:10BAB40000EBC5030433FFF753B900BF000080BF98
:10BAC40064F20020D4F000209CF10020C4F1002096
:10BAD4004CF1002074F1002024F10020ECF100204E
:10BAE4003CF2002014F20020FCF0002000FEFF468F
:10BAF40000FEFFC6ACF00020202F00F07581FB0093
:10BB040044F8378004EBC701D84804330137486050
:10BB14002344C4F80071FFF724BB202D00F01481E6
:10BB2400EB0041F8350001EBC504D04F0433013577
:10BB340067600B44C1F80051FFF75CB9202F00F097
:10BB4400678104EBC703C94944F8376059607B1C1B
:10BB5400C4F8003104EBC7030433FFF731BB202DD5
:10BB640086D004EBC503C14944F8350059606B1C09
:10BB7400C4F8003104EBC5030433FFF77ABB202D6E
:10BB840000F0CD80EB0041F8350001EBC507A51CA2
:10BB94000433B64C0B447C60C1F80051FFF75AB92A
:10BBA400202B00F0968104EBC301B04D44F8330020
:10BBB4004D60591CC4F80011FFF7F7B9202C00F0B0
:10BBC400EB8001EBC403A94841F834605860631C5E
:10BBD400C1F8003101EBC4030433FFF753BA202D3D
:10BBE40000F0C680EB0044F8351004EBC5009F4E0E
:10BBF4000433013546602344C4F80051FFF7AFB95C
:10BC0400202F51D0FB0044F8370004EBC701DFF8C4
:10BC14005CE204330137C1F804E02344C4F8007142
:10BC2400FFF76EBA01239249C246019304232EE51D
:10BC340072B600230B62CB6162B6FFF76FB90423BF
:10BC44004FF001088B4871460AE504234FF00108C0
:10BC54008948714683E54FF00108042387487146FB
:10BC6400A3E580ED087AFEF730BB04234FF001080A
:10BC7400834E71465EE54FF001080423814E714600
:10BC84001CE504234FF0010EDFF80C82314679E500
:10BC940004234FF001087C487146CCE44FF00108BE
:10BCA40004237A4E714630E5DFED796AB4EEE67A24
:10BCB400F1EE10FA3FF757AEDFED766AB4EEE67AAE
:10BCC400F1EE10FA3FF54FAE80ED087A4DE69FEDA8
:10BCD400707AF4EEC77AF1EE10FA00F307819FED63
:10BCE4006D7AF4EEC77AF1EE10FA00F1FF80C1ED3F
:10BCF400087AFFF712BB9FED667AF4EEC77AF1EE8D
:10BD040010FA00F3FF809FED637AF4EEC77AF1EE48
:10BD140010FA00F1F780C6ED087AFFF792B99FEDAB
:10BD24005C7AF4EEC77AF1EE10FA00F3D6809FED58
:10BD3400597AF4EEC77AF1EE10FA00F1CE803D465E
:10BD4400C0ED087AFFF7A7B89FED517AF4EEC77AF1
:10BD5400F1EE10FA00F3C6809FED4E7AF4EEC77A46
:10BD6400F1EE10FA00F1BE80C0ED087AFFF763B877
:10BD74009FED477AF4EEC77AF1EE10FA00F3BE8035
:10BD84009FED447AF4EEC77AF1EE10FA00F1B68032
:10BD9400C1ED087AFFF7FEB89FED3D7AF4EEC77A5D
:10BDA400F1EE10FA00F3B2809FED3A7AF4EEC77A1E
:10BDB400F1EE10FA00F1AA80C6ED087AFFF77DB91A
:10BDC4009FED337AF4EEC77AF1EE10FA00F3A28015
:10BDD4009FED307AF4EEC77AF1EE10FA00F19A8012
:10BDE400C1ED087AFEF7D7BF9FED297AF4EEC77A42
:10BDF400F1EE10FA00F392809FED267AF4EEC77A02
:10BE0400F1EE10FA00F18A80C8ED087AFFF7CAB99A
:10BE14009FED1F7AF4EEC77AF1EE10FA6ADC9FED1B
:10BE24001D7AF4EEC77AF1EE10FA63D4C6ED087AFF
:10BE3400FFF7E1B980ED087AFFF725B881ED087ABC
:10BE4400FFF7A6B881ED087AFEF7A3BF81ED087A63
:10BE5400FFF761BA86ED087AFFF7CBB980ED087A6F
:10BE6400FEF7E1BFC0ED087AFFF764B9000080BFB8
:10BE74003CF20020ECF1002074F10020D4F000200A
:10BE8400C4F10020FCF0002014F200209CF10020FA
:10BE940000FEFF4600FEFFC6ACF0002088ED087AE5
:10BEA400FFF778B986ED087AFFF7C9B886ED087A06
:10BEB400FFF701B9D4F800E0DEF80081B8F1000F13
:10BEC4007EF4FEAF01234FF0040A1D49CDE900388A
:10BED400B3E41C4B0362FFF778B83D4680ED087A63
:10BEE400FEF7D9BF80ED087AFEF7A5BF81ED087A89
:10BEF400FFF713BA86ED087AFFF77DB981ED087A6A
:10BF0400FFF748B886ED087AFFF79BB886ED087A04
:10BF1400FFF7D3B881ED087AFEF73DBF88ED087AC4
:10BF2400FFF740B9084E86E508486BE6084959E62C
:10BF3400034970E50748F3E5074E42E60749AEE5D5
:10BF44004CF100206666E63EC4F10020D4F00020E7
:10BF54003CF20020ECF100209CF1002024F10020B0
:10BF6400082800D970471A4B5A7A10B5044612B102
:10BF7400DA6882421AD0012193F84520DC605972B4
:10BF840002B910BD062113481DF082F8124B53F874
:10BF9400244034B120461FF0C3FF014620461DF063
:10BFA40077F80E48BDE8104019F09EBD00204FF010
:10BFB400FF3193F845205872D960002AE1D0082156
:10BFC40007481DF065F80548BDE8104019F08CBD20
:10BFD400000901207C140020D4E2002050CE00206F
:10BFE4007014002070B505460E4601F0FDFC0028D3
:10BFF40066D083680446B3422ADCC368B34227DBB5
:10C004004369012182691970C36916600BB1304616
:10C014009847324B93F84530002B3CD104213048EB
:10C024001DF036F8246834B120461FF079FF01462C
:10C0340020461DF02DF801212A481DF029F831462B
:10C04400294819F045FD2848BDE8704019F04CBD59
:10C05400122126481DF01CF8256835B128461FF02A
:10C064005FFF014628461DF013F8012120481DF00A
:10C074000FF831461C4819F02BFD07211D481DF00F
:10C0840007F8A168184819F023FD01211A481CF08B
:10C09400FFFFE168D4E7256835B128461FF040FF6B
:10C0A400014628461CF0F4FF022114481CF0F0FF5E
:10C0B40031460D4819F00CFD0B4819F015FDADE79C
:10C0C40013210F481CF0E4FF002DBCD028461FF0BC
:10C0D40027FF014628461CF0DBFFB4E700090120D6
:10C0E400A4290020981A002050CE0020882900207E
:10C0F400D01600209C29002084160020E01D00207A
:10C104007429002070B50446FDF754FC601E042811
:10C1140000F2B480DFE800F0174D6D8903003C2184
:10C124005E48FFF75FFF05215D48FFF75BFF4FF4B3
:10C13400FA715C48FFF756FF5B4B93F84530002BD0
:10C1440040F08C8070BD584C002501263C2153489A
:10C15400E5606672FFF746FF05215148FFF742FF8D
:10C1640050484FF4FA71FFF73DFF31464F48FFF74F
:10C1740039FF4F480221FFF735FF29464D48FFF7A5
:10C1840031FF29464C48FFF72DFF94F84530002B2A
:10C19400D8D0282149481CF07BFF494819F0A4FC59
:10C1A4000D2148481CF074FF4548BDE8704019F063
:10C1B4009BBC01233C4C3C2138482370A371FFF7FE
:10C1C40011FF00213648FFF70DFF94F84530002B8E
:10C1D400B8D022213C481CF05BFF394819F084FC9C
:10C1E40015213A481CF054FF3548BDE8704019F059
:10C1F4007BBC2D4B01220624354893F845105A7216
:10C20400DC601A74586200299CD0212131481CF04A
:10C214003FFF2B4819F068FC21212F481CF038FF00
:10C224002748BDE8704019F05FBC1F4B0120052171
:10C2340093F845205872D960002A83D023212748D7
:10C244001CF026FF1E4819F04FFC0D2124481CF059
:10C254001FFF1B48BDE8704019F046BC212121484E
:10C264001CF016FF164819F03FFC11211E481CF063
:10C274000FFF1348BDE8704019F036BC0A4B93F821
:10C284004530002B3FF45EAF262118481CF000FF18
:10C294000B48BDE8704019F027BC00BFC01900204E
:10C2A400C8190020D019002000090120D819002045
:10C2B400E8190020F0190020F8190020001A0020C5
:10C2C40050CE00202C1A00203C1A0020601A0020B6
:10C2D400CDCC4C3E781A00209C1A0020C01A0020B5
:10C2E400E41A0020F41A0020181B00202C1B002044
:10C2F40008B501F0E1FB084B002193F845201974BF
:10C3040002B908BD1D2105481CF0C2FE0448BDE861
:10C31400084019F0E9BB00BF000901204C1E0020B1
:10C3240050CE00202DE9F843242172481CF0B0FEC1
:10C33400714E7248002419F0D7FB142170481CF088
:10C34400A7FE96F844206F4B002A6F486F4F12BF28
:10C35400052106211846DFF8E8911CF099FE67488C
:10C3640019F0C2FB0D216A481CF092FE6348DFF805
:10C37400D48119F0B9FB0EE0F368A34204F101047F
:10C384000ABF04210C2160461CF082FE5B4819F0B0
:10C39400ABFB092C28D0022148461CF079FE57F843
:10C3A400045F28462DB11FF0BBFD014628461CF052
:10C3B4006FFE022140461CF06BFE737ADFF888C1E1
:10C3C4005448514D4F4A002BD6D1335D0134002BD4
:10C3D40015BF05210621284610461CF059FE474882
:10C3E40019F082FB092CD6D115214B481CF050FEC4
:10C3F400424819F079FB01F091FB337C43B92421C5
:10C4040046481CF045FE3D48BDE8F84319F06CBBB6
:10C41400162143481CF03CFE384819F065FB0B21FB
:10C4240040481CF035FE96ED050A02213348B7EE6C
:10C43400C00A19F089FB314819F056FB0C213A481F
:10C444001CF026FE96ED060A02212C48B7EEC00A1F
:10C4540019F07AFB294819F047FB0C2133481CF0EA
:10C4640017FE96ED070A02212448B7EEC00A19F018
:10C474006BFB224819F038FB0B212D481CF008FEF9
:10C4840096ED080A02211D48B7EEC00A19F05CFBBC
:10C494001A4819F029FB0E2126481CF0F9FD96EDE7
:10C4A4000A0A02211548B7EEC00A19F04DFB1348D9
:10C4B40019F01AFB0E2120481CF0EAFD96ED0B0A38
:10C4C40002210E48B7EEC00A19F03EFB0B4819F0E2
:10C4D4000BFB0F2119481CF0DBFD96ED0D0A022120
:10C4E4000648B7EEC00A19F02FFB044819F0FCFA0D
:10C4F40085E700BF281D00200009012050CE002040
:10C50400501D0020181D0020201D0020D0E2002016
:10C514002C1E0020001D00206C1D0020041E002085
:10C52400841D00209C1D0020A81D0020B81D002093
:10C53400C81D0020D41D0020E41D0020F41D00208F
:10C54400681D0020E01D0020101D002010B5114CB6
:10C554002221114894F8403083F0010384F84030DC
:10C564001CF096FD94F840200C4B002A0C4812BF96
:10C574000221032118461CF08BFD0A4819F0B4FA75
:10C584003D2109481CF084FD0648BDE8104019F01F
:10C59400ABBA00BF00090120142A00205C18002057
:10C5A4006018002050CE0020382A002010B5114C0D
:10C5B4000F21114894F8443083F0010384F8443087
:10C5C4001CF066FD94F844200C4B002A0C4812BF62
:10C5D4000221032118461CF05BFD0A4819F084FA75
:10C5E40094F84430084983F00103084ADB03CB6123
:10C5F400D36110BD000901203C1E00205C180020FE
:10C604006018002050CE0020EC8A0120CC8B012041
:10C6140010B5114C2221114894F8413083F00103E4
:10C6240084F841301CF034FD94F841200C4B002A6E
:10C634000C4812BF0221032118461CF029FD0A48A8
:10C6440019F052FA422109481CF022FD0648BDE8BF
:10C65400104019F049BA00BF00090120AC2900209C
:10C664005C1800206018002050CE0020D029002043
:10C6740010B5114C2621114894F8423083F001037F
:10C6840084F842301CF004FD94F842200C4B002A3C
:10C694000C4812BF0221032118461CF0F9FC0A4879
:10C6A40019F022FA462109481CF0F2FC0648BDE8BC
:10C6B400104019F019BA00BF00090120982A00207F
:10C6C4005C1800206018002050CE0020C02A0020F2
:10C6D40010B5114C2621114894F8433083F001031E
:10C6E40084F843301CF0D4FC94F843200C4B002A0B
:10C6F4000C4812BF0221032118461CF0C9FC0A4849
:10C7040019F0F2F9462109481CF0C2FC0648BDE8BC
:10C71400104019F0E9B900BF00090120082B0020DE
:10C724005C1800206018002050CE0020302B002020
:10C734002DE9F0471CF02AFD984B1B78002B00F0E4
:10C74400A580974B1B78DB0740F1A080954B964A58
:10C754001B6812689B1A0E2B40F298801CF02EFC6A
:10C76400002800F09380914D1CF06CFCC4B22B782F
:10C77400002B78D1212C00F0B981A4F10A036E2B8F
:10C7840000F28680DFE813F08200840084008200D7
:10C794008400840084008400840084008400840075
:10C7A4008400840084008400840084008400840065
:10C7B4008400840084008400840084008400840055
:10C7C4008400840084008400840084008400840045
:10C7D400840084008400AE01AA01840084008400E3
:10C7E4008400840084008400840084008400840025
:10C7F40084009E0084008400A601A2019E0184009E
:10C80400840086019E008400840065015C0184002C
:10C81400840084008400840058015401840084004E
:10C82400840084003C01840084008400840084002B
:10C834008400840084008400A601A2019E01840077
:10C84400840086019E008400840065015C018400EC
:10C85400840084008400840058015401840084000E
:10C86400840084003C010A2C05D0A4F10D06B6FA1C
:10C8740086F67609E6B14E4C00224E482378C2541F
:10C88400002B40F0428100232B702370BDE8F08719
:10C89400122149481CF0FCFB20461CF0E3FB142148
:10C8A40046481CF0F5FB4648BDE8F04719F01CB9B2
:10C8B4003F4F3B783E2B00F21E81591C3D4A397094
:10C8C400D454E3E718213F481CF0E2FB3C4819F03C
:10C8D4000BF91E213C481CF0DBFB394819F004F924
:10C8E4001E213A481CF0D4FB354819F0FDF82221EA
:10C8F40037481CF0CDFB324819F0F6F822213548B0
:10C904001CF0C6FB2E4819F0EFF8162132481CF033
:10C91400BFFB2B4819F0E8F8192130481CF0B8FB8C
:10C92400274819F0E1F818212D481CF0B1FB2448E0
:10C9340019F0DAF82B212B481CF0AAFB204819F037
:10C94400D3F8202128481CF0A3FB1D4819F0CCF88B
:10C95400472126481CF09CFB194819F0C5F82821EA
:10C9640023481CF095FB164819F0BEF816212148FF
:10C974001CF08EFB124819F0B7F83F211E481CF03A
:10C9840087FB0F4819F0B0F817211C481CF080FBF6
:10C994000B48BDE8F04719F0A7B800BFDCD301206D
:10C9A400DBD30120BCB8012004B90120B7D3012096
:10C9B400B8D3012048ED00203C2900205029002054
:10C9C40050CE0020142700203027002050270020BC
:10C9D4007027002094270020B8270020D0270020AB
:10C9E400EC270020082800203428002058280020A4
:10C9F400A0280020CC280020E4280020242900209E
:10CA0400BC4B1B6823B193F82830002B40F0E08026
:10CA1400B94B002241F288311868FAF7CFF9242182
:10CA2400B6481CF035FBB648BDE8F04719F05CB8D1
:10CA3400BDE8F0470AF0F0B8BDE8F047FFF7B6BD2F
:10CA4400AC4B1B68002B3FF421AFBDE8F047FCF76B
:10CA540001BBAC4C206800283FF418AF90F8A150FB
:10CA640085F00105294602F0C7F80D21A6481CF0FF
:10CA74000FFB002DA54BA64812BF11211321184608
:10CA84001CF006FB9E4819F02FF82068BDE8F0471B
:10CA940002F0F0BD9F4C14219F48237883F00103DA
:10CAA40023701CF0F5FA22789C4B002A9C4812BF94
:10CAB4000221032118461CF0EBFA9148BDE8F04727
:10CAC40019F012B8BDE8F047FFF740BDBDE8F047E4
:10CAD400FFF728BCBDE8F047FFF79ABDBDE8F04773
:10CAE400FFF7F6BDBDE8F047FFF7C2BD01218D4A4F
:10CAF40029701370CAE612218B481CF0C9FA8048C9
:10CB040018F0F2FF2E703E70C0E688491EF0E2FF76
:10CB1400064600283FF4B7AE0EF0BCFA00287FF4B6
:10CB2400B2AE834930461FF04FF80746002858D06C
:10CB3400804930461FF048F80746002867D07E49F0
:10CB440030461FF041F8002800F0AD807B493046A4
:10CB54001FF03AF8002800F01381794930461FF09D
:10CB640033F8002800F03581764930461FF02CF860
:10CB74000746002800F03781734930461FF024F837
:10CB8400002800F0AC81714930461FF01DF80028E0
:10CB940000F0BA816E4930461FF016F8002800F004
:10CBA400E0816C4930461FF00FF8002800F0D68170
:10CBB400694930461FF008F8002840F0A28140F28D
:10CBC400031166481CF064FA4D4818F08DFF5AE6CC
:10CBD4002B2163481CF05CFA4948BDE8F04718F083
:10CBE40083BF52491EF076FF0646504938461EF070
:10CBF40071FF002E76D0002874D01DF0D7FF0146B7
:10CC04003046FFF7EFF9574B01221A703BE64749CC
:10CC14001EF060FF0346384644491F461EF05AFF83
:10CC24008046002F00F0CD80002800F0CA803846EE
:10CC340000F0A6FE061EC0F255814046DFF834918E
:10CC44001DF0B4FFB0F1000819F8062018BF4FF02A
:10CC5400010842450DD0F6B2082E0AD819F806206C
:10CC640082F0010209F8062099F84520002A40F0D4
:10CC74004E813C4B012609213B481E701CF008FAEA
:10CC840038461FF04DF9014638461CF001FA31468A
:10CC940036481CF0FDF94146194818F019FF1848A8
:10CCA40018F022FFEFE521491EF014FF0646002884
:10CCB40000F04C812E491EF087FF002840F0EF80E1
:10CCC4002C4B5A7A1AB14FF0FF325872DA600D21A8
:10CCD40029481CF0DDF90A4818F006FF214B01220F
:10CCE4001A70D0E5192125481CF0D2F9044818F02F
:10CCF400FBFEC8E5AC8A012080F30020C02600209A
:10CD040050CE0020D8890120B02600200024002025
:10CD140014240020BED30120982600205C18002093
:10CD240060180020B8D3012084260020D0160020EB
:10CD3400B021002044240020101D0020C024002025
:10CD440004250020182500202C250020382500204B
:10CD5400442500205025002060250020682500205F
:10CD6400E8260020CAD3012068290020981A002050
:10CD74009C24002000090120A42400202824002051
:10CD840080491EF0A7FE0646002800F0F08000F05F
:10CD94000FFE0028C0F2E880C0B2FFF7B3F97A4B67
:10CDA40001220B2179481A701CF072F930461FF0E9
:10CDB400B7F8014630461CF06BF9754818F094FE3C
:10CDC40061E51B2173481CF063F9714818F08CFE6F
:10CDD40059E5FFF78DFA09216F481CF059F96C48A1
:10CDE40018F082FE4FE50120FCF7E4F90EF032F969
:10CDF40039466A4815F0E4FA3946694815F0E0FA0C
:10CE04003946684815F0DCFA3946674815F0D8FA0F
:10CE14003946664815F0D4FA3946654815F0D0FA13
:10CE24003946644815F0CCFA3946634815F0C8FA17
:10CE34003946624815F0C4FA3946614815F0C0FA1B
:10CE44003946604815F0BCFA5F48394615F0B8FA1F
:10CE54005E4B186808B1F6F7E3FD5D4B186808B13E
:10CE640014F0D8FD5B4B186808B102F025FA5A4B50
:10CE7400186808B10EF076FE584B186808B1FBF735
:10CE8400E7FF15F02FF90DF087FDFCF771FB092181
:10CE940053481CF0FDF83E4818F026FEF3E43046F3
:10CEA40000F06EFD00286ADBDFF85C9199F8092038
:10CEB4001AB1D9F80C30984202D0C0B2FFF750F83A
:10CEC400092148481CF0E4F830461FF029F80146CF
:10CED40030461CF0DDF82E4818F006FEFEE600F0A1
:10CEE40071FFD0E4132140481CF0D2F838461FF0FB
:10CEF40017F8014638461CF0CBF8254818F0F4FD25
:10CF0400C1E4152139484FE700F05EFEBBE4384A1E
:10CF140052F826A0BAF1000F06D050461FF000F8D0
:10CF2400014650461CF0B4F819F80620314B324E35
:10CF3400002A08BF1E4630461EF0F2FF0146304666
:10CF44001CF0A6F8124818F0CFFD92E61D212B48DC
:10CF54001CF09EF80E4818F0C7FD94E400F006FF9C
:10CF640091E400F0C9FE8EE4142125481CE7162143
:10CF740024481CF08DF8064818F0B6FD83E413210C
:10CF8400194811E7D0160020CAD30120F824002044
:10CF940050CE00204C2400200C250020948A01202F
:10CFA40068AF0120C4B80120241F0120C0F2002072
:10CFB400188A0120648A0120E800012018F3002067
:10CFC40038F3002008F30020A8FE002098F2002087
:10CFD400A0A00120D8890120608F01201C08012015
:10CFE40020250020B4240020682400206C26002082
:10CFF400D4E20020EC1C0020F81C00207C2400203B
:10D00400E0240020C824002000090120014B1860FE
:10D01400704700BF8CE20020014B1860704700BFCE
:10D0240064AF0120014B1860704700BF3CAE012083
:10D03400014B1860704700BFF8000120014B1860D5
:10D04400704700BFFC000120024B1B680BB183F842
:10D05400450270479C960120024B1B680BB183F874
:10D06400460270479C960120024B1B680BB183F863
:10D07400470270479C960120024B1B680BB183F852
:10D08400ED0270479C960120014B1870704700BF59
:10D09400FFE20020014B1870704700BF01E300203D
:10D0A400014B1870704700BF02E300200038024BA8
:10D0B40018BF012018707047BBD30120024B1B68B6
:10D0C4000BB183F8CC007047A0A00120044B1B686F
:10D0D4002BB10428A8BF4FF0FF3083F8A20070479B
:10D0E400D8890120074B1B684BB1012808D0A0F157
:10D0F4000200B0FA80F04009000183F8A4007047F0
:10D104000820FAE7D8890120054B1B6823B120B910
:10D114004FF0FF3083F8A3007047013840B2F9E7BD
:10D12400D8890120034B1B681BB1003818BF0120AC
:10D1340018767047B08A0120034B1B681BB1003876
:10D1440018BF012058767047B08A0120034B1B6832
:10D154001BB1003818BF012098767047B08A0120AF
:10D16400034B1B681BB1003818BF0120D8767047E9
:10D17400B08A0120034B1B681BB1003818BF012083
:10D1840018777047B08A0120034B1B681BB1003825
:10D1940018BF012058777047B08A0120034B1B68E1
:10D1A4001BB1003818BF0120187370471C080120F8
:10D1B400014B1868704700BF8CE20020014B1868CF
:10D1C400704700BF64AF0120014B1868704700BF6F
:10D1D40094E20020064B186848B1B6EE007AD0ED10
:10D1E400007A77EE877AFDEEE77A17EE900A7047B9
:10D1F400608F0120034B1B680BB118797047042022
:10D20400704700BF608F0120024B186808B190F886
:10D2140040007047B08A0120034B1B680BB1187E95
:10D2240070470120704700BFB08A0120034B1B6880
:10D234000BB1587E70470120704700BFB08A0120AF
:10D24400034B1B680BB1987E70470120704700BFE9
:10D25400B08A0120034B1B680BB1D87E70470120B4
:10D26400704700BFB08A0120034B1B680BB1187FC5
:10D2740070470120704700BFB08A0120034B1B6830
:10D284000BB1587F70470120704700BFB08A01205E
:10D29400024B186800B1007B704700BF1C080120D6
:10D2A400034B186810B190F820000130704700BF9C
:10D2B4001C080120014B1868704700BF00010120C1
:10D2C400014B1868704700BF3CAE0120014B186841
:10D2D400704700BFF8000120014B1868704700BF79
:10D2E400FC000120044A054B10781B78834201D8C6
:10D2F400034BD869704700BFC3D3012024CD00205D
:10D3040050EB0020014B1878704700BF00E3002069
:10D31400034B1B680BB118787047024B586A70476F
:10D324009C96012050EB0020044B1B6813B193F82A
:10D3340045027047024B986A704700BF9C960120D3
:10D3440050EB0020044B1B6813B193F8460270475E
:10D35400024BD86A704700BF9C96012050EB002016
:10D36400044B1B681BB193F8E30201307047024B76
:10D37400186C70479C96012050EB0020044B1B68EE
:10D3840013B193F8ED027047024B586C704700BF1D
:10D394009C96012050EB0020014B1878704700BF89
:10D3A400FFE20020014B1878704700BF01E3002022
:10D3B400014B1878704700BF02E30020014B187836
:10D3C400704700BFCBD30120014B1878704700BFD2
:10D3D400C2D30120014B1878704700BFBCD3012091
:10D3E400014B1878704700BFBBD30120024B18686B
:10D3F40008B190F8A1007047D8890120054B1B683B
:10D404002BB193F9CC000028B8BF0F2070470F2030
:10D41400704700BFA0A00120064B1B6833B193F9ED
:10D42400CD000028ACBF013000207047024B986F3C
:10D43400704700BFA0A0012050EB0020064B1B68E2
:10D444002BB193F9A2000028B8BF04207047034B06
:10D45400D3F88000704700BFD889012050EB00202A
:10D46400094B1B6863B193F8A400082806D0A0F107
:10D474001000B0FA80F04009400070470120704766
:10D48400024BD3F884007047D889012050EB002068
:10D49400064B1B6833B193F9A3000028ACBF0130DD
:10D4A40000207047024BD3F888007047D8890120C8
:10D4B40050EB0020054B186838B190ED200ADFEDE1
:10D4C400047A20EE270A1CF0CDBF70471C08012007
:10D4D4000000C842034B186818B190ED0B0A1CF009
:10D4E400C1BF70471C080120064B074A1B68506ED9
:10D4F4003BB193ED1B0ADFED057A20EE270A1CF001
:10D50400B1BF7047FC8D012050EB00200000C842E1
:10D51400044BDFED057A93ED490A20EE270A1CF04F
:10D52400A1BF00BF70FD00200000C842024B93ED74
:10D534004A0A1CF097BF00BF70FD0020034B014650
:10D544001B6813B11846FBF781BD70471C08012006
:10D55400034B01461B6813B11846FBF771BD7047B6
:10D564001C080120034B01461B6813B11846FBF746
:10D5740061BD70471C080120034B1B681BB1C1B27D
:10D5840018460DF053B97047B08A0120044B1B684C
:10D5940023B1C1B25A7918460EF040BB704700BFA0
:10D5A400608F0120074B82B01B6801903BB107EEEE
:10D5B400900A1846B8EEE70A02B00EF011BB02B0AA
:10D5C400704700BF608F0120084B094A1B68106038
:10D5D40053B107EE900A9FED070A1846F8EEE77A72
:10D5E40080EE270A0EF0FCBA704700BF608F01205E
:10D5F40094E2002000606A47044B1B682BB1011EB3
:10D60400184618BF012101F0F7BA7047D8890120E4
:10D61400074B1B6853B120B94FF0FF31184614F083
:10D6240071BB411E184649B214F06CBB704700BF71
:10D63400A0A00120044B054A1B68107013B11846C2
:10D6440014F048BB704700BFA0A00120CBD3012039
:10D65400003818BF0120F4F7A5BE00BFC0B2F4F72C
:10D6640085BE00BF034B1B681BB1C1B2184611F045
:10D6740025BA70479C96012000EE100A0248B8EEC5
:10D68400C00A00F0CBBF00BF70FD002000EE100AFE
:10D69400DFED047A0448B8EEC00A80EE270A00F0F1
:10D6A400A3BF00BF0000C84270FD0020034B1B68ED
:10D6B4001BB1C1B218460FF0B9BC70479C9601204B
:10D6C400C0B208B5054B187014F03AFB044B186847
:10D6D40018B1BDE80840F6F7CFBE08BD00E300204E
:10D6E40080F3002008B5084B084A1B6810601BB182
:10D6F400C1B21846F7F7DAFA054B186818B1BDE855
:10D70400084010F09DBA08BD80F3002000010120FC
:10D714009C96012010B50A4C206880B100210DF0C0
:10D724008DFA206801210DF089FA206802210DF09C
:10D7340085FA20680321BDE810400DF07FBA10BDC2
:10D74400FC8D012010B50B4C206830B104210DF084
:10D7540075FA052120680DF071FA074B186840B17D
:10D76400FF234FF0FF3180F8CC30BDE8104014F0B7
:10D77400C9BA10BDFC8D0120A0A00120064B1B6876
:10D78400012B00D07047054B1B68002BFAD0C1B2A7
:10D794001846F9F745B900BFFC00012080F30020CA
:10D7A40008B50A4B1B6823B193F94702002803DB31
:10D7B40008BD074B186B08BD93ED900ADFED057AA1
:10D7C40020EE270A1CF04EFE40B208BD9C960120B4
:10D7D40050EB00200000C842064B074A1B68106E3D
:10D7E4003BB193ED1A0ADFED057A20EE270A1CF00F
:10D7F40039BE7047FC8D012050EB00200000C84268
:10D80400064B074A1B68906E3BB193ED1C0ADFED93
:10D81400057A20EE270A1CF025BE7047FC8D0120F6
:10D8240050EB00200000C842064B074A1B68506BAF
:10D834003BB193ED1D0ADFED057A20EE270A1CF0BB
:10D8440011BE7047FC8D012050EB00200000C8423F
:10D85400064B074A1B68506F3BB193ED1E0ADFED80
:10D86400057A20EE270A1CF0FDBD7047FC8D0120CF
:10D8740050EB00200000C842094B82B01B680190A5
:10D8840063B107EE900A9FED070A00211846F8EEEF
:10D89400E77A87EE800A02B00DF0B2B902B07047A1
:10D8A400FC8D01200000C842094B82B01B68019026
:10D8B40063B107EE900A9FED070A01211846F8EEBE
:10D8C400E77A87EE800A02B00DF09AB902B0704789
:10D8D400FC8D01200000C842094B82B01B680190F6
:10D8E40063B107EE900A9FED070A02211846F8EE8D
:10D8F400E77A87EE800A02B00DF082B902B0704771
:10D90400FC8D01200000C842094B82B01B680190C5
:10D9140063B107EE900A9FED070A03211846F8EE5B
:10D92400E77A87EE800A02B00DF06AB902B0704758
:10D93400FC8D01200000C84210B50F4C82B0236852
:10D944000190BBB107EE900A9FED0C7A18460421B2
:10D95400F8EEE77A87EE870A8DED010A0DF050F9AB
:10D96400206838B19DED010A052102B0BDE81040E0
:10D974000DF046B902B010BDFC8D01200000C84274
:10D9840070B509490024094D064601E055F8041F05
:10D9940030461EF019F928B10134092CF6D14FF0A4
:10D9A400FF3070BD204670BD54C4002044310020B7
:10D9B40070B506460A490B4D002430461EF004F9A2
:10D9C40048B10134062C08D055F8041F30461EF027
:10D9D400FBF80028F5D1204670BD4FF0FF3070BD34
:10D9E4009C24002024360020F8B50E4F002506465E
:10D9F4003C4608E061682C3411B11EF0E5F850B1E2
:10DA04000135302D0BD0216830461EF0DDF8034679
:10DA14003046002BEED12C2303FB0570F8BD00200B
:10DA2400F8BD00BF1CD8002008B5FFF7DDFF08B122
:10DA34004369187808BD00BF30220021194810B589
:10DA44001DF0C4FF184B194A03F1C00011692C32B0
:10DA540043F8041F8342F9D1154CFFF75BFEFFF72F
:10DA640071FE206860B1002111F028F82368642257
:10DA74004FF47F4183F8ED2283F84522A3F8461240
:10DA84000C4C206860B10021FBF7D4FA2068002117
:10DA9400FBF7D6FA20680021BDE81040FBF7D6BAA0
:10DAA40010BD00BF10EC00204CEB00201CD800205F
:10DAB4009C9601201C08012010B5154C3022002131
:10DAC40014481DF083FFFFF725FEFFF73BFE206897
:10DAD40060B1002110F0F2FF236864224FF47F410B
:10DAE40083F8ED2283F84522A3F846120A4C2068F5
:10DAF40060B10021FBF79EFA20680021FBF7A0FA31
:10DB040020680021BDE81040FBF7A0BA10BD00BF9B
:10DB14009C96012010EC00201C0801202DE9F04FF8
:10DB2400224C83B0224E0023224D04F13008DFF84A
:10DB340090B0DFF890A0DFF8849005E0444506F14A
:10DB4400040605F12C0523D014F8017F002FF5D02D
:10DB5400022158461BF09CFA2B681846019333B1F6
:10DB64001EF0DEF9019B014618461BF091FA0221D2
:10DB740050461BF08DFA31684846043617F0A8FF6A
:10DB8400484617F0B1FF44453B4605F12C05DBD16F
:10DB940013B103B0BDE8F08F082107481BF078FAF1
:10DBA400064803B0BDE8F04F17F09EBF0FEC00200D
:10DBB40050EB00201CD80020F423002050CE00207D
:10DBC400681D0020E01D00202DE9F0473D4C3E4F2C
:10DBD4003E4E04F50468DFF81C913D4D40E0984743
:10DBE400014628460436D4E902239142B8BF1146BF
:10DBF4009942A8BF194617F06BFF0A2135481BF05C
:10DC040047FA17F8011F284617F062FF0821324827
:10DC14001BF03EFAD4F828A05046BAF1000F05D004
:10DC24001EF07EF9014650461BF032FA08212B48BB
:10DC34001BF02EFAD4F824A02C345046BAF1000F6D
:10DC440005D01EF06DF9014650461BF021FA012162
:10DC540023481BF01DFA284617F046FFA04528D09C
:10DC64000C2148461BF014FAD4F800A05046BAF12F
:10DC7400000F05D01EF054F9014650461BF008FA77
:10DC8400052118481BF004FAA168284617F020FF64
:10DC9400052115481BF0FCF9E168284617F018FF28
:10DCA400072112481BF0F4F9236A002B97D131683D
:10DCB40097E70A210E481BF0EBF90548BDE8F04749
:10DCC40017F012BF1CD800200FEC002050EB0020EE
:10DCD40050CE00203819002044190020501900208B
:10DCE4005C190020BC1F00202819002030190020D6
:10DCF40060190020181900202DE9F843164F00245C
:10DD0400DFF86090DFF86080144E0D2148461BF068
:10DD1400BFF957F8045F28462DB11EF001F90146FA
:10DD240028461BF0B5F9052140461BF0B1F9214600
:10DD340000230A223046013417F0F2FE304617F071
:10DD4400D3FE092CE1D10A2105481BF0A1F90348AF
:10DD5400BDE8F84317F0C8BE4031002050CE002083
:10DD6400841900206C1900207C1900202DE9F04151
:10DD7400104DDFF84C80104F05F118060E21404677
:10DD84001BF086F955F8044B20462CB11EF0C8F858
:10DD9400014620461BF07CF9384617F0A5FEB54233
:10DDA400ECD10B2105481BF073F90348BDE8F041A1
:10DDB40017F09ABE2436002050CE0020641B0020A9
:10DDC400541B00202DE9F8432DED028B1BF06CF958
:10DDD400B0F5007F03DABDEC028BBDE8F8831B4C81
:10DDE40007211B481B4D04F50466DFF874801A4FA5
:10DDF4001BF04EF910E09847014618480435D4E961
:10DE040002232C349142B8BF11469942A8BF194647
:10DE140017F05EFEB44225D0012140461BF038F9CC
:10DE2400D4F800904846B9F1000F05D01EF078F8F8
:10DE3400014648461BF02CF9012138461BF028F90D
:10DE4400236A002BD7D12968D7E700BF1CD800204C
:10DE5400701B002050EB0020981A002050CE0020A8
:10DE6400D0160020C24C0621C24804F109051BF05B
:10DE74000FF914F8010F3030C0B21BF0F3F8A542CB
:10DE8400F7D1BD4C0621BD481BF002F9637A1BB1E2
:10DE9400E368002B80F222820421B9481BF0F8F8D1
:10DEA4000E21B8481BF0F4F894F84410B64817F063
:10DEB4000FFE0B21B5481BF0EBF8B54BB54CB2483F
:10DEC400197817F005FE2568002D47D00A21B248BD
:10DED4001BF0DEF82368AC4893F8A11017F0F8FDA6
:10DEE4000C21AE481BF0D4F800230A2295F85810F0
:10DEF400A54817F015FE0921A9481BF0C9F895F8A3
:10DF04006210A14817F0E4FD0F21A6481BF0C0F8E9
:10DF140021680A22002391F8A0109B4817F000FE04
:10DF24000821A1481BF0B4F823689748D3F894104B
:10DF340017F0CEFD06219D481BF0AAF823689248ED
:10DF4400D3F8981017F0C4FD062199481BF0A0F8E7
:10DF540023688D48D3F89C1017F0BAFD0521954825
:10DF64001BF096F8944B0321874893ED000AB7EE13
:10DF7400C00A17F0E9FD0E2190481BF089F8904B78
:10DF8400196841B191ED2C0ADFED8E7A20EE270A53
:10DF94001CF068FA01468C4C00257B4817F098FD6C
:10DFA40012218A481BF074F89FED868A94ED4C0A7E
:10DFB400C4F8305120EE080A1CF054FA01467248A5
:10DFC40017F086FD122182481BF062F894ED4D0A89
:10DFD400C4F8345120EE080A1CF044FA01466A4899
:10DFE40017F076FD7B4814F0F9F97B4B1B68181A7F
:10DFF40010F57A7F40F37081784BC51783FB0030AE
:10E00400C5EBA0150B217648764C1BF041F8294648
:10E014005D4817F05DFD2368002B00F08580062124
:10E0240071481BF035F820680321C5680DF0C2FE65
:10E0340000230A22B5FBF0F1534817F071FD0921C2
:10E044006A481BF025F8032120680DF0C5FF002362
:10E0540001460A224C4817F063FD2368002B63D065
:10E06400052163481BF014F823680121464893ED09
:10E07400000A4FF4C075B7EEC00A17F065FD05211C
:10E084005C481BF005F8216800230A2209793E4800
:10E0940017F046FD012158481AF0FAFF21680023C1
:10E0A4000A224979384817F03BFD052153481AF0F4
:10E0B400EFFF226853791079D1680A22B5FBF3F394
:10E0C40000FB03F33048B1FBF3F1002317F028FD04
:10E0D40006214B481AF0DCFF23685A79D86819796D
:10E0E4000023B5FBF2F5B0FBF5F0B0FBF1F50A2225
:10E0F40001FB1501244817F013FD0A2141481AF0C9
:10E10400C7FF2368204893F82C1017F0E1FC0A217C
:10E114003D481AF0BDFF236801211B4893ED0F0A07
:10E12400B7EEC00A17F010FD384C2368002B00F03E
:10E1340088800A2136481AF0ABFF2368DB69002B7C
:10E1440000F0DA801D6835B128461DF0E9FE01466D
:10E1540028461AF09DFF0A212E481AF099FF2368D9
:10E164009FED188A93ED200A20EE080A54E000BFC0
:10E17400FF080120781B002000090120801B0020DB
:10E184009C240020881B002050CE0020981B0020D7
:10E19400CAD30120D8890120A41B0020B01B002071
:10E1A400C01B0020CC1B0020DC1B0020E81B00202F
:10E1B400F01B0020F81B002064E00020001C00205D
:10E1C400A0A001200000C84270FD0020101C002007
:10E1D400241C0020948A01205CE00020D34D6210AE
:10E1E400381C0020608F0120441C00204C1C00209F
:10E1F400581C0020601C0020681C00206C1C00209F
:10E20400741C00207C1C0020881C00201C08012099
:10E21400941C0020A01C00201CF024F9014638485E
:10E2240017F056FC0B2137481AF032FF236893EDA0
:10E23400210A20EE080A1CF015F90146304817F0AF
:10E2440047FC052130481AF023FF304B4FF4C852E5
:10E254002F491B88DFED2F6A02FB03F391ED007A4F
:10E264002748012107EE903AB8EE477AF8EEE77AAC
:10E2740067EEA67A87EE870AB7EEC00A17F064FC49
:10E28400082125481AF004FF244B1D48198817F06B
:10E294001FFC0D2122481AF0FBFE09F0A3F900230C
:10E2A4000A220146164817F03BFC10211D481AF0BB
:10E2B400EFFE0321124817F00BFC0C211A481AF048
:10E2C400E7FE03210E4817F003FC0D48BDEC028B5A
:10E2D400BDE8F84317F008BC002593E6134A52F84A
:10E2E4002350002D3FF4DCAD28461DF019FE0146F5
:10E2F40028461AF0CDFED3E501210D4D28E700BFD5
:10E3040050CE0020AC1C0020B81C00208CD301206F
:10E314004CCE00200044AC43C01C002088D3012014
:10E32400CC1C0020B81E0020DC1C0020443100203E
:10E334008416002038B51AF0B7FE3F2808DD164CC5
:10E3440023682BB193F8C621002183F8C61102B9C2
:10E3540038BD124D082112481AF09AFE2978206817
:10E36400FAF722F801460F4817F0B2FB03210E48D2
:10E374001AF08EFE0D4B0B48196817F0A9FB032108
:10E384000B481AF085FE2968064817F0A1FB0548DA
:10E39400BDE8384017F0A8BB80F300203CAE012054
:10E3A4004018002050CE00204C180020000101200D
:10E3B40050180020044B054A1B78013BC2F8403139
:10E3C400C2F85033704700BF24CD00201CD8002071
:10E3D400F0B5002105462DED028BC1B017F09EF873
:10E3E4000646002800F0CD80841C011D00F5817CC8
:10E3F4000020224632F9023F002BB8BF5B429BB299
:10E404009842B8BF18466245F4D107EE900A9FEDD2
:10E41400717AD5ED4D6AF8EEE77A27EE877AF4EE55
:10E42400C76AD5ED496AF1EE10FAF4EEC76A48BF3F
:10E4340085ED4D7AF1EE10FA4FD495F81C31B7EE14
:10E44400008A4FF48072002B53D0684618F0E0F92C
:10E4540095ED486AB4EEC86AF1EE10FA40F38E8086
:10E4640038EE465ADFED5C7A25EE275A05F11C009A
:10E47400B0EE467AF0EE466A05F58E7C0246574FBA
:10E484001FE037EE057A32F9023BB4EE667A07EE06
:10E49400903AF1EE10FAF8EEE77A48BFF0EE476AE8
:10E4A40067EE877AFDEEE77A17EE903AB3F5004F00
:10E4B40019B231DA13F5004F5EDB944524F8021FDC
:10E4C40030D0B4EEC86AF1EE10FADADC78EE475ACE
:10E4D400D5ED4B7AA5EEA77AD5E79FED417A4FF4B7
:10E4E400807295F81C3166EE876A86EEA78A002B47
:10E4F400ABD105F11C0018F08BF94FF07E530122CB
:10E504003046C5F8203185F81C2141B0BDEC028BA2
:10E51400BDE8F04016F0AABF47F6FF71944524F811
:10E52400021FCED1F7EE007A85ED487AB4EEC86AC0
:10E5340095ED4C7AA6F802114FF4807277EEE67AE4
:10E544006946F1EE10FAB4EEE77AC8BF85ED488A61
:10E55400F1EE10FA48BFC5ED4C7A18F059F9284687
:10E564000022314616F0AAFF304641B0BDEC028BC2
:10E57400BDE8F04016F07ABF39469EE79FED195A80
:10E5840074E795F81C311BB941B0BDEC028BF0BDAA
:10E5940016F016FF05F11C07044668B14FF48072AB
:10E5A4003946043018F034F928463246214616F02C
:10E5B40085FF204616F05AFF00214FF4807238463A
:10E5C40085F81C1141B0BDEC028BBDE8F0401DF094
:10E5D400FDB900BF000000380000003C0080FFFFD0
:10E5E4000000004700000000DFED0B7AB4EEE70AFC
:10E5F400F1EE10FA04D5B0EE670A80ED490A7047CF
:10E60400F7EE007AB4EE670AF1EE10FA37FE800AEC
:10E6140080ED490A704700BF0AD7233CB3EE047A61
:10E6240010B5B4EEC70A0446F1EE10FA17D49FED04
:10E63400157AF0EE407AB4EEC70AF1EE10FA13DD63
:10E64400F0EE477A9FED100AC4ED4A7A1BF008F900
:10E65400F7EE007A37EEC00A84ED4B0A10BDF0EEF7
:10E66400477A9FED0A0AEFE79FED097AFFEE006A09
:10E674009FED086A20EE077A27EE067A86EE870A6F
:10E68400E2E700BF00007A44C637BEB7929B94BA53
:10E694006F12833A00442C472DE9F04F00210446C1
:10E6A4002DED028B83B016F039FF002800F0E980CD
:10E6B400E26908EE100A002A00F0D180D4E90D13B3
:10E6C4005B1A04D09B1108BF012319446163D4E988
:10E6D4000F135B1A04D09B1108BF01231944E16393
:10E6E400D4E911156B1A04D05B1108BF0123194436
:10E6F4006164D4E913031B1A04D05B1108BF01231E
:10E704001844E0640D4300F0C180218C18EE103AE7
:10E71400A56A8E1E9F1C03F5817336040193B4F819
:10E7240022C094F824000CF1010C1FFA8CFC8C45D7
:10E7340028BF4FF0000CA4F822C0002800F08B8002
:10E744004FF00009C846C5F30E4009F101091AF05B
:10E75400CFFDE26B636B5FFA89FE80FB0202B4F8C3
:10E7640022C0C10B41EA42410B44B3F5803FB8BF1C
:10E774004FF48033B342A8BF334699B2BCEB234372
:10E7840001D5228C1344B3F1010A01D5228C9244A1
:10E79400E269206B32F9133032F91AA0284494F854
:10E7A40024B0AAEB030A20F00045F3458AFB0101DB
:10E7B4004FEA104040EA014003449844C3D8BBF1F7
:10E7C400010F3DD9A56A98FBFBF840464FEAE87E65
:10E7D400E36C02EB4C0CB7F9021003FB0EFE4FEA9C
:10E7E400E37900FB09EEA3FB00307044DB0B43EA42
:10E7F40040430B44B3F5004F2ADA13F5004F3EDBD8
:10E804001BB2A8EB0108606CACF8003088FB0080F8
:10E814004FEAD83848EA40484144B1F5004F14DA89
:10E8240011F5004F29DB09B2E36A27F8021F2B44D4
:10E8340023F00045019BBB42A5620FD0218C6EE7FB
:10E8440040464FEAE87EA56AC2E747F6FF71EBE768
:10E8540047F6FF73D5E786468046B9E7002220468F
:10E8640018EE101A16F02AFE18EE100A03B0BDECCA
:10E87400028BBDE8F04F16F0F9BD1349D4E7124BF3
:10E88400BFE703B0BDEC028BBDE8F08F18EE103A81
:10E89400991C03F58176638C1046258C01339BB259
:10E8A4009D4294BF002302EB4300638431F9023F8D
:10E8B4008E420380EFD1D4E90A31002203EBC11365
:10E8C40023F00043A362CAE70080FFFFF8B50026E7
:10E8D400C0E9076629B30F2A0E4617468CBF0021EC
:10E8E4000121F1B91D460446520030461DF06EF870
:10E8F400032D2B46DFED0C6A28BF03230120E661BC
:10E90400012B278438BF012307EE903A84F8243082
:10E91400B8EE677AC6EE877AFCEEE77AC4ED0C7A35
:10E92400F8BD0020F8BD00BF0000004FB5EEC00ADE
:10E93400F1EE10FA0AD4F7EE007AB4EEE70AF1EE3B
:10E9440010FA06DD47F6FF7383647047002383647F
:10E954007047DFED047A20EE270AFDEEC07A17EE49
:10E96400903AF1E700FEFF46B5EEC00AF1EE10FA68
:10E974000AD4DFED0B7AB4EEE70AF1EE10FA06DD05
:10E9840046F6CB4303657047002303657047DFED0C
:10E99400057A20EE270AFDEEC07A17EE903AF1E7E9
:10E9A4009A99593F00FEFF46B5EEC00AF1EE10FAFF
:10E9B40009D4F3EE047AB4EEE70AF1EE10FA05DDB9
:10E9C400094BC36270470023C3627047DFED077AC7
:10E9D4009FED077A20EE270AC0EE077AFCEEE77A6D
:10E9E40017EE903AEDE700BF5BDC0E000000004F2D
:10E9F40000442C47B5EEC00AF1EE10FA09D4DFED5D
:10EA04000E7AB4EEE70AF1EE10FA05DD0B4B03645F
:10EA140070470023036470479FED097ADFED097A9C
:10EA240020EE070A20EE270AF0EE407AFEEEC87ABE
:10EA340017EE903AEBE700BF0000FA4300002256BD
:10EA44006F12833A00442C47B5EEC00AF1EE10FA77
:10EA540009D4DFED0E7AB4EEE70AF1EE10FA05DD23
:10EA64000B4B836370470023836370479FED097AE0
:10EA7400DFED097A20EE070A20EE270AF0EE407A4D
:10EA8400FEEEC87A17EE903AEBE700BF0000FA43B7
:10EA9400000022566F12833A00442C4738B50A20EE
:10EAA400022517F0B7FB00242146032017F0DEFFF0
:10EAB4002146042017F0DAFF21460520013417F01F
:10EAC400D5FF042017F0A6FBFF2CEDD1142017F07E
:10EAD400A1FB2146032017F0C9FF2146042017F0AB
:10EAE400C5FF2146052017F0C1FF042017F092FB53
:10EAF400013CEED1142017F08DFB012D01D001252E
:10EB0400D1E738BD08B50A2017F098F9102017F09E
:10EB1400C5F901210D2017F037FC01210D2017F054
:10EB2400F7FB0121032017F02FFC0121042017F02B
:10EB34002BFC0121052017F027FC094B1B780BB196
:10EB4400FFF7ACFF0221002017F01EFC002105484E
:10EB540016F0CCFB64210348BDE8084016F060BB06
:10EB640009E30020E8080120014816F0B1BB00BF0A
:10EB7400E808012070B5041E2BDD194BE517194A6E
:10EB840083FB0413C5EB630303EB4303A4EB83038D
:10EB940052F8236036B130461DF0C2F901463046C2
:10EBA4001AF076FA0E4B104883FB0423C5EB63017D
:10EBB400013916F08DFF01210C481AF069FA21463B
:10EBC400094816F085FF01210948BDE870401AF094
:10EBD4005FBA01210748BDE870401AF059BA00BF76
:10EBE400ABAAAA2A4C9D002050CE0020D8160020A3
:10EBF40030C60020949D002080F8A110704700BF0B
:10EC04002DE9F04FD0F8ACA000212E4A83B0DAF8F9
:10EC140000308446D0F8A85000F10C04082BDFF82B
:10EC2400AC8001954FF00106A8BF08232D68264F3C
:10EC340023EAE373A0F8401080F84E1003EB83033B
:10EC440002EBC30E0A230A46AEF1040E00EB0309DD
:10EC5400037001E0B0F840205EF8043FE9180CF8B6
:10EC6400013F81F30701A7FB01B308EB810BDB082C
:10EC7400DBED007A03EB4303FDEEE77AA1EB8303BC
:10EC840017EE901A22FA03FB44F8041F06FA03F164
:10EC94001BF0010F41EA020109D190F84E20A0F8BF
:10ECA4004010511C024480F84E1082F84230CC458A
:10ECB400D0D1019B1B680365DAF80030436503B0CB
:10ECC400BDE8F08F80990020ABAAAAAA78E00020C2
:10ECD400002958DD30B405780DB300F10C0C002385
:10ECE40003E00133DCB2AC4219D25CF8044FA14218
:10ECF400F7D1D0F8A8101844096890F901300B44F2
:10ED040083F3070302B11360224AA2FB0312D20861
:10ED140002EB4202A3EB8203D8B230BC704707EE89
:10ED2400901A4FF0FF301C490023F8EEE76A9FED7C
:10ED34001B7AF1EC017A77EEE67AF0EEE77AF4EEFC
:10ED4400C77AF1EE10FA02D5B0EE677A18460133AD
:10ED5400802BEED1431C0ED002B11060104AC317B1
:10ED640082FB0012C3EB620303EB4303A0EB8300BB
:10ED740030BCC0B2704722B10023FF2030BC136006
:10ED84007047FF20C9E71AB10023FF2013607047C2
:10ED9400FF207047ABAAAAAA78E00020CAF2497102
:10EDA400ABAAAA2A2DE9F04FB0F8404083B0CC407A
:10EDB400E40746D52A4F00269A7202EBC202197064
:10EDC4001744DE7297F8088083F80180B8F1000FC9
:10EDD40043D003F1010A234C0233D146019317F9BE
:10EDE400015B97F903C065452BDC6A18B0F840E075
:10EDF40084FB023BD31708E001356DB26A18AC45B9
:10EE040084FB023B4FEAE2731BDBC3EB6B0303EBB4
:10EE14004303A2EB8303DAB22EFA02FB1BF0010FC9
:10EE2400EAD0002B0DDB86B1019D06F1FF3E55FAB9
:10EE34008EFE554601E0754507D015F801CF94457F
:10EE4400F9D1002003B0BDE8F08F09F8013F89F83B
:10EE540004600136F6B2B045C1D10120F2E700BF2B
:10EE6400BC9C0020ABAAAA2AF0B5D0F8B45000F19B
:10EE7400780C0E4B2D6890F8A04085F302050C4FDA
:10EE84000C4E03EB850E00F17C051EF8013B4CB9DA
:10EE9400F35C0CF8013FAC45F7D1793004230860EA
:10EEA4001370F0BD012C18BFFB5CF2E7349D002009
:10EEB400889D00207C9D002090F84E3010B50BB149
:10EEC40090F84230002203240B7013468A724C706F
:10EED400CA7290F84E405A005FFA83FE84B1B2FBC6
:10EEE400F4FC04FB1C22024492F8422001EB030CC4
:10EEF4000133032B8CF802208CF806E0E9D110BD15
:10EF04004FEA8E02D2B2F1E72DE9F04F2DED028BDC
:10EF14008FB0064600270DF11B0207A9FFF7A4FFD7
:10EF2400D6F8A830B94AB8461B68B14682FB03211B
:10EF3400DA17C2EB610202EB4202A3EB82034FF049
:10EF440000420C330292B24ADBB2A2FB0312D20893
:10EF540002EB4202A3EB820396F84E20DBB2049349
:10EF6400002A00F04F8100234746039305934B4446
:10EF740093F8423008EE103A002F40F0FF809DF8DD
:10EF84001B30009323B300260DF12C0832460FB931
:10EF9400079B9A5D99F9A330002B02DBDBB2934205
:10EFA4000FD1434618EE101A4846FFF7FBFE0190B6
:10EFB40038B199F888E0BEF1FF0F36D1012F00F285
:10EFC400B2800136009BF2B29342E0D899F84E2009
:10EFD400039B01330393DBB29A42C8D8059BB8461E
:10EFE40083F00103DBB208F101015FFA81F8B8F1A3
:10EFF400020F01D8002BB3D1059B4E46002B00F025
:10F00400098106F1580306F1640493E8070084E8D3
:10F01400070008AA07CA83E80700336F0133336780
:10F024000FB0BDEC028BBDE8F08F9DF82DA0BAF1B6
:10F03400000FC3D00DF12D0C0DF12E040AF1FF3099
:10F04400634654FA80F101E08B42B7D013F8012FE4
:10F054007245F9D199F890204FF00103FF2A8DF8F9
:10F0640037307ED1002599F865B009F16603002494
:10F074000BF1FF3053FA80F05B46AB461D461CF89B
:10F08400011F55B109F1650301E0834205D013F86E
:10F09400012F8A42F9D10BF1050B0134E4B2544536
:10F0A400EDD3AAF104002B465D46B0FA80F09B46EE
:10F0B40040099DF82C10BBF1000F0AD099F8643078
:10F0C4008B4206D19DF8362099F86E309A4208BFDB
:10F0D400123D049BCA1A4E4B0C32A3FB0243DB08BD
:10F0E40003EB4303B2EB83032CD1083599F8A0302A
:10F0F400032B01D1002861D1022F02D1BEF1FF0FF1
:10F104003FD10521002016F00DFE029B28449842B1
:10F114007FF757AF019B0290059308AB98E807006F
:10F1240083E807004DE799F8902000239DF82DA06F
:10F13400FF2A8DF837300BD1BAF1000F5AD00DF1F8
:10F144002D0C8FE703F0FD03052B08BF0535CDE734
:10F15400BAF1000F4ED00DF12D0C0DF12E040AF171
:10F16400FF3054FA80F0634602E083423FF47AAF02
:10F1740013F8011F9142F8D10E2574E70923009377
:10F1840001E7BAF1000F3BD00DF12D000C24002350
:10F1940010F8011F0133B1EB0E02DBB248BFAEEB36
:10F1A4000102062AC8BFC2F10C029442C8BFD4B2FD
:10F1B4005345EDD304EB44042D1BA2E79DF83130F5
:10F1C400124A5B1A0C3382FB0321DA17C2EB610289
:10F1D40002EB4202A3EB820303F0FB02DBB2022A3E
:10F1E40001D00B2B00D10635022F8AD1BEF1FF0FBF
:10F1F40087D0C9E7002099F865B00546824658E7EC
:10F204002424D9E701230592EDE600BFABAAAA2A7C
:10F21400ABAAAAAA08A94846FFF74EFEF1E600BF2A
:10F2240038B5C0E92B23C0F8A8103B23252145227B
:10F2340000250446C0E925131E4B0570A0F8405074
:10F2440080F84E50C0F88450C0F88C50C0E9272391
:10F254004FF0FF331022C0E91433C0F8803080F837
:10F264008830049B80F87820FF22C0F8C430059BC6
:10F2740080F89020C0F8B430069BC0F8B830079BE3
:10F28400C0F8BC30089BC0F8C030099BC0E91C55CD
:10F29400C0F8C83080F8A4508565C5650566456624
:10F2A4008566C566FFF7ACFCFFF72EFE2046656752
:10F2B40038BD00BF0101FFFF252238B5C0F89420F6
:10F2C4004FF0FF333B220025C0F88030044680F81D
:10F2D4008830FF23C0F8982045224566C0F89C205A
:10F2E400856680F89030C566FFF78AFCFFF70CFE50
:10F2F400656738BD2DE9F04F9DB09A4C894602EB05
:10F30400420204930646984B4FF0000B615C13F8DD
:10F314000930009101EB820103EB820490F859E07B
:10F324008C46DFF84CA2DFF85482019306910794CF
:10F33400BEF1000F00F0E28001270022791E56FA88
:10F3440081F191F85A30A3EB0C038AFB0305D8171B
:10F35400C0EB650000EB4000A3EB80030C33A8FB7B
:10F364000350C00800EB4000A3EB800363449C42BD
:10F37400C0F2B1800F2A00F2AE8091F85E500CA961
:10F3840001EB820002F12001694440F8043B0C3394
:10F39400013201F8015B9C42D2B201DB0F2AF4D99D
:10F3A400774503D20137102AFFB2C7D106EB890390
:10F3B400D3F8941005930291B9F1000F40F0BB808B
:10F3C4004FF0FF3A059BD3F898B0002A00F0BE80B6
:10F3D400531E0DAA31460CAFDBB20DF1200802EB2F
:10F3E40083036FF0004201924FF0FF321E460B463A
:10F3F40003925E4A14E098F8001001B90535032120
:10F404000020009316F08EFC019B2844574A984232
:10F41400009B01DA01900394B74208F1010870D00F
:10F42400BAF1000F57F8044B04DB12F809105144E9
:10F43400A142F1DCBBF1000F07DB09F10101C9B204
:10F44400515CABEB0101A142E6DBD3F88410002947
:10F4540029DD601A48BF081B454981FB0015C11707
:10F46400C1EB6501434D01EB4101A0EB81010B317F
:10F4740025FA01F1C907CFD40028CDD093F8631041
:10F4840089B9A1F1553101F1004181FB0410E11763
:10F49400C1EB600193F8880001EB4101A4EB810109
:10F4A400C9B28842B8D00299651A002DB8BF6D421E
:10F4B400A142049908BF063500299CD1B9F1020F75
:10F4C40030D0B9F1010F9AD198F8001011F0FD0F66
:10F4D40095D0033593E77745FFF464AFB2FA82F32E
:10F4E4005B098BF001014FF0010B0B423FF45EAF5F
:10F4F400DDE900C4BEF1000F7FF41EAF72460123A4
:10F50400EFE7039B002B21DB039B1B4A83F30703D9
:10F51400059902EB8302C1F8943092ED000A1DB004
:10F52400BDE8F08F98F8001001F0FD0101293FF4C7
:10F5340066AF033563E7B9F1010FD3F890A03FF448
:10F5440041AF4FF0FF3B002A7FF442AF029B002BF8
:10F5540005DCDDE906329B1848BF01335B100393D9
:10F56400D2E700BF489D0020449D002020360020A3
:10F57400ABAAAA2A0010400078E00020ABAAAAAAED
:10F5840010B5182290F858C040F2E73E24240E48E3
:10F59400A0FB0213A2F12401DB0803EB4303A2EB5B
:10F5A4008303DBB2634506D10029B8BF49427145E4
:10F5B40001DA14468E460132312AE9D1034B03EBBA
:10F5C400840393ED000A10BDABAAAAAA78E0002038
:10F5D40090F85930022B42D9D0E925239A423EDCD7
:10F5E400D0F89C2093423ADAD11A022937DDD0F8B8
:10F5F4008410002935DD581A10B448BFC81A1B4CB2
:10F60400C31784FB00C4C3EB6403194C03EB43032B
:10F61400A0EB83030B3324FA03F3DB0723D410B3E7
:10F62400B2EB010C124848BFA1EB020C0F4A4FEA9F
:10F63400EC7382FB0C12C3EB620303EB4303ACEBEE
:10F6440083030B33D84000F00100BCF1000F08BF66
:10F6540040F0010080F001005DF8044B7047002089
:10F664007047012070470020F6E700BFABAAAA2A22
:10F67400001040002DE9F04790F888100446FF2957
:10F6840000F0F98090F859707FB100F15A02013FFF
:10F6940000F1590352FA87F702E0BB4200F0EB8015
:10F6A40013F8012F8A42F8D101270B21774819F06A
:10F6B400EFFC00230A22216F754816F031FA072166
:10F6C400744819F0E5FC00230A2294F87810704875
:10F6D40016F026FA0621704819F0DAFCDFF80482E5
:10F6E40094F8583058F8235035B128461CF018FCCB
:10F6F4000146284619F0CCFC0321684819F0C8FCDF
:10F70400674B94F8622053F8225035B128461CF018
:10F7140007FC0146284619F0BBFC0821614819F092
:10F72400B7FC94F859202AB34FF0000ADFF8B891D7
:10F73400554601E095421DD263190AF1010A93F876
:10F744005A3058F8236030463EB11CF0E9FB0146BC
:10F75400304619F09DFC94F859206B1C5FFA8AF529
:10F764009342E7DA0121484619F092FC94F85920B3
:10F774009542E1D30A214C4819F08AFC00230A225D
:10F7840094F8A010424816F0CBF90621474819F026
:10F794007FFC94F88830FF2B74D058F8235035B18F
:10F7A40028461CF0BDFB0146284619F071FC0121D6
:10F7B4003F4819F06DFCD4F88010354816F088F9EC
:10F7C40003213C4819F064FC04213B4819F060FC17
:10F7D400002F3A4B14BF03210221394808BF1846B1
:10F7E40019F056FC2A4816F07FF90D21354819F016
:10F7F4004FFCD4F89400FFF7BDF90421324819F006
:10F8040047FCD4F89800FFF7B5F904212F4819F004
:10F814003FFCD4F89C00FFF7ADF90621234819F00A
:10F8240037FCD4F88400FFF7A5F907212848D4E968
:10F8340025239A4203DCD4F89C2093421DDB19F063
:10F8440027FC0321234819F023FC0721224819F03F
:10F854001FFC2046FFF7BCFE204A00281D4B15BFA5
:10F86400022103211046184619F012FC0848BDE88D
:10F87400F04716F039B9002717E719F009FC0221FF
:10F884001648E0E70121164D8EE700BFF0A10020E5
:10F8940050CE0020FCA1002004A200200CA20020D5
:10F8A400109D002010A200201CA2002028A20020ED
:10F8B400D816002034A2002038A2002058180020B6
:10F8C4005418002050A2002060A2002068A200204A
:10F8D40040A20020E8A1002048A20020ECA10020C2
:10F8E400949D00204C9D002030A20020D0F8A82038
:10F8F40038B512680446036D9A4205D1D0F8AC209D
:10F90400436D12689A4202D02046FFF779F994F9C0
:10F91400A230002B25DA94F8A030D4F8C420022BAE
:10F92400D2ED007A0AD9032B1CD19FED587AF4EE5C
:10F93400477AF1EE10FA48BF022313E09FED547AA0
:10F94400F4EEC77AF1EE10FA77DC022B00F0848033
:10F954009FED507AF4EEC77AF1EE10FA71DD0223CE
:10F9640000E0DBB2D4F8B82084F8A0301368022B8E
:10F974000CBFD4F8C030D4F8BC301968D4F8803047
:10F984008B421AD004F184022046C4F88010FFF799
:10F994009FF9D4F8C83084F888005BB1186848B17E
:10F9A400F8F79CFD011E05DD04F18C022046FFF7EB
:10F9B4008FF900E0FF2084F89000374D2868002874
:10F9C4003AD000210CF020FAB0B32A684FF4C07387
:10F9D40051791079D268B3FBF1F300FB03F3B2FB66
:10F9E400F3F360B394F87810B1FBF0F1012938BF58
:10F9F4000121626F9A1A8A421ED394F8A420636785
:10FA0400082A0FD0A2F11000B0FA80F0400948B9DA
:10FA140094F8A030C3B3032B03D0022116F082F96B
:10FA240090BB0822204684F87820FFF76DFA19F07D
:10FA34003BFBB0F5007F22DA38BD032392E70121B6
:10FA4400D7E793B99FED157AF4EEC77AF1EE10FA81
:10FA5400CCBF0123002385E79FED117AF4EE477AAA
:10FA6400F1EE10FA48BF01237CE79FED0E7AF4EE25
:10FA7400C77AF1EE10FA54BF0123002372E720463F
:10FA8400BDE83840FFF7F6BD1022CBE7C3F5683F69
:10FA9400EB51783FB81E453F608F01206666E63E15
:10FAA40090C2353F14AEC73E2DE9F0411E461746BD
:10FAB40044F620634FF4FA52002588460821044690
:10FAC4000570C0E901230F23C0E9031312201A2390
:10FAD4002946C4E905033E4B04F12000E36112F01A
:10FAE40055FC3C4B4FF42F7C2946636304F15400CE
:10FAF400A363394B84F830502364384BE663636462
:10FB04004FF46173C4E912C34FF4E163236512F047
:10FB14003DFC294604F17000A4F86450A56684F8FD
:10FB24006C5012F033FC2E4B294604F19400C4F8B7
:10FB34008830C4F88C30C4F890302A4B84F8805054
:10FB4400C4F8843012F022FC169BC4F8C06020462E
:10FB5400C4F8A430069BC4F8AC50C4F8C430079B66
:10FB6400214AC4F8C830089BC4F8CC30099BC4F8B7
:10FB7400D0300A9BC4F8D4300B9BC4F8D8300C9B0B
:10FB8400C4F8DC300D9BC4F8E0300E9BC4F8E430BC
:10FB94000F9BC4F8E830109BC4F8EC30119BC4F8F8
:10FBA400F030129BC4E92E87C4F8F430C4F8B45082
:10FBB400139BC4F8A820C4F8F830149BC4F8FC3094
:10FBC400159BC4F80031012384F8B030BDE8F081FE
:10FBD4000AD7A33CCDCC4C3E9A99993ECDCC0C3F50
:10FBE400000080BF00008C4200005C4390F8641069
:10FBF40001B1704710B5012304465430A4F86430B1
:10FC040012F0DEFBD4ED127AE16BF8EE677A94ED34
:10FC1400117AF5EEC07AF1EE10FA48D9F7EE006ADF
:10FC2400B4EEE67AF1EE10FA22DD394A9FED397A24
:10FC340067EE877AFDEEE77A17EE903A8BB372B6E9
:10FC4400C8690A6290425CD080FAA2F4EFF3008C97
:10FC54001CF0006F40D0012B04D092FBF3F490FB16
:10FC6400F3F3E41A8CB34C6201230B7662B610BD35
:10FC7400FFEE006AB4EEE67AF1EE10FA2FD4DFED6F
:10FC8400256A67EEA67AFDEEE77A17EE903ADFED85
:10FC9400227A27EE277AFDEEC77A17EE902A002BF8
:10FCA400CDD172B60023CA610B7662B610BDF7EEF1
:10FCB400007AB4EEE77AF1EE10FA12DD144B72B664
:10FCC4000022CB610A7662B610BD9042B4BF012017
:10FCD4004FF0FF304862C7E794FBF3F4C2E70F4AE2
:10FCE400A4E7FFEE007AB4EEE77AF1EE10FA0CD452
:10FCF400DFED097A27EE277AFDEEC77A17EE903A00
:10FD0400DDE700230B7662B610BD044BD7E700BFD6
:10FD14000000FF7F6666304200FEFF4E0000018057
:10FD240010B540F2766C4FF48A71124A044640F6DC
:10FD34009D03D0F8CC00A0F82AC0C1850263838655
:10FD440012F07EFF00234FF480304FF00B0CD4E907
:10FD54003421538650621362074881F83832D4F84C
:10FD6400D820CB6244F29A01A2F82AC09186C2E953
:10FD74000B0310BD4033333300009A40DFED777A34
:10FD8400F4EEE70A10B5F1EE10FA044610D4F7EEDB
:10FD9400007AF4EEE70AF1EE10FA40F3B680DFEDF4
:10FDA400707ADFED700A9FED707ADFED706A07E01C
:10FDB400DFED6F7ADFED6F0A9FED6F7ADFED6F6A2B
:10FDC400B5EEC00AD4F8D420C4ED216AF1EE10FADD
:10FDD40000F1C180DFED6A6AB4EEE60AF1EE10FAD2
:10FDE40074DD684B5362DFED686AD4F8D01020EEFE
:10FDF400260AB5EEC00AF1EE10FA00F1A980DFED93
:10FE0400606AB4EEE60AF1EE10FA51DD5D4BCB61A7
:10FE1400DFED5E6AB4EEE67AF1EE10FA09DCF3EE99
:10FE24000E6AB4EEE67AF1EE10FA5ED542F6AA2333
:10FE340001E04FF44813F5EEC00A0121936282F801
:10FE44003912F1EE10FA00F18180B7EE007AF4EE87
:10FE5400C70AF1EE10FA51DD4FF48033F5EEC07AA3
:10FE6400D4F8D810D362F1EE10FA6BD49FED487A2F
:10FE74004FF6FF7267EE877AFCEEE77A17EE903A58
:10FE84000733DB089A4228BF1A4692B2CA85002B70
:10FE940058D0012304F170008A86002184F8803050
:10FEA40012F08EFAD4F8D800BDE8104012F0C8BEA3
:10FEB400DFED386A334820EE260AFCEEC06A16EEFF
:10FEC400903AC1ED076A8342A0D8A1E7DFED316A19
:10FED4002C4960EE266AFCEEE66A16EE903AC2ED14
:10FEE400096A8B423FF67DAF7DE7DFED2B6A27EE93
:10FEF400267ABCEEC77A17EE103A9CE7B0EE607A29
:10FF0400BEEEC87A17EE103AA8E7DFED246A9FED3B
:10FF1400246ADFED247A9FED247AE0EEA67A9FED41
:10FF2400115AA0EE867ADFED116A9FED0F6A60EE3A
:10FF3400850ADFED0B5A67EEA66A27EE067A67EEAE
:10FF4400A57A3DE701231A46CB85A2E7002385E77E
:10FF54000023CB615CE70023536244E7CDCC4C3DE6
:10FF640000803B458FC2F53C0000D24300008C4228
:10FF74000010B344A69BC43A33B30C4333B30542D5
:10FF84000044AC460000FE7F9A99993F00A00C46BD
:10FF940066663042C637BE47610BB643CDCC0C3FD4
:10FFA4003333333F6666E63E9A99993E38B590F806
:10FFB4006C308B4242D004460D4680F86C10C1B1BF
:10FFC4000023D0E92E12D0F8CC004B620B215362EF
:10FFD40001234FF080424185C38540F2B913026387
:10FFE400838612F055FED4F8CC00BDE8384012F0F8
:0CFFF40027BED0F8D80012F04BFED4F865
:02000004600199
:10000000D420104BD562186884F880500AF098FB11
:10001000D4F8CC004FF48A7340F276610A4AC38563
:1000200040F69D0341858386026312F033FED4F8C7
:10003000CC0012F007FE054BC4F89030C4F88830AD
:1000400038BD00BFB08A012040333333000080BF89
:100050000000000070B500F1200504462DED028B74
:10006000D0E9010184B015F05FFE0146284612F088
:10007000C3F9002840F09E82D4ED0E7A94ED0D7AFB
:10008000D4ED076A37EE677AE6EE877AC4ED0E7A2A
:1000900094F86430002B40F0418194ED0E8AD4E94D
:1000A0003E231B68D2ED007A032B00F05581914866
:1000B00015F0FEF8002840F06D812578012D04D060
:1000C000022D4FF0FF3518BF0025D4F8EC30D4EDE9
:1000D0002A8A1B78042B00F0828100212046FFF73A
:1000E00067FFD4ED227AD4F8F420F4EE687AF1EECA
:1000F00010FA00F0EA80F5EEC08AD2ED007AD4F86A
:10010000B830F1EE10FA00F1F2809FED7B7AF4EE58
:10011000C78AF1EE10FA40F34D837849D96178EE41
:10012000E77AD4F8BC10F5EEC07AF1EE10FA00F1DF
:100130002F839FED717AF4EEC77AF1EE10FA40F357
:100140002A836E4BCB61C4ED228A1368C4F88C30CD
:10015000D4ED247A9FED6A7A78EE677AF0EEE77A4A
:10016000F4EEC77AF1EE10FA00F39082D4E92E3261
:10017000D4F8EC100978012900F0638200200229EC
:10018000186200F0A383588640F66933D4F8C8108B
:1001900010625086CB61D4F80031002B00F0E5816D
:1001A00093F8BF20002A00F0E08193F8BD30002BC7
:1001B00000F0DB81D4F8A430002B00F0E98193F843
:1001C000A1602EB1D4F8AC601B6FF61A18BF0126DF
:1001D0004C4B1868002800F0E18101210BF016FE5D
:1001E000002800F0DB810023D4F8A40084F8B030AC
:1001F00020B190F8A120002A40F07483052100204E
:10020000D4F8E85015F090FDD4F8E820D4F8DC30AC
:100210002860126803EB8203D3ED007A2378F8EEAE
:10022000E77A012BC4ED2A7A00F06683022B00F0F6
:10023000D78294F86450002D00F012834FF4487177
:100240000020D4F8CC5015F06FFD07EE900AF8EEC0
:10025000E77AF5EEC07AF1EE10FA00F1EF819FED4A
:100260002A7A4FF6FF7267EE877AFCEEE77A17EE8E
:10027000903A0733DB089A4228BF1A466A85002B5A
:1002800000F0DC81214DD4F8CC0012F003FDD4F84D
:10029000CC0012F0D7FC94ED2A0A28680AF0D8F8AE
:1002A0000246F6EE000A2868B0EE480A03920AF009
:1002B00009F9034628680321039A851D00950AF071
:1002C00081F904B0BDEC028B70BD94ED237AD2EDC0
:1002D000007AF4EE477AF1EE10FA3FF439AFF5EE1A
:1002E000C08AD4F8B830F1EE10FA7FF50EAF0021D5
:1002F000D96114E7E80801200044AC460000FE7F05
:100300000AD7A33B608F012066663042B08A012085
:100310009A99193FCDCCCC3E9A99593F04F154009B
:1003200012F05EF894F86530002B00F0ED81D4E90E
:1003300012231344226D13449842FFF4AEAE0023FF
:1003400094ED0E8AA4F86430D4E93E231B68D2ED04
:10035000007A032B7FF4ABAE1FED137AF4EEC77A6D
:10036000F1EE10FA7FF7A3AE77EEC77A5FED175A7A
:10037000B7EE007A5FED186ABA4887EEA56AF0EE2C
:10038000477AE6EE667A28EE278A14F091FF002875
:100390003FF493AE0521012015F0C6FCD4F8F020FF
:1003A000C3B212789A4202D103F003030133D4F8A6
:1003B000EC2064210020137015F0B6FC042840F3F3
:1003C0000B82182840F39D8200231D462370D4F829
:1003D000EC30D4ED2A8A1B78042B7FF47EAE94F89F
:1003E0006C30BBB90122D4E92E0184F86C20436241
:1003F0004B624FF08043D4F8CC000B21036340F2F2
:10040000B913C2854185838612F044FCD4F8CC0030
:1004100012F018FC94F88030002B40F0E881D4F8FA
:100420000031002B00F00F8293F8BF20002A00F06B
:100430000A8293F8BD30002B00F005828A4E3068A6
:1004400000283FF43EAF00210BF0E0FC00283FF411
:1004500038AF31684FF4C07348790A79C968B3FB83
:10046000F0F302FB03F3B1FBF3F3002A40F05482F4
:100470000122D4F8B410591A9142FFF422AF64213A
:100480000020C4F8B43015F04FFC3B287FF719AFBB
:10049000D4F8A40020B190F8A130002B40F0FC82E9
:1004A00005210020D4F8E85015F03EFCD4F8E820EF
:1004B000D4F8DC302860126803EB8203D3ED008AA5
:1004C0002378F8EEE88A012B00F0EE82022B03D1AC
:1004D000F6EE007A68EEA78A6421002015F024FC6D
:1004E000272800F3C8821921002015F01DFC07EE13
:1004F000900A9FED5E7AF8EEE77A9FED5D8AA7EEAF
:10050000878A5C4DF0EE480AB0EE680A2046FFF795
:1005100037FCB0EE680A286809F09AFFDFED567ADA
:100520000246286868EE277A0321841DFCEEE77AEC
:10053000009417EE903A0C33DBB20AF043F8DFED8B
:100540004F6ADFED4F7A9FED4F7AE8EE267A286802
:1005500067EE877AFCEEE77A17EE901A04B0BDECEE
:10056000028BBDE870400AF0E1B8D4F8C430464AC6
:100570009A61A2F5DA42283ADA614FF000525A62E3
:1005800046F266630B62D4F8A430002B7FF417AEFA
:100590001E46354B186800287FF41FAE94F8B03023
:1005A000002B7FF420AE002E7FF41DAE04B0BDEC16
:1005B000028B70BD0021284611F004FF94F8303002
:1005C00083F0010384F83030002B40F00281D4E93D
:1005D000030115F0A9FB07EE900A94ED0E8AB8EE20
:1005E000E77B94F830309FED1D6B27EE067BB7EE6E
:1005F000C77BD4ED077A77EE486A84ED0D7AA6EED4
:10060000A78A84ED0E8A002B3FF442ADA36E002B27
:100610003FF43EAD94F86420002A7FF47FAE93F857
:10062000640000287FF43BAD642115F07DFB272892
:100630003FF72EADA06E00F0C9FA29E501236B85C6
:1006400020E600211962598603231162538641F284
:100650000533D4F8C810CB619DE500BF7B14AE47CD
:10066000E17A843FE8080120608F01200AD7233C0B
:10067000CDCC4C3EB08A01200000C842CDCC0C3F0E
:100680006666E63E00803B454098780504F1940696
:100690003221304611F0B0FE00283FF467AD002152
:1006A000304611F08FFEB5EEC08AD4F8B830F1EEC6
:1006B00010FA00F18181F7EE007AB4EEE78AF1EEEC
:1006C00010FA40F364814FF48032B7EEC87A5A6270
:1006D000D4F8BC209FEDC56B27EE067BB7EEC77B39
:1006E000B5EEC07AF1EE10FA00F16881F7EE007A0B
:1006F000B4EEE77AF1EE10FA40F370814FF48031F6
:10070000516284ED248A33E5D4E9123213449842CD
:10071000FFF410AED4ED147AE16BF8EE677A94ED45
:10072000107AF5EEC07AF1EE10FA40F24981F7EE58
:10073000006AB4EEE67AF1EE10FA40F30281AD4AB7
:100740009FEDAD7A67EE877AFDEEE77A17EE903A85
:10075000002B00F0108172B6CD690A62954200F05C
:10076000868185FAA2F6EFF3008C1CF0006F00F092
:100770006681012B04D092FBF3F695FBF3F3F61A96
:10078000002E00F055814E6201230B7662B6F7E031
:100790000023CB61D7E49FED997A994867EE877A79
:1007A000FCEEE77A17EE903AC1ED077A83423FF606
:1007B000C8ACC8E49FED917A914828EE877ABCEEE8
:1007C000C77A17EE101A83ED077A81423FF6A5AC7F
:1007D000A5E4D4E90501FCE601231D46237074E479
:1007E000B6EE007A67EE877AC4ED2A7A21E51C21FD
:1007F00004F1700011F000FE00283FF410AED4EDBB
:10080000217A9FED807AD4F8D420F4EEC77AF1EE05
:1008100010FA00F30A81B3EE0E7AF4EEC77AF1EE25
:1008200010FA00F111819FED787A67EE877AFCEE7D
:10083000E77A17EE903A93620121002382F8391289
:1008400084F88030EBE5D4F8C4307049704AC3E9CD
:1008500006127049D4F8C820596200231362EDE5EE
:10086000C8213220D4F8C06015F05EFA07EE900A75
:10087000F8EEE77AF5EEC07AF1EE10FA46D99FED80
:100880005E7A67EE877AFDEEE77A17EE903A002BF4
:1008900000F0848072B6604AF1693262914200F0E1
:1008A000C18081FAA2F0EFF300852D0146D55D1CD1
:1008B000022D04D992FBF3F291FBF3F3D01A002836
:1008C00072D070620123337662B6B7E40421598690
:1008D0005249D96241F66F63D4F8C810106250864D
:1008E000CB6158E4016F2A46C4F8AC100221FEF730
:1008F00003FD84ED2A0A9CE477EEA77AC4ED2A7AF8
:1009000097E402234FF0FF35237060E572B6424B47
:100910003576F36162B691E407EE902AF1EE006A53
:10092000F8EEE77A86EEA77AFCEEC77ACDED037A89
:100930009DF80C20012A38BF01229AE590FBF3F0C4
:10094000BDE7FFEE006AB4EEE67AF1EE10FA79D474
:10095000DFED296A67EEA67AFDEEE77A17EE903AA8
:10096000DFED2F7A27EE277AFDEEC77A17EE902A71
:10097000002B7FF4F0AE72B60023CA610B7662B62C
:10098000D4E9121301220B4484F86520D2E4F0EE7E
:10099000487AFEEEC87A17EE902A96E672B61E4A9C
:1009A0003376F26162B649E41B4B9942B4BF012130
:1009B0004FF0FF31716285E7002286E600219FE655
:1009C000F7EE007AB4EEE77AF1EE10FA3FDD094B6C
:1009D00072B60022CB610A7662B6D1E7F0EE477AB2
:1009E000FEEEC87A17EE901A8AE600BF9A99999996
:1009F0009999E93F0000FF7F66663042C637BE47DF
:100A00000000FE7F00A00C46610BB64340F95A1B64
:100A100060C9251B00721C47C0196626D05F0020E4
:100A200000FEFF4E357662B608E44FF4481302E745
:100A30009542B4BF01254FF0FF354D62A4E696FB09
:100A4000F3F69DE61A4A7BE642F6AA23F3E6FFEEAA
:100A5000007AB4EEE77AF1EE10FA1BD4DFED157AE6
:100A600027EE277AFDEEC77A17EE903AB0E700231B
:100A70000B7662B684E72821002015F055F907EEC1
:100A8000900A9FED0D7AF8EEE77A9FED0C8AA7EEBB
:100A9000878A36E5064B9BE701232A460221FEF7AB
:100AA0002BFCF0EE408A17E578EEA88A14E500BF2B
:100AB0000000018000FEFF4E0AD7233C9A99193F9F
:100AC0002DE9F0411E46174646F2A81342F2107275
:100AD000002588460A2104460570C0E90123102339
:100AE000C0E9031314201C232946C4E90503334B32
:100AF00004F12000E36111F04BFC4FF07A534FF406
:100B00002F7C294623644FF07C5304F1540084F871
:100B1000305063642A4BE6636363A3634FF46173ED
:100B2000C4E912C34FF4E163236511F031FC254B96
:100B3000294604F17800E36623676367A4F86450EC
:100B4000A56611F025FC139B1F4A2046C4F8883087
:100B5000069BC4F8A460C4F8A830079BC4F8905062
:100B6000C4F8AC30089BC4F89850C4F8B030099B66
:100B7000C4F8B4300A9BC4F8B8300B9BC4F8BC303E
:100B80000C9BC4F8C0300D9BC4F8C4300E9BC4F855
:100B9000C8300F9BC4F8CC30109BC4F8D030119BE8
:100BA000C4F8D430129BC4E92787C4F8D830012395
:100BB000C4F88C2084F89430BDE8F0818FC2753C75
:100BC000CDCC4C3E000080BF00005C4390F8641028
:100BD00001B1704710B5012304465430A4F86430C5
:100BE00011F0F0FBD4ED127AE16BF8EE677A94ED38
:100BF000117AF5EEC07AF1EE10FA48D9F7EE006AF4
:100C0000B4EEE67AF1EE10FA22DD394A9FED397A38
:100C100067EE877AFDEEE77A17EE903A8BB372B6FD
:100C2000C8690A6290425CD080FAA2F4EFF3008CAB
:100C30001CF0006F40D0012B04D092FBF3F490FB2A
:100C4000F3F3E41A8CB34C6201230B7662B610BD49
:100C5000FFEE006AB4EEE67AF1EE10FA2FD4DFED83
:100C6000256A67EEA67AFDEEE77A17EE903ADFED99
:100C7000227A27EE277AFDEEC77A17EE902A002B0C
:100C8000CDD172B60023CA610B7662B610BDF7EE05
:100C9000007AB4EEE77AF1EE10FA12DD144B72B678
:100CA0000022CB610A7662B610BD9042B4BF01202B
:100CB0004FF0FF304862C7E794FBF3F4C2E70F4AF6
:100CC000A4E7FFEE007AB4EEE77AF1EE10FA0CD466
:100CD000DFED097A27EE277AFDEEC77A17EE903A14
:100CE000DDE700230B7662B610BD044BD7E700BFEB
:100CF0000000FF7F6666304200FEFF4E000001806C
:100D000010B50E4940F6C52240F28A7E4FF48A7C27
:100D10000446D0F8AC0001638286A0F82AE0A0F86F
:100D20002EC011F08FFFD4F8A83005484FF00052C4
:100D300004495A62C3E9060110BD00BF4033333392
:100D400040987805182B780500000000F0B504469F
:100D5000C2482DED048B85B014F0AAFA002840F0AB
:100D60007882D4F8C03019784B1E012B40F2DE8116
:100D7000032900F0FA80042900F05083B7EE009AAE
:100D800004F12005D4E9010114F0CEFF0146284604
:100D900011F032FB002840F01282D4ED0E7A94ED6F
:100DA0000D7AD4ED076A37EE677AE7EE267AC4ED5E
:100DB0000E7A94F86430002B40F0818194ED0E8A15
:100DC000D4E934231B68D2ED007A032B00F095811F
:100DD0002278012A04D0022A4FF0FF3218BF0022E5
:100DE0009F4BD4ED238A1B68002B00F05782597962
:100DF000DF684FF4C073D4F88800B3FBF1F3D4F884
:100E00009810791A002800F0DB8290F8A15055B1B3
:100E1000D4F890504FEA530C066FAD1B18BF012554
:100E20008C4588BF002594F89460002E40F0A08087
:100E300007EE903AB6EE007AF8EEE77AA7EE897AF6
:100E4000FCEEC77A17EE903A012B38BF01238B4294
:100E500040F28E80002D40F08B80D4F8D8302BB13A
:100E600093F8C02012B193F8BD303BB9D4F8A83044
:100E70007C487D497D4AC3E906015A62D4ED1B7A5C
:100E8000D4F8CC20F4EE687AF1EE10FA00F002818A
:100E9000F5EEC08AD2ED007AD4F89C30F1EE10FA6B
:100EA00000F10A819FED727AF4EEC78AF1EE10FA32
:100EB0000CDC9FED707A704828EE877ABCEEC77A1A
:100EC00017EE101A83ED077A814201D96A49D96178
:100ED00078EEE77AD4F8A010F5EEC07AF1EE10FAC9
:100EE00000F1D9819FED627AF4EEC77AF1EE10FA43
:100EF0000CDC9FED607A604867EE877AFCEEE77A5B
:100F000017EE903AC1ED077A834201D95A4BCB6173
:100F1000C4ED1B8A13682367D4ED1D7A9FED577AC1
:100F200078EE677AF0EEE77AF4EEC77AF1EE10FA2F
:100F300000F30B81D4E92721D4F8C0301B78012BB2
:100F400000F0FA80022B00F02F82032B00F0628267
:100F5000042B00F04A8200230320136250860B62A8
:100F60004B8605B0BDEC048BF0BDB0EE009A07E7F0
:100F70000023C4F8987084F8943020B190F8A13020
:100F8000002B40F01F8207210220D4F8BC5014F03F
:100F9000CBFED4F8BC20D4F8B0302860126803EB44
:100FA0008203D3ED007A2378F8EEE77A012BC4EDC3
:100FB000237A00F02A82022B05D1B6EE007A67EE82
:100FC000877AC4ED237A94F86450002D00F0708184
:100FD0004FF47A710020D4F8AC5014F0A5FE07EE5F
:100FE000900AF8EEE77AF5EEC07AF1EE10FA00F129
:100FF000A0809FED237A4FF6FF7267EE877AFCEEB2
:10100000E77A17EE903A0733DB089A4228BF1A4670
:101010006A85002B00F08D801A4DD4F8AC0011F0D9
:1010200039FED4F8AC0011F00DFE94ED230A2868C7
:1010300009F00EFA0246F6EE000A2868B0EE480AF9
:10104000039209F03FFA034628680421039A00F14D
:101050000905009509F0B6FAFFE600BFE80801208F
:10106000608F012090298F0460EA8E04C0AAAA2A0A
:101070000044AC46C637BE470000FE7F0AD7A33BFC
:1010800066663042B08A01209A99193FCDCCCC3E99
:101090009A99593F94ED1C7AD2ED007AF4EE477A92
:1010A000F1EE10FA3FF438AFF5EEC08AD4F89C3078
:1010B000F1EE10FA7FF5F6AE0021D96108E704F1F0
:1010C000540011F08DF994F86530002B00F029815F
:1010D000D4E912321344226D13449842FFF46EAEE9
:1010E000002394ED0E8AA4F86430D4E934231B68FD
:1010F000D2ED007A032B7FF46BAE1FED1D7AF4EE78
:10110000C77AF1EE10FA7FF763AE77EEC77A5FED3C
:10111000215AB7EE007A5FED226A87EEA56AF0EEFB
:10112000477AE6EE667A28EE278A51E6B7EE089A05
:1011300026E601236B856FE70023136253860B625B
:101140004B8605B0BDEC048BF0BD04F1780532216F
:10115000284611F051F900283FF4ECAE0021284652
:1011600011F030F9B5EEC08AD4F89C20F1EE10FAF7
:1011700000F1A481F7EE007AB4EEE78AF1EE10FAFE
:1011800040F36F814FF48033F6EE087AD4F8A01064
:10119000536268EE277AF5EEC07AF1EE10FA00F1AC
:1011A0008F81B7EE007AF4EEC77AF1EE10FA40F3D1
:1011B0008E814FF480334B6284ED1D8ABCE60021A2
:1011C000284611F0FFF894F8303083F0010384F8DA
:1011D0003030002B00F00081D4E9050114F0A4FDAB
:1011E00007EE900A94ED0E8AB8EEE77B94F8303063
:1011F0009FEDBC6B27EE067BB7EEC77BD4ED077A7D
:1012000077EE486A84ED0D7AA6EEA78A84ED0E8A01
:10121000002B3FF4CEADA36E002B3FF4CAADD4F843
:10122000C4201278042A3FF4C4AD94F86420002A44
:101230007FF445AF93F8640000287FF4C1AD6421CA
:1012400014F072FD22283FF7B4ADA06EFEF7D0FC7B
:10125000AFE50421012014F067FDD4F8C420C3B227
:1012600012789A420AD1A14AA2FB031202F0FE01AF
:1012700001EB52029B1A013303F0FF03D4F8C020A4
:1012800064210020137014F04FFD042800F3A780A0
:101290000123237065E50023CB6139E694F89410AF
:1012A00000293FF4DAADD4F8880084F8943064E67D
:1012B000FA215020D4F8A46014F036FD07EE900A0D
:1012C000F8EEE77AF5EEC07AF1EE10FA40F2978088
:1012D0009FED877A67EE877AFDEEE77A17EE903A10
:1012E000002B00F0B08072B6824AF16932629142FE
:1012F00000F0F48081FAA2F0EFF300852D0140F1B7
:10130000E1805D1C022D04D992FBF3F291FBF3F313
:10131000D01A002800F09D8070620123337662B6F7
:1013200056E6D4E9123213449842FFF4D4AED4ED19
:10133000147AE16BF8EE677A94ED107AF5EEC07AE4
:10134000F1EE10FA40F2E680F7EE006AB4EEE67ACB
:10135000F1EE10FA40F38C80674A9FED657A67EEF4
:10136000877AFDEEE77A17EE903A002B00F09A802C
:1013700072B6CD690A62954200F0F68085FAA2F64F
:10138000EFF300873F0140F1DA80012B04D092FB9C
:10139000F3F695FBF3F3F61A002E00F0C9804E62C7
:1013A00001230B7662B682E00023042453481362C3
:1013B0005486D0620B624B8605B0BDEC048BF0BD49
:1013C000054630E5016F0023C4F890100121FDF7B8
:1013D00093FF84ED230AF6E5D4E90301FEE61D2818
:1013E000D4BF022300232370BBE40020444C538667
:1013F0001062D462434A08624B86CA62A1E672B6A2
:101400003C4B3576F36162B6E2E577EEA77AC4ED40
:10141000237AD8E5002304243B48C8E70020D4F809
:10142000C85014F081FC03460521012005EB83051B
:1014300095ED008A14F078FC07EE900AB8EEE79A72
:1014400029EE089A9CE472B62A4A3376F26162B6B3
:10145000BEE52E4B9942D4BF01214FF0FF3171629E
:101460005BE7F0EE487AFEEEC87A17EE903A8BE62C
:10147000FFEE006AB4EEE67AF1EE10FA62D4DFED28
:101480001C6A67EEA67AFDEEE77A17EE903ADFED7A
:10149000207A27EE277AFDEEC77A17EE902A002BE6
:1014A0007FF466AF72B60023CA610B7662B6D4E9E8
:1014B000121301220B4484F865200CE6002363E636
:1014C000002378E690FBF3F00028C2D024E7B0EECA
:1014D000677ABEEEC87A17EE103A6CE6357662B6D9
:1014E00076E500BF7B14AE47E17A843FABAAAAAA97
:1014F0006666304200C0FF1F0000FF7F3C8B00206B
:10150000D46100201C7B00209C450020FFBFFF1FF2
:1015100000FEFF4EF7EE007AB4EEE77AF1EE10FA35
:1015200012DD144B72B60022CB610A7662B6BEE7BA
:101530009542B4BF01254FF0FF354D6230E796FB71
:10154000F3F629E70C4A08E7FFEE007AB4EEE77AF3
:10155000F1EE10FA0CD4DFED097A27EE277AFDEED2
:10156000C77A17EE903ADDE700230B7662B69EE766
:10157000014BD7E70000FF7F0000018000FEFF4E17
:101580002DE9F047C0E90123099B0025314E4FF0BA
:101590007C57036104460A9B2C3040F82C1C04F154
:1015A000680840F8183C0B9B089940F8143C0C9BC9
:1015B00040F8201C294640F80C7C40F8086C00F8E4
:1015C000045C40F8103C10F0E3FE4FF07E53DFF86F
:1015D0009CA02946236440461F4BDFF89490E763A4
:1015E000E3641E4FA3651E4BA6646366666567646D
:1015F0002765C4F85CA0C4F8609010F0C9FE2946C5
:1016000004F18800C4F878A0C4F87C90C4F8806025
:10161000C4F8846010F0BCFE294604F1A400C4F8AC
:101620009870C4F89C70C4F8A05010F0B1FE0D4B37
:101630000D4A4046C4F8B4302946C4F8B8300123F6
:10164000C4F8BC20A4F8C03010F0BCFE2046BDE8B1
:10165000F08700BF0AD7A33D9A99193F0000C843FD
:101660000AD7A33C000080BF00000101CDCCCC3ED6
:101670009A99993EB7EE007AD0ED096A90ED086A22
:1016800090F8BC3077EE667A2DE9F04767EE867AFF
:1016900004462DED088BE6EE807A82B0C0ED087A24
:1016A000002B40F09D819FEDD47AF4EEC77AF1EEE5
:1016B00010FA00F3048194F8BD30002B40F007814C
:1016C0009FEDCE7AF4EEC77AF1EE10FA00F3CB80FC
:1016D00094F82810002940F0CE809FEDC97AF4EEEE
:1016E000C77AF1EE10FA80F22683F7EE006A94EDE5
:1016F000196A94ED0F7AF6EE005A94ED104A04F14F
:10170000A40576EEC67A94F8BC30DFEDBE4A3221ED
:10171000002B9FEDBD5A27EE877A284667EE847A24
:1017200045FEA45A46FE856AA6EE257AE6EE267A9E
:1017300084ED0F7AC4ED107A10F05EFE18B394EDCC
:101740000F7AD4ED2D7ADFEDB16A77EE677AF0EE9D
:10175000E77AF4EEE67AF1EE10FA00F3048394ED02
:10176000107AD4ED2E7ADFEDA96A77EE677AF0EE83
:10177000E77AF4EEE67AF1EE10FA00F374830021D2
:10178000284610F01FFE04F1680604F18805962132
:10179000304610F031FE32210746284610F02CFE6C
:1017A00094F8BE308046002B40F0DF81B7EE008A0F
:1017B000D4ED198A38EE688A94F8BD30002B00F019
:1017C000418194F8BF30D4ED08AA9FED8CAA002B7C
:1017D00000F089803AEECAAADFED8D7A8AEE277A88
:1017E000B5EEC07AF1EE10FA00F10B83F7EE007A55
:1017F000B4EEE77AF1EE10FA40F35784DFED857A24
:10180000F5EEC0AAF1EE10FA00F106859FED827A9E
:10181000F4EEC7AAF1EE10FA00F3EC83DFED856A6F
:10182000B1EE087AF4EEE67A2AEE877AF1EE10FA53
:1018300000F11385DFED776AF4EE667AF1EE10FAC7
:1018400076FEA77ADFED7C6AB4EEE67AF1EE10FA66
:1018500000F19085F2EE086AB4EE667AF1EE10FAC5
:1018600036FE877AD2E3012394F8281084F8BD303D
:1018700000293FF432AF9FED637AF4EEC77AF1EEC0
:1018800010FA7FF532AF654B1868F5F7B7FA00220A
:1018900094F8C13084F82820002B3FF426AF222191
:1018A0005F4817F0F7FB94ED080A03215D48B7EE97
:1018B000C00A14F04BF95B4814F018F915E701233E
:1018C00080F8BC3094F8BD30002B3FF4F9AE9FEDAA
:1018D000527AF4EEC77AF1EE10FA7FF5F9AE0023F2
:1018E00084F8BD30F4E63AEECAAA9FED517ADFEDF6
:1018F0004E7AAAEE077AB4EEE77AF1EE10FA00F12A
:101900007D82F7EE007AB4EEE77AF1EE10FAD4BFFA
:1019100067EE287AF0EE687A94ED137A6268E7EE63
:10192000087AF5EEC07AC4ED137AF1EE10FA00F100
:10193000C482B7EE007AF4EEC77AF1EE10FA40F303
:10194000D4834FF48033136294F8C030002B00F03E
:101950005B829FED2F7ACAEE077AF5EEC07AF1EE40
:1019600010FA00F1A782B7EE007AF4EEC77AF1EE32
:1019700010FA40F3C1839FED277AF5EEC0AAF1EE8D
:1019800010FA00F13D84DFED247AF4EEE7AAF1EEDF
:1019900010FA00F3CB82DFED277AF1EE086AB4EE9D
:1019A000E77A6AEEA66AF1EE10FA00F16384DFEDE1
:1019B000197AB4EE677AF1EE10FA37FE877ADFED26
:1019C0001E7AF4EEE76AF1EE10FA00F1D684F2EE38
:1019D000087AF4EE676AF1EE10FA77FEA66AB1E2D1
:1019E0009FED127AF4EEC77AF1EE10FA7FF563AE4E
:1019F000002380F8BC305EE6D7A3703FA4703D3F63
:101A00003333733FCDCC4C3FCDCCCC3E0AD7233CB7
:101A1000B81E853E0000FA453333333F80F3002083
:101A2000F49E002050CE0020000000006666663F55
:101A30009A99193F0000C8430AD7A33DCDCCCC3DAD
:101A40000044AC465FED067A5FED069A1FED069AFC
:101A500068EEA99AD4ED116A28EE899A94ED127A6B
:101A600068EEA78AD4ED137AB0EE69BAF0EE49AA0F
:101A7000B0EE68AAA6EE88BAE7EE08AAA7EE88AA92
:101A800084ED11BAC4ED12AA84ED13AAB8F1000FC7
:101A90000DD0D4ED267AB7EE007A7BEE677AF0EEC1
:101AA000E77AF4EEC77AF1EE10FA00F37D8123684D
:101AB000B5EEC0AA4FF000525A62F1EE10FA626819
:101AC00000F1DE80F7EE007AB4EEE7AAF1EE10FA4C
:101AD00040F35C814FF480331362002F40F0D580D7
:101AE000D4ED146A94ED157AD4ED167AE6EE889A60
:101AF000A7EE089AE7EE888AC4ED149A84ED159A49
:101B0000C4ED168AB8F1000F0DD0D4ED277AB7EEE8
:101B1000007A79EEE77AF0EEE77AF4EEC77AF1EE42
:101B200010FA00F35681A368F5EEC08A4FF0005218
:101B30005A62F1EE10FAE26800F1C680F7EE007A20
:101B4000F4EEE78AF1EE10FA40F327814FF4803388
:101B50001362002F40F0BD80B8F1000F40F0E2802A
:101B600002B0BDEC088BBDE8F08794F8BC30B7EE4E
:101B7000008AD4ED198A94ED177AD4ED187A8BB3D4
:101B800038EE688AF0EE046A28EE077A68EE277A63
:101B9000A8EEA67AE8EEA67A84ED177AC4ED187A54
:101BA000002F3FF409AED4ED1E6A1FED5C6A77EE9C
:101BB000666AF0EEE66AF4EEC66AF1EE10FA36DD19
:101BC000B5EEC07A2269F1EE10FA00F1CB835FED39
:101BD000646AB4EEE67AF1EE10FA40F36A834FF0ED
:101BE000004328E338EE688ABC4AD2ED006A68EE0A
:101BF000277ABB4A28EE077AE8EEA67AD2ED006A89
:101C0000A8EEA67AC4ED187A84ED177A002F3FF477
:101C1000D3ADD4ED1E6A9FEDB36A77EE666AF0EE3F
:101C2000E66AF4EEC66AF1EE10FA00F3FD8294ED76
:101C30001F7ADFEDAC6A37EEC77AB0EEC77AB4EE42
:101C4000E67AF1EE10FA7FF7B7ADF5EEC07A626989
:101C5000F1EE10FA00F18C839FEDA37AF4EEC77ACF
:101C6000F1EE10FA00F32E839FEDA07A27EE877A2B
:101C7000BCEEC77A17EE103AD361C4ED1F7A9BE52C
:101C800000231362002F3FF42BAFD4ED207A9FED99
:101C9000957A7AEEE77AF0EEE77AF4EEC77AF1EE2B
:101CA00010FA7FF71DAFF5EEC0AAF1EE10FA00F1C1
:101CB000B682DFED8D7AF4EEE7AAF1EE10FA40F38A
:101CC000DD824FF00043ABE200231362002F3FF4AC
:101CD00043AFD4ED217A9FED837A79EE677AF0EE07
:101CE000E77AF4EEC77AF1EE10FA13DDB5EEC09A9A
:101CF000F1EE10FA0AD4DFED7C7AB4EEE79AF1EE59
:101D000010FA40F3AE824FF0004300E00023D361AD
:101D100084ED219A0021304610F054FBB8F1000FF9
:101D20003FF41EAF0021284602B0BDEC088BBDE891
:101D3000F04710F047BB6E4B01221868F5F740F8EA
:101D4000012294F8C13084F82820002B40F09D80B7
:101D5000D4ED087A9FED677AF4EEC77AF1EE10FAC7
:101D60007FF5C3AC8FE5DFED647AA369B4EEE77A63
:101D7000F1EE10FA00F3A880DFED607AB4EEE77AB6
:101D8000F1EE10FA40F162825D4A9EE0F0EE4A7A8E
:101D9000FEEEC87A17EE903A73E7F0EE687AFEEE40
:101DA000C87A17EE903A90E7F3EE047A2368B4EE1F
:101DB000E7BAF1EE10FA00F1B781DFED527AB4EE36
:101DC000E7BAF1EE10FA40F3B8824F4ADFF85091CB
:101DD000ADE1F3EE047AA368F4EEE79AF1EE10FABF
:101DE00000F1AA81DFED477AF4EEE79AF1EE10FAFE
:101DF00040F38E82444ADFF82891A0E168EEA77A8A
:101E00008AE5DFED487AFBE4DFED407A9FED407A2A
:101E1000EAEE277AF4EEC77AF1EE10FA51D4B7EE73
:101E2000007AF4EEC77AF1EE10FAD8BF68EEA78A0E
:101E3000D4ED167AE268E7EE888AF5EEC08AC4ED42
:101E4000168AF1EE10FA3AD4F7EE007AF4EEE78A49
:101E5000F1EE10FA40F342814FF480331362002F09
:101E60003FF47AAE56E7DFED247AE369B4EEE77A21
:101E7000F1EE10FA2DDCDFED217AB4EEE77AF1EE27
:101E800010FA40F1DC811E4A24E02521214817F098
:101E900001F994ED080A03211F48B7EEC00A13F0B8
:101EA00055FE1D4813F022FE94F82830002B3FF415
:101EB0001CAC4DE79FED1B7A5FE5002343E5002353
:101EC000CCE768EE878AB3E7144A9A6184ED2D7AED
:101ED00045E4124ADA6184ED2E7A50E4E0D700201E
:101EE000DCD70020CDCCCC3D0044AC46C637BE4745
:101EF00080F30020CDCC4C3F00FEFF4600FEFFC625
:101F00000000018000D08946008C3C4B9A99193F13
:101F100000000000CC9E002050CE00200000FF7F7B
:101F200000BE6C500000C843666686405FED037AD1
:101F3000B4EEE77AF1EE10FA40F1A981B0EE677ADB
:101F40005FED076A94ED149AD4ED157A28EE099A9C
:101F500028EE278AA7EE289AA6EEA88A84ED149A7E
:101F600084ED158AB8F1000F3ED0D4ED277AB7EE94
:101F7000007A79EE677AF0EEE77AF4EEC77AF1EE5E
:101F800010FA00F30B81D4F808A0D44ACAF8242030
:101F9000002F3FF4C7AED4ED217A9FEDD17A78EED1
:101FA000677AF0EEE77AF4EEC77AF1EE10FA7FF78F
:101FB000B1AEB5EEC08AE268F1EE10FA00F1D4815C
:101FC000DFEDC87AB4EEE78AF1EE10FA00F3DB81B8
:101FD000DFEDC57A68EE277AFCEEE77A17EE903AE5
:101FE000D36184ED218A95E6A368BC4A5A62002F2A
:101FF000D1D1B5E59FEDBD7AF4EEC77AF1EE10FAD6
:1020000040F14E81F0EE477A9FEDB97AD4ED119A06
:1020100094ED129A68EE299A28EE099AE7EEA89AAA
:10202000A7EE289AC4ED119A84ED129AB8F1000F28
:102030000CD0D4ED267AB7EE007A79EEE77AF0EE9E
:10204000E77AF4EEC77AF1EE10FA7DDC2368A34A52
:102050005A62002F3FF478ACD4ED207A9FEDA07A3D
:1020600079EE677AF0EEE77AF4EEC77AF1EE10FADD
:102070007FF76AACB5EEC09A6268F1EE10FA00F133
:102080007581DFED987AB4EEE79AF1EE10FA00F37D
:102090007781DFED957A69EE277AFCEEE77A17EE25
:1020A000903AD36184ED209A4EE4F5EEC0AADFEDBC
:1020B0008F6A9FED906AF0EE667AF1EE10FAE7EE25
:1020C000067A7FF5A3ABF4EEE67AF1EE10FA40F172
:1020D0009A80F0EE667A9FED887A97E7F0EE687A5C
:1020E000FEEEC87A17EE903AB8E6B0EE677ABEEE2A
:1020F000C87A17EE103A26E4F5EEC0AADFED7B6A47
:102100009FED7C6AB0EE667AF1EE10FAA7EE867A61
:102110007FF539ACB4EEE67AF1EE10FA67D5B0EEA1
:10212000667ADFED756A0DE7744ADFF8DC91C3E982
:10213000069284ED26BABBE4704ADFF8CC91C3E97D
:102140000692C4ED279AEFE4F3EE047A2368F4EEE6
:10215000E79AF1EE10FA00F1BC80DFED697AF4EE57
:10216000E79AF1EE10FA00F315819FED680A0193EA
:1021700029EE800AF0EE407AFEEEE07A17EE909AB1
:1021800017F040FFF0EE407A019BFEEEE07A17EE8A
:10219000902AC3E90692C4ED269A58E7F3EE047A32
:1021A000D4F808A0B4EEE79AF1EE10FA00F18D80B1
:1021B000DFED537AB4EEE79AF1EE10FA00F3E68021
:1021C0009FED520A29EE000AF0EE407AFEEEE07A28
:1021D00017EE909A17F016FFF0EE407AFEEEE07AD6
:1021E00017EE902ACAE9069284ED279ACDE6DFED34
:1021F000457AB4EEE77AF1EE10FA01DDB0EE677AD7
:10220000DFED3D6A9EE69FED3F7AF4EEC77AF1EE90
:1022100010FA01DDF0EE477A9FED377AF6E60023FB
:10222000D361C4ED20AA5BE4B5EEC07A2269F1EE79
:1022300010FA7FF5CCACD36184ED1E7AF7E4F0EEB2
:10224000477AFEEEC87A17EE902A43E6F0EE477A18
:10225000FEEEC87A17EE902A37E6F0EE667AFFF7C0
:10226000F1BADFED217A69EE277AFCEEE77A17EE14
:10227000903A4CE5B0EE677AFFF7A1BBDFED1A7A32
:102280006AEEA77AFCEEE77A17EE903AC8E7DFED40
:102290001D7AB4EEE77AF1EE10FA7FF751AE4DE613
:1022A0009FED187AF4EEC77AF1EE10FA7FF7ACAE34
:1022B000A8E6DFED0D6A67EE266AFCEEE66A16EE2A
:1022C000903AB8E74FF00043D6E40C4ADFF8389074
:1022D00088E70A4ADFF830905BE700BFD0CCCC0C2F
:1022E000CDCCCC3D0044AC46C637BE470000C84309
:1022F000666686400080ED450AD7A33DDE5717008D
:1023000000D089460000FA45DF571700936515385D
:102310001FED020A019329EE800AF0EE407AFEEEEC
:10232000E07A17EE909A17F06DFEF0EE407A019B7E
:10233000FEEEE07A17EE902A01E71FED0C0A0193FA
:102340002BEE000AF0EE407AFEEEE07A17EE909A5D
:1023500017F058FEF0EE407A019BFEEEE07A17EEA1
:10236000902AE4E6002366E7002339E6002398E696
:10237000002381E4B0EE667A48E6F0EE676AE1E5B4
:102380004FF000438DE64FF0004329E6034ADFF8A3
:10239000109027E7014ADFF80890FAE6008C3C4BE2
:1023A00000BE6C500379ABB1013B00225FFA83FCA5
:1023B00010B484680848231F04EB8C0C01E010F86B
:1023C000012F51F8222043F8042F6345F7D15DF81F
:1023D000044B7047704700BF189F00204379ABB192
:1023E000013B0B4910B4D0E90242D8B2131F02EBF3
:1023F0008000012201E011F8012F54F8222043F857
:10240000042F8342F7D15DF8044B7047704700BF3B
:102410002C9F00208379ABB1013B02690A4910B4BB
:102420008468D8B2131F02EB8000002201E011F88B
:10243000012F54F8222043F8042F8342F7D15DF88E
:10244000044B7047704700BF3C9F00200048704716
:102450002C9F0020004870473C9F002003799BB1CF
:10246000013B042230B48568D8B2084C12FB0050FE
:102470002B1F01E014F8012F51F8222043F8042FFC
:102480008342F7D130BC7047704700BFC8A000201E
:102490004379ABB1013B0B4910B4D0E90242D8B249
:1024A000131F02EB8000002201E011F8012F54F805
:1024B000222043F8042F8342F7D15DF8044B704784
:1024C000704700BFD8A000208379ABB1013B0269FF
:1024D0000A4910B48468D8B2131F02EB80000022AE
:1024E00001E011F8012F54F8222043F8042F834211
:1024F000F7D15DF8044B7047704700BFE8A000209B
:1025000000487047D8A0002000487047E8A000208D
:102510000379ABB1013B00225FFA83FC10B48468FD
:102520000848231F04EB8C0C01E010F8012F51F830
:10253000222043F8042F6345F7D15DF8044B704720
:10254000704700BF4CA100204379ABB1013B0B4960
:1025500010B4D0E90242D8B2131F02EB800000226F
:1025600001E011F8012F54F8222043F8042F834290
:10257000F7D15DF8044B7047704700BF5CA10020A5
:102580008379ABB1013B02690A4910B48468D8B2BF
:10259000131F02EB8000032201E011F8012F54F811
:1025A000222043F8042F8342F7D15DF8044B704793
:1025B000704700BF6CA10020004870475CA100205C
:1025C000004870476CA100200379ABB1013B0022A9
:1025D0005FFA83FC10B484680848231F04EB8C0C5A
:1025E00001E010F8012F51F8222043F8042F634531
:1025F000F7D15DF8044B7047704700BFC09F0020C3
:102600004379ABB1013B0B4910B4D0E90242D8B2D7
:10261000131F02EB8000002201E011F8012F54F893
:10262000222043F8042F8342F7D15DF8044B704712
:10263000704700BFD49F00208179A1B101390422E5
:1026400030B4C9B2056984682B1F074812FB0151D9
:1026500001E010F8012F54F8222043F8042F8B4298
:10266000F7D130BC70477047E89F002000487047A2
:10267000D49F002000487047E89F002010B5084B09
:1026800004468068236008B114F062F9E06808B17C
:1026900014F05EF9206908B114F05AF9204610BD13
:1026A00090A2002010B5084B04468068236008B152
:1026B00014F04EF9E06808B114F04AF9206908B145
:1026C00014F046F9204610BD90A2002010B5084B2A
:1026D00004468068236008B114F03AF9E06808B154
:1026E00014F036F9206908B114F032F9204610BD13
:1026F00090A2002010B5084B04468068236008B102
:1027000014F026F9E06808B114F022F9206908B144
:1027100014F01EF9204610BD90A2002010B50A4BFF
:1027200004468068236008B114F012F9E06808B12B
:1027300014F00EF9206908B114F00AF920461C21A2
:1027400014F008F9204610BD90A2002010B50A4BE5
:1027500004468068236008B114F0FAF8E06808B114
:1027600014F0F6F8206908B114F0F2F820461C21A4
:1027700014F0F0F8204610BD90A2002010B50A4BCE
:1027800004468068236008B114F0E2F8E06808B1FC
:1027900014F0DEF8206908B114F0DAF820461C21A4
:1027A00014F0D8F8204610BD90A2002010B50A4BB6
:1027B00004468068236008B114F0CAF8E06808B1E4
:1027C00014F0C6F8206908B114F0C2F820461C21A4
:1027D00014F0C0F8204610BD90A200202DE9F04F63
:1027E0005F4DABB05F4F2B683968002B62D093F818
:1027F000C521002083F8C501002A5BD000215A487A
:102800000FF0E0FD59480FF0EBFD594B1B68984263
:102810005BD2584A1B1A584C1321A2FB032357487A
:102820009B09A4FB032464092646C4EB0414A3EB10
:10283000840416F02FFC314600230A22504813F07E
:1028400071F901214F4816F025FC092C4CD90023C1
:102850000A2221464A4813F065F910214A4816F029
:1028600019FC474813F042F90121484816F012FCC0
:10287000434813F03BF90F21454816F00BFC404844
:1028800013F034F90921434816F004FC424B1B684D
:1028900073B3012B00F07C85022B00F08B85032B9A
:1028A00000F0D98407213D4816F0F4FB344813F0BA
:1028B0001DF924E064292C48A8BF64210FF09CFD79
:1028C00000289BD12BB0BDE8F08F13212B4816F0C8
:1028D000E1FB00230A222A481946002413F022F9BA
:1028E0000121284816F0D6FB302016F0BDFBAEE7DC
:1028F0000C212B4816F0CEFB214813F0F7F8294E97
:102900000B21294816F0C6FB33680BB3012B00F0EE
:102910004885022B00F01D850521244816F0BAFBDE
:10292000174813F0E3F80721214816F0B3FB214BB9
:102930001B68002B42D0013B062B00F25E85DFE8CE
:1029400013F0D104C804BF04B604AD04A4049B046E
:102950000821194816F09EFB094813F0C7F8E2E772
:1029600080F3002094E2002040AE0120948A0120F0
:102970005CE00020D34D6210898888888C14002088
:1029800050CE0020801D0020A0140020D016002072
:10299000B4140020C414002000010120841400207D
:1029A000D01400203CAE012010150020301500206E
:1029B00038150020F80001201C1500200721D348FD
:1029C00016F068FBD24813F091F80821D14816F0B0
:1029D00061FBD14B1B68002B00F02484012B00F01D
:1029E0009684022B00F0C3840521CC4816F052FBDC
:1029F000C74813F07BF8CA4B93F80080B8F1000F7A
:102A000040F0D083DFF86C930F21C64899F800405E
:102A10000E2C28BF002416F03DFB43460A2299F8ED
:102A20000010BB4813F07EF80321BF4816F032FBBC
:102A30007422BE4B02FB04F41C5934B1204619F039
:102A400071FA0146204616F025FBDFF82C83B048CA
:102A500013F04CF8D8F80030002B00F0DB831C7822
:102A60000C21B34816F016FB2146A94813F032F8A2
:102A70000321AD4816F00EFB052C00F24B83AD4B45
:102A800053F82490B9F1000F06D0484619F04AFADD
:102A90000146484616F0FEFA9D4813F027F8012C2F
:102AA00000F044830121A44816F0F4FA984813F08A
:102AB0001DF8A24C0D21A24816F0ECFA944813F030
:102AC00015F80DF1240C0DF1480EDFF8B082DFF897
:102AD00098B2DFF89CA2DFF8A8920FCCACE80F0008
:102AE0000FCCACE80F0054F8043BCCF80030A446FF
:102AF000BCE80F00AEE80F00BCE80F00AEE80F0026
:102B0000D8F800308BFB032BDA17C2EB6B0202EB19
:102B10004202A3EB82030C33AAFB0324D9F800A0E2
:102B2000E408BAF1090F04EB440428BF4FF0000A8F
:102B3000A3EB84049CE80F008EE80F000721814876
:102B400016F0A8FA2AAB03EB8A0A5AF884ACBAF159
:102B5000000F06D0504619F0E5F90146504616F030
:102B600099FA0121744816F095FA0121764816F079
:102B700091FAD9F80010664812F0ACFF01217348B1
:102B800016F088FA624812F0B1FF0521704816F07D
:102B900081FA2AAB03EB840454F8604C34B120462C
:102BA00019F0C0F90146204616F074FA0121624876
:102BB00016F070FA0121644816F06CFAD8F800108B
:102BC000534812F087FF0121604816F063FA50481D
:102BD00012F08CFF07215F4816F05CFA39684C4808
:102BE00012F078FF5C4C02215C4816F053FA48481A
:102BF00012F07CFFDFF88C910721594804F124087A
:102C0000434F16F047FA2168414812F063FF022152
:102C1000484616F03FFA54F8041F384612F05AFF9F
:102C20004445F4D13A4812F061FF2B68002B00F0C4
:102C30000A833268022A0CBFD3F8C0A1D3F8BCA122
:102C40002121484816F026FABAF1000F40F35383C9
:102C500007EE90AA0DF17808B8EEE70B47469FED16
:102C6000257B80EE070B16F041FF3F4BDFF818C1C4
:102C7000B2EE086B9FED214B9FED227B80EE045B53
:102C8000A5EE067BB8FE477BFDEEC77B17EE904AAC
:102C900083FB04234FEAE479C9EB6309BCE80F0026
:102CA0000FC7BCE80F0009F1FF3B09EB49090FC74B
:102CB0009CE80F00A4EB890487E80F0051461448F4
:102CC00012F008FF052129480C3416F0E3F9284BCF
:102CD000A3FB0423DB0803EB4303A4EB83042AAB2D
:102CE00003EB840454F8304C002C56D04EE000BF67
:102CF000AFF300800000000000807B40EF39FAFE57
:102D0000422EE63F000000000040514040150020E8
:102D100050CE00209C150020FC0001203015002022
:102D2000BFD3012024160020341600203C70002060
:102D30003816002080A40020D01600208811002022
:102D40007816002088160020D816002030C60020F3
:102D5000901600209816002010970120A016002041
:102D6000A4160020B0160020ABAAAA2AD416002070
:102D7000ABAAAAAA00E300209C9601208CE20020C6
:102D800064AF0120AC160020AC110020204619F0E1
:102D9000C9F80146204616F07DF95946B44812F0AC
:102DA00099FE0121B34816F075F90821B24816F0D2
:102DB00071F93368022B00F0C782002B00F0A28269
:102DC000012B00F0CF820521AC4816F063F90121F8
:102DD000AB4816F05FF9A64812F088FE2B68002B6E
:102DE00000F029821021A74816F054F9317828689C
:102DF000F5F7DCFA01469E4812F06CFE9C4812F092
:102E000075FE0121A04816F045F9994812F06EFEB2
:102E10009E4C0C219E4816F03DF9954812F066FE36
:102E20009C4D0FCCA8E80F0094E8030088E803004D
:102E30000F21994816F02EF900230A2229788C4890
:102E400012F070FE0321954816F024F92B782AAA77
:102E5000062B28BF042302EB830353F8304C34B114
:102E6000204619F05FF80146204616F013F9804815
:102E700012F03CFE8A4B1B78002B00F0F0800E21F4
:102E8000884816F007F9884900230A22097878480B
:102E900012F048FE0A21854816F0FCF8744812F03A
:102EA00025FE1121824816F0F5F8824A824B04ACC7
:102EB00012788248002A824D824E12BF02210321DD
:102EC000184616F0E7F86A4812F010FE01216E4825
:102ED00016F0E0F8664812F009FE0F217A4816F065
:102EE000D9F8634812F002FE0FCD0FC42B680A21F7
:102EF0007648236016F0CEF800230A2231785C4829
:102F000012F010FE0321654816F0C4F833782AAA9F
:102F1000052B28BF002302EB830353F8984C34B1F0
:102F2000204618F0FFFF0146204616F0B3F850483F
:102F30006C4612F0DBFD664B0FCB84E80F00654C4E
:102F40000A21654816F0A6F800230A22217848488D
:102F500012F0E8FD0321514816F09CF823782AAAC4
:102F6000042B28BF002302EB830353F8A84C34B191
:102F7000204618F0D7FF0146204616F08BF8574C34
:102F80003B4812F0B3FD2368ABB10E21544816F054
:102F900081F82268534B92F8A1204848002A12BFBA
:102FA00002211321184616F075F8314812F09EFDE3
:102FB0002068FCF761FB0121334816F06BF82C48C0
:102FC00012F094FD0B21484816F064F8474C28484D
:102FD00012F08CFD0B21464816F05CF894ED000AC7
:102FE00003212348B7EEC00A12F0B0FD204812F0CA
:102FF0007DFD0B213F4816F04DF8D4ED007A9FED92
:103000003E7AF4EEC77AF1EE10FA80F2BA809FEDC4
:103010003B7AF4EEC77AF1EE10FA80F28D819FEDE3
:10302000387AF4EEC77AF1EE10FA80F2A9819FEDBA
:10303000357AF4EEC77AF1EE10FA80F215819FED41
:10304000327AF4EEC77AF1EE10FAC0F2BC810E21AA
:103050002E4816F01FF8064812F048FD98E0162199
:103060002B4816F017F8024812F040FD19E700BF90
:1030700050CE002030C60020DC1600203015002085
:10308000E8160020EC160020D0160020DC110020ED
:1030900014170020FFE2002024170020341600201F
:1030A000BCD3012034170020C2D3012044170020D4
:1030B00068170020BBD301205C1800206018002096
:1030C0000412002001E300202418002034180020FE
:1030D000F411002002E300207C170020D889012091
:1030E00088170020002400209817002064E00020AA
:1030F000A4170020B01700203333733FD7A3703FCD
:10310000A4703D3F0AD7233F3D0AD73E0018002058
:1031100050170020DFF89C930721484615F0BAFFAE
:10312000BA4812F0E3FC012C7FF4BCAC0B21B84888
:1031300015F0B0FFD8F80030B64A93F8E33203EB4D
:10314000830302EB83031C6934B1204618F0EAFEC6
:103150000146204615F09EFF0D21AF4815F09AFF5D
:10316000D8F800200023A94892F8ED120A2212F0A4
:10317000D9FC0121A94815F08DFFA44812F0B6FC36
:1031800090E40F21A64815F085FFA04812F0AEFC90
:103190000121A44815F07EFF9C482BB0BDE8F04FFC
:1031A00012F0A4BC1B21A04815F074FF9F4A002315
:1031B000964811780A229E4C12F0B4FC02219D48D8
:1031C00015F068FF94F804329B4A03EB430302EBCB
:1031D000C303D3F81480B8F1000F06D0404618F0AE
:1031E000A1FE0146404615F055FF0621934815F013
:1031F00051FFDFF8C482002394F804120A228348A6
:1032000012F090FC814812F071FCD8F80030002BCD
:103210007FF425AC0F218A4815F03CFF7B4812F063
:1032200065FC3FE40421874815F034FF774812F02D
:103230005DFCFFF7E0BB1321834815F02BFF7348BB
:1032400012F054FCDDE53368022B0CBF7F4B804B42
:10325000D3F800A0F4E411217E4815F01BFF6B4861
:1032600012F044FCFFF74BBB0D217B4815F012FF19
:10327000664812F03BFC8BE70F21784815F00AFFF7
:10328000624812F033FCFFF7A0BB0C21744815F024
:1032900001FF5E4812F02AFCFFF797BB0C21714832
:1032A00015F0F8FE594812F021FCFFF78EBB0A21F9
:1032B0006D4815F0EFFE554812F018FCFFF785BB7E
:1032C00004216A4815F0E6FE504812F00FFCFFF7A3
:1032D0007CBB0621664815F0DDFE4C4812F006FC6A
:1032E000FFF773BB0721634815F0D4FE474812F07F
:1032F000FDFBFFF76ABB03215F480DF1780815F06D
:10330000C9FE52E508215D4815F0C4FE5FE55C4C3E
:103310002378FF2B68D0FE2B5DD00B21594815F088
:10332000B9FE002321780A22384812F0FBFB374807
:1033300012F0DCFBFFF75FBB0E21534815F0AAFE2D
:10334000324812F0D3FB23E70721504815F0A2FEC4
:103350003DE507214D4815F09DFE2C4812F0C6FBB7
:10336000FFF7E1BA06214A4815F094FE2FE50D213A
:10337000484815F08FFE254812F0B8FBFFF73BBB1D
:103380001021454815F086FE204812F0AFFBFFE6FD
:103390000F21424815F07EFE1C4812F0A7FBFFF7F4
:1033A000AEBA06213A4815F075FE184812F09EFB99
:1033B000FFF7B9BA0B213A4815F06CFE134812F02A
:1033C00095FBFFF79CBA1221364815F063FE0F48B3
:1033D00012F08CFBDCE61021334815F05BFE0B4845
:1033E00012F084FBFFF707BB1A21304815F052FE9C
:1033F000064812F07BFBFFF7FEBA05212C4815F0BA
:1034000049FE024812F072FBFFF7DFBA50CE0020EF
:1034100048160020882B0020541600206416002037
:10342000BC170020D0160020FC15002000E300206F
:10343000B8FE002018160020B82D00201C16002011
:1034400068160020A8150020001700201808012089
:10345000C0AF0120FC140020F01700208C150020C4
:103460007C1500206C1500206015002058150020E8
:103470005015002048150020741600201C1500204F
:10348000C3D30120E0150020CC17002030B7002066
:1034900028150020EC150020DC170020E014002087
:1034A000F014002010180020CC150020B0150020CA
:1034B00030150020841400209C96012010B50023B4
:1034C000044610460D4A617223722260C4E903303B
:1034D00019B18A00194618F07BFA094A136853B1EA
:1034E0001A465B69002BFBD15461002320466361BF
:1034F0006360A37210BD1460F7E700BF84A20020D0
:1035000064EC002003460022134910B4134C43F826
:10351000184B4FF4807482610481C0E903230B6867
:10352000C3B11A465B69002BFBD1506100230C4AE2
:103530004FF468140B4943614360837202604FF09B
:1035400000520377084BC0E90A41C0E90C235DF83B
:10355000044B70470860E9E764EC002084A2002077
:10356000B4A300200E00C10076061C000346002212
:10357000144910B4144C43F8344B4FF40074C0E9B0
:1035800003230B680481C0E90D22CBB11A465B69A5
:10359000002BFBD150610D4900230D4A0D4C0160F9
:1035A0004FF4805182610C4A436143608372C0E9E9
:1035B0000741C0E909235DF8044BC0E90B337047AC
:1035C0000860E8E764EC002084A200203CA400200E
:1035D00090298F0460EA8E0480F9855A0022034600
:1035E00013494FF4806C10B4124C43F8284BA0F8E8
:1035F00008C0C0E903230B68C0E90A22C0E90C2215
:103600009BB11A465B69002BFBD1506100224FF43D
:10361000803309495DF8044B426142608272016067
:10362000C0E90633C0E9083370470860EEE700BF21
:1036300064EC002084A2002078A20020134900221C
:1036400038B5134D04460B68056002610281C26003
:10365000D3B11A465B69002BFBD1546100230D499D
:103660004FF0804204F138006360A3722160A386AA
:10367000C4E90533C4E90733C4E90932C4E90B33AB
:1036800011F0D8FC204638BD0860E7E764EC002064
:1036900084A20020A8A3002038B5002204460346D7
:1036A0001549164D4FF4007043F8185B2081C4E9AA
:1036B00003230B68C4E90622DBB11A465B69002BC1
:1036C000FBD1546100230E494FF4004204F50F7002
:1036D00063616360A37221602363C4F83432A4F889
:1036E0003832C4E90833C4E90A2311F0A3FC2046A8
:1036F00038BD0C60E6E700BF64EC002084A2002027
:1037000048A400200D49002210B40B680C4C026143
:1037100004600281C2607BB11A465B69002BFBD159
:1037200050610023074A5DF8044B43614360837294
:1037300002600376C36170470860F2E764EC002022
:1037400084A2002018A400200F49002210B40B68A6
:103750000E4C026104600281C2609BB11A465B6933
:10376000002BFBD150610A4900220A4C0B880460EF
:1037700001335DF8044B4261426082720B80C0E904
:10378000062370470860EEE764EC002084A2002066
:1037900098D3012000A4002038B500220446034637
:1037A0001349144D4FF4807043F8185B2081A261D7
:1037B000C4E903230B68C3B11A465B69002BFBD134
:1037C000546100230C490D4A20460D4D636163602E
:1037D000A3729FED0C0A25602162226310F0CCFCDD
:1037E00047F6FF732046E36238BD0C60E9E700BF8F
:1037F00064EC002084A20020053D010013952C00FC
:103800000CA40020000000440346002216494FF497
:10381000807C10B4154C43F8184BA0F808C08261A6
:10382000C0E903230B68EBB11A465B69002BFBD19F
:10383000506100230E4902225DF8044B436143604E
:103840008372016080F824200365C0E90733C0E972
:103850000A33C0E90C33C0E90E33C0E91033C0E9C4
:10386000123370470860E4E764EC002084A2002073
:10387000CCA3002003460022104910B4104C43F89A
:10388000184B4FF4807482610481C0E903230B68F4
:1038900093B11A465B69002BFBD1506100230022D3
:1038A000084C0949C261046043615DF8044B436000
:1038B00083720262416270470860EFE764EC0020A7
:1038C00084A2002090A30020C5FE323EBB490B78A5
:1038D000002B40F06682BA48BA4AF0B401244FF097
:1038E0007E550C70B84914680B700168B74B0068BE
:1038F0001960B749B74B08601D60002C00F04F827B
:10390000B5490B68002B00F0E38293ED177ADFEDE9
:10391000B37A27EE277AD4F80061002E00F05483A2
:103920000023AF4D03E00133B34200F0688254F846
:103930003300A842F7D104EBC3030433DFEDB17ABF
:10394000B4EEE77AF1EE10FA08DCDFEDAF7AB4EE10
:10395000E77AF1EE10FA58BFF0EE477A72B6C5ED8D
:10396000087AC5ED077A62B60BB183ED007A0B6871
:103970001468002B00F0AF8293ED187ADFED997A8E
:1039800027EE277AD4F80061002E00F0D7820023BA
:10399000954D03E001339E4200F0408254F833001D
:1039A000A842F7D104EBC304231DDFED967AB4EEF1
:1039B000E77AF1EE10FA08DCDFED937AB4EEE77AFD
:1039C000F1EE10FA58BFF0EE477A72B6C5ED087AFC
:1039D000C5ED077A62B60BB183ED007A0B68146807
:1039E000002B00F07E82F5EE007A93ED187A27EE38
:1039F000277AD4F80061002E00F0968200237B4DD8
:103A000003E001339E4200F0178254F83300A842CD
:103A1000F7D104EBC304231DDFED7A7AB4EEE77A25
:103A2000F1EE10FA08DCDFED787AB4EEE77AF1EE29
:103A300010FA58BFF0EE477A72B6C5ED087AC5EDB8
:103A4000077A62B60BB183ED007A0B681468002B1D
:103A500000F04482F5EE007A93ED187A27EE277A8B
:103A6000D4F80061002E00F078820023604D03E05E
:103A70000133B34200F0EE8154F83300A842F7D18D
:103A800004EBC304231DDFED5F7AB4EEE77AF1EEB9
:103A900010FA08DCDFED5C7AB4EEE77AF1EE10FAAA
:103AA00058BFF0EE477A72B6C5ED087AC5ED077AD1
:103AB00062B60BB183ED007A0B681468002B00F03E
:103AC0001C8293ED197ADFED4B7A27EE277AD4F832
:103AD0000061002E00F037820023474D03E00133E0
:103AE000B34200F0C58154F83300A842F7D104EB8B
:103AF000C304231DDFED437AB4EEE77AF1EE10FA4A
:103B000008DCDFED417AB4EEE77AF1EE10FA58BF47
:103B1000F0EE477A72B6C5ED087AC5ED077A62B65F
:103B20000BB183ED007A0B681468002B00F0E28182
:103B3000F5EE007A93ED1A7A27EE277AD4F8006131
:103B4000002E00F0F68100232C4D03E00133B34238
:103B500000F09C8154F83300A842F7D104EBC30471
:103B6000231DDFED287AB4EEE77AF1EE10FA08DCD7
:103B7000DFED257AB4EEE77AF1EE10FA58BFF0EEF9
:103B8000477A72B6C5ED087AC5ED077A62B60BB111
:103B900083ED007A0B681468002B00F0A881F6EE24
:103BA000087A93ED1C7A27EE277AD4F80061002E6C
:103BB00000F0D8810023124D2EE000BFC6D30120B3
:103BC000BCB8012078840120C5D3012050210120F8
:103BD000A88A012070E000201C0801201F856B3F8F
:103BE0004CF100203D0AD73ED4F00020ACF000207C
:103BF000FCF000209A99993E9CF10020C4F100202D
:103C00003CF2002000FEFF4600FEFFC6CDCCCC3EBD
:103C100001339E4200F0488154F83300A842F7D1A6
:103C200004EBC304231D5FED097AB4EEE77AF1EEED
:103C300010FA08DC5FED0C7AB4EEE77AF1EE10FAD8
:103C400058BFF0EE477A72B6C5ED087AC5ED077A2F
:103C500062B60BB183ED007A0B681468002B00F09C
:103C6000438193ED1F7A5FED177A27EE277AD4F818
:103C70000061002E00F09E810023BD4D03E0013362
:103C80009E4200F08F8054F83300A842F7D104EB35
:103C9000C304231DDFEDB77AB4EEE77AF1EE10FA34
:103CA00008DCDFEDB57AB4EEE77AF1EE10FA58BF32
:103CB000F0EE477A72B6C5ED087AC5ED077A62B6BE
:103CC0000BB183ED007A0B681468002B00F0FD80C7
:103CD00093ED1D7ADFEDA97A27EE277AD4F80061FB
:103CE000002E00F06C810023A54D02E001339E42BE
:103CF00067D054F83300A842F8D104EBC304231D65
:103D0000DFED9C7AB4EEE77AF1EE10FA08DCDFED35
:103D10009A7AB4EEE77AF1EE10FA58BFF0EE477AED
:103D200072B6C5ED087AC5ED077A62B60BB183EDC0
:103D3000007A0B681168002B00F0C48093ED1D7AA7
:103D4000DFED8E7A27EE277AD1F80041002C00F0C3
:103D5000FF8000238B4802E00133A34240D051F89A
:103D600033208242F8D101EBC3010B1DDFED817AD4
:103D7000B4EEE77AF1EE10FA08DCDFED7F7AB4EE0C
:103D8000E77AF1EE10FA58BFF0EE477A72B6C0ED5E
:103D9000087AC0ED077A62B60BB183ED007AF0BC09
:103DA00070477047202E00F0AB80F000771C031D99
:103DB00044F836502044744E23444660C4F80071E1
:103DC00068E7202E00F0AC80F000771C031D44F85B
:103DD000365020446C4E23444660C4F800718FE78F
:103DE000202C00F09F80E200651C131D41F8340078
:103DF0000A44654C0B445460C1F80051B6E7202ECC
:103E000000F08A80F000771C031D44F836502044EF
:103E10005D4E23444660C4F800718FE5202E7DD0AE
:103E2000F000771C031D44F836502044564E2344BE
:103E30004660C4F80071B8E5202E69D0F000771C08
:103E4000031D44F8365020444F4E23444660C4F8C6
:103E50000071E1E5202E5DD0F000771C031D44F8D1
:103E600036502044484E23444660C4F800710AE6A8
:103E7000202E49D0F000771C031D44F83650204412
:103E8000414E23444660C4F8007133E6202E3DD0F5
:103E9000F000771C031D44F8365020443A4E23446A
:103EA0004660C4F800715CE6202E2BD0F000771C31
:103EB000031D44F836502044334E23444660C4F872
:103EC0000071B0E69FED2D7A3EE79FED2C7A05E775
:103ED0009FED2E7A1FE59FED2E7A53E5B5EE007A21
:103EE000BEE5B5EE007A84E59FED2A7ABFE6B6EE30
:103EF000087A5AE6B5EE007A20E69FED277AE6E5E5
:103F00000023C7E600238EE60023F3E5002328E61E
:103F1000002381E50023B6E500230FE5002344E5F7
:103F20000023EDE6002321E7042301271B4D304643
:103F300087E7042301271A4D3046ACE70423012705
:103F4000184D30466FE704230127174D304694E79C
:103F5000012504230B48224648E704230127134D7B
:103F600030467CE704230127114D3046A1E700BF0E
:103F700024F1002000FEFF4600FEFFC66666E63E16
:103F8000ECF1002014F20020000080BF1F856B3F81
:103F90003D0AD73ECDCCCC3E9A99993EACF000205C
:103FA000C4F10020D4F000209CF10020FCF000209F
:103FB0003CF2002001270423064D3046F8E6012795
:103FC0000423054D304602E704230127034D304604
:103FD0001BE700BF24F10020ECF100204CF1002091
:103FE000B64A1378002B00F05382B54BB5481B68D6
:103FF0000168591A042940F24B82B349B7EE006AAE
:104000000968F0B4B14C03605B1AD4ED006A07EEA6
:10401000903AF8EE666AF8EE677A87EEA67A36EEA0
:10402000477AB5EEC07AF1EE10FA40F23282A84B30
:1040300036EE477AF0EE467A1B68E7EE477A002BB9
:1040400000F02182A34A9FEDA47A106827EE877AB8
:1040500018B1D0ED176A27EE267AD3F80021002A8E
:1040600000F0BB8500219D4C03E00131914200F03E
:10407000948353F83150A542F7D103EBC1010431C9
:10408000D1ED006AF4EE476AF1EE10FA13D0DFEDDD
:104090009C6AB4EEE67AF1EE10FA00F3C884DFED24
:1040A000996AB4EEE67AF1EE10FA00F1C08484ED7C
:1040B000087A81ED007A9FED8A7A27EE877A18B127
:1040C000D0ED186A27EE267A0021864C03E00131F4
:1040D000914200F0808353F83150A542F7D103EBB1
:1040E000C1010431D1ED006AF4EE476AF1EE10FA35
:1040F00013D0DFED836AB4EEE67AF1EE10FA00F346
:104100009284DFED806AB4EEE67AF1EE10FA00F107
:104110008A8484ED087A81ED007AB5EE007A27EE84
:10412000877A002800F07883D0ED186A67EE266A57
:1041300000216D4C03E00131914200F0128353F8ED
:104140003150A542F7D103EBC101043191ED006A72
:10415000B4EE666AF1EE10FA13D09FED696AF4EEE0
:10416000C66AF1EE10FA00F33D849FED666AF4EE44
:10417000C66AF1EE10FA00F13584C4ED086AC1EDAB
:10418000006A002800F05883D0ED186A67EE266AAE
:104190000021564C03E00131914200F0F08253F8C7
:1041A0003150A542F7D103EBC101043191ED006A12
:1041B000B4EE666AF1EE10FA13D09FED516AF4EE98
:1041C000C66AF1EE10FA00F339849FED4E6AF4EE00
:1041D000C66AF1EE10FA00F13184C4ED086AC1ED4F
:1041E000006ADFED436A67EEA66A18B190ED196ABE
:1041F00066EE866A00213F4C03E00131914200F0F7
:10420000DC8253F83150A542F7D103EBC1010431F0
:1042100091ED006AB4EE666AF1EE10FA13D09FEDEC
:10422000386AF4EEC66AF1EE10FA00F304849FEDEA
:10423000356AF4EEC66AF1EE10FA00F1FC83C4EDC3
:10424000086AC1ED006A18B1D0ED1A6A27EE267A25
:104250000021294C03E00131914200F0CB8253F858
:104260003150A542F7D103EBC1010431D1ED006A11
:10427000F4EE476AF1EE10FA13D0DFED216AB4EEE6
:10428000E67AF1EE10FA00F3C883DFED1E6AB4EEB1
:10429000E67AF1EE10FA00F1C08384ED087A81ED40
:1042A000007AB6EE087A27EE877A18B1D0ED1C6A4C
:1042B00027EE267A0021114C2CE000BFC6D3012046
:1042C000BCB80120A88A01205021012010D800206C
:1042D000788401201C0801201F856B3F4CF10020D1
:1042E0003D0AD73ED4F00020ACF00020FCF00020C6
:1042F0009A99993E9CF10020C4F100203CF20020E4
:1043000000FEFF4600FEFFC6CDCCCC3E01319142FF
:1043100000F0098253F83150A542F7D103EBC101F7
:104320000431D1ED006AF4EE476AF1EE10FA13D0D1
:104330005FED0D6AB4EEE67AF1EE10FA00F36A83EF
:104340005FED106AB4EEE67AF1EE10FA00F16283E6
:1043500084ED087A81ED007A1FED157A27EE877AD1
:1043600018B1D0ED1F6A27EE267A0021B74C03E082
:104370000131914200F0E68153F83150A542F7D166
:1043800003EBC1010431D1ED006AB4EE667AF1EEBF
:1043900010FA13D0DFEDAE6AB4EEE67AF1EE10FA61
:1043A00000F33583DFEDAB6AB4EEE67AF1EE10FA96
:1043B00000F12D8384ED087A81ED007A9FEDA67AD5
:1043C00027EE877A002800F02482D0ED1D6A67EE80
:1043D000266A0021A14C03E0624500F09681614607
:1043E00053F8315001F1010CA542F5D103EBC101A5
:1043F000043191ED006AB4EE666AF1EE10FA13D062
:104400009FED936AF4EEC66AF1EE10FA00F3FC82B7
:104410009FED906AF4EEC66AF1EE10FA00F1F482B4
:10442000C4ED086AC1ED006A18B1D0ED1D6A27EE2F
:10443000267A00218A4C03E0824200F0578101462F
:1044400053F83150481CA542F6D103EBC1010431A9
:10445000D1ED006AF4EE476AF1EE10FA13D0DFED09
:104460007C6AB4EEE67AF1EE10FA00F3D982DFED61
:10447000796AB4EEE67AF1EE10FA00F1D18284EDB9
:10448000087A81ED007A774BF0BCC3ED007A704773
:10449000704775480568002D00F02181D5F800614E
:1044A000002E00F0EF830023704C03E00133B34291
:1044B00000F0038355F83310A142F7D105EBC30593
:1044C000291D72B600232362E36162B60B600568A2
:1044D000D5F80061002E00F0C1830023644C03E096
:1044E0000133B34200F0F88255F83310A142F7D1FE
:1044F00005EBC305291D72B600232362E36162B692
:104500000B600568D5F80061002E00F0AC83002335
:10451000584C03E00133B34200F0198355F83310CF
:10452000A142F7D105EBC305291D72B60023236212
:10453000E36162B60B600568D5F80061002E00F0FB
:10454000978300234C4C03E00133B34200F03783E0
:1045500055F83310A142F7D105EBC305291D72B6FA
:1045600000232362E36162B60B600568D5F8006141
:10457000002E00F082830023404C03E00133B3425D
:1045800000F0B98255F83310A142F7D105EBC3050D
:10459000291D72B600232362E36162B60B600568D1
:1045A000D5F80061002E00F081830023344C03E035
:1045B0000133B34200F0D98255F83310A142F7D14C
:1045C00005EBC305291D72B600232362E36162B6C1
:1045D0000B600568D5F80061002E00F06C830023A5
:1045E000284C03E00133B34200F0A28255F83310A7
:1045F000A142F7D105EBC305291D72B60023236242
:10460000E36162B60B600568D5F80061002E00F02A
:10461000438300230D4C03E00133B34200F0C18219
:1046200055F83310A142F7D105EBC305291D72B629
:1046300000232362E36162B60B600568D5F8006170
:10464000002E00F02E830023044C21E024F10020F2
:1046500000FEFF4600FEFFC66666E63EECF1002067
:1046600014F2002070E00020788401204CF100203A
:10467000D4F00020ACF00020FCF000209CF10020E1
:10468000C4F100203CF200200133B34200F042822A
:1046900055F83310A142F7D105EBC305291D72B6B9
:1046A00000232362E36162B60B600068D0F800511A
:1046B000002D00F0EC820023CC4C03E00133AB4230
:1046C00000F0618250F83310A142F7D100EBC30033
:1046D000011D72B600232362E36162B60B60C44918
:1046E0000020002308601370F0BC7047202A00F0FF
:1046F000418103EBC20543F83240881CBD4A29467C
:104700006A600431C3F80001A2E6202A00F00181AA
:104710008A1CB84D03EBCC0143F83C4004310D60DA
:10472000C3F8002165E6202A00F00A8103EBC201EC
:10473000551CB04E43F8324004310E602A46C3F88F
:104740000051EEE5202A00F0A38003EBC201551CC6
:10475000A84E43F8324004310E602A46C3F8005197
:1047600011E6202A5BD003EBC201551CA14E43F891
:10477000324004310E602A46C3F80051E6E4202A94
:104780005DD003EBC201551C9A4E43F83240043110
:104790000E602A46C3F8005108E5202A00F08B80FD
:1047A000D500561C291D43F832401D44914A194436
:1047B0006A603246C3F8006162E4202A52D003EBFB
:1047C000C201551C8B4E43F8324004310E602A461C
:1047D000C3F800511CE5202A00F0888003EBC201D9
:1047E000551C844E43F8324004310E602A46C3F80B
:1047F000005177E4202A00F0CF8003EBC201551C62
:104800007C4E43F8324004310E602A46C3F8005112
:104810002CE5F0EE476ADCE5F0EE476A88E49FEDB0
:10482000766AF4EEC66AF1EE10FA40F3CD8084EDBC
:10483000086A00287FF4A8ACF0EE476AA8E49FED70
:104840006E6AF4EEC66AF1EE10FA00F305819FED90
:104850006B6AF4EEC66AF1EE10FA00F1FD80C4ED69
:10486000086ABEE49FED646AF4EEC66AF1EE10FADF
:1048700000F3E8809FED616AF4EEC66AF1EE10FA8B
:1048800000F1E080C4ED086A00287FF4DDACDFE4CD
:10489000DFED596AB4EEE67AF1EE10FA00F3D98052
:1048A000DFED566AB4EEE67AF1EE10FA00F1D1804F
:1048B00084ED087A82E5DFED506AB4EEE67AF1EE37
:1048C00010FA00F3D180DFED4D6AB4EEE67AF1EE36
:1048D00010FA00F1C980DFED4A6A84ED087A27EE0C
:1048E000A67A00287FF4ECABFFF7EEBBDFED426A5F
:1048F000B4EEE67AF1EE10FA00F3B280DFED3F6A33
:10490000B4EEE67AF1EE10FA00F1AA8084ED087AAE
:1049100003E49FED396AF4EEC66AF1EE10FA00F393
:10492000C5809FED366AF4EEC66AF1EE10FA00F12A
:10493000BD80C4ED086A00287FF477AD624678E553
:10494000DFED2D6AB4EEE67AF1EE10FA00F3A48002
:10495000DFED2A6AB4EEE67AF1EE10FA00F19C80FF
:10496000DFED286A84ED087A27EEA67A00287FF426
:10497000F8ACFAE4DFED206AB4EEE67AF1EE10FA74
:1049800000F38780DFED1D6AB4EEE67AF1EE10FAEF
:104990007FD484ED087A76E5DFED176AB4EEE67A27
:1049A000F1EE10FA6BDCDFED156AB4EEE67AF1EEAB
:1049B00010FA64D4F6EE086A84ED087A27EEA67A37
:1049C00000287FF473AC75E49FED0C6AF4EEC66AC0
:1049D000F1EE10FA3FF52BAFC4ED086A00287FF422
:1049E000D3AB29E784ED086AFFF7C9BB14F20020B6
:1049F00070E00020000080BF00FEFF4600FEFFC602
:104A00003D0AD73ECDCCCC3E84ED086A0AE5C4ED24
:104A1000086AD1E4C4ED086A9CE4C4ED086A3EE487
:104A2000C4ED086A2DE5C4ED086AFFF774BBC4ED58
:104A3000086AFFF73EBB84ED086A02E484ED086A69
:104A4000FFF7CDBB84ED086A00287FF4FDABFFF7CC
:104A5000FFBBC4ED086AB1E484ED086AFFF7C1BB8F
:104A6000C4ED086AFFF759BB1FED1B7AC4ED086A55
:104A700027EE877A00287FF423ABFFF725BBB6EE3D
:104A8000087AC4ED086A27EE877A00287FF40EAC16
:104A900010E4C4ED086AF6E41FED267AC4ED086A56
:104AA00027EE877A00287FF45CAC5EE484ED086A28
:104AB00000283FF443AF6246B7E4202E00F0928016
:104AC000F300771C191D45F836402B447C4E2944D1
:104AD0005E60C5F80071F4E4202E00F08F80F300D2
:104AE000771C191D45F836402B44754E29445E60ED
:104AF000C5F80071FFE4202E00F09880F300771CC9
:104B0000191D45F836402B446D4E29445E60C5F8AA
:104B100000713EE5202E7DD0F300771C191D45F86D
:104B200036402B44664E29445E60C5F80071B6E5F8
:104B3000202E00F08780F300771C191D45F83640C1
:104B40002B445F4E29445E60C5F8007155E5202E68
:104B50005AD0F300771C191D45F836402B44584EA7
:104B600029445E60C5F80071DFE4202E64D0F300B4
:104B7000771C191D45F836402B44514E29445E6080
:104B8000C5F800711FE5202D4AD0EB006E1C191DE1
:104B900040F8354003444A4D01445D60C0F800616F
:104BA00097E5202E54D0F300771C191D45F83640A8
:104BB0002B44434E29445E60C5F8007137E5202E32
:104BC00016D0F300771C191D45F836402B443C4E97
:104BD00029445E60C5F80071C1E404210126394C06
:104BE0001546E0E572B600232362E36162B66EE427
:104BF00072B600232362E36162B6B6E472B60023A4
:104C00002362E36162B67CE472B600232362E3614F
:104C100062B690E472B600232362E36162B644E5B3
:104C200072B600232362E36162B658E572B60023D0
:104C30002362E36162B6B2E472B600232362E361E9
:104C400062B6C6E472B600232362E36162B6DAE4B8
:104C500072B600232362E36162B6EEE40127042109
:104C6000194C33463EE704210127184C334673E7BD
:104C700004210127164C3346A6E701270421154CD1
:104C800033463EE7042101270E4C33461BE704213F
:104C90000126114C2B467BE7042101270F4C33469C
:104CA00084E7042101270E4C334638E7042101270D
:104CB0000C4C33465EE7042101270B4C33463DE79D
:104CC000000080BF4CF10020D4F00020ACF00020A8
:104CD000FCF000209CF1002014F2002024F10020C0
:104CE000ECF10020C4F100203CF20020CA48037817
:104CF000002B00F05682C94AC94B11681B6870B47A
:104D0000C84C22688A1A042A40F24982C64ACB1A41
:104D1000216012689A4200F24282C4499B1A0A68D2
:104D20009A4200F23F82C24B1B68002B00F02E8299
:104D3000C04A1568002D00F0F585D5ED177A9FED76
:104D4000BE7A67EE877AD3F80021002A01F09580B9
:104D50000021BA4C03E00131914200F0628553F822
:104D60003160A642F7D103EBC101043191ED007A25
:104D7000B4EE677AF1EE10FA13D09FEDBB7AF4EE41
:104D8000C77AF1EE10FA00F3D5879FEDB87AF4EE0A
:104D9000C77AF1EE10FA00F1CD87C4ED087AC1EDC3
:104DA000007A002D00F0A885D5ED187A9FEDA47A41
:104DB00067EE877A0021A34C03E00131914200F0B5
:104DC000DA8453F83160A642F7D103EBC101043114
:104DD00091ED007AB4EE677AF1EE10FA13D09FED00
:104DE000A27AF4EEC77AF1EE10FA00F39F879FEDF6
:104DF0009F7AF4EEC77AF1EE10FA00F19787C4EDCE
:104E0000087AC1ED007A002D00F07F85B5EE007ABA
:104E1000D5ED187A67EE877A00218B4C03E00131DB
:104E2000914200F0858453F83160A642F7D103EB3C
:104E3000C101043191ED007AB4EE677AF1EE10FA17
:104E400013D09FED897AF4EEC77AF1EE10FA00F3F1
:104E500079879FED867AF4EEC77AF1EE10FA00F1C9
:104E60007187C4ED087AC1ED007A002D00F05685F7
:104E7000B5EE007AD5ED187A67EE877A0021734C8B
:104E800003E0944500F0B084614653F8316001F1CD
:104E9000010CA642F5D103EBC101043191ED007A7A
:104EA000B4EE677AF1EE10FA13D09FED6F7AF4EE5C
:104EB000C77AF1EE10FA00F341879FED6C7AF4EEB9
:104EC000C77AF1EE10FA00F13987C4ED087AC1ED26
:104ED000007A002D00F06887D5ED197A9FED5C7A95
:104EE00067EE877A00215B4C03E00131914200F0CC
:104EF000548453F83160A642F7D103EBC101043169
:104F000091ED007AB4EE677AF1EE10FA13D09FEDCE
:104F1000567AF4EEC77AF1EE10FA00F3FF869FEDB1
:104F2000537AF4EEC77AF1EE10FA00F1F786C4ED89
:104F3000087AC1ED007A002D00F0FD84B5EE007A0C
:104F4000D5ED1A7A67EE877A0021434C03E00131F0
:104F5000914200F07A8453F83160A642F7D103EB16
:104F6000C101043191ED007AB4EE677AF1EE10FAE6
:104F700013D09FED3D7AF4EEC77AF1EE10FA00F30C
:104F8000D1869FED3A7AF4EEC77AF1EE10FA00F18D
:104F9000C986C4ED087AC1ED007A002D00F0D484F2
:104FA000B6EE087AD5ED1C7A67EE877A00212B4C95
:104FB00003E00131914200F0AA8353F83160A64228
:104FC000F7D103EBC101043191ED007AB4EE677AB9
:104FD000F1EE10FA13D09FED247AF4EEC77AF1EED9
:104FE00010FA00F397869FED217AF4EEC77AF1EE7E
:104FF00010FA00F18F86C4ED087AC1ED007A002D19
:1050000000F0AB84D5ED1F7A9FED157A67EE877AB5
:105010000021144C32E000BFC4D30120BCB80120F1
:1050200054210120A48A012008D800200CD8002097
:10503000788401201C0801201F856B3F4CF1002063
:105040003D0AD73ED4F00020ACF00020FCF0002058
:105050009A99993E9CF10020C4F100203CF2002076
:10506000CDCCCC3E24F1002000FEFF4600FEFFC662
:105070006666E63E0131914200F06C8353F8316080
:10508000A642F7D103EBC101043191ED007AB4EEF1
:10509000677AF1EE10FA13D01FED0D7AF4EEC77AAD
:1050A000F1EE10FA00F32A861FED107AF4EEC77ABB
:1050B000F1EE10FA00F12286C4ED087AC1ED007A13
:1050C000002D00F05384D5ED1D7A1FED177A67EEA1
:1050D000877A0021C24C03E0944500F09483614636
:1050E00053F8316001F1010CA642F5D103EBC10187
:1050F000043191ED007AB4EE677AF1EE10FA13D034
:105100009FEDC77AF4EEC77AF1EE10FA00F3FA8554
:105110009FEDC47AF4EEC77AF1EE10FA00F1F28551
:10512000C4ED087AC1ED007A002D00F03986D5ED86
:105130001D7A9FEDAC7A67EE877A0021AA4C03E0D6
:105140000131914200F0A38353F83150A542F7D1C9
:1051500003EBC101043191ED007AB4EE677AF1EE10
:1051600010FA13D09FEDAE7AF4EEC77AF1EE10FA92
:1051700000F3CC859FEDAB7AF4EEC77AF1EE10FA2E
:1051800000F1C485C4ED087AC1ED007A00224FF029
:105190007E549649964B027001220C601A7070BCC6
:1051A0007047704707EE903A07EE102A914BF8EEE1
:1051B000677AB8EE477A1B68C7EE876A66EEA67A0A
:1051C000002B00F01C828C4A9FED8C7A106827EE31
:1051D000877A18B1D0ED176A27EE267AD3F8002126
:1051E000002A00F045860021854C03E00131914200
:1051F00000F03D8353F83150A542F7D103EBC101D4
:105200000431D1ED006AF4EE476AF1EE10FA13D0E2
:10521000DFED836AB4EEE67AF1EE10FA00F3A485CE
:10522000DFED806AB4EEE67AF1EE10FA00F19C85CB
:1052300084ED087A81ED007A9FED727A27EE877A05
:1052400018B1D0ED186A27EE267A00216E4C03E0E3
:10525000954200F00782294653F831604D1CA64262
:10526000F6D103EBC1010431D1ED006AF4EE476AD7
:10527000F1EE10FA13D0DFED6A6AB4EEE67AF1EEE1
:1052800010FA00F37585DFED676AB4EEE67AF1EEA9
:1052900010FA00F16D8584ED087A81ED007AB5EEA3
:1052A000007A27EE877A002800F01E83D0ED186A76
:1052B00067EE266A0021554C03E0954200F0EE812E
:1052C000294653F831604D1CA642F6D103EBC101CB
:1052D000043191ED006AB4EE666AF1EE10FA13D073
:1052E0009FED4F6AF4EEC66AF1EE10FA00F33885CE
:1052F0009FED4C6AF4EEC66AF1EE10FA00F13085CB
:10530000C4ED086AC1ED006A002800F04585D0EDC3
:10531000186A67EE266A00213D4C03E0954200F0D2
:10532000DA81294653F831604D1CA642F6D103EBD1
:10533000C101043191ED006AB4EE666AF1EE10FA33
:1053400013D09FED376AF4EEC66AF1EE10FA00F35F
:1053500017859FED346AF4EEC66AF1EE10FA00F19B
:105360000F85C4ED086AC1ED006ADFED2A6A67EEB9
:10537000A66A18B190ED196A66EE866A0021264C7D
:1053800003E0954200F07C81294653F831604D1CC2
:10539000A642F6D103EBC101043191ED006AF4EEAF
:1053A000466AF1EE10FA13D09FED1D6AF4EEC66A5C
:1053B000F1EE10FA00F3E0849FED1A6AF4EEC66A8B
:1053C000F1EE10FA00F1D884C4ED086AC1ED006A6C
:1053D00018B1D0ED1A6A27EE267A00210F4C27E08B
:1053E000ECF100206666E63E14F2002070E000203A
:1053F000C5D30120788401201C0801201F856B3F44
:105400004CF100203D0AD73ED4F00020ACF0002043
:10541000FCF000209A99993E9CF10020C4F10020F4
:1054200000FEFF4600FEFFC60131914200F04481BC
:1054300053F83150A542F7D103EBC1010431D1ED4E
:10544000006AF4EE476AF1EE10FA13D05FED0C6AD1
:10545000B4EEE67AF1EE10FA00F39A845FED0F6A8B
:10546000B4EEE67AF1EE10FA00F1928484ED087A57
:1054700081ED007AF6EE086A67EEA66A18B190ED43
:105480001C7A66EE876A0021CD4C03E0954200F05D
:105490003081294653F831604D1CA642F6D103EB0A
:1054A000C101043191ED007AB4EE667AF1EE10FAA2
:1054B00013D09FEDC47AF4EEC76AF1EE10FA00F350
:1054C00063849FEDC17AF4EEC76AF1EE10FA00F141
:1054D0005B84C4ED086AC1ED006A9FEDBC7A27EEDB
:1054E000877A18B1D0ED1F6A27EE267A0021B84CD2
:1054F00003E00131914200F0A68053F83150A542FB
:10550000F7D103EBC1010431D1ED006AF4EE476A33
:10551000F1EE10FA13D0DFEDAB6AB4EEE67AF1EEFD
:1055200010FA00F31384DFEDA86AB4EEE67AF1EE28
:1055300010FA00F10B8484ED087A81ED007A9FED7A
:10554000A57A27EE877A002800F0B181D0ED1D6A98
:1055500067EE266A0021A04C02E00131914263D03F
:1055600053F83150A542F8D103EBC101043191ED5C
:10557000006AB4EE666AF1EE10FA13D09FED916AFC
:10558000F4EEC66AF1EE10FA00F3E4839FED8E6A42
:10559000F4EEC66AF1EE10FA00F1DC83C4ED086A9D
:1055A000C1ED006A18B1D0ED1D6A27EE267A002100
:1055B0008A4C02E00131914226D053F83100A042DA
:1055C000F8D103EBC1010431D1ED006AF4EE476A72
:1055D000F1EE10FA13D0DFED7B6AB4EEE67AF1EE6D
:1055E00010FA00F3BA83DFED786AB4EEE67AF1EEF2
:1055F00010FA00F1B28384ED087A81ED007A784BDD
:1056000070BCC3ED007A7047202900F0508303EB93
:10561000C102744843F8314050604A1C03EBC10199
:10562000C3F800210431CFE7202A00F0E88203EB21
:10563000C201551C6B4E43F8324004310E602A46BD
:10564000C3F8005193E7202A00F0928203EBC201D5
:10565000551C644E43F8324004310E602A46C3F8AC
:10566000005151E7202A00F025818A1C5D4E03EB92
:10567000C50143F8354004310E60C3F80021F3E55D
:10568000202A00F01E828A1C564E03EBC50143F807
:10569000354004310E60C3F800217EE6202A00F078
:1056A00027828A1C4F4E03EBC50143F83540043175
:1056B0000E60C3F800210CE6202A00F0E88103EB1D
:1056C000C201551C474E43F8324004310E602A4651
:1056D000C3F80051B3E6202A00F075828A1C414EBF
:1056E00003EBC50143F8354004310E60C3F80021D7
:1056F00020E6202A00F09A818A1C3A4E03EBC5016D
:1057000043F8354004310E60C3F80021CAE6202A70
:1057100000F0088203EBC201561CDFF8C8C043F852
:1057200032400431C1F800C03246C3F800614BE496
:10573000202A00F0968103EBC201561CDFF8A4C0BA
:1057400043F832400431C1F800C03246C3F800616A
:10575000FFF770BB202A00F0688203EBC201561CE1
:10576000DFF880C043F832400431C1F800C032464F
:10577000C3F8006189E4202A00F0168103EBC2011E
:10578000561CDFF860C043F832400431C1F800C055
:105790003246C3F80061FFF71BBB202A00F05B8292
:1057A00003EBC201561CDFF83CC043F83240043121
:1057B000C1F800C03246C3F80061FFF7A1BB00BFCB
:1057C0003CF2002000FEFF4600FEFFC6CDCCCC3EE2
:1057D00024F100206666E63EECF1002014F2002081
:1057E00070E00020000080BF202A00F0C3808A1CE7
:1057F000D74E03EBCC0143F83C4004310E60C3F8B4
:105800000021FFF74BBB202A00F0C5818A1CD04E37
:1058100003EBCC0143F83C4004310E60C3F8002197
:1058200067E4202A00F0D4804FEAC20C561C0CF129
:10583000040143F832409C44C54A1944CCF8042082
:105840003246C3F80061FFF791BA202A00F01982AE
:1058500003EBC201561CDFF8F8C243F832400431B2
:10586000C1F800C03246C3F80061FFF77BBB202AB5
:1058700000F0C280D500561C291D43F832401D445B
:10588000B34A19446A603246C3F80061B9E420297A
:1058900000F0208203EBC102AD4D43F8314055606A
:1058A0004A1C03EBC101C3F80021043153E4F0EEBC
:1058B000476A4FE6DFEDA86AB4EEE67AF1EE10FA39
:1058C00000F37E82DFEDA56AB4EEE67AF1EE10FA1F
:1058D00000F1768284ED087AB5EE007A2A4627EE4A
:1058E000877A00287FF4E2ACF0EE476AE2E484EDC8
:1058F000087A002D7FF458AADFED9B7AFFF75ABA99
:1059000084ED087A002D7FF481AAF5EE007AFFF786
:1059100083BA84ED087A002D7FF4AAAAF5EE007A06
:10592000FFF7ACBADFED8B7AFFF70DBA84ED087A9A
:10593000002D7FF403ABF5EE007AFFF705BB84ED95
:10594000087A002D7FF42CABF6EE087AFFF72EBB19
:1059500084ED087A002D7FF455ABDFED827AFFF7F6
:1059600057BB84ED087A002D7FF4ADABDFED7F7A75
:10597000FFF7AFBB9FED787AF4EEC77AF1EE10FA3D
:1059800000F325829FED757AF4EEC77AF1EE10FAF6
:1059900000F11D82C4ED087A002D7FF49DAA6246B5
:1059A000DFED6F7AFFF79EBA9FED6B7AF4EEC77A60
:1059B000F1EE10FAA4DC9FED697AF4EEC77AF1EE0D
:1059C00010FA9DD4C4ED087A002D7FF41FAA9CE73D
:1059D0009FED617AF4EEC77AF1EE10FA87DC9FED65
:1059E0005F7AF4EEC77AF1EE10FA80D4C4ED087A4B
:1059F000002D7FF4D9A97FE7DFED576AB4EEE67A90
:105A0000F1EE10FA00F3F781DFED546AB4EEE67AB6
:105A1000F1EE10FA00F1EF81DFED536A84ED087AC0
:105A200027EEA67A00287FF40CAC0EE49FED4A7AAC
:105A3000F4EEC76AF1EE10FA00F3D1819FED477AD8
:105A4000F4EEC76AF1EE10FA00F1C9819FED457AD4
:105A5000C4ED086A27EE877A00287FF443AD2A4612
:105A600044E59FED3D7AF4EEC77AF1EE10FA3FF788
:105A700050AF9FED3A7AF4EEC77AF1EE10FA3FF5A7
:105A800048AFC4ED087A002D7FF4F2A946E79FEDF8
:105A9000326AB4EEC67AF1EE10FA00F3C2819FEDDD
:105AA0002F6AB4EEC67AF1EE10FA00F1BA81F6EE82
:105AB000086A84ED087A67EEA66A00287FF4DFACF6
:105AC000E1E49FED256AF4EEC66AF1EE10FA00F308
:105AD0006F819FED226AF4EEC66AF1EE10FA00F1D2
:105AE0006781C4ED086A00287FF473AC2A4674E429
:105AF0009FED196AF4EEC66AF1EE10FA00F3A38185
:105B00009FED166AF4EEC66AF1EE10FA00F19B8181
:105B1000C4ED086A00287FF4FAABF0EE476A2A4623
:105B2000FFF7F9BB9FED0C7AF4EEC77AF1EE10FAAD
:105B30003FF70EAF9FED097AF4EEC77AF1EE10FA57
:105B40003FF506AFC4ED087A002D7FF45BAA04E7A9
:105B5000000080BF1F856B3F00FEFF4600FEFFC6B2
:105B60009A99993ECDCCCC3E3D0AD73E6666E63E3C
:105B70005FED076AB4EEE67AF1EE10FA00F32381E6
:105B80005FED0A6AB4EEE67AF1EE10FA00F11B81DD
:105B900084ED087AD3E41FED107AF4EEC77AF1EEC3
:105BA00010FA00F358811FED137AF4EEC77AF1EE84
:105BB00010FA00F15381C4ED087A002D00F05381F2
:105BC0006246FFF7B4BA1FED1C6AF4EEC66AF1EE46
:105BD00010FA00F31F811FED1F6AF4EEC66AF1EEA2
:105BE00010FA00F11781C4ED086A5FED236A2A46B6
:105BF00067EEA66A00287FF4BDABFFF7BFBB1FEDC1
:105C00002A6AF4EEC66AF1EE10FA00F315811FED70
:105C10002D6AF4EEC66AF1EE10FA00F10D81C4EDC2
:105C2000086A00287FF4BFACC1E41FED357AF4EEBA
:105C3000C77AF1EE10FA3FF794AE1FED387AF4EE22
:105C4000C77AF1EE10FA3FF58CAEC4ED087A002D5C
:105C50007FF439AA8AE61FED407AF4EEC77AF1EEB6
:105C600010FA3FF763AE1FED437AF4EEC77AF1EE18
:105C700010FA3FF55BAEC4ED087A002D7FF45EA903
:105C800059E61FED4B7AF4EEC77AF1EE10FA3FF7C2
:105C900056AE1FED4E7AF4EEC77AF1EE10FA3FF5EC
:105CA0004EAEC4ED087A002D7FF47AA94CE65FED84
:105CB000566AB4EEE67AF1EE10FA00F3AE805FEDCC
:105CC000596AB4EEE67AF1EE10FA00F1A68084ED9E
:105CD000087A94E41FED607AF4EEC77AF1EE10FAD8
:105CE00000F394801FED637AF4EEC77AF1EE10FAB8
:105CF00000F18C80C4ED087AFFF748BA84ED087A89
:105D0000FFF7DCB984ED087AFFF70CBA84ED087A66
:105D1000FFF73ABA84ED087AFFF76FB984ED087A95
:105D2000FFF707B984ED087AFFF735B984ED087AF3
:105D3000FFF767B884ED087AFFF731B884ED087A89
:105D4000FFF7C5B884ED087AFFF78DB8C4ED086A8F
:105D5000FFF7F3BB84ED086A22E4C4ED086A4CE463
:105D600084ED086AFFF7CEBAC4ED086AFFF762BA9D
:105D7000C4ED086AFFF791BA84ED086AFFF726BB05
:105D800084ED086AFFF7EFBA84ED087AFFF7A3BB4A
:105D9000C4ED086AFFF76CBBF0EE476AFFF7BBBAC9
:105DA0005FED8E7AFFF7C9B95FED937AFFF79AB886
:105DB00084ED086A00283FF499AE2A46FFF709BB34
:105DC000C4ED086A88E5C4ED086AFFF7B8BB84ED46
:105DD000087A002D3FF4E3AD6246FFF77DB884ED0D
:105DE000087A1FEDA07A27EE877A00283FF437AEB5
:105DF0002A46FFF777BB1FEDA47AC4ED086A27EEA9
:105E0000877A00287FF41DAAFFF71FBA84ED087A6D
:105E1000FFF7BCB984ED086AE7E6C4ED086AFFF74E
:105E2000EEBBF6EE086A84ED086A67EEA66A002803
:105E30007FF425ABFFF727BB84ED086A00287FF4C9
:105E4000B2ABFFF7B4BB84ED086A00283FF465AE3F
:105E50002A46FFF75CBA84ED087AAEE684ED087A4C
:105E6000002D7FF464A962465FEDC07AFFF765B943
:105E700004210126034C1546FFE404210126014CB0
:105E80009446D6E44CF1002038B54E4C4E49236878
:105E90004E4803EB83034E4A056801EBC30102F150
:105EA000280C4C48043951F8043F2B4400EB830381
:105EB000D3ED007AFDEEE77AE2EC017A6245F2D1A9
:105EC000454D46480CF08CFA2968814203D9081ADE
:105ED000B0F5FA5F14D941480CF08EFAE0B9404BA6
:105EE000404819680CF088FA00B938BD00213D48D7
:105EF0000CF068FA092100200FF016FF206038BD71
:105F0000394B1B78002BE6D1384B1B78002BE2D1A4
:105F1000FDF7DCFC2968DEE70120F3F74DF905F019
:105F20009BF800212D480CF04DFA00212D480CF073
:105F300049FA00212E480CF045FA00212D480CF0BA
:105F400041FA00212C480CF03DFA00212B480CF0BE
:105F500039FA00212A480CF035FA002129480CF0C2
:105F600031FA002128480CF02DFA002127480CF0C6
:105F700029FA002126480CF025FA264800210CF0C9
:105F800021FA254B186808B1EDF74CFD234B186832
:105F900008B10BF041FD224B186808B1F9F78EF9F2
:105FA000204B186808B105F0DFFD1F4B186808B1D9
:105FB000F2F750FF0CF098F804F0F0FCF3F7DAFA7F
:105FC0008DE700BF64AF0120E89A00208CE200203A
:105FD0001097012078E000205CE00020948A0120E6
:105FE00090E2002068AF0120C6D30120C4D3012075
:105FF000C4B80120241F0120C0F20020188A01200B
:10600000648A0120E800012018F3002038F3002002
:1060100008F30020A8FE002098F20020A0A0012094
:10602000D8890120608F01201C080120BA4B1B7801
:1060300003B17047B9494FF48032B94B097830B495
:10604000C3E906221A62002900F04482B54B1B788E
:10605000002B40F03F82B44B1B78002B40F03A827B
:10606000B24B1B68002B00F03582B14A1268002A3F
:1060700000F00883F5EE006AD2ED187AF6EE082AF1
:106080009FEDAC7A92ED175A9FEDAB1A27EE877A07
:10609000D2ED195A67EEA67ADFEDA81A25EE015A5D
:1060A00092ED1A6A92ED1C2A65EEA15A92ED1F3A02
:1060B00026EE266ADFEDA23A22EE222A92ED1D4A52
:1060C000DFEDA04A23EE233A64EE246AD3F80021E0
:1060D000002A00F0238400219B4C03E0013191420F
:1060E00000F0648253F83100A042F7D103EBC10104
:1060F0000431D1ED004AF4EE474AF1EE10FA13D024
:10610000DFED994AB4EEE47AF1EE10FA00F3C883B9
:10611000DFED964AB4EEE47AF1EE10FA00F1C083B6
:1061200084ED087A81ED007A0021884C03E001318A
:10613000914200F05A8253F83100A042F7D103EBAC
:10614000C101043191ED007AB4EE677AF1EE10FAF4
:1061500013D09FED857AF4EEC77AF1EE10FA00F3D2
:10616000A2839FED827AF4EEC77AF1EE10FA00F185
:106170009A83C4ED087AC1ED007A0021744C03E0E3
:106180000131914200F0508253F83100A042F7D122
:1061900003EBC101043191ED007AB4EE677AF1EEC0
:1061A00010FA13D09FED707AF4EEC77AF1EE10FA80
:1061B00000F367839FED6D7AF4EEC77AF1EE10FA83
:1061C00000F15F83C4ED087AC1ED007A0020614DD3
:1061D00003E0914200F0FA81084653F83040411C38
:1061E000AC42F6D103EBC000011DD1ED007AB4EE54
:1061F000675AF1EE10FA13D0DFED5B7AB4EEE75A8E
:10620000F1EE10FA00F33783DFED587AB4EEE75A77
:10621000F1EE10FA00F12F8385ED085A81ED005A56
:1062200000204D4D03E08A4200F00E82084653F8EC
:106230003040411CAC42F6D103EBC000011DD1ED52
:10624000007AF4EE675AF1EE10FA13D0DFED467AD9
:10625000F4EEE75AF1EE10FA00F31083DFED437A23
:10626000F4EEE75AF1EE10FA00F10883C5ED085A92
:10627000C1ED005A0021394C03E00131914280F018
:10628000C48153F83100A042F7D103EBC101D3F828
:1062900000010431D1ED007AB4EE676AF1EE10FA34
:1062A00016D0DFED317AB4EEE76AF1EE10FA00F3C2
:1062B000F182DFED2E7AB4EEE76AF1EE10FA00F12A
:1062C000E98284ED086A81ED006A002800F03083DD
:1062D0000022234D03E00132904240F2C48153F882
:1062E0003210A942F7D103EBC202D3F800410432C5
:1062F000DFED147A92ED007AB4EE677AF1EE10FADF
:1063000006D0C5ED087AC2ED007A002C00F00B83B0
:106310000022144D30E000BFCAD30120C5D30120B4
:106320005C8B0120C4D30120C6D3012078840120D6
:106330001C0801203D0AD73E1F856B3F9A99993E64
:10634000CDCCCC3E6666E63ED4F00020ACF000201A
:10635000FCF000204CF100209CF10020C4F1002052
:1063600074F100203CF2002000FEFF4600FEFFC654
:106370000132A24280F0E68053F83210A942F7D1F0
:1063800003EBC202D3F800010432D2ED007AF4EE3E
:10639000427AF1EE10FA16D05FED0D7AB4EEE72AEC
:1063A000F1EE10FA00F379825FED107AB4EEE72A8D
:1063B000F1EE10FA00F1718285ED082A82ED002AD3
:1063C000002800F0A6820022C04D03E00132904276
:1063D00040F2C78053F83210A942F7D103EBC20252
:1063E000D3F800410432D2ED007AF4EE437AF1EEB4
:1063F00010FA16D0DFEDC57AB4EEE73AF1EE10FAF6
:1064000000F34282DFEDC27AB4EEE73AF1EE10FA21
:1064100000F13A8285ED083A82ED003A002C00F056
:106420008C820022AA4D03E00132944240F2A880FF
:1064300053F83210A942F7D103EBC201D200D1EDDB
:10644000017AF4EE676AF1EE10FA00F0508204323D
:10645000DFEDAE7A1A44F4EEE76AF1EE10FA00F3DB
:106460001682DFEDAB7AF4EEE76AF1EE10FA00F196
:106470000E82C5ED086AD3F80001C2ED006A00285B
:1064800000F060820022934C02E0013290424AD92F
:1064900053F83210A142F8D103EBC2020432D2ED1C
:1064A000007AF4EE667AF1EE10FA13D0DFED977A07
:1064B000F4EEE76AF1EE10FA00F3DA81DFED947A98
:1064C000F4EEE76AF1EE10FA00F1D281C4ED086A49
:1064D000C2ED006A4FF480337F49804A804C814886
:1064E00053621362A3614B620B628361C2E906339C
:1064F000C1E906337C4A4CF6CC434FF40041C2E973
:1065000006337A4BE161C1614AF26660784C1B68E0
:1065100011625162A0610BB930BC704745F6991306
:10652000E36130BC7047202800F0BD80C100451CED
:106530000A1D43F8304019446E481A444860C3F8B5
:106540000051ACE7202C00F0E580E100601C0A1D42
:1065500043F834501944674C1A444C60C3F80001A6
:1065600013E7202800F0EB80C100441C0A1D43F80B
:10657000305019445F481A444860C3F8004132E77C
:10658000202C00F04F81E100601C0A1DFFEE007A14
:10659000194443F83450F4EE676AC1ED017AC3F848
:1065A0000001F1EE10FA7FF453AF6BE7202A00F000
:1065B000DB80D000551C011D43F8324018444D4A81
:1065C000194442602A46C3F8005192E5202A00F09F
:1065D000DE80821C03EBC10043F83150454C01467C
:1065E00044600431C3F80021FFE5202A00F0E38075
:1065F00003EBC205501C43F8324029463D4A0431A2
:106600006A600246C3F800019CE5202A00F01D8163
:1066100003EBC20543F83240501C364A29466A60F3
:106620000431C3F8000135E6202A00F0EA8003EBCC
:10663000C205501C43F8324029462E4A04316A6094
:106640000246C3F80001A6E5202A00F0C780821C9C
:1066500003EBC10043F83150264C0146446004313D
:10666000C3F80021EBE5202800F02081C100441C84
:106670000A1D43F8305019441E481A444860C3F8B4
:10668000004135E6B5EE006ADFED1B6AB6EE082A7A
:106690009FED1A3ADFED1A5AF0EE467A9FED195A3D
:1066A0009FED197A12E5DFED197AF4EEE76AF1EE63
:1066B00010FA00F30081DFED167AF4EEE76AF1EEEE
:1066C00010FA00F1F880C4ED086A03E724F1002015
:1066D000ECF1002014F20020248B0120048C012016
:1066E000EC8A0120CC8B012090AE0120000101201A
:1066F000C8AE0120000080BF6666E63ECDCCCC3E31
:106700009A99993E1F856B3F3D0AD73E00FEFF4692
:1067100000FEFFC65FED037AB4EEE72AF1EE10FA51
:1067200000F3D1805FED067AB4EEE72AF1EE10FABD
:1067300000F1C980D3F8000185ED082A40E65FED3D
:106740000D7AB4EEE73AF1EE10FA00F3B7805FEDA0
:10675000107AB4EEE73AF1EE10FA00F1AF80D3F818
:10676000004185ED083A59E65FED184AB4EEE47A47
:10677000F1EE10FA00F3AC805FED1B4AB4EEE47A60
:10678000F1EE10FA00F1A48084ED087ACCE45FED1C
:10679000217AB4EEE75AF1EE10FA00F3A4805FED2F
:1067A000247AB4EEE75AF1EE10FA00F19C800A4622
:1067B00085ED085A34E51FED2B7AF4EEC77AF1EE39
:1067C00010FA00F397801FED2E7AF4EEC77AF1EEFF
:1067D00010FA00F18F80C4ED087ACEE45FED357ACF
:1067E000F4EEE75AF1EE10FA00F387805FED387AA5
:1067F000F4EEE75AF1EE10FA7FD40A46C5ED085AD6
:1068000038E51FED3E7AF4EEC77AF1EE10FA62DC5D
:106810001FED417AF4EEC77AF1EE10FA5BD4C4EDC5
:10682000087AD3E45FED477AF4EEE76AF1EE10FA06
:1068300067DC5FED497AF4EEE76AF1EE10FA65D4B1
:10684000C5ED086AD3F8000119E65FED507AB4EEA1
:10685000E76AF1EE10FA41DC5FED537AB4EEE76AD5
:10686000F1EE10FA3AD4D3F8000184ED086A2CE571
:10687000C4ED087A2CE6C5ED087ACFE4C5ED087AB8
:10688000F6E484ED087A9FE4C5ED087AC4E5C5ED29
:10689000087AF0E5C4ED087A15E5C5ED087A8DE5CE
:1068A000C4ED084A3EE484ED087A64E4284AD3F84B
:1068B00000412A6229E5C4ED087A0BE6D3F80041CD
:1068C000C5ED087AAAE5D3F80001C5ED087A77E5A9
:1068D000C4ED084A28E484ED087A77E4D3F800018F
:1068E000C4ED087AF1E40A46C5ED087A98E4D3F8D5
:1068F0000001C7E584ED087A3FE40A46C5ED087A51
:10690000B8E4D3F80001C5ED087AB8E5C5ED087A1A
:1069100098E7042201240F4D014628E604210125B1
:106920000D4C104648E6042201200C4D21460FE68E
:10693000012404220A4D01469BE601200422094D50
:10694000214623E604220125074C0146F1E500BF5C
:106950006666E63E24F10020D4F000203CF20020E0
:1069600074F10020ECF1002014F200202DE9F84F22
:106970005E4C5F480BF034FD2368C01A182801D81C
:10698000BDE8F88F5A480BF02BFD5A4B20601C686D
:10699000002C75D0012C00F09F80574B022C4FF03B
:1069A0000A061B680BBFFF2700270024FF24002BCB
:1069B0006CD14F480BF014FD504B9FED516AF6EE31
:1069C000006AA3FB00234FF47A621B0A02FB130048
:1069D00007EE900AF8EEE77A87EE867AB4EEE67A6A
:1069E000F1EE10FA6FD537EE077ADFED467A464BB7
:1069F00027EE277A45491888454AFCEEC77A454D67
:106A0000DFF82C8117EE903A1433DBB200FB03F36E
:106A1000A1FB0313C3F34F13FF2B28BFFF2304FB7A
:106A200003F103FB06F607FB03F3A2FB0101A2FB44
:106A30000606A2FB0323C1F3C7174FEAD61BC6F312
:106A4000C7164FEAD319C3F3C7142B78C909BB4241
:106A50002ED0DFF8E0A0304B187810F009F82F4B5B
:106A60005946187810F004F82D4B494618780FF065
:106A7000FFFF2F7088F800608AF80040BDE8F88FAB
:106A80000A27FF261C4B1B68002B92D093F8283056
:106A9000002B8ED0234B244A19681368CB1A632B22
:106AA000224B1DD81F7807B1FF273E463C4680E7A2
:106AB00098F80030DFF87CA0B342CCD19AF80030CF
:106AC000A342C8D15CE7B7EEC77AB0EE006BA7EE81
:106AD000466BB7EEC67B88E700277F26FF24D1E709
:106AE0001F78116087F001071F70DCE740ED002080
:106AF0001401012000010120AC8A0120D34D621055
:106B000000007A450000F04268E000201F85EB514C
:106B100081808080B6D30120CCAC0020D0AC002096
:106B2000D4AC0020BCB8012044ED0020FCE20020E1
:106B3000B5D30120B4D3012038B5F2F73DFF0024CE
:106B4000264B4FF4807201252146A3F844202448A7
:106B50005C72DD60F5F748FA22480221F5F744FA45
:106B600021462148F5F740FA21462048F5F73CFA3E
:106B70001F480421F5F738FA21461E48F5F734FA84
:106B800006211D48F5F730FA32211C48F5F72CFA9A
:106B90004FF496711A48F5F727FA04211948F5F7CA
:106BA00023FA0920EBF7E4FB2846EBF7FDFB164838
:106BB0000221F5F719FA29461448F5F715FAF2F704
:106BC00031FFF5F7B1FB124B2E2112481D7012F068
:106BD00061FA1148BDE838400EF088BF0009012075
:106BE000D8190020E8190020F0190020F819002019
:106BF000E4B7002094B80020C8190020C019002074
:106C0000D01900203CBD002074BE0020DCBE002056
:106C1000C5D301209019002050CE002008B50A4BA2
:106C20001B7813B1094B1B7803B108BD084B1B78C7
:106C3000002BFAD112F03AFAB0F5805FF5DBBDE82F
:106C40000840FBF7CBBD00BF08E30020C4D3012000
:106C5000C6D301202DE9F04FB04DA1B0B04C40F2A9
:106C6000EE28B04FDFF8E0932E6812F091FA237807
:106C7000002B00F062843B78DB0740F15E842B68D8
:106C8000D9F800209B1A0E2B40F25784F7F73CFFEF
:106C9000002404F0E9F8B421A3481AF07BFBA348D0
:106CA0000BF0F0FC6721A1480BF032FD1D219F483D
:106CB0000BF0A8FD1A200FF06BF8DFF890830EF0B0
:106CC000F7FF0D2120469A4F0FF02EF8994B024600
:106CD0004FF48270DFF878A353F82230964ADFF839
:106CE00074B313600FF030FE0346944AB420DFF80B
:106CF0006893C3F8004113600FF026FE904B0546E1
:106D0000904A0293904B9149CDF804800093904BA8
:106D100003F07CFE8F4B28461D6003F0A5FE9FED1F
:106D20008E0A8E48F7F762FC8D4D9FED8E0A8B48D8
:106D3000F7F776FC40200FF007FED5ED007A04222D
:106D40009FED890AF8EEE77A0646114680EE270A9B
:106D500004F0D4FE88203E600FF0F6FD3968064648
:106D6000824B834AF1F77EFD824F4FF400528248F6
:106D70008249B6EE000A026258463A62804A814B66
:106D80009461814A814F9461814A0C62CA61CAF858
:106D90001C204FF480324C864C62CAF82040AAF87E
:106DA0003240CAF82440CBF82070C3E90622C3E978
:106DB0000844784B1E60784BCBF830300DF0B2F9B8
:106DC000B6EE000A58460DF0D7F9744B4846B6EEB9
:106DD000000AC9F83030C9F820700DF0A3F9B6EEFA
:106DE000000A48460DF0C8F96D4B40F6CC426D499B
:106DF00020466D4F5A62C3E907226C4A116242F283
:106E000066629A61F2F7D8F9C4200FF09DFD684BD5
:106E1000684A06460493684B68490393684B02929C
:106E20000197684A684F0093684BFAF7A9FBCC209A
:106E30003E600FF089FD4E4B654A0593654B664EEB
:106E40000193664B66490493664B009203932B466D
:106E5000654A02961E90F8F7E5F9644E1E98306078
:106E60004FF490700FF070FD354B5F4A60491192FE
:106E70000091CDE90B835F4B804603F1A80201939B
:106E8000049203F1700238330392A1F54872029321
:106E9000594B0A93594B0993594B0893594B0793F4
:106EA000594B0693594B059333681093584B0F93E6
:106EB000584B0E93584B0D93A1F5C873A1F59661ED
:106EC00009F028FC554B4046C3F800800AF002FF49
:106ED000534B2820534A9A61103ADA61524A5A6257
:106EE0000FF032FD214B059404933D4B124C02935D
:106EF0004E4B4F4A01934F4B4F4903940446009326
:106F00004E4BF1F73BFB4E4BC4201C600FF01CFDB9
:106F1000284C80464B4B0894A0E000BFBCB8012031
:106F2000DCD30120DBD30120000020208CF20020E4
:106F3000608F0120C42C002074E0002078840120A0
:106F4000FC970120008D0120A88D0120AC8C012030
:106F5000548D0120FC8D01208FC2F53D70FD002075
:106F600094E200200000484300606A475CE0002093
:106F700080F3002060960120C49201208806012041
:106F8000648F0120D0F200200093012014F404004B
:106F9000B8DF8D021C08012013952C00FEF4390087
:106FA000948B0120CDCCCC3D20BB012074F100207E
:106FB0005C8B012080BB0120C8AE0120DCBB01201E
:106FC000B0BC012018BC0120AC8A012074BC012097
:106FD00064E00020000101203CAE012018080120DF
:106FE0008CE20020C0AF012064AF0120D8890120CD
:106FF000109F012050980120CC990120A8990120D0
:107000006C99012030990120289A0120F0990120E3
:10701000CBD301208097012058970120A0A0012008
:10702000B80401205BB7740000B76D5B948A01203F
:1070300024010120E80801209CAF0120C0080120A4
:10704000F404012024CD002004B90120A8970120D8
:10705000F8040120441F01207C1F0120A54C10953D
:1070600007941C78A44B1A9401931E94A34BA44C30
:1070700000930F943368A34A1B93A34BA349139324
:10708000A34B19921893A34BA34A1793A34B1693A0
:10709000A34B1593A34B1493A34B1293A34B1193A0
:1070A000A34B0E93A34B0D93A34B0C93A34B0B93AA
:1070B000A34B0A93A34B0993A34B0693A34B0593AE
:1070C000A34B0493A34B0393A34B0293A34BEBF764
:1070D00077F9A34B4FF48270C3F800800FF034FCB3
:1070E000A04BA14A0E93A14B01920C93A04BA14A35
:1070F0000993A14B00920893A04BA14A0593A14B81
:107100000D920493A04BA14A0393A149A14B0B926A
:107110000A910293A04AA149DFF808831F90CDE9A4
:107120000645336810933B680F939D4BF8F7BEFC00
:107130001F98C8F80000DC200FF006FC934A944921
:107140000692984A07910092336806468C4A0D933E
:107150003B6895490C93834B0A920B936A4B934A75
:107160000893934B934F0993934B0593934B04933D
:10717000934BCDE902450193924BF9F7A1FCD8F866
:1071800000003E608666B066F8F7CCFD3868754F43
:10719000F9F7B6FD4FF47F708B4E0FF0D5FB0D97CE
:1071A000774F534689490496894E8A4A0091CDF813
:1071B00004B08949DFF87082CDE90B57874F0E97ED
:1071C000874F0A97874F0997874F0897874F0797E9
:1071D000874F0697874F0597874F1097874FCDE9C1
:1071E000029606460F9705F033FD854B30461E602C
:1071F00006F028FD1C20834E0FF0A6FB824B814633
:10720000066043615033836140F6145383801E232C
:10721000837150200FF09AFBC9F8080099F8050017
:1072200080000FF093FBC9F80C0099F8060080006D
:107230000FF08CFB754BC9F810001C20C9F800300A
:10724000C8F800900FF080FB714B814606604361E7
:107250003833836140F60E6383801A2383713820AC
:107260000FF074FBC9F8080099F8050080000FF0D2
:107270006DFBC9F80C0099F8060080000FF066FB62
:10728000644BC9F810001C20C9F80030C8F80490FD
:107290000FF05AFB604B81460660436150338361B7
:1072A00041F2144383801823837150200FF04EFB6A
:1072B000C9F8080099F8050080000FF047FBC9F8ED
:1072C0000C0099F8060080000FF040FB534BC9F802
:1072D00010001C20C9F80030C8F808900FF034FBEB
:1072E0004F4B8146066043613C3308F110068361D1
:1072F0009CE000BF20BB01202008012054C20120D7
:107300001097012024AA002078E20020A4BD0120CB
:10731000BBD30120BCD3012034BF0120FEE20020FA
:10732000BDD30120C2D30120C0F20020FFE2002023
:10733000FCF00020ACF00020D4F00020342001202C
:10734000C41F0120FC1F0120C0BA012044BB012042
:10735000E4BA012084BA01209CF20020C4C00120BC
:1073600098F200200001012018BC01201C1F012000
:1073700014D80020DCBB0120188A012010880120CD
:1073800064E000207C8401204888012002E3002082
:1073900001E30020DC89012074C50120E4C3012041
:1073A0004808012074BC012004C7012094C80120B2
:1073B000201F0120608A012018D80020648A012043
:1073C000288A01207008012060960120880601208B
:1073D000C492012000930120648F012008E3002063
:1073E000CC8B0120EC8A0120B09401202093012055
:1073F000848F01201491012000090120CAD30120AB
:107400009C96012090A200205C9F0020B4A2002046
:1074100004A10020FCA2002000A00020D8A200208F
:1074200080A10020148A01200401012040F60F737E
:107430008380112383713C200FF088FAC9F808007B
:1074400099F8050080000FF081FAC9F80C0099F84E
:10745000060080000FF07AFA434BC9F81000C8F814
:107460000C90C9F80030D8F80000214603689B68EA
:10747000984758F8040B0368DB68984758F8040CE1
:1074800003681B6998474645EDD14FF48A600FF0B9
:107490005BFA1E9B354A1C93354B1A921B93354B56
:1074A000354A1693354B19921593354B354A14933B
:1074B000354B1892354A364911941792354C364A55
:1074C000CDE91253354B05461093354B0F93354B91
:1074D0000E93354B0D93354B0C93354B0B93354B2E
:1074E0000A93354B0993354B0893354B0793354B2E
:1074F0000693354B0593354B0493354B0393354B2E
:107500000293354B0193354B0093354BECF7B8FDA7
:1075100028462560EDF74EF848200FF015FA22684E
:107520001749044602F074FF2E4A3B781460A3B951
:10753000F2F720F821B0BDE8F08F2B6822789B1B72
:107540003AB1B3F5FA6F3FF6A1AB11F021FEFFF7A8
:107550008CBB4345F9D9FFF799BBFFF7EDFAF2F77A
:1075600009F821B0BDE8F08F38A30020BFD3012077
:1075700024AA00203CAE012000E3002078E2002095
:1075800064E00020FC00012000010120F80001203F
:107590000401012080F3002024CA0120B8FE00204D
:1075A0006C20012018F7002084F3002048F300200D
:1075B0006CBD01204809012038FD0020FCFC0020A2
:1075C000A8F800206CB80120A420012018B40120E4
:1075D000C4AF01209808012048BD01200CBD012046
:1075E000B4CB0120B08A0120024B002218681A6037
:1075F000704700BF74840120000000002DE9F04FA7
:107600002DED028B8DB00EF05BFEC04903460A687B
:107610002AB1BF489A1A04689442C0F06D82BD48EE
:107620000B600DF001FEF5F785F8BB4B1B78002BC6
:1076300040F00A83B7480DF03BFE002840F0AB82D3
:10764000B64EB74DDFF88CB3B64CDFF88CA3B64F0F
:10765000386803F00FF9206804F0F8FA0121206877
:1076600004F0BCFCB14B1860DAF80000F1F730FC14
:10767000DBF80000F8F73CF9AD4B186808F0EEF8BD
:107680003068EBF7F7FBAB4B1868F8F7E3FCAA4B55
:107690001868F9F75BFB28680AF0F0F8386803F01F
:1076A00085F9A64B1868F1F723F8A54B1B78002B3A
:1076B00049D0A44F3B68002B45D0A34BA34AA44814
:1076C000DFF8188392F800C093F800E0A14A03683D
:1076D000D8F80000117884459F4A126840F0318440
:1076E0009E48DFF8FC9290F800C00390D9F80000A3
:1076F000844503D1914201D19E451DD098480EF09A
:10770000F5F92F21974811F0C5FC95480EF0EEF9D8
:10771000D8F800208D4B1A70D9F80020039B1A70FE
:107720008D4B1A688B4B1A70894B1A68864B1A70EE
:107730004FF0FF328C4B1A60C8218C480AF05CFE77
:10774000002840F03183DFF89C92894FD9F800007F
:1077500097ED000AF9F78EFF864BDFF88C821A78D6
:10776000854BD8F80000197803F0CCFAD9F800302E
:10777000D8F8000093ED080A03F06AFAD8F8000080
:1077800003F0DCFAFFF7F2F8FDF7B0FAFCF728FC9B
:107790007A4B1B78C3B1DFF85482D8F8001011F08F
:1077A000010100F0AB81DFF8488298F80090B9F150
:1077B000000F40F09281FCF789F8494670480AF0C2
:1077C00001FE012388F80030206868B16D4BD3EDCD
:1077D000000A6D4BF8EEE00A93ED000A6B4BB8EE31
:1077E000C00A196804F02AFC694B18780EF0D0FA28
:1077F00007EE900A674BB8EEE77ADFED677ADFEDC8
:10780000675A27EE277AD3ED007AF5EEC07A9FED1E
:107810003D6BF1EE10FA48BFF0EE477A37EE677A2B
:10782000E7EE257AB7EEE75AC3ED007A5C4BB4EE8B
:10783000C65BC3ED007ADFED5B6AF1EE10FA00F192
:107840003781594B93ED007AB8EEC77A27EE267A46
:10785000F4EE477AF1EE10FA48BFB0EE677AF7EE31
:10786000007AB4EEE77AF1EE10FA40F35F837F23FB
:107870004E4A116899420DD0DFED4D6ADFED4D7A29
:107880004D48E7EE267A1360FCEEE77A17EE901A81
:107890000AF03EFF494BDFF85C8118780EF078FA69
:1078A000D8F8003007EE900A454903EB83039FEDBB
:1078B0003A7AF8EEE77ADFF8409101EBC301414BE9
:1078C00009F1280C4A4667EE877A0439D3F800E0BC
:1078D0003D48C7ED007A51F8043F734400EB830341
:1078E000D3ED007AFDEEE77AE2EC017A9445F2D12D
:1078F00036480AF075FD364B1968884280F087805B
:107900007CE000BFB81E85EB51B89E3F98ED00208B
:1079100074840120E8080120CAD3012098F20020D5
:10792000A0A00120608F0120B08A012094E20020F5
:107930009C960120148A0120608A0120F404012011
:10794000BED3012080F3002004E3002003E30020E5
:107950000001012006E30020FC00012005E30020D7
:1079600050CE0020E0AC002060E0002028F3002092
:1079700064E0002002E3002001E30020C7D30120DF
:1079800088ED0020ECD70020F0D7002098E20020FE
:1079900000CD002038D200200820803A0AD7A33D2D
:1079A0006CE000200AD7233CF8E2002034D200200B
:1079B00000000143EE7CFF3E8CF20020C8AC0020AA
:1079C000E89A00208CE2002078E00020948A0120D0
:1079D0005CE00020D88901201C0801203CAE012079
:1079E000F8000120AC8A0120FC8D012040EB002032
:1079F000B9D3012064AF012010970120081AB0F517
:107A0000FA5F04D8974A1278002A00F0C38196489A
:107A10000AF0F2FC002840F06B81944B94481968FE
:107A20000AF0EAFC002840F0128192480378002B0B
:107A300072D0DFED917A97ED007AB4EEE77AF1EE4D
:107A400010FA0FDA8D4BA3F1140453F8041DD9F882
:107A5000002049F8041B4C451A60F6D1002303703E
:107A6000FEF712FA47F2305185480AF0C5FC0028AB
:107A700070D1FEF7DBFA834B47F24562A3F860262C
:107A800072B6814AC3F85C2662B6F6F755FC7F4BA6
:107A900093F845203AB993F8403023B97C4B1B78D2
:107AA000002B00F027820DB0BDEC028BBDE8F08FFB
:107AB000DFED787AC3ED007A774B93ED007AB8EE7C
:107AC000C77A27EE267AB4EEE77AF1EE10FA7FF75E
:107AD000C6AEB0EE677A0023CAE64FF416716F485F
:107AE0000AF08AFC00283FF46FAE11F007FB1E205D
:107AF0000EF092FB19F03EFC026090E567480AF038
:107B000047FC0123C8F80030DFF8D88198F80090CE
:107B1000B9F1000FE1D14EE6DFED617A97ED007A21
:107B2000B4EEE77AF1EE10FA9ADB544BA3F11404A9
:107B300053F8041DD9F8002049F8041BA1451A6028
:107B4000F6D1012347F2305103704D480AF054FC3E
:107B500000288ED0534C002149480AF033FC022102
:107B600000200EF0E1F8504B04EB80000321026886
:107B700000201A600EF0D8F804EB80004B4B062171
:107B8000026800201A600EF0CFF804EB8000484B2A
:107B900002681A606DE70120464EF1F70DFB03F015
:107BA0005BFA002130480AF00DFC002130480AF051
:107BB00009FC002140480AF005FC002130480AF089
:107BC00001FC00213D480AF0FDFB00213C480AF081
:107BD000F9FB00213B480AF0F5FB00213A480AF086
:107BE000F1FB002139480AF0EDFB002138480AF08A
:107BF000E9FB002137480AF0E5FB374800210AF08D
:107C0000E1FB306808B1EBF70DFF344D286808B18F
:107C100009F002FFDFF8D0B0DBF8000008B1F7F799
:107C20004DFB2F4C206808B103F09EFFDFF8BCA08D
:107C3000DAF8000008B1F1F70DF90AF055FA02F090
:107C4000ADFEF1F797FC02E5F1F7ECFEF2E400215E
:107C500007480AF0B7FB092100200EF065F8C8F8C4
:107C60000000E2E6C6D30120948A012090E20020C1
:107C700068AF0120C9D301209A99593F3897012054
:107C8000241F0120D4710120B81E48610009012081
:107C9000BED3012000000000F8E2002088ED0020A3
:107CA0006666663F60360020181F01201C1F0120F9
:107CB000201F012098F20020C4B80120C0F200204B
:107CC000188A0120648A0120E800012018F30020AE
:107CD00038F3002008F30020A8FE0020A0A0012017
:107CE000608F0120B9D30120D88901201C08012010
:107CF0000120F1F761FA03F0AFF90021A7480AF07B
:107D000061FB0021A6480AF05DFB0021A5480AF0AE
:107D100059FB0021A4480AF055FB0021A3480AF0B2
:107D200051FB0021A2480AF04DFB0021A1480AF0B6
:107D300049FB0021A0480AF045FB00219F480AF0BA
:107D400041FB00219E480AF03DFB00219D480AF0BE
:107D500039FB9D4800210AF035FB306808B1EBF78C
:107D600061FE286808B109F057FEDBF8000008B191
:107D7000F7F7A4FA206808B103F0F6FEDAF800007D
:107D800008B1F1F767F80AF0AFF902F007FEF1F772
:107D9000F1FB42E68D4A1278002A7FF438AEFBF7F9
:107DA00095FD8B4B196832E600218A480AF00AFBE0
:107DB00098F800103868F0F7F9FA031E1946039393
:107DC000FFF6C1AC844B1A688A423FF4BCAC196020
:107DD000824B1B78032B00F2BA80814A52F8233081
:107DE000049398F80030022B00F2B8807D4A52F8D4
:107DF0002330059399F80030072B00F2AD807A4AC2
:107E000052F82330794A1278022A00F2A380784986
:107E100051F8222018210092764A0DEB010013F050
:107E200083FBD8F800303868022B0CBFD0ED707A95
:107E3000D0ED6F7AB8EEE78AB5EEC08AF1EE10FAAF
:107E400048BF9FED6D8AF0F7D3FA81463868F0F7A6
:107E5000D1FAD8F8003007218046012B00F081804C
:107E6000664811F017F9049F37B1384614F05AF8F4
:107E70000146384611F00EF90221614811F00AF965
:107E8000059F37B1384614F04DF80146384611F0D9
:107E900001F902215A4811F0FDF806A814F042F841
:107EA000014606A811F0F6F80521564811F0F2F83F
:107EB000494655480DF00EFE0321544811F0EAF8EA
:107EC000039951480DF006FE0621514811F0E2F8E1
:107ED00041464D480DF0FEFD06214E4811F0DAF8FE
:107EE000B7EEC80A022148480DF030FE46480DF0B2
:107EF000FDFD28E4484B1B78002B3FF4D4AD334BF9
:107F00001B78002B7FF4CFAD444B1B78002B7FF404
:107F1000CAAD11F0CBF8B0F5805FFFF6C4AD0DB07F
:107F2000BDEC028BBDE8F04FFAF758BCDFED3C6AC0
:107F3000DFED3C7AE7EE267AFDEEE77A17EE903A2F
:107F400096E4394ADFF8F4900392FFF7D7BB374B3A
:107F5000049346E7354A5DE7344B53E7334B0593CB
:107F600048E7334811F096F8049F37B1384613F0CC
:107F7000D9FF0146384611F08DF80A212D4811F03D
:107F800089F806A813F0CEFF014606A811F082F882
:107F90000621294811F07EF803999AE7948A012076
:107FA00068AF0120C4B80120241F0120C0F20020C6
:107FB000188A0120648A0120E800012018F30020BB
:107FC00038F3002008F30020A8FE0020C4D30120CD
:107FD0005CE0002028F3002060E000200001012088
:107FE000601400202814002034140020FC0001201C
:107FF0005414002010AD0020000000003CAD002013
:1080000028AD002044AD002050CE00204CAD002013
:1080100050AD002034AD002008E30020C6D301207D
:108020000000FE42EE7CFF3E05E30020D8AC0020BD
:1080300018AD002020AD00202CAD0020F80001205C
:108040002DE9F04FCA4883B0FBF7F8FAC948FBF7AF
:1080500023FBC948FBF7F2FAC848FBF753FBC848B3
:10806000FBF7ECFAC748FBF7E9FAC748FBF74AFB0E
:10807000C648FBF7E3FAC648FBF7E0FAC548FBF74A
:108080000BFBC548FBF73EFA0022C44D1446C44F13
:1080900011462846FBF712FA2F602C76C148FBF7F1
:1080A00065FAC148FBF79AFAC048FBF7C7FAC0481F
:1080B000FBF728FBBF4DC048FBF7C0FABF4EC048D6
:1080C000FBF720FA224621462846FBF7F7F922461D
:1080D00021462F6030462C76FBF7F0F93760347676
:1080E000B848FBF70FFBB84DB848B94FFBF7A6FAF5
:1080F000B84EB948FBF7A2FA05F11802022128464A
:10810000FBF7DCF906F11802022130462F60FBF77D
:10811000D5F9B24D3760B248FBF790FADFF88083AB
:10812000B048FBF78BFAB04E05F118020221284641
:10813000FBF7C4F908F11802022140462F60AB4D4D
:10814000FBF7BCF906F1180202213046C8F80070AE
:10815000FBF7B4F905F11802022128463760FBF756
:10816000ADF92F60A248FBF7CDF9A248FBF766FAFC
:10817000A148FBF763FAA14DA148FBF70DFBDFF81F
:108180002483A048FBF708FB9F4E05F1180202214B
:108190002846FBF793F908F1180202212F604046A8
:1081A0009A4DFBF78BF906F1180202213046C8F808
:1081B0000070FBF783F905F11802022128463760A9
:1081C000FBF77CF92F609248FBF708FA914A924B33
:1081D000924D934EC2E903434FF4807316601381AE
:1081E00002F58053C3F8CC452B68002B02F07D804C
:1081F00019465B69002BFBD14A618A4B00248A48EF
:108200004FF480491360214654615460947214768F
:108210005483D46141F28C5213F0DAFB8348FBF7AC
:10822000DDF98348FBF7DAF98248FBF7D7F9824892
:10823000FBF7D4F98148FBF7D1F9DFF86CA280484D
:10824000DFF86882FBF7CAF9DFF864B27D48FBF714
:10825000C5F9224621465046FBF730F92246214611
:10826000CAF820905846CAF80080DFF848A2FBF709
:1082700025F9CBF82090CBF800807348FBF742F942
:10828000DFF834B2224621465046FBF717F9CAF808
:108290002090CAF800806D48FBF734F9DFF81CA283
:1082A000224621465846FBF709F9CBF82090CBF837
:1082B00000806748FBF792F9224621465046FBF7BB
:1082C000FDF8DFF8FCB1CAF82090CAF800806148D8
:1082D000FBF74CF96048FBF715F9DFF8E8A12246F7
:1082E00021465846FBF7EAF8CBF82090CBF80080FF
:1082F0005A48FBF707F9224621465046FBF7DEF8BD
:10830000CAF82090CAF800805548FBF7B3FA5548E0
:10831000FBF7B0FA5448FBF791F95448FBF7F2F831
:108320005348FBF723F95348FBF720F95248FBF772
:108330001DF95248FBF708FA5148FBF705FA514876
:10834000FBF77CF95048FBF711F95048FBF70EF9A1
:108350004F48FBF70BF94F48FBF770F94E48FBF716
:108360006DF94E48FBF786FADFF85CB1AEE000BF6E
:1083700018F7002084F3002024CA01209808012067
:10838000B4CB0120E4C301204808012074C50120BA
:10839000488801207C84012010880120A8F8002052
:1083A00030A40020FCFC002038FD002004C7012080
:1083B00070080120C4AF012094C8012018B4012026
:1083C0006C20012020080120E08E0120C4C0012083
:1083D000D8A30020008F012054C20120608E01200C
:1083E000A4BD012034BF0120A08E0120C08E012039
:1083F000A4200120F804012088060120208E0120FD
:10840000441F01207C1F0120208F0120408F01206C
:1084100048F3002048090120141F012064EC0020CB
:1084200084A200205CA30020880901203C8C01204C
:108430003CBC0120D4BC0120B48A0120948B0120D3
:10844000D0F20020A4BB0120DC890120288A012071
:108450006CBD01206CB80120C41F01203420012014
:108460003CF2002024F1002014910120FC1F012087
:10847000DCBB012074BC01200CBD0120648F0120F5
:1084800000930120B094012084BA0120E4BA0120B5
:1084900044BB0120D4CE012044CD01209CF100201A
:1084A000808E0120408E01209CF2002024A4002018
:1084B000C0BA012018BC0120B0BC012048BD012079
:1084C00020BB012080BB0120A4920120BD48FBF706
:1084D000D1F9BD48FBF7CEF9DFF8F8A30BF118028C
:1084E00002215846FAF7EAFFCBF80070B748FBF7CD
:1084F000A5F80AF1180202215046FAF7DFFFCAF880
:108500000070B348FBF79AF8B248FBF7B3F9B248EA
:10851000FBF7B0F9B148FBF7ADF9B148FAF7F2FF54
:10852000B048FBF78BF8B048FAF7ECFFAF48FBF721
:1085300085F8AF48FBF71AF8AE48FBF717F8AE48D6
:10854000FBF714F8AD48FBF711F8AD48FBF746F818
:10855000AC48FBF743F8AC48FBF740F8AB48FBF7F7
:1085600089F9AB48FBF786F9AA48FBF783F9AA48D3
:10857000FBF734F8A948FBF731F8A948FBF72EF8C8
:10858000DFF854A3A748FBF729F8A748FBF726F81C
:10859000224621465046FAF791FFCAF82090A34898
:1085A000DFF83893CAF80080FBF7ACF8A048FBF777
:1085B00015F809F1180202214846FAF77FFFC9F8B9
:1085C00000709C48FBF70AF89B48FBF707F89B48AC
:1085D0000AF082FF9A48FBF74DF99A48FBF75CF8DE
:1085E0009948FAF7C3FF9948FBF70EF99848994F55
:1085F000FBF70AF99848FBF707F99848FBF704F9E5
:108600003A462B6842F8186B3A614FF48072FC606E
:10861000BC613A81002B01F071861A465B69002B20
:10862000FBD1576100248E4B4FF480728D48214658
:108630007C617C60BC723B6013F0CAF94FF07E53E2
:1086400087F81C41C7F82031874B9FED880AC7F88F
:1086500024310023864C87ED4A0AC7F82C31C7F82D
:108660003031C7F8343104F5C8677A48F5F7D8FFD8
:10867000204604F5C874FAF7E1FFBC42F8D17D4CFE
:1086800004F1E00720463834FAF73CFFBC42F9D148
:1086900079484FF48049FAF7A1FF7848FAF79EFF2E
:1086A0007748FAF763FF7748FAF760FF764F0022C2
:1086B000764C38461146FAF701FF00222046C7F8EB
:1086C00000801146C7F82090FAF7F8FE7048C4F809
:1086D0000080C4F82090FBF797F86E48FBF794F8F9
:1086E0006D48FBF7C7F86D48FBF7C4F86C4A0023E8
:1086F0004FF400701146D36041F8186B108111617E
:10870000C2E906332B68002B01F0F58519465B6939
:10871000002BFBD14A610024624B61481360546115
:10872000546094720BF0D2FA5F4A4FF400702B68D9
:108730001146D460108141F8186B1161C2E90644FA
:10874000002B01F0D58519465B69002BFBD14A61EE
:108750000024564B544803275461012554600226D7
:10876000947213600FF08EFB51480CF0FDFE514BDC
:108770002246009450494E480CF06AFF4F4A504937
:108780004B4810F0D5FD4F480CF0EEFE4E4B224604
:10879000009448494B480CF05BFF484A4849494817
:1087A00010F0C6FD49480CF0DFFE494B2246414916
:1087B000009746480CF04CFF404A4149434810F0AE
:1087C000B7FD8DE0C4F100204CF10020848F012022
:1087D00020930120D4F00020ACF00020FCF0002019
:1087E00014210120F4D10120DC20012064D00120DB
:1087F000C492012060960120982101205C21012073
:10880000A0960120D8960120748C0120ECF1002064
:1088100014F2002064F2002090AE0120C8AE0120C6
:10882000EC8A01205C8B0120CC8B0120C008012048
:1088300058AE0120248B0120048C0120D42101207A
:1088400074F1002024010120B8040120AC8C012027
:10885000008D012070FD0020548D0120A88D012085
:108860009CA300208CFD00208FC2F53D00004843F2
:10887000609A012050980120F0990120289A012047
:10888000309901206C990120A8990120CC990120F0
:10889000A8970120FC97012058970120809701207C
:1088A000748A012020A30020D4B801202CA300202A
:1088B000A4A0012084F3002018F7002048D2002053
:1088C000213502005CA701206C20012038A801207E
:1088D00048F30020409601209CAF0120008E01202B
:1088E000A5480CF041FEA54B22460094A449A2489D
:1088F0000CF0AEFEA34AA4499F4810F019FDA3480E
:108900000CF032FE9D4B2246A14900959F480CF089
:108910009FFE9C4A9C499D4810F00AFD9D480CF022
:1089200023FE9D4B2246009499499A480CF090FEF4
:10893000944A9549974810F0FBFC98480CF014FEB7
:10894000954B22469649009594480CF081FE8D4A3D
:108950008D49924810F0ECFC92480CF005FE924BC9
:108960002246009491498F480CF072FE854A864950
:108970008C4810F0DDFC8E480CF0F6FD8A4B224648
:108980008C4900958A480CF063FE7E4A7E498848EF
:1089900010F0CEFC88480CF0E7FD884B224600948E
:1089A000844985480CF054FE764A7749824810F095
:1089B000BFFC83480CF0D8FD804B224681490095CE
:1089C0007F480CF045FE6F4A6F497D4810F0B0FCBF
:1089D0007D480CF0C9FD7D4B224600947C497A48C5
:1089E0000CF036FE674A6849774810F0A1FC7948D8
:1089F0000CF0BAFD754B22467749009575480CF08E
:108A000027FE604A6049734810F092FC73480CF0EE
:108A1000ABFD734B224600946F4970480CF018FE72
:108A2000584A59496D4810F083FC6E480CF09CFD83
:108A30006B4B22466C4900956A480CF009FE514A7E
:108A40005149684810F074FC68480CF08DFD684B83
:108A500022460094674965480CF0FAFD494A4A49A4
:108A6000624810F065FC64480CF07EFD634B2246C2
:108A70000094634960480CF0EBFD424A42495E486D
:108A800010F056FC5F480CF06FFD5F4B22460094DF
:108A90005E495C480CF0DCFD3A4A3B49594810F00D
:108AA00047FC5B480CF060FD5A4B22465A49009542
:108AB00057480CF0CDFD334A3349554810F038FC87
:108AC00056480CF051FD564B2246009452495348EB
:108AD0000CF0BEFD2B4A2C49504810F029FC51489F
:108AE0000CF042FD504B22464B4900954D480CF08E
:108AF000AFFD244A24494B4810F01AFC4B480CF0B7
:108B000033FD4B4B22460094434948480CF0A0FDEE
:108B10001C4A1D49454810F00BFC46480CF024FD4A
:108B2000414B22460094444942480CF091FD154ABD
:108B30001549404810F0FCFB40480CF015FD3C4B3B
:108B400022463F4900953D480CF082FD0D4A0E49F2
:108B50003A4810F0EDFB3B480CF006FD3A4B22463C
:108B60000094064937480CF073FD064A064935481B
:108B700010F0DEFB6AE000BF14A90120E08E0120A6
:108B800024CA012048D2002021350200F0A901208A
:108B900098080120CCAA0120008F0120A8AB012059
:108BA000B4CB012084AC0120608E0120E4C30120FD
:108BB00060AD012048080120B8A00120808E01206E
:108BC00094A1012074C5012070A20120A08E012073
:108BD00004C701204CA301207008012028A4012013
:108BE000C08E012004A5012094C80120E0A5012029
:108BF00038FD00206C200120BCA601203C8C012007
:108C0000C4AF012034A70120A420012018B4012002
:108C100048A70120208E01202008012070A70120F4
:108C2000408E012084A70120208F012098A70120D9
:108C3000408F0120ACA70120C4C00120C0A70120A3
:108C400054C20120D4A7012048F30020A5480CF00D
:108C50008BFCA54B22460094A449A2480CF0F8FCDA
:108C6000A34AA4499F4810F063FBA3480CF07CFC86
:108C7000A24B2246A24900959F480CF0E9FC9C4A71
:108C80009C499D4810F054FB9E480CF06DFC964B9F
:108C900022469B4900959B480CF0DAFC944A954982
:108CA000984810F045FB98480CF05EFC974B224624
:108CB0000094974994480CF0CBFC8D4A8D4992481A
:108CC00010F036FB93480CF04FFC934B224693492F
:108CD000009590480CF0BCFC854A86498D4810F000
:108CE00027FB8F480CF040FC8E4B224600948E49A7
:108CF0008B480CF0ADFC7E4A7E49894810F018FB89
:108D00008A480CF031FC874B2246894900958748F8
:108D10000CF09EFC764A7749844810F009FB8548A0
:108D20000CF022FC844B22460094844981480CF0CC
:108D30008FFC6F4A6F497F4810F0FAFA80480CF0B8
:108D400013FC7D4B22467F4900957D480CF080FC4A
:108D5000674A68497A4810F0EBFA7B480CF004FC4B
:108D60007A4B22467A49009577480CF071FC604AAC
:108D70006049754810F0DCFA76480CF0F5FB764B4C
:108D800022467649009573480CF062FC584A5949CE
:108D9000704810F0CDFA72480CF0E6FB714B224699
:108DA0006E4900956E480CF053FC514A51496C488D
:108DB00010F0BEFA6C480CF0D7FB674B22466B49AB
:108DC000009669480CF044FC494A4A49664810F04C
:108DD000AFFA67480CF0C8FB624B22466349009625
:108DE00063480CF035FC424A4249614810F0A0FA51
:108DF00060480CF0B9FB584B22465F4900975D482C
:108E00000CF026FC3A4A3B495A4810F091FA5B486C
:108E10000CF0AAFB534B22465749009757480CF0D9
:108E200017FC334A3349554810F082FA54480CF085
:108E30009BFB544B22460094344951480CF008FCEB
:108E40002B4A2C494E4810F073FA4F480CF08CFB1B
:108E50004C4B2246304900954B480CF0F9FB244A14
:108E60002449494810F064FA48480CF07DFB484B0F
:108E700022460094474945480CF0EAFB1C4A1D492C
:108E8000424810F055FA44480CF06EFB434B224622
:108E90000094434940480CF0DBFB154A15493E4815
:108EA00010F046FA3F480CF05FFB3F4B224600941F
:108EB00012493C480CF0CCFB0D4A0E49394810F0E1
:108EC00037FA3A480CF050FB394B224600943649A9
:108ED00036480CF0BDFB064A0649344810F028FA23
:108EE00068E000BFE8A701206CBD0120E08E0120F2
:108EF00048D2002021350200FCA7012048F30020C1
:108F0000008F012010A8012024A80120208E01201C
:108F1000A4BD01204CA80120408E012034BF0120B7
:108F200060A801203CBC0120608E012074A80120B3
:108F3000808E012088A80120D4BC0120A08E0120B1
:108F40009CA80120C08E0120B0A801203C8C0120EB
:108F5000A4200120C4A80120948B0120D0F200207D
:108F6000D8A80120C8AE0120ECA80120441F012090
:108F700000A9012028A901207C1F01203CA9012073
:108F800050A90120A4BB012064A9012078A90120D7
:108F9000C41F0120208F01208CA901203420012032
:108FA000408F0120A0A9012048090120B4A9012077
:108FB000B48A0120A5480CF0D7FAA54B2A46A5494A
:108FC0000095A2480CF044FBA34AA4499F4810F026
:108FD000AFF9A3480CF0C8FA9D4B32469D49009664
:108FE0009F480CF035FB9C4A9C499D4810F0A0F925
:108FF0009C480CF0B9FA9C4B224600949B49994836
:109000000CF026FB944A9549964810F091F998483F
:109010000CF0AAFA974B22460094974994480CF01A
:1090200017FB8D4A8D49924810F082F993480CF055
:109030009BFA934B22460094924990480CF008FB0F
:10904000854A86498D4810F073F98F480CF08CFAE8
:109050008E4B22467E4900968B480CF0F9FA7E4AE8
:109060007E49894810F064F989480CF07DFA894BF3
:1090700022467749009686480CF0EAFA764A774904
:10908000834810F055F984480CF06EFA834B224661
:109090000094834980480CF0DBFA6F4A6F497E48A0
:1090A00010F046F97F480CF05FFA7F4B224600949F
:1090B0007E497C480CF0CCFA674A6849794810F040
:1090C00037F97B480CF050FA7A4B22467A490095E2
:1090D00077480CF0BDFA604A6049754810F028F9ED
:1090E00076480CF041FA764B224600946149734869
:1090F0000CF0AEFA584A5949704810F019F9714805
:109100000CF032FA6E4B22466F4900956D480CF018
:109110009FFA514A51496B4810F00AF96B480CF01C
:1091200023FA6B4B22460094554968480CF090FA9C
:10913000494A4A49654810F0FBF866480CF014FAB1
:10914000634B22466449009562480CF081FA424A1A
:109150004249604810F0ECF860480CF005FA604BAA
:10916000224600944B495D480CF072FA3A4A3B495A
:109170005A4810F0DDF85B480CF0F6F9584B2246DF
:109180005949009557480CF063FA334A334955481A
:1091900010F0CEF855480CF0E7F9554B22460094F4
:1091A000314952480CF054FA2B4A2C494F4810F0E0
:1091B000BFF850480CF0D8F94F4B224600944F4965
:1091C0004C480CF045FA244A24494A4810F0B0F8BB
:1091D0004B480CF0C9F9484B22464A49009548488B
:1091E0000CF036FA1C4A1D49454810F0A1F84648D3
:1091F0000CF0BAF9454B22460094454942480CF020
:1092000027FA154A1549404810F092F841480CF0E9
:10921000ABF93E4B2246404900953E480CF018FA07
:109220000D4A0E493B4810F083F83C480CF09CF97D
:109230003B4B224600943B4938480CF009FA064A59
:109240000649364810F074F86EE000BFC8A9012046
:10925000B48A01204809012048D2002021350200AB
:10926000DCA9012004AA01206CB801203C8C01205B
:1092700018AA0120DC8901203CBC01202CAA012075
:10928000288A0120D4BC012040AA012048F30020F4
:1092900054AA01206CBD012068AA012024F10020FD
:1092A000948B01207CAA0120FC1F0120A4BB01207B
:1092B00090AA012084BA0120C0BA0120A4AA0120EA
:1092C000DCBB0120B8AA012018BC0120E0AA0120C3
:1092D00074BC0120F4AA0120B0BC012008AB01201D
:1092E0000CBD01201CAB012048BD012030AB01208A
:1092F000548D012044AB0120E4BA0120C41F012099
:1093000058AB012020BB01206CAB012044BB0120E5
:109310003420012080AB012080BB012094AB0120D0
:10932000C8AE01203CF20020A5480CF01DF9A54B69
:109330002246A5490096A2480CF08AF9A34AA449FE
:109340009F480FF0F5FFA3480CF00EF9A24B224600
:10935000A24900959F480CF07BF99C4A9C499D4886
:109360000FF0E6FF9E480CF0FFF89E4B224600945B
:109370009D499B480CF06CF9944A954998480FF028
:10938000D7FF9A480CF0F0F8994B2246009499497F
:1093900096480CF05DF98D4A8D4994480FF0C8FF4E
:1093A00095480CF0E1F8954B224600949449924878
:1093B0000CF04EF9854A86498F480FF0B9FF914865
:1093C0000CF0D2F8904B2246009490498D480CF056
:1093D0003FF97E4A7E498B480FF0AAFF8C480CF07B
:1093E000C3F87D4B224600948A4989480CF030F935
:1093F000764A774986480FF09BFF87480CF0B4F80F
:10940000864B22460094864983480CF021F96F4A26
:109410006F4981480FF08CFF82480CF0A5F87F4B14
:109420002246814900957F480CF012F9674A684945
:109430007C480FF07DFF7D480CF096F87C4B22466F
:109440000094684979480CF003F9604A604977480C
:109450000FF06EFF77480CF087F8774B22460094A8
:10946000764974480CF0F4F8584A594971480FF09D
:109470005FFF73480CF078F8724B224600947249F3
:109480006F480CF0E5F8514A51496D480FF050FF14
:109490006E480CF069F86E4B224600946D496B489B
:1094A0000CF0D6F8494A4A4968480FF041FF6A482B
:1094B0000CF05AF8694B22460094694966480CF052
:1094C000C7F8424A424964480FF032FF65480CF041
:1094D0004BF8654B22466549009562480CF0B8F898
:1094E0003A4A3B495F480FF023FF61480CF03CF8D3
:1094F000604B22465D4900955D480CF0A9F8334A5F
:1095000033495B480FF014FF5B480CF02DF8564BC5
:1095100022465A49009658480CF09AF82B4A2C4992
:1095200055480FF005FF56480CF01EF8554B2246E3
:109530005249009552480CF08BF8244A244950486F
:109540000FF0F6FE50480CF00FF8474B22464F49FB
:1095500000974D480CF07CF81C4A1D494A480FF012
:10956000E7FE4B480CF000F8164B224647490095A1
:1095700047480CF06DF8154A154945480FF0D8FEDC
:1095800044480BF0F1FF444B2246009412494148F5
:109590000CF05EF80D4A0E493E480FF0C9FE3F48F8
:1095A0000BF0E2FF3C4B22463D4900953B480CF056
:1095B0004FF8064A064939480FF0BAFE72E000BF7C
:1095C000BCAB01205C8B012024F1002048D200209C
:1095D00021350200D0AB0120A4920120149101207A
:1095E000E4AB012084BA0120FC1F0120F8AB01206C
:1095F000AC8C0120DCBB01200CAC0120008D0120D3
:1096000074BC012020AC0120A88D01200CBD0120DC
:1096100034AC0120648F012048AC01204096012029
:10962000009301205CAC0120B094012070AC0120BB
:10963000D4F0002098AC0120ACF00020E4BA012066
:10964000ACAC0120FCF0002044BB0120C0AC0120E8
:1096500014210120D4CE0120D4AC0120DC20012033
:1096600044CD0120E8AC012090AE01209CF1002007
:10967000FCAC0120248B012010AD0120C4F100209E
:1096800024AD0120048C012038AD01204CF10020D4
:109690004CAD012074AD0120C492012088AD0120A1
:1096A000848F0120A5480BF05FFFA54B2246009454
:1096B000A449A2480BF0CCFFA34AA4499F480FF04D
:1096C00037FEA3480BF050FF9D4B2246A149009561
:1096D0009F480BF0BDFF9C4A9C499D480FF028FE17
:1096E0009D480BF041FF9D4B224600949C499A48AF
:1096F0000BF0AEFF944A954997480FF019FE994830
:109700000BF032FF984B22460094954995480BF098
:109710009FFF8D4A8D4993480FF00AFE93480BF046
:1097200023FF934B22469349009690480BF090FFFD
:10973000854A86498D480FF0FBFD8F480BF014FFDA
:109740008E4B22468E4900968B480BF081FF7E4A55
:109750007E4989480FF0ECFD8A480BF005FF8A4BE3
:1097600022460094894987480BF072FF764A774970
:1097700084480FF0DDFD86480BF0F6FE824B224652
:109780008449009582480BF063FF6F4A6F49804817
:109790000FF0CEFD80480BF0E7FE804B2246009490
:1097A0007F497D480BF054FF674A68497A480FF0BB
:1097B000BFFD7C480BF0D8FE784B22467A490095D5
:1097C00078480BF045FF604A604976480FF0B0FDDD
:1097D00076480BF0C9FE764B2246009475497348D3
:1097E0000BF036FF584A594970480FF0A1FD7248F6
:1097F0000BF0BAFE6E4B2A466E4900956E480BF090
:1098000027FF514A51496C480FF092FD6B480BF00D
:10981000ABFE674B32466749009668480BF018FF6D
:10982000494A4A4965480FF083FD65480BF09CFEA4
:10983000644B22460094424961480BF009FF424ABA
:1098400042495F480FF074FD5F480BF08DFE5D4BA1
:109850002A463B4900955C480BF0FAFE3A4A3B49E0
:1098600059480FF065FD59480BF07EFE554B3246C6
:109870003349009655480BF0EBFE334A33495348C1
:109880000FF056FD52480BF06FFE524B22460094EB
:109890003D494F480BF0DCFE2B4A2C494C480FF059
:1098A00047FD4D480BF060FE4A4B22463B49009570
:1098B00049480BF0CDFE244A244947480FF038FDB3
:1098C00046480BF051FE464B224600943849434827
:1098D0000BF0BEFE1C4A1D4940480FF029FD4148CF
:1098E0000BF042FE404B2246009436493D480BF0B7
:1098F000AFFE154A15493B480FF01AFD3B480BF0E7
:1099000033FE3B4B22460094324938480BF0A0FE10
:109910000D4A0E4935480FF00BFD36480BF024FE7A
:10992000354B22462E49009632480BF091FE064AEE
:10993000064930480FF0FCFC60E000BF9CAD012000
:10994000609601204096012048D200202135020077
:10995000B0AD012020930120C4AD012090AE0120C4
:10996000D4F00020D8AD01205C8B0120ECAD0120AB
:10997000248B0120ACF0002000AE0120048C0120DB
:10998000FCF0002014AE01209821012014210120B8
:1099900028AE0120F4D10120CCA001205C210120BF
:1099A000DC200120E0A0012064D00120F4A00120EF
:1099B000A0960120C492012008A101201CA1012031
:1099C00030A10120D896012044A1012058A10120F6
:1099D0006CA10120748C012080A10120A8A101208C
:1099E000ECF10020BCA1012014F20020D0A1012044
:1099F00064F20020E4A10120EC8A0120A5480BF0CC
:109A0000B3FDA54B2246A5490096A2480BF020FEC7
:109A1000A34AA4499F480FF08BFCA3480BF0A4FD78
:109A2000A24B2246A24900969F480BF011FE9C4A89
:109A30009C499D480FF07CFC9E480BF095FD9B4B8C
:109A4000224600949C499B480BF002FE944A95499B
:109A500098480FF06DFC99480BF086FD934B224619
:109A60009749009595480BF0F3FD8D4A8D49934831
:109A70000FF05EFC93480BF077FD934B2246009469
:109A8000924990480BF0E4FD854A86498D480FF0D5
:109A90004FFC8F480BF068FD8C4B224600948D499B
:109AA0008B480BF0D5FD7E4A7E4989480FF040FC7B
:109AB00089480BF059FD784B224600948549864829
:109AC0000BF0C6FD764A774983480FF031FC834896
:109AD0000BF04AFD824B224600946F497F480BF001
:109AE000B7FD6F4A6F497D480FF022FC7D480BF0AF
:109AF0003BFD7D4B224600947C497A480BF0A8FD43
:109B0000674A684977480FF013FC79480BF02CFD41
:109B1000784B22467849009575480BF099FD604ACC
:109B2000604973480FF004FC74480BF01DFD744B42
:109B3000224600945D4971480BF08AFD584A594904
:109B40006E480FF0F5FB6F480BF00EFD6E4B224692
:109B5000009468496B480BF07BFD514A51496948B4
:109B60000FF0E6FB69480BF0FFFC694B22465649B3
:109B7000009566480BF06CFD494A4A4963480FF06E
:109B8000D7FB64480BF0F0FC634B22464E4900952E
:109B900060480BF05DFD424A42495E480FF0C8FB49
:109BA0005E480BF0E1FC5A4B224600944C495B485E
:109BB0000BF04EFD3A4A3B4958480FF0B9FB584864
:109BC0000BF0D2FC544B22460094454954480BF00C
:109BD0003FFD334A334952480FF0AAFB51480BF07E
:109BE000C3FC3A4B2246464900954E480BF030FDE7
:109BF0002B4A2C494B480FF09BFB4B480BF0B4FC15
:109C0000254B22463E49009547480BF021FD244A4A
:109C1000244945480FF08CFB44480BF0A5FC2A4B27
:109C200022464349009741480BF012FD1C4A1D494A
:109C30003E480FF07DFB3F480BF096FC284B224638
:109C40003B4900973B480BF003FD154A154939483D
:109C50000FF06EFB38480BF087FC384B224600941F
:109C6000374935480BF0F4FC0D4A0E4932480FF0E5
:109C70005FFB34480BF078FC334B224600942F49AD
:109C800030480BF0E5FC064A06492E480FF050FB21
:109C90005CE000BFF8A10120CC8B012014F2002071
:109CA00048D20020213502000CA2012058AE01202C
:109CB00064F2002020A2012090AE012034A20120F5
:109CC000C8AE012048A20120248B0120EC8A01208B
:109CD0005CA201205C8B012084A2012098A20120BB
:109CE000048C0120ACA20120240101209CAF0120A2
:109CF000C0A20120008E0120C0080120D4A20120B2
:109D0000D4210120E8A20120B8040120FCA20120F6
:109D1000748A012010A30120D4B8012024A30120BB
:109D200038A3012060A3012074A3012088A301208F
:109D300074F100209CA30120B0A301207C840120A9
:109D400048880120C4A3012010880120A5480BF0F9
:109D50000BFCA54B2246A5490096A2480BF078FCC7
:109D6000A34AA4499F480FF0E3FAA3480BF0FCFB79
:109D7000A24B22460094A2499F480BF069FC9C4AE2
:109D80009C499D480FF0D4FA9E480BF0EDFB9E4B8A
:109D900022469A4900959B480BF05AFC944A9549F3
:109DA00098480FF0C5FA99480BF0DEFB984B224615
:109DB0009549009795480BF04BFC8D4A8D49934887
:109DC0000FF0B6FA93480BF0CFFB934B22468B492A
:109DD000009790480BF03CFC854A86498D480FF06F
:109DE000A7FA8E480BF0C0FB8D4B22468D4900969A
:109DF0008A480BF02DFC7E4A7E4988480FF098FA7D
:109E000089480BF0B1FB894B22460094884986486B
:109E10000BF01EFC764A774983480FF089FA854893
:109E20000BF0A2FB844B22460094844981480BF03E
:109E30000FFC6F4A6F497F480FF07AFA80480BF0A9
:109E400093FB804B224600947F497D480BF000FC39
:109E5000674A68497A480FF06BFA7C480BF084FB3C
:109E60007B4B224600947B4978480BF0F1FB604A1B
:109E7000604976480FF05CFA77480BF075FB774B3A
:109E800022460094724974480BF0E2FB584A594943
:109E900071480FF04DFA72480BF066FB714B224689
:109EA000009471496E480BF0D3FB514A51496C48FC
:109EB0000FF03EFA6D480BF057FB6D4B32460094A5
:109EC0006C496A480BF0C4FB494A4A4967480FF09D
:109ED0002FFA69480BF048FB684B2246009468490A
:109EE00065480BF0B5FB424A424963480FF020FA3F
:109EF00064480BF039FB614B224663490095614889
:109F00000BF0A6FB3A4A3B495E480FF011FA5F4856
:109F10000BF02AFB5E4B224600945E495B480BF037
:109F200097FB334A334959480FF002FA5A480BF06D
:109F30001BFB5A4B22460094594957480BF088FBAB
:109F40002B4A2C4954480FF0F3F956480BF00CFB00
:109F5000554B22460094554952480BF079FB244A50
:109F6000244950480FF0E4F951480BF0FDFA514BE9
:109F70002246009450494E480BF06AFB1C4A1D498A
:109F80004B480FF0D5F94D480BF0EEFA4C4B2246FA
:109F900000943F4949480BF05BFB154A1549474877
:109FA0000FF0C6F947480BF0DFFA454B22463B4914
:109FB000009544480BF04CFB0D4A0E4941480FF008
:109FC000B7F941480BF0D0FA3D4B2246364900968E
:109FD0003D480BF03DFB064A06493B480FF0A8F907
:109FE00074E000BFD8A301203CBC012010880120F0
:109FF00048D2002021350200ECA30120FCFC002007
:10A00000A8F8002000A4012038FD002014A401209D
:10A010006CBD01203CA4012058AE012050A40120B9
:10A02000A4BB01209CF2002064A401209CF100202C
:10A03000AC8C012078A40120C4F10020008D012007
:10A040008CA401203CF20020548D0120A0A401200A
:10A0500070FD0020A88D0120F0A401204CF100200B
:10A06000B4A40120008E012024010120F8A60120C3
:10A0700074F10020B8040120C8A40120D0F200200F
:10A08000F8040120DCA401208806012018A5012085
:10A0900050980120609A01202CA501208898012069
:10A0A000F09B012040A50120C0980120809D012047
:10A0B00054A50120F8980120109F012068A50120D7
:10A0C000F09901207CA5012090A501208D480BF07E
:10A0D0004BFA8D4B22468D4900978A480BF0B8FA0F
:10A0E0008B4A8C4987480FF023F98B480BF03CFAD8
:10A0F0008A4B224600948A4987480BF0A9FA844A81
:10A10000844985480FF014F986480BF02DFA834BEB
:10A1100022468549009583480BF09AFA7C4A7D498E
:10A1200080480FF005F981480BF01EFA7B4B224660
:10A130007F4900967D480BF08BFA754A75497B483C
:10A140000FF0F6F87B480BF00FFA744B22466F497C
:10A15000009778480BF07CFA6D4A6E4975480FF00D
:10A16000E7F875480BF000FA744B224600946649F4
:10A1700071480BF06DFA664A66496F480FF0D8F8DF
:10A180006F480BF0F1F96D4B22466E4900956C4813
:10A190000BF05EFA5E4A5F4969480FF0C9F86A48F9
:10A1A0000BF0E2F9694B224600945C4966480BF0DB
:10A1B0004FFA574A574964480FF0BAF864480BF011
:10A1C000D3F9624B22466349009561480BF040FA8F
:10A1D0004F4A50495E480FF0ABF85F480BF0C4F9A6
:10A1E0005E4B2246009455495B480BF031FA484AD1
:10A1F000484959480FF09CF859480BF0B5F9594BAC
:10A2000022460094514956480BF022FA404A4149EF
:10A2100053480FF08DF854480BF0A6F9534B2246E3
:10A2200000944E4950480BF013FA394A39494E48C8
:10A230000FF07EF84E480BF097F94E4B22460094F3
:10A2400048494B480BF004FA314A324948480FF06C
:10A250006FF849480BF088F9484B2246434900976C
:10A2600045480BF0F5F92A4A2A4943480FF060F8AF
:10A2700043480BF079F9434B22463E49009740484A
:10A280000BF0E6F9224A23493D480FF051F83E48C9
:10A290000BF06AF93D4B22463D4900963A480BF0D7
:10A2A000D7F91B4A1B4938480FF042F839480BF0E0
:10A2B0005BF9364B22463849009736480BF0C8F90F
:10A2C000134A144933480FF033F8344C344B0A2204
:10A2D000002134481C601A7208F05AF800213248F4
:10A2E00003B0BDE8F04F08F053B82A60FDF785BF12
:10A2F0002A60FEF72DBA2A60FEF70DBA2F60FEF72E
:10A3000091B900BFA4A50120F0990120F89801207F
:10A3100048D2002021350200B8A50120289A01204A
:10A3200050980120CCA5012088980120F4A5012097
:10A33000C098012008A601201CA601203099012008
:10A3400030A60120A899012044A601206C99012083
:10A3500058A60120CC9901206CA60120A8970120C5
:10A3600080A60120FC97012094A601205897012087
:10A37000A8A6012080970120D0A60120EC8A012008
:10A38000E4A60120CC8B01200CA70120748C0120B5
:10A39000ECF1002020A7012014F20020E4A300200B
:10A3A0008CF20020341F012028F3002030B500F18A
:10A3B000200583B004466421284608F01DF808B93A
:10A3C00003B030BD2846002107F0FCFFA36B9FEDD2
:10A3D0000E7AD3ED007A94F8302067EE877AFCEE9F
:10A3E000E77ACDED017A9DF804307F2BA8BF7F235B
:10A3F0009A42DDB2E4D0054840EA03600EF084F8EA
:10A4000084F8305003B030BD0000FE420BB00100B4
:10A41000F8B54FF00133002504460F46836140F242
:10A420000113294616468383C0E90055C0E9025549
:10A43000C0E90455203007F0ABFFFF232046E66358
:10A440002386A4F840506564C4E90D57F8BD00BFE9
:10A45000B5EEC00AF1EE10FA2AD9DFED177A00B591
:10A4600080EE270A83B00FF0D7FADFED147AB2EE50
:10A47000087AE0EE077AF5EEC07AF1EE10FA13D41E
:10A480009FED0F7AF4EEC77AF1EE10FA12DCB6EE19
:10A49000007A77EE877AFCEEE77ACDED017A9DF8C7
:10A4A000040003B05DF804FB002003B05DF804FB7A
:10A4B000002070477F20F4E70000DC4300008A4260
:10A4C0000000FE42B5EEC00AF1EE10FA1BD9F5EE1F
:10A4D000C00A9FED0E7A82B0F1EE10FA98BFF6EE48
:10A4E000000AC0EE207A67EE877AFCEEE77ACDEDBF
:10A4F000017A9DF80400012838BF01207F2828BF79
:10A500007F2002B070470020704700BF0000FE426D
:10A510000139F8B5069D17461E46042906D8DFE81E
:10A5200001F0303C34380300037F1BB3AB7813B326
:10A530002B789F4235D0002E35D0090248F2080012
:10A540001B0401F4706403F4FE03234318430DF06D
:10A55000DBFF330649F209003A0403F0FE4302F43C
:10A56000FE022343134318430DF0CEFF01232F7047
:10A570006E70AB70F8BD002EFCD0090201F470645F
:10A58000E7E7037E002BD1D1F4E7837E002BCDD10A
:10A59000F0E7C37E002BC9D1ECE7437E002BC5D189
:10A5A000E8E7002EE6D1090248F208001B0401F496
:10A5B000706103F4FE03194308430DF0A5FF002367
:10A5C000AB70F8BDF8B54C1E17461D46069E042C10
:10A5D00006D8DFE804F0303C34380300037F13B1C1
:10A5E000B378B3B905B9F8BD210249F209003B04BB
:10A5F00001F4706103F4FE0319432B0603F0FE43DC
:10A60000194308430DF080FF012337707570B37054
:10A61000F8BD3278230248F20800120403F4706394
:10A6200002F4FE02134318430DF06EFF0023B370D3
:10A63000002DD8D0D8E7037E002BD1D1D3E7837E7D
:10A64000002BCDD1CFE7C37E002BC9D1CBE7437E12
:10A65000002BC5D1C7E700BF2DE9F04FC21C89B060
:10A660002F4B05460DF1100B03AE039303460DF17E
:10A670001C0848F2080A99784FF00009294FCDE9E3
:10A680000402821D069200F1090207920122541E63
:10A69000240281B904F4706444EA07000DF034FF29
:10A6A000C3451FD05BF8043F16F8012F9978541E5C
:10A6B00024020029EED01878013A01931202000416
:10A6C00002F4706400F4FE00204340EA0A000DF03A
:10A6D0001BFF019B44EA070083F802900DF014FF72
:10A6E000C345DFD12C4605F10C0848F20847002687
:10A6F000A37B5BB90334A045FAD10B480DF004FFEE
:10A70000002385F8313009B0BDE8F08F207B0004CC
:10A7100000F4FE0038430DF0F7FEA673EAE700BF31
:10A72000010203040BB07B000BB47B00034A01233E
:10A73000126880F83130114441637047BCB8012081
:10A7400038B50025037A80F8315003B938BD8379D4
:10A75000044648F208201B0403F4FE0318430DF0DE
:10A76000D3FE257238BD00BF30B5C56B85B03DB195
:10A7700095F8B5310446012B04D08378002B3CD1E9
:10A7800005B030BD696ED5E96F230968022918BF8D
:10A79000134607EE903AF8EEE77AF5EEC07AF1EE5E
:10A7A00010FA3AD99FED1F0A87EE800A0FF034F9AC
:10A7B000DFED1D7AB2EE087AE0EE077AF5EEC07AA8
:10A7C000F1EE10FA29D49FED197AF4EEC77AF1EE82
:10A7D00010FA24DCB6EE007A77EE877AFCEEE77AA0
:10A7E000CDED037A9DF80C2095F8C4310121204667
:10A7F0000094FFF78DFE05B030BD037E002BBFD067
:10A80000037848F208001B0403F4FE0318430DF01C
:10A810007BFE0023A37005B030BD0022E4E77F2259
:10A82000E2E700BF0000DC4300008A420000FE4275
:10A8300070B590F840608E4211D00D4B054680F8FF
:10A8400040100C46186818B190F82C3003B139B993
:10A85000022E08D0022C02D0002385F8413070BDB2
:10A8600001F030FCF4E74FF60F400DF04DFEF1E73C
:10A87000608F0120F8B5294D0446294E294F00204C
:10A880000DF0F0FE68B394F84020022AF7D0286853
:10A890000028F4D03378F23B0A2BF0D801A151F80C
:10A8A00023F000BF1F8701009B8601009B860100EB
:10A8B0009B8601009B8601009B8601001587010095
:10A8C0009B8601000B87010001870100ED860100D6
:10A8D000002AD4D101F0B2FC00200DF0C3FE002804
:10A8E000D1D1F8BD002ACAD101F09AFCC7E7002AED
:10A8F000C5D101F073FCC2E7002AC0D101F0F2FB20
:10A90000BDE7002ABBD1084B19783B7841EAC31157
:10A9100001EB4101C90001F093FCB0E7608F012019
:10A92000E2D30120E1D30120E0D3012090F84030B0
:10A93000022B27D170B5184D2B6813B3DE6804467F
:10A94000436CB34290F8413009D9E3B946644FF6FD
:10A950000F200DF0D9FD012384F8413002E0466458
:10A96000002BF4D02A68D2E903239B08C3EB92039F
:10A970005C1E33B1013C4FF60F000DF0C5FD631CAA
:10A98000F8D170BD70474FF60F400DF0BDFD0023AC
:10A99000666484F84130DAE7608F0120024B186862
:10A9A00008B1FFF759BE7047B08A012038B5044698
:10A9B000C06B20B1EDF7D0F92046FFF7D5FE204659
:10A9C000FFF7B4FF94F8313053B10F4B626B1B6843
:10A9D0009B1A002B04DB0025237A84F831503BB905
:10A9E000637F03B938BD2046BDE83840FFF7DEBCC1
:10A9F000A37948F208201B0403F4FE0318430DF06A
:10AA000083FD2572ECE700BFBCB8012010B50446F9
:10AA1000C0E9001203980499029AA3604FF07E5394
:10AA2000E2604E22C4F8B030C4E90401002104F110
:10AA3000180010F0CDFF0020094A04F1800304F152
:10AA40009801A066E06620676067A067E06743F84A
:10AA5000042B8B425A61FAD1024B2046236210BD6F
:10AA6000000080BFCDCCCC3E70B5044603234FF42C
:10AA7000806258490068251F04F114062DED028BF1
:10AA8000F3F726FFB2EE0E0A2068F3F7DFFFB1EE10
:10AA9000000A2068F3F7B0FF9FED4F0A2068F3F734
:10AAA00085FF9FED4E0A2068F3F760FF03234FF404
:10AAB00080624B496068F3F70BFFB2EE0E0A6068E4
:10AAC000F3F7C4FFB1EE000A6068F3F795FF9FED5E
:10AAD000450A6068F3F76AFF9FED400A6068F3F784
:10AAE00045FF02234FF480623F49A068F3F7F0FE70
:10AAF000B2EE080AA068F3F7A9FFB0EE0C0AA0684E
:10AB0000F3F77AFF9FED390AA068F3F74FFF9FED47
:10AB1000330AA068F3F72AFF01234FF40072344987
:10AB2000E068F3F7D5FEB0EE000AE068F3F78EFFB9
:10AB3000B0EE080AE068F3F75FFF9FED2E0AE068C9
:10AB4000F3F734FF9FED250AE068F3F70FFF0323C7
:10AB50004FF4806228492069F3F7BAFEB3EE010A88
:10AB60002069F3F773FFB1EE040A2069F3F744FF9D
:10AB70009FED220A2069F3F719FF9FED180A20695B
:10AB8000F3F7F4FE03234FF480621D496069F3F785
:10AB90009FFEB3EE010A6069F3F758FF9FED0F8A3D
:10ABA000B1EE040A6069F3F727FF9FED0E0A6069B2
:10ABB000F3F7FCFEB0EE480A6069F3F7D7FE55F8EC
:10ABC000040FB0EE480AF3F7B3FEB542F7D1BDEC7F
:10ABD000028B70BDD0B620205C8F423E000000008A
:10ABE000D0BE20201F856B3ED0C6202052B89E3E8E
:10ABF000D0CE20209A99193ED0D220207B142E3E10
:10AC0000D0DA2020052914D8B5EEC00AF1EE10FAEA
:10AC100010D4F7EE007AB4EE670AF1EE10FA37FEC0
:10AC2000800A00EB81020123014482ED120A81F8BF
:10AC3000603070479FED010AF3E700BF000000009D
:10AC4000052903D80144002381F86030704700BF14
:10AC5000B5EEC00AF1EE10FA0BD4F7EE007AB4EEBE
:10AC6000E70AF1EE10FA09DDF7EE047AC0ED2C7A6E
:10AC70007047DFED067AC0ED2C7A70479FED047ABD
:10AC8000DFED027AE0EE077AF0E700BF9A99193F0C
:10AC90006666263F052922D8B5EEC00AF1EE10FA05
:10ACA0001ED4F7EE007AB4EE670AF1EE10FAF5EE74
:10ACB000C00A37FE800AF1EE10FA18D4CB1E022B20
:10ACC00007D8F6EE007AF4EE670AF1EE10FA77FE96
:10ACD000A00A00EB810181ED060AC1ED0C0A704764
:10ACE000F5EEC00A9FED060AF1EE10FAE6D500EB8C
:10ACF0008101DFED030A81ED060AC1ED0C0AEEE7E2
:10AD00000000000004290CD8094B032A03EB81033F
:10AD1000196809D8074B816103EB82031B68C36183
:10AD20007047032A0449F5D9034B8161C361704719
:10AD3000502F0020642F00203333B33EF8B5064671
:10AD400000F15F05044600F165072DED048BB7EEB9
:10AD5000009ADFED2A8A2AE094ED128AB5EEC08AC5
:10AD6000F1EE10FA32D4B4EE498AF1EE10FA39FE5F
:10AD7000088AD4ED207A84ED1A8A78EE677AF0EEAC
:10AD8000E77AF4EEE87AF1EE10FA22DC94ED0C0AA0
:10AD9000D4ED267A70EE677AF0EEE77AF4EEE87A90
:10ADA000F1EE10FA1DDCBD4204F1040422D015F8C6
:10ADB000013F002BD0D194ED068AD6ED2C7A28EEF7
:10ADC000278AB5EEC08AF1EE10FACCD59FED0C8A39
:10ADD000CFE7B0EE480A2068F3F7AAFD84ED208A99
:10ADE000D4E720680434F3F7C1FDE36ABD42C4F838
:10ADF0009430DCD1BDEC048BF8BD00BF0AD7A33B77
:10AE000000000000174B1A88DAB901221A809A88CC
:10AE1000642A01D964229A80DA88C82A01D9C82212
:10AE2000DA801989272916D8282211461A815A89C9
:10AE3000272A0BD8282002465881914288BF1A81C0
:10AE40007047F02AE3D9F0221A80E0E78C2AF4D97F
:10AE50008C225A8170478C29E9D98C2211461A819B
:10AE6000E5E700BF54EC00202DE9F043002385B056
:10AE70001C466D460093204601340BF011FB05F88B
:10AE8000010B042CF7D1644B009A9A4236D0634CE4
:10AE900000234FF064122820614901271D46A1605C
:10AEA000C4E900025F4A1370FFF7ACFF5E4B4EF639
:10AEB00060225E4E1D702388658902FB03F35C4AA5
:10AEC00013605C4A13605C4A13605C4A1360A2889A
:10AED0005B4B1A60E2885B4B1A6022895A4B1A60FE
:10AEE0005A4B94E807001D60594B86E80700594902
:10AEF00000220F701A8005B0BDE8F08320460027BD
:10AF00000BF0CEFA064605200BF0CAFA0346F6B25D
:10AF1000062063F30F260BF0C3FA814607200BF0DF
:10AF2000BFFA03465FFA89F90820B6B263F30F2926
:10AF30000BF0B6FAC4B209201FFA89F90BF0B0FA87
:10AF400060F30F244D460397A4B20C2DCDE9017791
:10AF500028BF0C25B9F1000F5AD00DF1040807F1F4
:10AF60000C0001370BF09CFA08F8010BBBB2AB42A6
:10AF7000F5D3B9F10C0F12D9284C2A4601A90127A3
:10AF8000204600250BF046FC4FF064132821244A8C
:10AF9000C4E900130223A260224A137084E70DF172
:10AFA000050309F1FF3C01AF41F2210013FA8CFCCB
:10AFB0004FF6FF7317F8012B83EA0223082213F4DC
:10AFC000004F4FEA430102F1FF3280EA43030CBF16
:10AFD0008BB29BB212F0FF02F1D1BC45EAD19C4288
:10AFE000CAD10E4C28234FF064102A46236001A9D1
:10AFF0000B4BC4E9010320460BF00CFC032E03D9D4
:10B00000032301270025C7E7012300271D46C3E7C7
:10B010004FF6FF73E3E700BF424D314454EC00208C
:10B0200028007D00ADD30120AAD3012044EB0020ED
:10B030005CE0002090E2002098E20020E4D70020AD
:10B04000F8E2002068E00020F0D70020ECD70020D4
:10B0500084D30120ACD301200A4A13888BB14EF669
:10B060006020094900FB03F3084810B40B6008494D
:10B07000084C0B600021236003605DF8044B1180D5
:10B080007047704784D301205CE00020E4D70020A3
:10B0900098E2002090E200202DE9F04FA24987B00D
:10B0A000044610F093FD002836D0A049204610F049
:10B0B0008DFD002800F0D0809D49204610F086FDCF
:10B0C0000546002800F07C819A49204610F07EFD5C
:10B0D0000546002847D09849204610F077FD002803
:10B0E00000F041829549204610F070FD002800F0E4
:10B0F00011839349204610F069FD002800F0298350
:10B100009049204610F062FD002800F06D83002475
:10B11000204607B0BDE8F08F054618218A48012473
:10B120000DF0B8FF032189480AF0D4FC3321884888
:10B130000DF0B0FF032185480AF0CCFC04218548BE
:10B140000DF0A8FF84492B460A22D1F820127F482F
:10B1500021F07F410AF0E6FC7C480AF0C7FC20465B
:10B1600007B0BDE8F08F7D4910F0B6FC04467B497E
:10B17000284610F0B1FC0546002C00F04183002861
:10B1800000F03E837649204610F020FD75490646C2
:10B19000204610F01BFD74490746204610F016FDAE
:10B1A00072498046204610F011FD714981462046C3
:10B1B00010F00CFDD6B1CFB1B8F1000F18BFB9F146
:10B1C000000F13D090B115216A480DF063FF20469F
:10B1D00010F0A8FE014620460DF05CFF5B480AF027
:10B1E00085FC0124204607B0BDE8F08F00230A2229
:10B1F00003A92846039310F07DFA039B0446AB4253
:10B2000000F0E1821BB11B78002B40F0DC82002EA5
:10B2100000F0BA82002F40F00F83642C40F22F839D
:10B220001D2155480DF036FF214648480AF052FCD2
:10B23000072152480DF02EFF394644480AF04AFCD7
:10B2400001214F480DF026FF642140480AF042FCDE
:10B250003E480AF04BFCC4E70C214A480DF01AFFA7
:10B2600003213A480AF036FC082147480DF012FF46
:10B27000464B1B78013BDBB2022B00F27181444A42
:10B2800052F8234034B1204610F04CFE01462046CF
:10B290000DF000FF07213F480DF0FCFE3E4B3F4DF7
:10B2A0000124197829480AF015FC0B213C480DF0BF
:10B2B000F1FE298825480AF00DFC122139480DF0CD
:10B2C000E9FE394B39491B68204881FB0321DB1714
:10B2D000C3EBA1310AF0FEFB0C2135480DF0DAFE7C
:10B2E000A9881A480AF0F6FB102132480DF0D2FE68
:10B2F000E98816480AF0EEFB09212F480DF0CAFE36
:10B30000298912480AF0E6FB09212C480DF0C2FEFB
:10B3100069890E480AF0DEFB0C480AF0E7FB20467C
:10B3200007B0BDE8F08F00BFA81E0020081F002056
:10B33000901F0020AC210020582300208C230020E7
:10B34000A8230020BC230020B01E002050CE0020E7
:10B35000CC1E0020001F002000441F40D0160020FB
:10B36000D4210020E0210020EC210020FC2100203D
:10B37000042200200C220020582200209C290020BA
:10B3800084160020101F0020201F0020ADD30120B4
:10B390001C1400202C1F0020ACD3012054EC0020F2
:10B3A000341F0020401F00205CE0002073B2E745FE
:10B3B000541F0020641F0020781F0020841F0020DD
:10B3C0002521BB480DF066FE0121BA4801240AF090
:10B3D00081FB0521B8480DF05DFEF021B5480AF06B
:10B3E00079FB0921B548B64E0DF054FE2821B1482D
:10B3F0000AF070FB0721B3480DF04CFE3188AD48D0
:10B400000AF068FB3721B0480DF044FEA9480AF065
:10B410006DFB2621AD480DF03DFE2946A5480AF0FA
:10B4200059FB0521A4480DF035FE6421A1480AF01E
:10B4300051FB0921A1480DF02DFE64219D480AF021
:10B4400049FB07219F480DF025FEB18899480AF075
:10B4500041FB40219E480DF01DFE96480AF046FB38
:10B460002A219C480DF016FE294692480AF032FB2C
:10B47000052191480DF00EFEC8218E480AF02AFBE6
:10B4800009218E480DF006FE64218A480AF022FB4D
:10B4900007218C480DF0FEFDF18886480AF01AFB62
:10B4A00037218D480DF0F6FD82480AF01FFB23215D
:10B4B0008A480DF0EFFD28217E480AF00BFB05219C
:10B4C0007D480DF0E7FD8C217A480AF003FB092145
:10B4D0007A480DF0DFFD282176480AF0FBFA0721B3
:10B4E00078480DF0D7FD318972480AF0F3FA3E2111
:10B4F0007B480DF0CFFD6F480AF0F8FA2321794818
:10B500000DF0C8FD28216B480AF0E4FA05216A48CD
:10B510000DF0C0FD8C2167480AF0DCFA092167486C
:10B520000DF0B8FD7D2163480AF0D4FA0721654883
:10B530000DF0B0FD71895F480AF0CCFA3E216A48EF
:10B540000DF0A8FD5B480AF0D1FA082167480DF01C
:10B55000A1FD58480AF0CAFA204607B0BDE8F08FAE
:10B560000721634C93E6634B1B78002B40F03A8134
:10B57000614F3B783BB14FF4FA61604806F03CFF05
:10B58000002800F0C581FFF73DFC5D4B1C7834B10D
:10B590004B4E5C4B31681A68914200F0A481DFF891
:10B5A00020B14FF6FF7441F221020BF10C055E460B
:10B5B000584610F8013B082184EA032414F4004F94
:10B5C0004FEA440301F1FF3182EA44040CBF9CB20C
:10B5D000A4B211F0FF01F1D1A842EAD14A4B0422F2
:10B5E00002A8ADF8061002930323ADF80440CBF196
:10B5F0000B0BADF800300C23DFF8C490ADF802302F
:10B600000BF0F0F80222042168460BF0EBF802225E
:10B6100006210DEB02000BF0E5F80222082101A83B
:10B620000BF0E0F802220A210DF106000BF0DAF827
:10B6300019F801AB0BEB090840460AF031FF02464E
:10B6400051464046924501D00BF036F84D45EFD1BA
:10B650000DF1180A03ADCAF1180909EB05000AF04B
:10B660001FFF05F8010BAA45F7D108200AF018FFC3
:10B67000C5B209200AF014FF60F30F25ADB2A54250
:10B6800004D1039A33689A4200F073811F4C05215C
:10B690001F480DF0FFFC204610F044FC01462046F8
:10B6A00001240DF0F7FC03480AF020FA57E500BF2B
:10B6B0009C1F002050CE002028190020C41F00200D
:10B6C00054EC002030190020D01F0020082000205A
:10B6D0003020002074200020A0200020D82000204E
:10B6E000FC2000203C21002060210020A02100201F
:10B6F0006C1E0020C4D30120ABD3012040EC0020FD
:10B70000AAD3012044EB0020424D3144741E002096
:10B71000EC2300202823B04A4FF06414AF48642182
:10B720009060AF48C2E90034AE4A01240380116042
:10B73000AD4AAE4811607D21AD4A0360AD4B11604A
:10B740000D21AD481C700DF0A5FCAC480AF0CEF9F7
:10B7500005E5AB4910F0C0F9002800F08E800FF02D
:10B7600027FAB0FA80F35B09A64D0A21A648012406
:10B770002B700DF08FFC2978A04861400AF0AAF9DF
:10B780009E480AF0B3F9EAE4631EEF2B40D91C216E
:10B790009E480DF07FFC214698480AF09BF907214E
:10B7A0009B480DF077FC012194480AF093F90121A0
:10B7B00098480DF06FFCF02190480AF08BF98F4803
:10B7C0000AF094F90DE5122193480DF063FC284628
:10B7D00010F0A8FB014628460DF05CFC87480AF0F3
:10B7E00085F9FEE48D4C52E70E218D480DF052FC98
:10B7F00082480AF07BF901238A4A1C461370AEE4A2
:10B800001C2189480DF046FC7C480AF06FF9E8E4F9
:10B81000A4B27349774B01226F4D0C8012218348EB
:10B820001A702C800DF036FC298874480AF052F901
:10B8300072480AF05BF9D4E4B8F1000F32D1C82C99
:10B8400068D921217A480DF025FC21466B480AF081
:10B8500041F907216E480DF01DFC414667480AF08A
:10B8600039F901216B480DF015FCC82163480AF035
:10B8700031F962480AF03AF9B3E4012374E759490F
:10B8800001225C4B544D0C6013216A481A70AC8045
:10B890000DF000FCA98859480AF01CF957480AF035
:10B8A00025F99EE4A4F12803B9F1000F45D1642BDA
:10B8B00000F2E780484D6B89A34280F28380172114
:10B8C0005D480DF0E7FB21464C480AF003F90921D9
:10B8D0005A480DF0DFFB698948480AF0FBF84748F1
:10B8E0000AF004F97DE471685A6891427FF457AE1A
:10B8F000B2689B689A427FF452AE00223D4B1621FB
:10B900004F481A700DF0C6FB3C480AF0EFF826E4E9
:10B910004C4CBCE634490122364B2F4D0C601721AC
:10B9200049481A70EC800DF0B5FBE98833480AF0FD
:10B93000D1F832480AF0DAF853E4642B00F2BE8002
:10B94000254D2B89A34240F3938017213F480DF0EA
:10B95000A1FB214629480AF0BDF809213C480DF019
:10B9600099FB298925480AF0B5F824480AF0BEF861
:10B9700037E4049A73689A427FF488AE354B059A8F
:10B980001B689A427FF482AE0125334A4FF0000CC7
:10B99000324B15702C46174A82F800C0304A157099
:10B9A00096E8070083E8070061462E4806F00AFD86
:10B9B0000C212D483D700DF06DFB10480AF096F8F3
:10B9C000FFF7CDBB094901220A4B0C601021274823
:10B9D0002C811A70C3E700BF54EC002028007D00C2
:10B9E00084D30120F8E2002068E00020F0D7002096
:10B9F000ECD70020ACD301209823002050CE0020AB
:10BA0000D016002008E30020B023002024220020CC
:10BA10009C29002084160020D8230020981E002096
:10BA2000C8230020C7D30120B421002044220020D5
:10BA30008C22002078220020E4220020841F002095
:10BA400064230020841E0020B02200202C2300202C
:10BA5000781F00205CEC0020AAD3012044EB0020DA
:10BA6000ADD3012040EC00207C230020FC220020EC
:10BA700014490122144B0C60102114486C811A7077
:10BA800027E71A2112480DF005FB214611480AF05C
:10BA900021F8072110480DF0FDFA28210D480AF081
:10BAA00019F801210D480DF0F5FA8C2109480AF02A
:10BAB00011F808480AF01AF8FFF793BB1A21084852
:10BAC000E1E700BFECD70020ACD3012044230020E5
:10BAD000C822002050CE00209C290020841600207F
:10BAE0001023002008B50AF0B7FC00210248BDE889
:10BAF000084006F04DBC00BF40EC00202DE9F041AD
:10BB0000161E4FF000054FF00008044608BF04263B
:10BB10000F462DED028BB0EE408A80ED000A0171D8
:10BB20004671C0F80880C0E903550AF0C9FB0D4B07
:10BB300084F825701B6884ED088A84F826606061AB
:10BB40002046A561257784F82450A36284F82C5000
:10BB5000E5852587C4F83C80BDEC028BC4E90C5513
:10BB6000BDE8F081BCB8012038B500250446C0E925
:10BB7000035585610AF0A4FB237F606113B1236A3A
:10BB80002577236094F8243043B194F825100023DE
:10BB900094F826202171627184F82430014B1B68CF
:10BBA000A36238BDBCB80120F7EE007AB4EEE70A14
:10BBB000F1EE10FA0CD4DFED0A7A0123B4EE670A35
:10BBC0000377F1EE10FA37FE800A80ED080A70471D
:10BBD000B0EE670A0123037780ED080A704700BFC3
:10BBE00000C07944F7EE007AB4EEE70AF1EE10FAFD
:10BBF0000CD4DFED0A7A0023B4EE670A0377F1EE86
:10BC000010FA37FE800A80ED000A7047B0EE670A2E
:10BC10000023037780ED000A704700BF00C079441D
:10BC2000202928BF2021012938BF0121042A02D060
:10BC3000082A18BF0422012380F8251080F8262046
:10BC400080F82430704700BF00000000C26890F800
:10BC50002C3070B504460261002B53D10AF030FB42
:10BC600094ED007AB6EE005BB7EEC77A9FED4D6BB0
:10BC70009FED4E4BD4E9052327EE067B60619B1AAE
:10BC80001844A06184EE076B36EE056BFCEEC67BB4
:10BC900017EE90EABEF1010F38BF4FF0010E864556
:10BCA0002FD80022E568A0EB0E004FF4C07C1646AA
:10BCB00005E086456DD8082AA0EB0E006ED06379AA
:10BCC000013521790132BCFBF3F301FB03F3D2B25E
:10BCD000B5FBF3F103FB11510029EAD1237F13B126
:10BCE000236A2177236094F82430002BE1D094F864
:10BCF000253084F82460237194F826306371D8E7E6
:10BD0000E26070BDC58D4FF0000CA0F82EC03DB3B1
:10BD1000681E01324FF4C07512FA80F002E08242D0
:10BD2000EED0013263792179B5FBF3F301FB03F324
:10BD3000B2FBF3F103FB1123002BF0D1217F11B1F2
:10BD4000216A2377216094F82430002BE7D094F8FF
:10BD5000253084F824C0237194F826306371DEE71F
:10BD60000AF0AEFA226B134B801A98420BD994F862
:10BD70002C30002B3FF472AF84F82C50E5850AF08C
:10BD80009FFAC4E9050594F82C30002B3FF466AF08
:10BD900070BD082AA061E56001D070BDE560002398
:10BDA000A36170BD000000000000584000000000CA
:10BDB000389C8C4120A10700062905D8DFE801F056
:10BDC0001C040A0C100E120043794FF4C070B0FB33
:10BDD000F3F07047302070471820704710207047EC
:10BDE0002020704741794FF4C0730279B3FBF1F022
:10BDF00002FB00F08000704741794FF4C073027974
:10BE0000B3FBF1F002FB00F0704700BF062905D834
:10BE1000DFE801F02804131519171B0042794FF4CD
:10BE2000C073B3FBF2F3D0E90321B1FBF3F1B2FB32
:10BE3000F3F3C81A18BF012070473023F3E7182323
:10BE4000F1E71023EFE72023EDE741794FF4C073CA
:10BE50000279B3FBF1F302FB03F39B00002BE2D169
:10BE60001846704741794FF4C0730279B3FBF1F380
:10BE700002FB03F3F2E700BF8446062905D8DFE89A
:10BE800001F020042B343D46100042794FF4C0717C
:10BE90000379B1FBF2F0024602FB03F3B3FBF0F0CF
:10BEA000704741794FF4C0720379B2FBF1F003FBA4
:10BEB00000F080000028F3D04FF4C072B2FBF1F222
:10BEC000EAE741794FF4C0720379B2FBF1F003FB6A
:10BED00000F00028E4D0EFE741794FF4C072302041
:10BEE0009CF80430B2FBF1F2D6E741794FF4C0720E
:10BEF00018209CF80430B2FBF1F2CDE741794FF401
:10BF0000C07220209CF80430B2FBF1F2C4E7417902
:10BF10004FF4C07210209CF80430B2FBF1F2BBE782
:10BF20000346062905D8DFE801F02604323B444DDC
:10BF3000150041794FF4C0701A79B0FBF1F0014659
:10BF400001FB02F2DB68B3FBF2F102FB1133B3FB3E
:10BF5000F0F0704790F805C04FF4C0701A79B0FB4C
:10BF6000FCF002FB00F080000028F2D04FF4C0711A
:10BF7000B1FBFCF1E4E790F805C04FF4C0701A790A
:10BF8000B0FBFCF002FB00F00028E2D0EEE790F8F6
:10BF900005C04FF4C07130201A79B1FBFCF1CFE736
:10BFA00090F805C04FF4C07118201A79B1FBFCF16C
:10BFB000C6E790F805C04FF4C07120201A79B1FB94
:10BFC000FCF1BDE790F805C04FF4C07110201A795C
:10BFD000B1FBFCF1B4E700BF0000000010B504465F
:10BFE000FFF7EAFE07EE900AB6EE004B94ED007AFA
:10BFF000B8EE675BB7EEC77A9FED0A6B9FED0B2B30
:10C000009FED0C3B27EE067B82EE076B26EE056B61
:10C0100086EE037B37EE047BFCEEC77B17EE900ABF
:10C0200010BD00BF000000000000584000000000EC
:10C03000389C8C410000000000408F4010B5044641
:10C0400090F82C002DED028B28B91B4AA36A1268C8
:10C05000D31A8B4202D2BDEC028B10BD42F2117199
:10C06000A26270EEC08AB0EE408A09F05DFE07EE73
:10C07000900A9FED126AB7EE007AF8EEE77AB0EE1A
:10C08000480AC7EE866AA6EEA80AB4EEC70AF1EE21
:10C0900010FA0ED4DFED0A7AB4EE670AF1EE10FA68
:10C0A00037FE800A012384ED080ABDEC028B23775A
:10C0B00010BDB0EE470AF5E7BCB8012000401C46B1
:10C0C00000C0794438B590F82C3003B938BD00254C
:10C0D000044680F82C50C5850AF0F2F8C4E905053D
:10C0E00038BD00BF10B504460AF0EAF894F82C30C9
:10C0F000206343B90122042384F82C2001226063C9
:10C100002287E38510BD238F002B5DD001339BB2C6
:10C11000172B238754D9636BC31A46D007EE903A86
:10C120009FED2B6AF3EE046AF8EE677A86EE277AC3
:10C13000B4EEE67AF1EE10FA37DDDFED267AB4EEF2
:10C14000E77AF1EE10FA30D5D4ED0F7AF5EEC07A39
:10C15000F1EE10FA07D9B5EE006AF6EE086A27EE9E
:10C16000067AA7EEA67AD4ED007AF6EE006A84EDA0
:10C170000F7A77EE677AF0EEE77AF4EEE67AF1EE90
:10C1800010FA12DDF7EE007AB4EEE77AF1EE10FA6B
:10C1900013D4DFED117AB4EE677AF1EE10FA37FEC0
:10C1A000877A002384ED007A2377E38D0022606391
:10C1B000043322879BB2E38510BDB0EE677AF0E7C7
:10C1C000E38D04339BB29CE7E38D04339BB295E788
:10C1D000C0E1644C0000964300C0794490F82C30D4
:10C1E00010B5044613B9012380F82C300023227FB8
:10C1F000E360E38512B1226A2377226094F8243049
:10C2000043B194F82510002394F82620217162711F
:10C2100084F82430002323870AF052F8206310BDED
:10C2200090F82C3010B5044623B90122C38503874A
:10C2300080F82C200AF044F8206310BD704700BF3E
:10C240000023027FC160C38512B1026A03770260D6
:10C2500090F8243043B190F82510002390F8262060
:10C260000171427180F82430704700BF2DE9F04120
:10C270003F4DF7EE007AD0F8886304462B68B0F89B
:10C2800094739B1B07EE107AF8EE476A07EE103A9C
:10C29000B8EE477A2DED028B87EE260AD0EDE88ABC
:10C2A00090EDE78AB4EE670AF1EE10FAF4EEC88A70
:10C2B00037FE800AF1EE10FA3FDDF6EE000A0DF0CF
:10C2C00011FD78EEC88AA8EE808AB5EEC08AF1EE3C
:10C2D00010FA3CD4DFED277AB4EEE78AF1EE10FADB
:10C2E00032DCDFED257A254A28EE278ADFF89480B4
:10C2F000FCEEC87A17EE903AC8ED077A934202D95D
:10C300001E4BC8F81C302B68B4F898239B1BBA1A34
:10C310009A4202D894F88333FBB12B689B1BBB4233
:10C3200007D300232A6884F88033C4F88823C8F828
:10C330002430BDEC028BBDE8F08137EEC07AE7EE29
:10C34000477AB0EE670ABCE7DFF83880D8E7DFF855
:10C3500034800023C8F81C30D5E7094806F09AFC61
:10C360000123D4F88863B4F8947384F88333D4E752
:10C37000BCB801200044AC46C637BE470000FE7F73
:10C38000DC20012044CD01202DE9F0413F4DF7EEA6
:10C39000007AD0F88C6304462B68B0F896739B1B28
:10C3A00007EE107AF8EE476A07EE103AB8EE477AD1
:10C3B0002DED028B87EE260AD0EDEA8A90EDE98A10
:10C3C000B4EE670AF1EE10FAF4EEC88A37FE800A7E
:10C3D000F1EE10FA3FDDF6EE000A0DF083FC78EE88
:10C3E000C88AA8EE808AB5EEC08AF1EE10FA3CD475
:10C3F000DFED277AB4EEE78AF1EE10FA32DCDFEDFA
:10C40000257A254A28EE278ADFF89480FCEEC87A40
:10C4100017EE903AC8ED077A934202D91E4BC8F83E
:10C420001C302B68B4F89A239B1BBA1A9A4202D884
:10C4300094F88433FBB12B689B1BBB4207D30023CA
:10C440002A6884F88133C4F88C23C8F82430BDEC02
:10C45000028BBDE8F08137EEC07AE7EE477AB0EEA6
:10C46000670ABCE7DFF83880D8E7DFF834800023BC
:10C47000C8F81C30D5E7094806F00CFC0123D4F8B5
:10C480008C63B4F8967384F88433D4E7BCB8012085
:10C490000044AC46C637BE470000FE7F1421012091
:10C4A000D4CE01202DE9F84390F88033064690F869
:10C4B00081932DED048B002B00F03281B9F1000F38
:10C4C00040F0FF81002967D040F2DD514FF4167033
:10C4D00009F02AFC07EE900AB2EE049A41F2893183
:10C4E000F8EEE77A40F6B83087EE898A09F01CFC4E
:10C4F00007EE900A9FEDD97AF8EEE77AC7EE898ABF
:10C5000078EEC87AF4EEC77AF1EE10FA71D578EECB
:10C51000078ADFEDD37AF4EEE78AF1EE10FA68DDF0
:10C52000F0EE678A9FEDCF8A40F259214FF4967062
:10C5300009F0FAFB04466521322009F0F5FB40F6CC
:10C54000C51187B240F2DC50A4B209F0EDFB40F611
:10C55000B93185B204EB07084FF47A70A84409F0AA
:10C56000E3FB80B21FFA88F8804538BF8046B9F1F6
:10C57000000F00F05781DFEDBC7ABC4A68EE277AE5
:10C58000DFF810C3FCEEE77A17EE903ACCED077AAD
:10C59000934200F28F815DE041F2893140F6B8307C
:10C5A00009F0C2FB07EE900AB2EE049A40F2DD51A8
:10C5B000F8EEE77A4FF4167087EE898A09F0B4FB3B
:10C5C00007EE900A9FEDA57AF8EEE77AC7EE898A22
:10C5D00078EE687AF4EEC77AF1EE10FA09D578EEC3
:10C5E000478ADFEDA37AF4EEE78AF1EE10FA00F164
:10C5F000708140F259214FF4967009F095FB044682
:10C600006521322009F090FB40F6C51187B240F257
:10C61000DC50A4B209F088FB40F6B93185B204EBD6
:10C6200007084FF47A70A84409F07EFB80B2B5EE9B
:10C63000C08A1FFA88F8804538BF8046B9F1000FDC
:10C640007AD0F1EE10FA40F12B81DFF848C20023D6
:10C65000CCF81C3007EE904A9FED866A06EE905AA1
:10C6600007EE107AF8EE677A4FF6FF70F8EE666A1A
:10C67000814FB8EE477A012467EE867A66EE866AC5
:10C6800027EE067AFCEEE77A17EE903AFCEEE67AB1
:10C69000073317EE901AFCEEC77ADB08073117EE66
:10C6A000902A83424FEAD10102F1070228BF0346D4
:10C6B00081424FEAD20228BF0146824228BF024689
:10C6C0006E48012B82854FF4803238BF0123012947
:10C6D000CCF82420438538BF0121694B694A818603
:10C6E0009A61A2F6A452C485DA6146F6FF72C3E9E4
:10C6F00008274FF08043036306F0A4FA0022624B40
:10C7000086EDE78A86F883231A68C6EDE88AA6F8DC
:10C710009483A6F8985386F88043C6F8882378E077
:10C72000B9F1000F7FF4CEAE90F8829389F0010941
:10C7300000293FF431AFC7E6F1EE10FA72D5DFF809
:10C7400058C1CCF81C9007EE904A9FED4A6A06EE5D
:10C75000905A07EE107AF8EE677A4FF6FF70F8EE0F
:10C76000666A0124B8EE477A67EE867A66EE866AD4
:10C7700027EE067AFCEEE77A17EE903AFCEEE67AC0
:10C78000073317EE901AFCEEC77ADB08073117EE75
:10C79000902A83424FEAD10102F1070228BF0346E3
:10C7A00081424FEAD20228BF0146824228BF024698
:10C7B0003648012B82854FF4803238BF012301298E
:10C7C000CCF82420438538BF0121314B2D4A818686
:10C7D0009A61A2F6A4522849DA6146F6FF72C4852E
:10C7E000C3E908214FF08043036306F02BFA0022CF
:10C7F000254B86F881431968144686EDE98AC6ED13
:10C80000EA8AA6F89683A6F89A5386F88423C6F88F
:10C810008C131B6886F88243C6F89033BDEC048BFA
:10C82000BDE8F883DFED1D7AB4EEE78AF1EE10FA89
:10C8300044DCDFED0D7A0D4A68EE277ADFF858C048
:10C84000FCEEE77A17EE903ACCED077A93427FF64A
:10C850007AAF064BCCF81C3075E700BF00001643DA
:10C860000000FA430000AF43C637BE470000FE7F1A
:10C87000000070426666304200B76D5BDC2001202C
:10C880005C210120204CBC02BCB8012014210120F5
:10C890009821012044CD0120D4CE01200044AC4693
:10C8A0005FED027AB4EEE78AF1EE10FA7FF763AE3D
:10C8B000DFF834C0094BCCF81C30CBE6DFF82CC0D5
:10C8C000C7E7074BBDEC048B1B68C6F89033BDE887
:10C8D000F883F0EE678A9FED038A25E60000FE7F6D
:10C8E000BCB801200000524344CD0120D4CE012029
:10C8F00090F8E4302DE9F041044600F1F0052DED0B
:10C90000048BE3B9D4F8DC10284605F075FD70B14E
:10C91000D4F8B03300269E6194F8DA30013BDBB2E4
:10C9200084F8DA30002B40F0918084F8D83094F805
:10C930001431002B5ED1BDEC048BBDE8F08100F515
:10C940004C76284605F04CFD07EE900AB7EE009AAB
:10C950000A21B8EE677AD4ED377A3046D4ED3A8AB8
:10C96000F8EE677AD4ED3B9A87EE278AB4EE498ACF
:10C97000F1EE10FA39FE088A05F03EFD0028C1D01C
:10C9800079EEE89AD4EDD17AE9EE888A78EEE77A02
:10C99000F0EEE77AF4EEC97AF1EE10FAB2DDF3EEDA
:10C9A000047AD4F8C883F4EEE78AF1EE10FA5DD485
:10C9B000DFED357AF4EEE78AF1EE10FA60DC9FEDF8
:10C9C000330A28EE800AF0EE407AFEEEE07A17EEA7
:10C9D000907A0DF017FBF0EE407AFEEEE07A17EE5B
:10C9E000903A00213046C8E90673C4EDD18A05F0BB
:10C9F000E9FC87E7D4F8181104F58E7005F0FCFC0B
:10CA0000002898D00026F0211E2084F8146109F037
:10CA10008BF9D4ED387AD4F8B033F5EEC07AC4F897
:10CA2000DC00F1EE10FA08D4B7EE007AF4EEC77A23
:10CA3000F1EE10FA1DDD4FF4803628469E6100218C
:10CA4000BDEC048BBDE8F04105F0BCBC0123962190
:10CA5000502084F8143109F067F90346314604F593
:10CA60008E70C4F8183105F0ADFC60E7084B094F33
:10CA7000B7E7B0EE677ABEEEC87A17EE106ADCE769
:10CA8000054B064FADE700BF00D0894693651538CA
:10CA9000DE571700DF571700008C3C4B00BE6C5070
:10CAA00090F890302DE9F041044600F19C052DED01
:10CAB000048BE3B9D4F88810284605F09DFC70B1CA
:10CAC000D4F8AC3300269E6194F88630013BDBB28B
:10CAD00084F88630002B40F0918084F8843094F8FC
:10CAE000C030002B5ED1BDEC048BBDE8F08100F5B9
:10CAF0004876284605F074FC07EE900AB7EE009AD7
:10CB00000A21B8EE677AD4ED227A3046D4ED258A30
:10CB1000F8EE677AD4ED269A87EE278AB4EE498A32
:10CB2000F1EE10FA39FE088A05F066FC0028C1D043
:10CB300079EEE89AD4EDD07AE9EE888A78EEE77A51
:10CB4000F0EEE77AF4EEC97AF1EE10FAB2DDF3EE28
:10CB5000047AD4F8C483F4EEE78AF1EE10FA5DD4D7
:10CB6000DFED357AF4EEE78AF1EE10FA60DC9FED46
:10CB7000330A28EE800AF0EE407AFEEEE07A17EEF5
:10CB8000907A0DF03FFAF0EE407AFEEEE07A17EE82
:10CB9000903A00213046C8E90673C4EDD08A05F00A
:10CBA00011FC87E7D4F8C41004F1C80005F024FC98
:10CBB000002898D00026F0211E2084F8C06009F0DB
:10CBC000B3F8D4ED237AD4F8AC33F5EEC07AC4F8D8
:10CBD0008800F1EE10FA08D4B7EE007AF4EEC77AC6
:10CBE000F1EE10FA1DDD4FF4803628469E610021DB
:10CBF000BDEC048BBDE8F04105F0E4BB01239621B8
:10CC0000502084F8C03009F08FF80346314604F113
:10CC1000C800C4F8C43005F0D5FB60E7084B094FE5
:10CC2000B7E7B0EE677ABEEEC87A17EE106ADCE7B7
:10CC3000054B064FADE700BF00D089469365153818
:10CC4000DE571700DF571700008C3C4B00BE6C50BE
:10CC50002DE9F84F00254FF0040A04464FF0000B71
:10CC60004FF001088946294617461E462DED028BD6
:10CC7000F7EE008A00F804AB05F08AFB294604F1C0
:10CC80001400BFEE008A05F083FB2946A4F83C801F
:10CC900004F14000A58584F82E50C4F830B0C4F8E3
:10CCA00034B0A563C4E9095505F072FB2946C4ED0B
:10CCB000158A04F15800256505F06AFB294604F140
:10CCC000680005F065FBC94B84F878804FF48078E4
:10CCD000E3672946C64B04F19C00A4F88480C4F89D
:10CCE000803084F88650C4F88850C4F88CB084F83A
:10CCF0009050C4F894B0C4F898B005F049FB2946A8
:10CD000004F1B000C4F8AC5005F042FB294604F130
:10CD1000C80084F8C050C4F8C45005F039FB294657
:10CD2000A4F8D88004F1F00084F8DA5004F53478DF
:10CD3000C4F8DC50C4F8E0B084F8E450C4F8E8B0BB
:10CD4000C4F8ECB005F024FB294604F58270C4F861
:10CD5000005105F01DFB294604F58E7084F814512E
:10CD6000C4F8185105F014FB294604F5967005F037
:10CD70000FFB6423294604F5BA70C4F83C314FF424
:10CD8000FA63A4F84051C4F8443105F001FB294688
:10CD900004F5C27005F0FCFA294604F5CE7005F0E2
:10CDA000F7FA294604F5EC7005F0F2FA294604F585
:10CDB000F47005F0EDFA294604F5007005F0E8FA84
:10CDC000294604F5047005F0E3FA4FF07C53294638
:10CDD000C4ED8A8AC4F82C324FF4966304F50C70C3
:10CDE00084F82452C4F8203205F0D2FA814B294647
:10CDF00084ED908AC4F844324046C4F8485284F81E
:10CE00004C5205F0C5FA7C4BC4F8E0A22946C4F8A0
:10CE1000F83204F54270C4F8FC324FF4C843DFF82E
:10CE20000CA2A4F8EC32754BC4EDBC8AC4F8F43201
:10CE3000734B84F8E452C4F80033C4F8E852C4F8E1
:10CE400004A305F0A5FA294684EDC68A04F54870C6
:10CE500084EDC78A05F09CFA294604F54C7005F06C
:10CE600097FA294684EDD08A04F5527084EDD18A70
:10CE700005F08EFA294604F5567005F089FA0C9BE8
:10CE80003422C4F8B463C4F8B83346F266660D9B26
:10CE90004046C4F878A3C4F8BC330E9B84F86853AA
:10CEA000C4F8C0330F9BC4F87053C4F8C433109B4C
:10CEB000A4F87453C4F8C833119BC4F88053C4F861
:10CEC000CC33129BA4F88453C4F8D033139BC4F81A
:10CED0009CB3C4F8D433149B4A49C4F8D833159B87
:10CEE000C4F8DC33484BC4E9EB97C4E9E555C4F812
:10CEF000A0B3C4F86C231A68C4F8A4B3C4F8882398
:10CF00001A68C4F8A8B3C4F88C231A683F4A84F896
:10CF10005052C4F87C23169A84F86052C4F8E02377
:10CF2000179A84F87052C4F8E423189A84F880524F
:10CF3000C4F8E823199A84F89052C4F8EC231A9A9A
:10CF400084F8A052C4F8F0231B9AC4F8F4231C9A66
:10CF5000C4F8F8232E4A11621B682E4A2E49A3F505
:10CF60007A73C4F8903315620D624D864D622B4979
:10CF70002B4B0D624D864D622A491D6255865D869A
:10CF800084F8B05284F8C052C1E9066640F29B7141
:10CF9000D161D96143F2333151624CF6CC425962CE
:10CFA0002946214B1A6205F00DFA84ED658A84ED5D
:10CFB0007E8A204684F8485184F89851A4F89A5102
:10CFC000C4F84CB1C4F850B1C4F858B184F8AC51AD
:10CFD00084F8FC51A4F8FE51C4F8B0B1C4F8B4B15F
:10CFE000C4F8BCB1BDEC028BBDE8F88F000016435D
:10CFF00000004843006400FF8FC2753DCDCCCC3E9D
:10D000008FC2F53C6666E63EBCB801209A99993E0F
:10D0100064F2002064D0012044CD0120D4CE012050
:10D02000F4D10120748C012058AE0120CDCC4C3DB0
:10D0300038B5044600230D460430194684F82C30D8
:10D04000257005F0BFF9052D06D8DFE805F060066C
:10D05000032603380023636238BD002504F53470CD
:10D06000294684F8505284F8605284F8705284F84B
:10D07000805284F8905284F8A05284F8B05284F818
:10D08000C05205F09FF9042384F8E25284F8E45278
:10D09000A4F8E032C4F8E85238BD41F2883140F6D5
:10D0A000B83008F041FE034641F2883140F6B8300E
:10D0B000C4F8AC3008F038FEC4F8000138BD0022D6
:10D0C0000023174D4FF496614FF4C87084F848213F
:10D0D00084F89821A4F89A21C4F84C31C4F850314E
:10D0E000C4F85831C4F8945184F8AC2184F8FC2178
:10D0F000A4F8FE21C4F8B031C4F8B431C4F8BC318E
:10D10000C4F8F85108F010FEC4F8200238BD42F609
:10D11000E0614FF47A6008F007FE606238BD00BF3E
:10D12000000080BF2DE9F041044614302DED048B42
:10D1300082B094F82E6005F053F9A36A002B40F0FA
:10D14000E180F7EE009AD34F06EB0612A16B350192
:10D1500007EB82025B1AB2F81EC0A3EB0C03002B94
:10D1600002DD8142C0F2E18094ED0C8A05EB0608F5
:10D17000D4ED157A07EB880828EE278A98ED0B0A7C
:10D18000B5EEC00AF1EE10FA19DDB7EEC00A07EEEF
:10D19000900A9FEDBC5BB8EEE77A20EE050BB7EE88
:10D1A000C77A9FEDBA6B20EE070B20EE060BB7EEA9
:10D1B000C00B0CF027FFD8ED0C7AA7EE808AF3EEB7
:10D1C000047A94F83C30B4EE678AF1EE10FA48BF66
:10D1D000B0EE678A012B40F2F180DFEDAF8A022BBF
:10D1E000DFEDAE7A48FEA78A9FEDAD7AAB19F4EE7B
:10D1F000C79A07EB8303D3ED0F7AF1EE10FA93F899
:10D20000403068EEA78A1FD9B7EE009AF4EEC99AAB
:10D21000F1EE10FA18DA012B00F02181022B00F058
:10D220000B81DFEDA07AF4EEE79AF1EE10FA00F14F
:10D23000F0809FED9D7AF4EEC79AF1EE10FA05DDCD
:10D2400039EE699A89EE277A68EE878AB5EEC08A48
:10D25000D4F8B433F1EE10FA00F1B380DFED937A35
:10D26000B4EEE78AF1EE10FA40F38980904ADA6171
:10D27000F5EEC08AF1EE10FA00F1AB80F7EE007A1D
:10D28000F4EEE78AF1EE10FA40F388804FF4803232
:10D2900035445A6207EB8505D5ED0E7AF5EEC07A76
:10D2A000F1EE10FA40F3818095ED0D7AD4F8B823B1
:10D2B00028EE077AB5EEC07AF1EE10FA00F18B8015
:10D2C000DFED7A6AB4EEE67AF1EE10FA40F38F8081
:10D2D000774BD36167EEA87AF5EEC07AF1EE10FADB
:10D2E00000F18380B7EE007AF4EEC77AF1EE10FA1F
:10D2F00040F39B804FF48033536202B0BDEC048B4B
:10D30000BDE8F08107EE900AF7EE006AB8EEE77A22
:10D3100007EE903AF8EE677AC7EE279AF4EE669A2F
:10D32000F1EE10FA76FEA99A0DE701EB030C8445A5
:10D330006CDD411A07EE903A92F8413007EE101A70
:10D34000F8EEE77A94ED0C8AB8EEC77AC7EE270AB2
:10D35000002B63D094ED0D0AB5EEC08AF1EE10FA01
:10D360005EDDB5EEC00AF1EE10FA59DD80EE080A76
:10D3700001900CF0B7FC019828EE008AF6E6DFED8C
:10D380004D7A4B4968EE277AFCEEE77A17EE902A41
:10D39000C3ED077A8A423FF669AF69E7F0EE687A33
:10D3A000FEEEC87A17EE902A72E7D4F8B83300225E
:10D3B0005A6202B0BDEC048BBDE8F081DFED3E8A1D
:10D3C00012E7F5EEC08A0022DA61F1EE10FA7FF57D
:10D3D00055AF00225CE767EEA87A0023D361F5EE33
:10D3E000C07AF1EE10FA7FF57DAF002384E7DFED20
:10D3F000316A2F4927EE267ABCEEC77A17EE103A2B
:10D4000082ED077A8B423FF663AF63E794ED0D8AB6
:10D41000ACE689EEA77A68EE878A17E794ED0D0AE5
:10D4200030EE480AA0EE208AA0E6B0EE677ABEEEA3
:10D43000C87A17EE103A5FE79FED127BB7EEE90A64
:10D4400020EE070BB7EEC00B0CF0E0FEF6EE007A14
:10D4500039EE409A29EE279A68EE898AF6E6DFEDE2
:10D46000177AF4EEE79AF1EE10FAD2D439EE699A0F
:10D470009FED137AC9EE077A67EEA77A68EEA78A5E
:10D48000E4E600BF182D4454FB211940000000E0E1
:10D490004D62503F683100208FC2F53CCDCCCC3C72
:10D4A000000000000AD7233D8FC2753F0044AC4600
:10D4B0000000FE7FC637BE47CDCC4C3D8FC2753DC8
:10D4C000D7A3703F2DE9F84304460E4600200C21F7
:10D4D00008F02AFC05466421002084F82E50EDB2A5
:10D4E00008F022FC3B28D4BF0123022384F83C30FF
:10D4F000002E5CD03F4E05EB05192F0106EB890984
:10D5000099F82180B8F1020F6AD87A1906EB8202E5
:10D5100092F820209A4246D8984538BF84F83C803B
:10D52000002384F83D307B1906EB8303D3E9010126
:10D53000884252DB7B1907EE900A06EB8303F8EE74
:10D54000E77AD3E90301C4ED0C7A884242DB2F4429
:10D5500007EE900A06EB8706F8EEE77AD6E90501B2
:10D56000B38B8842C4ED0D7AA36330DB4FF07E535A
:10D570000122A062002104F1140084F82D206365CB
:10D5800004F020FF04F15800002104F01BFF2046A6
:10D59000BDE8F843FFF7C6BD032399F820209A425F
:10D5A00084F83C30BCD9134684F83C20B4E7114ED3
:10D5B00005EB05122F0106EB820292F821807A1901
:10D5C00006EB820292F820209A42A5D9EBE708F0F8
:10D5D000ABFBCBE708F0A8FBB9E708F0A5FBA9E790
:10D5E0006421002008F0A0FB1D28D5DD94F83C3014
:10D5F0008BE700BF6831002070B50446642100202D
:10D60000D4F8E8332DED028BD3ED008A08F08CFBC3
:10D610009FED718AF4EEC88AF1EE10FA53DA4528CC
:10D620004FF0F0014FF01E00CCBF0223012384F81D
:10D63000853084F8863008F077FB03460621052004
:10D64000C4F8883008F070FB07EE900ADFED636ADB
:10D65000F4EEC88AB8EEE77AF1EE10FAC7EE267A51
:10D66000C4ED237A49DA9FED5E7A67EE877A64210A
:10D670000020C4ED237A08F057FB1328D4BF012300
:10D68000002384F8903056DDD4ED237AD4F8AC131F
:10D69000F5EEC07AF1EE10FA4BD4B7EE007AF4EE64
:10D6A000C77AF1EE10FA3DDD4FF4803301228B6131
:10D6B00004F19C00002184F88420BDEC028BBDE8BD
:10D6C000704004F07FBE31282ADD0223F02184F867
:10D6D000853084F886301E2008F026FB034606219C
:10D6E0000520C4F8883008F01FFB07EE900ADFED34
:10D6F0003B6AB8EEE77AC7EE267A9FED3A7A67EE94
:10D70000877AF5EEC07AF1EE10FA5BD4B7EE007AC4
:10D71000F4EEC77AF1EE10FAA5DDDFED317AA6E777
:10D720000123D3E7B0EE677ABEEEC87A17EE103A5F
:10D73000BCE70023BAE74FF4FA71962008F0F4FA38
:10D7400003464FF47A714FF4FA70C4F8883008F049
:10D75000EBFA07EE900A40F2DC514FF44870F8EE15
:10D76000E77AC4ED257A08F0DFFAB3EE047A94ED97
:10D77000250A07EE900AD4F8C463B4EEC70AF8EE9F
:10D78000E77AF1EE10FAC4ED267A1ED4DFED167AB0
:10D79000B4EEE70AF1EE10FA1ADCDFED147A20EEAF
:10D7A000270AF0EE407AFEEEE07A17EE905A0CF07F
:10D7B00029FCF0EE407AFEEEE07A17EE903AC6E9E8
:10D7C000065361E7DFED0A7A51E70A4B0A4DF6E7A7
:10D7D0000A4B0B4DF3E700BF6666663F0000C84288
:10D7E0003333333FCDCCCC3F00D0894693651538D9
:10D7F00000000000DE571700DF571700008C3C4B7D
:10D8000000BE6C5070B5044664210020D4F8E833A3
:10D810002DED028BD3ED008A08F086FA9FED718A18
:10D82000F4EEC88AF1EE10FA53DA45284FF0F00111
:10D830004FF01E00CCBF0223012384F8D93084F8B6
:10D84000DA3008F071FA034606210520C4F8DC300E
:10D8500008F06AFA07EE900ADFED636AF4EEC88A10
:10D86000B8EEE77AF1EE10FAC7EE267AC4ED387A10
:10D8700049DA9FED5E7A67EE877A64210020C4ED75
:10D88000387A08F051FA1328D4BF0123002384F812
:10D89000E43056DDD4ED387AD4F8B013F5EEC07A22
:10D8A000F1EE10FA4BD4B7EE007AF4EEC77AF1EE4F
:10D8B00010FA3DDD4FF4803301228B6104F1F0005A
:10D8C000002184F8D820BDEC028BBDE8704004F044
:10D8D00079BD31282ADD0223F02184F8D93084F87B
:10D8E000DA301E2008F020FA034606210520C4F88D
:10D8F000DC3008F019FA07EE900ADFED3B6AB8EE6B
:10D90000E77AC7EE267A9FED3A7A67EE877AF5EEE8
:10D91000C07AF1EE10FA5BD4B7EE007AF4EEC77A73
:10D92000F1EE10FAA5DDDFED317AA6E70123D3E7AA
:10D93000B0EE677ABEEEC87A17EE103ABCE7002365
:10D94000BAE74FF4FA71962008F0EEF903464FF467
:10D950007A714FF4FA70C4F8DC3008F0E5F907EE9C
:10D96000900A40F2DC514FF44870F8EEE77AC4EDCB
:10D970003A7A08F0D9F9B3EE047A94ED3A0A07EE50
:10D98000900AD4F8C863B4EEC70AF8EEE77AF1EE6D
:10D9900010FAC4ED3B7A1ED4DFED167AB4EEE70A36
:10D9A000F1EE10FA1ADCDFED147A20EE270AF0EE21
:10D9B000407AFEEEE07A17EE905A0CF023FBF0EE80
:10D9C000407AFEEEE07A17EE903AC6E9065361E738
:10D9D000DFED0A7A51E70A4B0A4DF6E70A4B0B4D89
:10D9E000F3E700BF6666663F0000C8423333333F4B
:10D9F000CDCCCC3F00D0894693651538000000009F
:10DA0000DE571700DF571700008C3C4B00BE6C50F0
:10DA1000D0F8AC130023DFED4F7A45F6284C4E4A80
:10DA20002DE9F0418B6144F2AE75D0F8B01341F2AC
:10DA30002948D0F8DC6304468B61D0F8CC1380F819
:10DA4000483180F89831A0F89A31C0F8942180F8D4
:10DA5000AC3180F8FC31A0F8FE31C0F8F821C0EDFF
:10DA6000537AC0ED547AC0ED567AC0ED6C7AC0EDB1
:10DA70006D7AC0ED6F7AD0F8D823A1F834C04D622A
:10DA8000D0E9F4E7C1F81C8047F2333040F6136167
:10DA9000A2F834C05562D16148F6CC42CEF82430A9
:10DAA0007B6230622D4BD4F8E01308622C49C3E945
:10DAB0000822D4F8E8230123C4F8401292ED007A3A
:10DAC00084F84432B4EEE77AF1EE10FA3ED4F7EE81
:10DAD000007AB4EE677AF1EE10FA37FE877A002505
:10DAE0004FF07E5384ED8B7A4FF49661C4F8283260
:10DAF0004FF4C87084F8245208F016F903464FF426
:10DB000061714FF49670C4F8203208F00DF90346A5
:10DB100040F69801A4F84051C4F83C314FF4167017
:10DB200008F002F90346294604F50470C4F84431AC
:10DB300004F048FC294604F5967004F043FC29469D
:10DB400004F50C70BDE8F04104F03CBCB0EE677A1F
:10DB5000C5E700BF00000000000080BF748C0120FA
:10DB6000CDCC0C3F002300221C4910B4D0F8AC43AC
:10DB7000A361D0F8B043A361C0F84C21C0F8502194
:10DB8000C0F85821C0F8B021C0F8B421C0F8BC21B9
:10DB9000D0F8CC2380F8483180F89831A0F89A3139
:10DBA000C0F8941180F8AC3180F8FC31A0F8FE3157
:10DBB000C0F8F811D0F8D843938690F84422A38691
:10DBC00012B95DF8044B7047054A5DF8044B80F8C4
:10DBD0004432C0F84012C2E908337047000080BFE9
:10DBE000748C012038B500250446D0E9EB239561FB
:10DBF0009D61D0E9ED2355625D6280F8845080F824
:10DC0000D850A0F840518585FFF7ACFF294600F5B4
:10DC1000347084F8505284F8605284F8705284F85A
:10DC2000805284F8905284F8A05284F8B05284F85C
:10DC3000C05204F0C7FB4FF07E5201236265A387F8
:10DC400038BD00BFD0F8F4331B7810B504461BB1C3
:10DC50001948EFF7EBFEC8B92046FFF7C3FFD4F829
:10DC6000EC3322781B68032B23D8DFE803F0100283
:10DC7000201205239A42237008D00021201D84F829
:10DC80002C1004F09FFB2378012B06D010BD00233D
:10DC9000F0E701239A422370EFD194F8EC020028B8
:10DCA000F4D1052108F040F884F8E30210BD022306
:10DCB000E0E70423DEE700BF94B8002038B500F5A4
:10DCC0000C7504466421284604F096FB00B938BD63
:10DCD0000021284604F076FBD4F8E833D3ED007A2F
:10DCE000F5EEC07AF1EE10FA3BD4B7EE007AF4EE1E
:10DCF000477AF1EE10FA77FE277A94ED8B0A9FEDC2
:10DD0000287A77EEC07A94F94732002BA7EE870A7B
:10DD100084ED8B0A28DB07EE903ADFED226AF8EEFD
:10DD2000E77A87EEA67AD4ED907ADFED1F6A77EE78
:10DD3000677AF0EEE77AF4EEE67AF1EE10FAC6DDF5
:10DD4000DFED1A7AB4EEE77AF1EE10FA17DCDFEDC8
:10DD5000187AB4EEE77AF1EE10FA18D5154A1146A2
:10DD60000FE0DFED157AC8E7DFED140A0BF0BAFF1C
:10DD7000FDEE007A9FED127AA0EE277AD3E7114AE2
:10DD80001146114B84ED907AC3E9082138BDF0EEBD
:10DD9000477AFEEEC87A17EE902AF1D50549F0E7EA
:10DDA000CDCC4C3D0000C8420AD7A33C00FEFF4644
:10DDB00000FEFFC600000180000000003333333F47
:10DDC000CDCC0C3F0000FF7F748C0120034690F8FF
:10DDD0004602421E022A00D8704793ED8B7AF3EE7A
:10DDE000046ADFED147A6421002010B52DED028B5A
:10DDF00027EE078AE8EE267AFDEEE77A17EE904ADC
:10DE000007F092FF844211DCB2EE007AF3EE0E7A54
:10DE1000E8EE477ABDEC028BFDEEE77A17EE903A1A
:10DE200023449842ACBF0320022010BDBDEC028BFE
:10DE3000012010BD0000084238B5531E15460C469F
:10DE40002DED048BF0EE408AB0EE608A032B00F2D9
:10DE50008681DFE813F02001C1007900040064210D
:10DE6000002007F061FF07EE900A9FEDBE9A4FF089
:10DE70007E53B8EEE77ADFEDBC6ADFEDBC7A0B21AA
:10DE8000E360042087EE096AE6EE267AC4ED017AA3
:10DE9000C4ED027A07F048FFB54A80B2B54B626123
:10DEA0006421A3FB0023A08400205B08E38407F027
:10DEB0003BFF07EE100ADFEDB06A4FF0000CB8EE42
:10DEC000C77ADFEDAE7AAE490023AE4A87EE096A23
:10DED000E6EE267A27EEA80AD4ED017A9FEDAA7A1B
:10DEE00068EE277AC4F818C084ED040AE161F4EE04
:10DEF000C77A226284F828302570F1EE10FA00F11A
:10DF00002B819FEDA27AF4EE477AF1EE10FA77FEBC
:10DF1000277AD4ED026A9FED9C7A68EE260AC4ED5A
:10DF2000017AF4EEC70AF1EE10FA00F11281DFED8A
:10DF3000977AF4EE670AF1EE10FA77FEA00AC4EDC4
:10DF4000020ABDEC048B38BD6421002007F0ECFE12
:10DF500007EE900A9FED839A4FF07E53B8EEE77A72
:10DF6000DFED8B6ADFED8B7A40F20971E3604FF4ED
:10DF70002F7087EE096AE6EE267AC4ED017AC4EDC9
:10DF8000027A07F0D1FE844B9FED847A64216361AD
:10DF900083B2A084002007EE903AF8EEE77A67EEAD
:10DFA000877AFCEEE77A17EE903AE38407F0BCFE3E
:10DFB00007EE100ADFED7A6A0123B8EEC77ADFEDCB
:10DFC000797ADFF82CC2784987EE096A774AE6EE5B
:10DFD000267A27EEA80A7FE76421002007F0A4FE36
:10DFE00007EE100A9FED5F9A6421B8EEC77ADFED65
:10DFF000707A0020C7EE096AE6EEA77AC4ED017ACE
:10E0000007F092FE07EE100ADFED6A6A40F28B21FC
:10E01000B8EEC77ADFED687A684B4FF4827087EE0E
:10E02000096AE360E6EE267AC4ED027A07F07CFE28
:10E0300003465B212820A38407F076FE0346642173
:10E040000020E38407F070FE07EE100ADFED5C6A43
:10E050006421B8EEC77ADFED5B7A002087EE096AAB
:10E06000E6EE267AC4ED057A07F05EFE07EE100AAA
:10E07000DFED556A4FF07E51B8EEC77ADFED537A87
:10E080004FF0000C524A002387EE096AE6EE267A2A
:10E0900027EEA80A20E76421002007F045FE07EEDE
:10E0A000900A9FED309A6421B8EEE77ADFED496A75
:10E0B000DFED497A002087EE096AE6EE267AC4EDA4
:10E0C000017A07F031FE07EE100ADFED446A40F2F4
:10E0D0002131B8EEC77ADFED427A2A4BC82087EEAD
:10E0E000096AE360E6EE267AC4ED027A07F01CFEC8
:10E0F00003461B210C20A38407F016FE034664216F
:10E100000020E38407F010FE07EE100ADFED356A09
:10E110006421B8EEC77ADFED347A002087EE096A11
:10E12000E6EE267AC4ED057A07F0FEFD07EE100A4A
:10E13000DFED2E7A4FF07E51B8EEC77ADFF8B4C02B
:10E1400000220023C7EE096AE6EEA77A27EEA80AA6
:10E15000C2E6F0EE470AF2E6F0EE477AD9E600238F
:10E160000B70EEE60000C84200803B4500401C45B5
:10E170003333B33FABAAAAAAA59B443CA69BC43B9E
:10E180006666E63ECDCC0C3F0000F04200A00C4697
:10E19000000075440000D2436666663F3333B33EE9
:10E1A0001C2FDD3CBC74933C9A99193FCDCCCC3DDF
:10E1B0000000AF430000AF4400002F453333933FCE
:10E1C000CECC4C3FCDCCCC3FBD74933C4260653C43
:10E1D000CDCC4C3E0080D444000096450000204346
:10E1E000000082433233B33FCDCC0C400AD7233CEE
:10E1F0003333333F9A99193ED1ED017A9FED267A58
:10E2000060EE277A0B781370F4EEC77AF1EE10FA0D
:10E210003BD49FED227AF4EE477AF1EE10FA77FEC6
:10E22000277AD1ED026A9FED1C7A20EE260AC2ED14
:10E23000017AB4EEC70AF1EE10FA29D4DFED177AAD
:10E24000B4EE670AF1EE10FA37FE800AC8688B69EF
:10E25000D1ED047AD1F814C0D06067EEA00AC86985
:10E2600093610B6AC2F814C0B1F824C0D061136284
:10E27000C88C91F8283082ED020AA2F824C0D0841C
:10E28000C2ED040A82F828307047F0EE477AC8E7FA
:10E29000B0EE470ADAE700BF0000F04200A00C46EB
:10E2A00090F848312DE9F04704462DED048B002B02
:10E2B00040F0A28090F8AC31002B40F09D8090F8A7
:10E2C0009831002B40F0988090F8FC31002B40F002
:10E2D000938090F82452002D00F09F8094ED8A6A7C
:10E2E000D4ED8B7A0020DFED686A02219FED678A0A
:10E2F0009FED677AA7EEA68A9FED669A84F82402BE
:10E30000A7EE879A28EE068A07F00EFD002840F057
:10E310008F8004F5A47A04F5D6761F21082007F033
:10E3200003FD1A2187B2002007F0FEFC07EE900AD9
:10E33000DFED599A0020F8EEE77A9FED567A804695
:10E3400002214FF00109C7EEA98A78EE878A07F00B
:10E35000EBFCDFED527A4045F0EE480A9FED508A23
:10E36000B0EE490A2A465146204607FE888AFFF742
:10E3700063FDF0EE680A3246B0EE480A5146204688
:10E38000FFF73AFF0AF1540041468AF85090AAF884
:10E39000528004F017F8414606F1540086F8509078
:10E3A000A6F8527004F00EF8022D46D0D4ED8B6A18
:10E3B000DFED3C5A66EEA66ADFED3B7A9FED3B6AE5
:10E3C0009FED3B7AE6EEA57AA6EE867AFCEEE77A3A
:10E3D00017EE900AFCEEC77A17EE901A884228BF13
:10E3E000411C07F0A1FC642294F84532002102FB95
:10E3F00000F0B0FBF3F306E04FF4C871782007F0AB
:10E4000093FC0021034604F50470C4F82032BDECEF
:10E41000048BBDE8F04703F0D5BFFFF7D7FC94F8B5
:10E4200024320546002B7FF459AFB7EE006A57E758
:10E4300004F5D67A04F5A4766FE794F84662002EC8
:10E44000B4D16421304607F06FFC0E28AEDC6421A5
:10E45000304684F8245207F067FC07EE100AF5EE08
:10E46000006A40F2A511B8EEC77ADC20F7EE047A14
:10E4700087EE296AE6EE267AC4ED8A7A07F054FC24
:10E4800031460346BFE700BF285C0F3FEC51383FE1
:10E49000CCCCCC3ECDCC0C3F0000C8428FC2753FE7
:10E4A000B81E853F0080D4C40000164500A0A5C555
:10E4B0000060EA452DE9F0410C464FF00008164691
:10E4C0001D46414604F12C0084F85080069F03F05D
:10E4D00079FF414604F13C0003F074FFD4ED067A65
:10E4E0009FED547A94ED010AF4EEC77A84ED130A95
:10E4F000F1EE10FA09DC9FED507AF4EEC77AF1EEF6
:10E5000010FA40F18F804D4B00E04D4BD4ED077A6F
:10E510009FED487ABB61F4EEC77AF1EE10FA08DCA1
:10E520009FED457AF4EEC77AF1EE10FA73D5434BBE
:10E5300000E0434BD4ED087A9FED3E7AFB61F4EEA8
:10E54000C77AF1EE10FA08DC9FED3B7AF4EEC77A59
:10E55000F1EE10FA58D5394B00E0394BD4ED057A7D
:10E560009FED387A3B62F4EEC77AF1EE10FA08D4E8
:10E57000B1EE047AF4EEC77AF1EE10FA39DD324BDF
:10E5800000E0324BF3EE047A6B62B4EEE70AF1EE90
:10E5900010FA0ED4DFED2E7AB4EEE70AF1EE10FA9F
:10E5A0000FDD2C4B00222C4CC5E90643B261BDE8BF
:10E5B000F0812A4B00222A4CC5E90643B261BDE82E
:10E5C000F081DFED287A20EE270AF0EE407AFEEEA9
:10E5D000E07A17EE904A0BF015FDF0EE407A00223B
:10E5E000FEEEE07A17EE903AC5E90643B261BDE867
:10E5F000F081F7EE006A86EEA77AF0EE477AFEEE3B
:10E60000C17A17EE903ABDE7B0EE677ABEEEC87AEF
:10E6100017EE103AA2E7B0EE677ABEEEC87A17EEB0
:10E62000103A87E7B0EE677ABEEEC87A17EE103A76
:10E630006CE700BF00FEFF4600FEFFC60000018041
:10E640000000FF7F3333333FD0CCCC0C00B76D5B81
:10E6500000D08946008C3C4B00BE6C50DE57170042
:10E66000DF571700936515388B8C2BB3CA8C07EED8
:10E67000903AB6EE006A06EE902AF8EE677AF8EE67
:10E68000666A86EEA77AB4EEC67AF1EE10FA37DD46
:10E69000B0EE467AB4EEC07AF1EE10FA13DDC0EEB9
:10E6A000077AF0EE006AB0EE087AA7EEE67A67EE37
:10E6B000A77A27EE870A70479FED167AB4EEC07AE4
:10E6C000F1EE10FAEBDCF7EE007A91F8283030EE3C
:10E6D000470A37EEC77AC0EE076A23B937EEE60A73
:10E6E00020EE000A7047F0EE005AB0EE087A26EEEF
:10E6F000E66AA6EEE57AE6EE077AB0EE670A7047BC
:10E70000DFED047AB4EE677AF1EE10FA48BFB0EEAE
:10E71000677AD3E70AD7A33C2DE9F0430C4691F87A
:10E720005010074616461D462DED028B83B000297A
:10E730003ED1237823B903B0BDEC028BBDE8F08352
:10E7400004F12C0003F04CFEB4F824908046B9F19B
:10E75000000F3ED1B7EE008AB0EE480A3846214697
:10E76000FFF782FFD4ED047A20EE270AB5EEC00A47
:10E77000F1EE10FA47D4F7EE007AB4EEE70AF1EEC4
:10E7800010FA39DD4FF4803194ED017AD4ED027A3C
:10E79000B161B4EE677AF1EE10FA36D1C145CAD84C
:10E7A0000023B361237003B0BDEC028BBDE8F0839E
:10E7B000B4F8521004F1540003F01EFE0028BAD041
:10E7C0000C9A2B462146384600923246FFF772FEDD
:10E7D000AFE707EE900AF7EE006AB8EE677A07EE49
:10E7E000909AF8EE677A87EE278AB4EE668AF1EEA1
:10E7F00010FA36FE888AAFE7F0EE407AFEEEC87A6D
:10E8000017EE901AC0E70021BEE704F13C070A2189
:10E81000384603F0F1FD10B9B4F82490BEE7D4ED0A
:10E82000027AB0EE480AD4ED018AD4ED030A87EEED
:10E83000A88A0BF057FAF0EE400AB0EE480A0BF047
:10E8400051FA68EE808ADFED2D7AF4EEE78AF1EE78
:10E8500010FA26D4DFED2A7AF4EEE78AF1EE10FA08
:10E860001FDCD4ED137AB7EE007A78EEE77AF0EE9B
:10E87000E77AF4EEC77AF1EE10FA0DDDF3EE047AE2
:10E88000F4EEE78AF1EE10FA2DD51E4BDFF88490F6
:10E89000C5E90693C4ED138A0021384603F092FDC2
:10E8A000BAE7F0EE678AD4ED137AB7EE007A78EE25
:10E8B000E77AF0EEE77AF4EEC77AF1EE10FAEBDDE4
:10E8C0009FED110A28EE800AF0EE407AFEEEE07A23
:10E8D00017EE909A0BF096FBF0EE407AFEEEE07A9F
:10E8E00017EE903AD4E7DFED097AF4EEE78AF1EE1D
:10E8F00010FAE5DD064BDFF82090C9E70000F04292
:10E9000000A00C46DE5717009365153800D08946E5
:10E91000008C3C4BDF57170000BE6C5038B50446E6
:10E92000002100F5967003F04DFD94F84001002899
:10E9300066D094F84831002B56D194F89831002BCA
:10E9400052D194F8AC31002B57D194F8FC01002837
:10E9500053D1022107F0E8F900284ED004F5D6750E
:10E96000D4ED8B7A2946DFED3D6A20469FED3C7A57
:10E9700004229FED3C0ADFED3C0AA7EEA60AE7EE73
:10E98000870AFFF759FA0021012305F15400A5F881
:10E99000521085F8503003F015FD94F840311BB14A
:10E9A00094F84131002B44D1D4ED8B6ADFED2F5A1E
:10E9B00066EEA66ADFED2E7A9FED2E6A9FED2E7A27
:10E9C000E6EEA57AA6EE867AFCEEE77A17EE900AD6
:10E9D000FCEEC77A17EE901A884228BF411C07F058
:10E9E000A3F9C4F83C0138BD94F8AC31002BD4D164
:10E9F00094F8FC31002BD0D1B0E704F5A475AFE753
:10EA0000642107F091F9092893DC012305210220F4
:10EA100084F8403107F088F9034640F699014FF435
:10EA20001670013B84F8413107F07EF9C4F84401C7
:10EA30007FE7013B2921082084F8413107F074F970
:10EA400094F84131C4F83C01002BCCD1D4F84421D6
:10EA500084F84031C4F83C2138BD00BFCCCCCC3E5A
:10EA6000285C0F3FCDCC0C3FEC51383F00007AC3FF
:10EA70000000C8430080A2C40000FA4470B5844678
:10EA800015461E4600249CF850320CF1100C1BB1A8
:10EA90000134082CF7D170BD00EB0414012300F5FC
:10EAA000347084F8511284ED950A84F8503203F0E2
:10EAB00097FC284484F85C62C4F8580270BD00BF1B
:10EAC0004B1E80F8EC12DBB2042B98BF80F8E332C7
:10EAD000704700BFF8B50B7A0D46002B3ED0013BC6
:10EAE0004968144600265FFA83FE08464B1E01EB78
:10EAF0000E0C13F8012F964238BF16466345F8D125
:10EB00004A1C0023711C724490F800C01CB1A1EB98
:10EB10000C0C1FFA8CFC0130634482429BB2F3D18F
:10EB2000E3B11946002007F0FFF82F7A80B2E7B171
:10EB300000220136D5F804C0134603E00132D1B2F9
:10EB40008F420ED91CF802100CB1711A89B20B4415
:10EB50009BB29842F2D22B68985CF8BD2B6818786B
:10EB6000F8BD013F2B68D85DF8BD4FF0FF37F9E7DE
:10EB70002DE9F04780460D460320072114462DED70
:10EB8000088BF0EE408A07F0CFF800222946C6B283
:10EB90004046FFF79FFF02210746002007F0C4F818
:10EBA000772C64D9640807EE904AF8EEE77A07EE0E
:10EBB000106A9FED308A0028F8EE479A9FED2E7A72
:10EBC00008FE078A87EEA9AAD6B300259FED2B9AE7
:10EBD000DFED2B7AA842A9469FED2ABA2B46F7EE25
:10EBE00000BADFED29AA09FE279A07EE903A05F050
:10EBF000010A43460024F8EE677A87EEA97AF0EE20
:10EC00006B7AE7EE4B7A67EEA87A93F850221033CE
:10EC1000D2B10134082CF8D16AEE087A013538EE09
:10EC2000098AFCEEE77AB4EEEA8A17EE903AF1EE42
:10EC300010FA9944EBB248BF9FED138A9E42D4D894
:10EC4000BDEC088BBDE8F08708EB0414012308F540
:10EC5000347084F8503284F85172C4ED957A03F020
:10EC6000BFFB484484F85CA2C4F85802D4E7DFED47
:10EC7000077A9CE79A99B93F6666263F0AD723BE72
:10EC80000AD7233ECDCC0C3F3333B33E0000704255
:10EC90002DE9F04F17468A468346042102202DEDC8
:10ECA000068B83B0F0EE408A07F03EF8282F38BF7D
:10ECB000282710F0FF03019335D00025143F9FED66
:10ECC00028AADFED289A2A469FED279A003A514656
:10ECD000584605F0010818BF01220024FFF7FAFE8C
:10ECE00064210646002007F01FF807EE900A394617
:10ECF0000020F8EEE77A67EE8A7A87EEA97A77EE57
:10ED0000097A27EEA88A07F00FF85B46814693F848
:10ED10005012103361B10134082CF8D10135019B38
:10ED2000EAB29342D2D803B0BDEC068BBDE8F08FB7
:10ED30000BEB0414012301350BF5347084F85032C9
:10ED400084F8516284ED958A03F04AFB019BEAB294
:10ED5000484484F85C829342C4F85802B6D8E2E78B
:10ED60003333B33E0000C842CDCC0C3F2DE9F04F09
:10ED700004460025D0F8CC034FF4803633494FF0D9
:10ED80007E52858683B0D4F8D80340F63778304B6E
:10ED9000858646F26660C4F8F812C4F8FC122D4964
:10EDA000C4F8F022C4F800132B49C4F8F432C4F8B4
:10EDB0000413D4F8AC138E61D4F8B01388612946DB
:10EDC00004F54270C4F81823C4F81C3303F0FAFAAF
:10EDD000D4F8CC23D4F8D0A341F2D363DFF88CC0AD
:10EDE000D36147F233331D495362CAF824301C4AB9
:10EDF000D4E9F5E9D4E9F170D4E9F7B4019441F626
:10EE00006F64CAF81C40174CC9F81C80C9F824600C
:10EE1000CEF81C80CEF82430BC61A4F20C44C7F8B4
:10EE200024C0FC61104CC0F824C08461A4F2FC64CE
:10EE30008E61C461019C9661C1E90755C2E907551D
:10EE4000CBF82030236203B0BDE8F08F8FC2753D50
:10EE5000CDCCCC3E8FC2F53CCDCC4C3DA096012014
:10EE6000D89601206CDDD201E83C300200B76D5B22
:10EE7000B5EEC00A08B5F1EE10FA23D4F0EE407AF0
:10EE8000B7EE000AF4EEC07AF1EE10FA0ADD9FED5B
:10EE9000160ADFED160A0AF025FFDFED137A30EED1
:10EEA000270A08BD9FED127AF4EEC77AF1EE10FA48
:10EEB00017D977EEC77ADFED0F6A87EEA67A30EEC4
:10EEC000470AE6E79FED080ADFED0B0A0AF00AFFA2
:10EED0009FED0A7ADFED0A7AE0EE077AB0EE670A74
:10EEE00008BD87EE870AEFE700000000CDCC0C409C
:10EEF0003D0AD73EE27A143F6666E63F3333733FFE
:10EF0000CDCC4C3D2DE9F8430F46054609210420A0
:10EF100014462DED088BF0EE40AA06F005FF10F028
:10EF2000FF0604EB44043ED007EE904A731E4FF0F8
:10EF300000089FED32BAB8EE679A07EE903ADFED1F
:10EF4000309A4346B8EEE7AA07EE903A2846F8EE24
:10EF5000677A87EE8A8A28EE0B0AFFF789FFF0EEC0
:10EF6000408A002239462846FFF7B4FDF4EEE98ACC
:10EF70000246F1EE10FA35D56AEEA98A29EE088A22
:10EF800008F001092B460024BCEEC88A93F8501201
:10EF9000103361B10134082CF8D108F101085FFA8F
:10EFA00088F39E42D0D8BDEC088BBDE8F88305EB12
:10EFB0000414012305F5347008F1010884F8503277
:10EFC00084F85122C4ED958A03F00AFA18EE103A3B
:10EFD00084F85C920344C4F858325FFA88F39E4286
:10EFE000B2D8E0E7F7EE007AF4EEE78AF1EE10FA35
:10EFF000D4BF68EEAA8AF0EE6A8ABFE73D0AD73E20
:10F000009A99193EB5EEC00AF1EE10FA6AD4F0EE04
:10F01000007AB4EE670AF1EE10FA37FE800AD0EDFE
:10F02000DE7A60EE277AF5EEC07AF1EE10FA4ED471
:10F03000B7EE007AF4EEC77AF1EE10FA15DD032987
:10F0400049D9D0EDDF7A20EE270A60EE200AF5EEEE
:10F05000C00AF1EE10FA07D4F7EE007AF4EEE70AF0
:10F06000F1EE10FA24DD704770470329E9D89FEDCF
:10F07000377AF4EEC77AF1EE10FA42DD344BD0ED78
:10F08000DF7A8A1D334820EE270A40F8223060EEEE
:10F09000200AF5EEC00AF1EE10FA26D4F7EE007A57
:10F0A000F4EEE70AF1EE10FA02DD03291FD97047EA
:10F0B0000329D8D8DFED257AF4EEE70AF1EE10FA4D
:10F0C00028DD234B8A1D244941F82230704703294B
:10F0D0009FED227AB5D8F0EE477AFEEEC87A17EEA9
:10F0E000903ACCE79FED1D0A99E7DFED1C7AB0EE70
:10F0F000677A1949BEEEC87A17EE103A41F8223005
:10F1000070479FED177AF4EEC77AF1EE10FA0ED53C
:10F11000144BB4E7DFED127AF4EEE70AF1EE10FAE1
:10F120000CD58A1D0F4B0C4941F822307047B0EEC8
:10F13000677ABEEEC87A17EE103AA0E7F0EE607A72
:10F140008A1DFEEEC87A17EE903ABCE700FEFF4635
:10F150000000FF7F948B0120C8AE0120000000005A
:10F1600000FEFFC600000180F8B505460B462DEDF8
:10F17000028B2AB1174690F87423002A00F0BF8052
:10F18000D5F8E823B6EE006ADFED7C6AF7EE007A88
:10F1900092ED007AB4EEE67AE7EE067AF1EE10FA36
:10F1A00080F28D80764C5E010027022104EB431330
:10F1B00093ED057A60EE076A66EEA76AA319B0EED2
:10F1C000660A28469FED6F8AD3ED060AFFF71AFFFD
:10F1D000DFED6D7AA6EEA78AB5EEC08AF1EE10FAE1
:10F1E00000F1A280F7EE007AB4EE678AF1EE10FA31
:10F1F00037FE888AA319D3ED008AD3ED017AF4EEA5
:10F20000E78AF1EE10FA00F19580F5EEC08AD5E9B3
:10F21000EF35002F08BF1D46F1EE10FA00F1828095
:10F22000DFED5A7AF4EEE78AF1EE10FA00F39380FC
:10F23000F6EE007A9FED567AE8EE877AFCEEE77AF2
:10F2400017EE902AA3192A63B3F90830002B14DBB8
:10F2500041F288329FED4F7A9342A8BF13464E4A3F
:10F2600007EE903AF8EEE77A67EE877AFDEEE77AF6
:10F2700017EE903A92FBF3F22A62A319D3ED037AC8
:10F2800028EE270AB5EEC00AF1EE10FA4FD4F7EED9
:10F29000007AB4EE670AF1EE10FA37FE800A3444C1
:10F2A000284604F03FFF284694ED040A04F064FF6A
:10F2B0002846BDEC028BBDE8F84004F029BF0221CE
:10F2C0000027DFED366AB7EE007A67EEA67AF4EE35
:10F2D000C77AF1EE10FA41D4B0EE007AF4EE477A34
:10F2E000F1EE10FA77FE277A254C5E0104EB43130A
:10F2F00093ED057A60EE076A66EEA76A5EE7D0F8DE
:10F30000E823B6EE006ADFED1D6AF7EE007A92EDB3
:10F31000007AB4EEE67AE7EE067AF1EE10FA20DB38
:10F320000321CEE700228DE79FED1D8A62E79FED66
:10F330001C0AB4E777EEE87A0020FDEEE77A17EED4
:10F34000901A013106F0F0FC07EE900AF8EEE77A29
:10F3500078EEA78A59E74FF0804273E7F0EE477ADC
:10F36000C2E7074C5E01032104EB431393ED057ADA
:10F3700060EE076A66EEA76A20E700BF6666663F32
:10F38000C03400203333B33E6666E63E0044AC46EC
:10F39000C6373E47666630420000FF7F6666A63F7E
:10F3A000000000002DE9F041054600F5347003F03F
:10F3B00017F84FF000082C4605F18006074694F830
:10F3C000503283B1D4F858322846BB420BD894F857
:10F3D000511294ED950A0A2994F85C2284F850821F
:10F3E00001D8FFF7C1FE1034B442E8D1BDE8F08186
:10F3F0000A292DE9F0410F4605462DED028BB0EEAE
:10F40000408A02D80022FFF7AFFEDFED167A2421F2
:10F410000C20002428EE278A06F086FC2B460646A0
:10F4200093F85022103332B10134082CF8D1BDECDE
:10F43000028BBDE8F08105EB04144FF0010805F5DF
:10F44000347084ED958A84F8508284F8517202F009
:10F45000C7FF304484F85C82C4F85802BDEC028BCC
:10F46000BDE8F081CDCC0C3F2DE9F04114460122DE
:10F4700005462DED028BB0EE408AFFF72BFB0A2CE0
:10F48000074606D8B0EE480A002221462846FFF774
:10F490006BFEDFED167A09210220002428EE278A70
:10F4A00006F042FC2B46064693F85022103332B148
:10F4B0000134082CF8D1BDEC028BBDE8F08105EBDE
:10F4C00004144FF0010805F5347084ED958A84F832
:10F4D000508284F8517202F083FF304484F85C82D9
:10F4E000C4F85802BDEC028BBDE8F0813333333FE2
:10F4F000B5EEC00AF1EE10FA19D4F7EE007AB4EEC8
:10F50000670AF1EE10FAF5EEC00A37FE800A80EDC8
:10F51000DE0AF1EE10FA13D4F7EE007AF4EE670A81
:10F52000F1EE10FA77FEA00AC0EDDF0A7047F5EEA3
:10F53000C00A9FED060A80EDDE0AF1EE10FAEBD567
:10F54000DFED020AC0EDDF0A704700BF00000000D7
:10F55000F8B5044600F556702DED048B02F040FF1F
:10F56000D4F87033834220D894F8743313B9BDECC7
:10F57000048BF8BD002104F55270A4F8741302F056
:10F5800021FFF7EE000A20460221B0EE600AFFF7E5
:10F5900039FDF7EE000A20460321BDEC048BB0EEE6
:10F5A000600ABDE8F840FFF72DBD04F55276054628
:10F5B000D4F86C13304602F01FFF0028D7D000218A
:10F5C000304602F0FFFE94EDDC7A07EE905A2046BA
:10F5D000B8EE477AF8EE677AB7EE009AC7EE879AE8
:10F5E000F0EE498AB0EE690AFFF742FC40F2E931D9
:10F5F0008148B0EE408A06F097FB07EE900A9FED37
:10F600007F6AF8EEE77A9FED7E7AB0EE480ADFED8A
:10F610007D0AC7EE866AE6EE878A0AF063FB9FEDF5
:10F620007A7ADFED7A7AE0EE077A68EEA77AF5EE7D
:10F63000C07AF1EE10FA00F1B980F4EE497AF1EEF9
:10F6400010FA79FE277ADFED726A9FED725A68EE42
:10F65000266ADFED715AF4EEC59ADFED704A9FED30
:10F66000706AFDEEE66A9FED6F7AF1EE10FA9FED9B
:10F670006E9AA8EE246A16EE902AA8EE257AA8EED5
:10F68000259A02F1960207DB94F8753323B901231A
:10F690004FF4FA7284F87533DFED646A94F86863A6
:10F6A000F4EEE67AD4F8C033002ED4F8BC530EBF83
:10F6B00002211D460321F1EE10FA00F38380DFEDF5
:10F6C0005C6AF4EEE67AF1EE10FA00F18280F0EE78
:10F6D000676AFEEEC86A16EE900A67EE867A063111
:10F6E000544BF5EEC07A43F82100F1EE10FA6BD4DA
:10F6F000F7EE006AF4EEE67AF1EE10FA59DD4FF417
:10F7000080334D484D4F002E08BF3846002A2863ED
:10F710004B4840F8213014DB41F28833DFED496A71
:10F720009A42A8BF1A46484B07EE902AF8EEE77AAD
:10F7300067EEA67AFDEEE77A17EE902A93FBF2F3D6
:10F740002B6228EE870AB5EEC00AF1EE10FA3DD41E
:10F75000B7EE007AB4EE470AF1EE10FA37FE000A6F
:10F76000284604F0DFFCB0EE490A284604F004FD08
:10F77000284604F0CDFCF7EE007ADFED346A9FED09
:10F78000347A37EEC80A94F8683383F00103E0EE68
:10F79000267A84F8683367EE877A67EEA87ABDEC3C
:10F7A000048BFCEEE77AC4EDDB7AF8BDDFED297A55
:10F7B00049E7DFED1E6AF4EEE67AF1EE10FA0ADDB3
:10F7C000214B9EE7204888E700239AE79FED210A16
:10F7D000C6E7214881E7DFED166AF4EEE67AF1EE3E
:10F7E00010FA01D51C4B8CE7F0EE676AFEEEC86A92
:10F7F00016EE903A85E700BF18FCFFFF00007A4440
:10F80000CDCCCC3DCDCCCC3F1B2F5D3E6F12833B8E
:10F8100000003443D7A3703FC2F5A83E666606C019
:10F82000CDCC4C40CDCC4C3D6666E63E00FEFF465E
:10F8300000FEFFC6948B0120FEF43900A3182B00B4
:10F84000C8AE0120666630420000FF7F6666263F34
:10F8500000005042000000000000018090F8743366
:10F860002DE9F04F04462DED068B89B0002B40F0BA
:10F87000EE802378052B04D094F84432002B40F01E
:10F88000B280D4F8EC331B68022B00F0B58094F8FA
:10F890002D30002B4CD02578002D00F03282A16A4B
:10F8A00004F1140002F0A8FD002870D194F82D3066
:10F8B000002B3DD02578052D35D8DFE815F0B901AE
:10F8C000DB00110106000F02D60194F82C50002D28
:10F8D00000F0B78294F8843013B12046FDF7E0F8C9
:10F8E00094F8D83013B12046FDF702F8D4F8E83385
:10F8F00040F6B830DFEDC57A41F2883193ED007AF9
:10F9000094F88450B4EEE77AF1EE10FAABBF3C27DE
:10F910000746DC260E46002D00F07B8294F8D85076
:10F92000002D00F01F8209B0BDEC068BBDE8F08F02
:10F9300094F83D30002BBDD094F83C209A42B9D9C0
:10F94000216D04F1400002F057FD0028B2D094F878
:10F950002E300120AE4A002103EB0313D4ED157ABB
:10F9600084F82D0004F1140002EB830393ED0A7A6E
:10F9700067EE877AC4ED157A02F024FD04F1580091
:10F98000002102F01FFD2046FDF7CCFB92E7D4E9F1
:10F99000ED230021D4F8AC0351625962D4F8B023AE
:10F9A000D4F8CC3381619161596294F83D3094F878
:10F9B0003C20013384F82D10DBB29A4284F83D30AC
:10F9C000B8D994F82E5004F1400002F0FBFC904BA3
:10F9D00005EB051503EB8503588C998C8842C0F222
:10F9E000AB82206562E72046FEF7BCF8D4F8EC3322
:10F9F0001B68022B7FF44BAF94F8853353BBD4F8CC
:10FA0000E833DFED847A93ED007AB4EEE77AF1EE35
:10FA100010FA0DDB804B0121D4F890231B6884F889
:10FA200085139B1AB3F57A7F02D32046FCF73AFD83
:10FA300094F8803313B12046FCF718FC94F8813316
:10FA4000002B3FF424AF2046FCF79EFC1FE7FFF796
:10FA50007FFD0EE7D4F8E833DFED6C7A93ED007AA2
:10FA6000B4EEE77AF1EE10FAE2DA6B4B0021D4F84B
:10FA70009023D3E7694B1E68002E3FF454AF204615
:10FA8000FFF790FC03213046FCF7C0F90746002839
:10FA90003FF449AF00213046FCF7B8F9B8B17279AC
:10FAA0004FF4C073B3FBF2F3327902FB03F3F26855
:10FAB000B2FBF3F3D4F8E8229A4208D0C4F8E83253
:10FAC00094F8E432013303F0030384F8E432B4F829
:10FAD000E032002B00F05482013BA4F8E03222E730
:10FAE00094F82C30002B00F07E814B4BB7EE008A4F
:10FAF0009FED4B7AD3ED007ADFED4A9AF0EE488A1B
:10FB0000F8EE677A94EDC00A20EE290A87EE879A0C
:10FB100020EE090A0AF076FAD4EDBE6AD4EDC17A75
:10FB2000E6EE808A94EDBC7A27EEA90A20EE090A57
:10FB300068EE878A0AF066FA94EDBF7AD4EDBD7A52
:10FB4000A7EE008AF5EEC08AF1EE10FA28EE278AB9
:10FB500000F12081B5EEC08A04F5427532212846B5
:10FB6000F1EE10FA48BF9FED308A02F045FC002804
:10FB70003FF4D9AED4EDC67A9FED2C7A78EEE77AD1
:10FB8000F0EEE77AF4EEC77AF1EE10FA0BDCD4ED82
:10FB9000C77A78EE677AF0EEE77AF4EEC77AF1EE9C
:10FBA00010FA7FF7C0AEF5EEC08AD4F8AC33F1EEB0
:10FBB00010FA00F1CF81F7EE007AF4EEE78AF1EE69
:10FBC00010FA40F30A834FF48032B5EEC08A9A618E
:10FBD000D4F8B033F1EE10FA00F1BA81F7EE007A02
:10FBE000B4EEE78AF1EE10FA40F3F0824FF480327F
:10FBF000002128469A61C4EDC68A84EDC78A09B0FF
:10FC0000BDEC068BBDE8F04F02F0DCBB6666663FDC
:10FC100068310020D7A3703FBCB80120608F01205D
:10FC200000007A44DB0FC940000000000AD7233CE3
:10FC300094F84C12D4F8E833002973D0F6EE087A21
:10FC400093ED007AB4EEE77AF1EE10FAC0F2A580F7
:10FC5000251D616A284602F0CFFB00283FF463AE01
:10FC60000021284602F0AEFB6BE094F82C30002B0C
:10FC700000F0C880204604F50475FEF71FF8B6486A
:10FC8000D4F8C43304F5A471D4F8AC230090204612
:10FC9000FEF742FDB148D4F8C83304F5D671D4F864
:10FCA000B02300902046FEF737FDD4F820122846F6
:10FCB00002F0A2FB002840F08880D4F83C1104F543
:10FCC000967002F099FB00283FF42DAE204609B053
:10FCD000BDEC068BBDE8F04FFEF720BE94F82C304B
:10FCE000002B3FF420AE0023D4F8CC13D4E9EB0270
:10FCF00083619361D4F8D4234B62536284F82C302F
:10FD000011E604F158060221304602F075FB002886
:10FD10003FF4C5AD3046294602F054FB2046FDF7BE
:10FD200001FABCE5DFED8E7A93ED007AB4EEE77A66
:10FD3000F1EE10FA31DB0123201D84F84C3202F081
:10FD400041FB4FF4FA614FF47A7005F0EDFF0121A9
:10FD500003462046636209B0BDEC068BBDE8F04F58
:10FD6000FDF7B0BB04F58278D4F80011404602F0EC
:10FD700043FB00283FF4D7AD2046FDF743FD29465D
:10FD8000404602F01FFB3146384605F0CDFFC4F86F
:10FD90000001C8E5DFED738ADCE60025261D616AF7
:10FDA000304684F84C5202F027FB00283FF4BBADEC
:10FDB0002946304602F006FB42F6E0614FF47A60D5
:10FDC00005F0B2FF29460346C3E794F84532002BFD
:10FDD00000F0B58094F84632042B00F0B080204645
:10FDE000FEF75EFA69E72046FEF7C0FFD4F8DC03B1
:10FDF00047F23333D4F8E013012203620B6284F834
:10FE00002C2072E62046FDF703FE012384F82C30F7
:10FE100030E704F1B008D4F8AC10404602F0ECFA38
:10FE200000283FF47BAD2046FDF7E6FB294640461F
:10FE300002F0C8FA3146384605F076FFC4F8AC0047
:10FE40006CE50123DFF810C1D4F8D82384F82C30F6
:10FE50004FF48033D4F8CC13D4F8AC73CCF82050E2
:10FE6000CCF81C30CCF81850DFF8F0C0D4F8B0E370
:10FE70008D86CCF818509586D4E9F798D4E9F160CE
:10FE8000CCE90735BD6145F62847CEF8185040F655
:10FE9000377CD4F8D0E3C9F82070DFF8D090C8F8E8
:10FEA000207047F23337C6F81890A9F2E479DFF8EA
:10FEB000C080C6F81C90C6F824802B4EC0F8248061
:10FEC0008661A6F68426C66141F2D3604B62C861A2
:10FED00041F66F61CEF8247004F19C00CEF81C103E
:10FEE0002946C2F81CC05362D4F8D433C3F81CC0EE
:10FEF0005F6202F067FA294604F1F00002F062FA4C
:10FF0000294604F1B00002F05DFA294604F582703A
:10FF100002F058FA41F2883140F6B83005F004FF9B
:10FF2000034641F2883140F6B830C4F8AC3005F0F1
:10FF3000FBFEC4F80001CDE405F0F6FE51E54FF4F8
:10FF40007A7300212846C4F8203202F03BFAB4E666
:10FF500000224DE6002238E6A0960120D896012026
:10FF6000CDCC4C3F0000000074F08102C8944702E1
:10FF700000515E4300007042000082423333333F41
:10FF800003213046FBF778FF03215FFA80F8304603
:10FF9000FBF7C6FF03215FFA80FA3046FCF71EF834
:10FFA000D6ED007A5FED0D6A1FED0D7A77EEE67AF9
:10FFB00033790690012BC7EE878A38BF012343456A
:10FFC00098BFB8FBF3F5F5EEC08AF1EE10FA00F138
:10FFD0006D81F7EE007AF4EE678AF1EE10FA77FEA3
:10FFE000A88AD4F8E833F6EE007A93ED008AB4EEEE
:10FFF000E78AF1EE10FAC0F2F7805FED207AB4EEF6
:02000004600298
:10000000E78AF1EE10FA80F2EF8094F8EC8208F1C2
:10001000FF385FFA88F8B8F1040F00F23A8194F8DB
:10002000E42208EB8803DFF84093A2F1020209EB17
:100030008303B2FA82F20493520904992046FEF730
:1000400049FDD4F8E43305901B68B3F5D27F0EDA8E
:1000500094F8E2325BB1BF4B03EB4013B3F90830C5
:100060001D2B04DC142303FB08935B7A05936421A6
:10007000002005F059FE182894F8E4224FEA880B76
:10008000CCBFF7EE009ADFEDB49A0BEB0803032A1E
:100090009FEDB29AB7EE007A09EB830328EE899AB6
:1000A000D97A94F8ED3237EE497A11FB03F1AC4B73
:1000B000A3FB01314FEA511308BF03EB911307EE85
:1000C000903A0BEB0803F8EEE77A09EB83035A7BCF
:1000D00067EE877AFDEEE77A17EE903A5F2BA8BFBE
:1000E0005F230393002A40F0E480DFED9E7AB4EEB4
:1000F000E78AF1EE10FA07DABAFBF5F305FB13A372
:1001000013F0FF0A00F04081D4F8E4331B68B3F524
:10011000D27FC0F2948064210020079205F004FE93
:10012000039B079A834240F38A80DFED8E7A642135
:100130000020B4EEE78AF1EE10FA80F2C28005F0FA
:10014000F3FD1D2840F3CC81362840F3D1814F28A0
:1001500040F3ED815D2800F3E081B0EE690A069A74
:1001600004992046FEF794FDD4F8E4331B68B3F5F8
:10017000D27F80F2B28094F8E232002B00F0DB8074
:10018000013B022084F8E232DFED767AA4F8E00247
:10019000B4EEE78AF1EE10FABFF6C5AB0BEB08033D
:1001A00009EB83031A7B642A3FF4BDABB4F8E03259
:1001B00002FB03F3632B40F2CA80694AA2FB0323CC
:1001C000C3F34F13A4F8E032FFF7ADBBF0EE487A6B
:1001D000FEEEC87A17EE902A0AE5F0EE687AFEEE97
:1001E000C87A17EE902AF0E494F8EC8208F1FF3810
:1001F0005FFA88F8B8F1040F4AD8DFF86C9108EB81
:100200008803002709EB83030493DFED567A94F803
:10021000E422B4EEE78AF1EE10FA7ADBF7EE009A08
:100220004FEA880BBAFBF5F313F0010F08EB8803D4
:1002300009EB830314BF9B7A5B7A059325E7002AB9
:100240006DD1059B0A2B05D8B0EE690A19462046E8
:10025000FEF78AFFDFED437AB4EEE78AF1EE10FA9B
:1002600082DB039E642100201436502EA8BF502646
:1002700005F05AFD864200F30481D4F8E4331B688C
:10028000B3F5D27FFFF677AFA4F8E052FFF74BBB90
:10029000002794F8E382DFF8D090B8F1040F40F221
:1002A00051814FF00008CDF81090AEE7DFED358AB0
:1002B00097E60121002001EB420105F035FD0246E1
:1002C00013E705F031FD3128B0EE690A00F39D8097
:1002D00005992046FFF78CF8C3E7002F00F09B80BC
:1002E0004FF47A71002005F01FFD07EE900ADFED54
:1002F000216AF8EEE77A87EEA67AB4EEC79AF1EEB5
:1003000010FACCBF0223012315FB03F3A4F8E0325B
:1003100044E7A2F10202B2FA82F252098DE62346C4
:10032000002693F850121033002900F0C2800136E5
:10033000082EF6D18EE70321012005F0F5FC1421EB
:1003400084F8E202082005F0EFFC80B21CE70123EC
:1003500038E700BFC0340020CDCCCC3ECDCC0C3F24
:100360001F85EB513333333FEC2B0020EC51383EEB
:100370008FC2F53D00007A443333B33E6666E63EF5
:10038000CDCC4C3F0000000064215046079205F0A0
:10039000CBFC2228079A3FF7B7AED4F8E803F6EE75
:1003A000006A1FED0EAA534690ED006AB0EE690A8E
:1003B000DDED067A2046E6EE0A6A0599B8EE677A20
:1003C00027EE267ABCEEC77A17EE10CA944462462E
:1003D000FEF754FBD4F8E833F0EE4A7A1FED1C7AAE
:1003E000D3ED006AE6EE877AF5EEC07AF1EE10FA08
:1003F00000F1A5801FED207AF4EE477AF1EE10FAB5
:1004000077FE277AC6ED027AAEE6DDE904122046D1
:10041000FFF72AF825E738460A2105F085FC02286F
:1004200075DC012015FB00F0042185B2002005F0E9
:100430007BFC002863D04FF47A71002005F074FC37
:1004400007EE900A1FED356AB8EEE77A5FED367A6F
:1004500068EEA77AC7EE066AF4EEE76AF1EE10FAE4
:100460000CD507EE905AB7EE087AF8EEE77A67EE09
:10047000877AFCEEE77A17EE903A9DB2A4F8E05244
:100480008CE6049901222046FEF724FB069B0646D3
:1004900003201946B3FBF0F005F046FC1FED490AB6
:1004A0000246314629EE800A01232046FEF7E6FA8D
:1004B000E3E604EB0616059B04F534708A4686F8DD
:1004C00051320123C6ED959A86F85032079201F019
:1004D00087FF079A86F85CA21044C6F85802B9E66E
:1004E000B0EE690A069A04992046FEF741FB3BE606
:1004F000B0EE690A05992046FEF77AFF34E604213A
:10050000022005F011FC10FB05F5ADB293E70521C3
:10051000022005F009FC80B284E71FED670A20463F
:10052000069A29EE800A0499FEF7ECFC1CE6B0EE70
:10053000690A2046DDE90412FEF796FF14E65FED36
:100540006F7A5FE708EB880309EB830304935CE6AB
:10055000F8B50123002600F552770446A0F874335D
:100560000D4680F868633146384601F02BFF31466E
:1005700004F5567001F026FFD4F8E4331B68002B15
:1005800042D05A0802F52F62934235D941F26802EF
:10059000934228BF1346B3F5E16F38BF4FF4E163D0
:1005A000682D29463846C4F8703328BF682134299D
:1005B00038BF3421C4F86C1301F00EFF1449154AFA
:1005C000F7EE000A9FED140AD4E9EF03016301F589
:1005D0006D2101F65B4119630221026220461A6215
:1005E000FEF710FD2046F7EE000A9FED0B0A0321EF
:1005F000BDE8F840FEF706BDB2FBF3F2082A28BFBB
:10060000082202FB03F3C1E74FF42F63C8E700BFE2
:10061000A3182B0014F404000000000038B590F873
:10062000743303B938BD0446002500F552702946DD
:10063000A4F8745301F0C6FED4EDDE7AF5EEC07A6C
:10064000F1EE10FA11D4B7EE007AF4EEC77AF1EEBB
:1006500010FA02DD4FF4803507E09FED287AF4EEC2
:10066000C77AF1EE10FA29DD254DD4EDDF7A254B5E
:10067000F5EEC07A1D62F1EE10FA1DD4B7EE007AE5
:10068000F4EEC77AF1EE10FA02DD4FF4803307E0A2
:100690009FED1A7AF4EEC77AF1EE10FA17DD184BD7
:1006A000F7EE000A184A204603211362B0EE600AF2
:1006B000BDE83840FEF7A6BC0023F1E79FED137AB2
:1006C000F4EEC77AF1EE10FA0AD5114DCDE79FEDA1
:1006D0000F7AF4EEC77AF1EE10FA08D50C4BDFE78B
:1006E000B0EE677ABEEEC87A17EE105ABDE7B0EEEC
:1006F000677ABEEEC87A17EE103AD1E700FEFF46E1
:100700000000FF7F948B0120C8AE012000FEFFC6D1
:100710000000018070B5139E04460025C0E9341224
:100720004FF07A52C0F8A45080F8B450C0F8C420FA
:10073000C0F8B85026604FF00816C4F8D830049BB3
:100740000C98C4F8DC30059BC4E92F66234EC4F82E
:10075000E030C4F8A8600226069B84F8AC6000264E
:10076000C4F8E430079BC4F8B060C4F8E8301C4E0D
:10077000089BC4F8C8604FF6FF76C4F8EC30099BBC
:10078000A4F8CC60DDE90A21C4E93C320D9B482283
:10079000C4F800310E9BC4F804310F9BC4F8083133
:1007A000109BC4F80C31119BC4F81031129BC4F893
:1007B0001431149BC4F81831159BC4E93E10C4F8D9
:1007C0001C312946201D0BF003F95822294604F15B
:1007D0004C000BF0FDF8204670BD00BF0002010187
:1007E0000060EA472DE9F843002504462DED088B0B
:1007F000B7EE008ADFEDC68A2F46012DEBB200F07E
:10080000AB80022B00F0A580002B78D0D4F8DC6000
:10081000A368002B78D004223762F3627286013518
:1008200043F23333042D7362E7D1D4ED0D6A002215
:1008300094ED0E7A4FF6FF709FEDB66A01274FF0E8
:100840008A764FF08045012AD3B255D0022B50D082
:10085000002B4BD0D4F8EC10F5EEC06AF1EE10FA94
:1008600042D466EE867AFCEEE77A17EE903A0733CA
:10087000DB0883429C4628BF8446A1F82AC09BB36C
:10088000B5EEC07AC1E90B65F1EE10FA2AD467EE35
:10089000067AFCEEE77A17EE903A0733DB088342DC
:1008A0009C4628BF8446A1F834C0DBB10132042A3B
:1008B000C9D194ED0B7ADFED987AD4F8F820B4EE34
:1008C000E77AF1EE10FA4AD4F1EE047AB4EEE77A60
:1008D000F1EE10FA40F3CC809048D4F8FC100346B7
:1008E000506241E08F86E1E74F85C9E7D4F8E01018
:1008F000B2E7D4F8E810AFE7D4F8E410ACE7A368A7
:10090000D4F8D060002B86D1B4F90C2033620B2AC6
:100910001346728600F038810C2A00F02A81093BC8
:100920009BB2012B40F23881052A7FF478AFD4EDD9
:10093000047AF5EEC07AF1EE10FA00F12381F4EEBC
:10094000C87AF1EE10FA40F32F814FF0FF33B36213
:1009500065E7D4F8D8605BE7D4F8D46058E770480E
:10096000D4F8FC1003465062D4ED0C7A41F6A12075
:10097000D4F80021F5EEC07A4B62D061F1EE10FAA6
:1009800000F1EF80B7EE007AF4EEC77AF1EE10FADC
:100990007FDDD4F804114FF4803342F23D2013621E
:1009A000C861604D0B62286870B1DFED5F0A0421F9
:1009B00094ED0F0AFAF76EF9DFED5B0A94ED0F0A7A
:1009C00005212868FAF766F994ED100A0025DFED95
:1009D000577AD4F8080120EE270A554EEDF7E6FFC6
:1009E00094ED100ADFED537AD4F80C0120EE270ABB
:1009F0009FED4DBAEDF7DAFFFFEE007AD4ED119AD4
:100A00009FED4DAAB0EE679ADFED4C8A69EEA77AAA
:100A1000DFED4BAADFF83091F4EEC97AD4E93C78E7
:100A2000F1EE10FA474C1ED4B7EE000AF4EEC07A8D
:100A3000F1EE10FA3EDD0023AA1D47F82230F0EE59
:100A4000407AFEEEC87A17EE903A032D48F822302D
:100A500053D0F6EC017A013569EEA77AF4EEC97A43
:100A6000F1EE10FAE0D5B0EE4B0A4FF48033E3E735
:100A7000F7EE006AD4F8FC10C6EE877AB0EE677A1B
:100A8000BEEEC17A17EE103A82ED097AC8BF234B49
:100A90006AE7B0EE677AD4F8041142F23D20BEEE68
:100AA000C87A17EE103A82ED087AC8BF4FF4803347
:100AB000C86176E7B6EE008AA7EE888A28EE0A8A31
:100AC000B0EE480A09F0A2FBB4EEE80AF0EE40BA34
:100AD000F1EE10FA3ADDB0EE480A09F093FA234637
:100AE000B4EEE80AAA1D47F82230F1EE10FA08DD4C
:100AF0002346032D48F82230ABD1BDEC088BBDE86E
:100B0000F883B4EEEA0AF1EE10FA98D54B469CE76A
:100B10000000804F666630423333333FD0CCCC0C7C
:100B200000B76D5BFC8D0120000000007B142E3EA1
:100B30009C3400201F856B3EDB0FC93F00FEFF4643
:100B400000FEFFC60000FF7F00000180B4EEEA0A4D
:100B5000B0EE480AF1EE10FA2DD509F053FA4B46E3
:100B6000BEE7D4F80411002342F23D201362C861AD
:100B700017E7B26A06F13800F16904F013FAB4F924
:100B80000C20D1E60023E2E6F16906F1380004F01A
:100B90004DFAB4F90C20C7E6F16906F1380004F00B
:100BA0009DF9B4F90C20BFE667EEA87AFCEEE77A6F
:100BB00017EE903ACBE609F025FAF0EE6B7AFEEEEE
:100BC000C87A17EE903A8BE72DE9F04FD0F818B1BC
:100BD000A1B0099015910F92BBF1000F00F039817F
:100BE0009BF85990A9F10303012B00F232810023F5
:100BF000DBF88410AF4A1846189316931B93109392
:100C0000CDF804B0AC4F12910690CDE9193382FBB8
:100C10000132CB17C3EB620202EB4203A1EB83026A
:100C20000BF15A030E9209F1FF3253FA82F20A9243
:100C3000099AA2EB8203A3F5927213926FF0570206
:100C4000A2EB0B021492DBF89C201192DBF89820A7
:100C50000492DBF8942005920BF15902CB460292E4
:100C600000233021CDE91D331F931793029B13F806
:100C7000012F029303E00131492900F0CA80A7FB4C
:100C80000103DB0803EB4303A1EB83039342F2D19F
:100C9000149BABF10206019A17AC53FA86F6029B3D
:100CA0000DF1700E4FF001099D1A1E44F046A44646
:100CB000593D0A461C918DF85C9001980132B5FBB4
:100CC000FBF30BFB1353034493F85A0000E001328B
:100CD000A7FB02A3DB0803EB4303A2EB83038342DE
:100CE000F5D1013548F8042F0CF8019FB542E4D145
:100CF000BBF1030F03D10C318DF85F901F91049A63
:100D00004FF0010C119B04F10308D24325466FEA12
:100D1000030A0B94D20F64461CAE4FEADA7ADDF870
:100D200048C00792CDE90CBE9E463CB9A84506F1E5
:100D300004064CD015F8014F002CF7D0059A00217D
:100D4000336840F60209063203950892BCF1000FA1
:100D500040F39580A3EB0C02002AB8BF5242A7FBD8
:100D600002B0C00800EB4000A2EB800229FA02F2B8
:100D7000D20700F18680ACEB0300B0FA80F04009A6
:100D8000019A92F8632082B9A2F155320E9D02F1C8
:100D9000004282FB032BDA17C2EB6B0202EB42022A
:100DA000A3EB8202AA4208BF20469E4556D1BAF163
:100DB000000F53D00C330131542BC9B201DC03298D
:100DC000C4D1039D00230436A8452B70B2D1099BE2
:100DD0000025DDF834E003F15C01139EDDE90B4BE7
:100DE000201D14F8013B002B4DD11E3584420EF11D
:100DF000040E01F10101F4D10321002004F094FF5D
:100E0000069B2844002B4BD0109B984248DB0123C3
:100E10000693029B0A9A93427FF422AF069BC3B1CA
:100E20000F9A159F141D07F110039A4238BFA7426D
:100E30002CBF0124002441D318AE169D0FCE38607C
:100E40002046BA600F9A7960FB60156021B0BDE85A
:100E5000F08F0024204621B0BDE8F08F049A9A421A
:100E600002D1079A002AA5D1059A002A02DB089A26
:100E70009A429FDA00289DD1039D336056E70020F7
:100E800093E720467CE70B78002BAFD0DEF80030EC
:100E900056F821209B1A002BB8BF5B421D44A5E7E2
:100EA000179B18AC109016931CAB0FCB84E80F0067
:100EB000ADE700BFABAAAA2AABAAAAAA159B18A99C
:100EC0000F9A16AC181F0C33013A51F8045B40F826
:100ED000045F984214F8015B02F8015FF5D1069CAB
:100EE000B8E700BFBC4B1B682DE9F04F82460F46A8
:100EF00091462DED048B85B0002B00F0158190ED0F
:100F00002C0AF7EE000A1846F9F7DCFA282838BF51
:100F10002820C3B2039309F1FF390125DFEDAF8A21
:100F20000AF114086C1E19F8013F9FEDAD9A0AF101
:100F30005C06DFEDAC9A4FF00C0BE4B263BB327889
:100F4000D2B1A54A106830B100EB0B020521009226
:100F50001A46F9F737FB012C00F00481022C00F04F
:100F6000FE80002C00F0F880DAF8EC0001F092FE30
:100F70000023337086F84430042D74D0013519F8FD
:100F8000013F08F104080136EDB204370BF1030B01
:100F90006C1EE4B2002BD2D03A68B0EE000A924B3D
:100FA00082F30701D8ED000A029203EB8103C0EE41
:100FB000A80A93ED008A08F095FE3378029A28EE8D
:100FC000008A002B54D0D8F838309A42D4D0DAF8BE
:100FD0001C311B68082B00F0AA80052B40F2A7806B
:100FE000012C00F0C280022C00F0C880002C00F020
:100FF000D480B5EEC08ADAF8DC30F1EE10FA5AD4BB
:10100000B4EEC98AF1EE10FA0ADC68EE297A774963
:10101000FCEEE77A17EE902AC3ED077A8A424CD9A4
:10102000724A012CDA614FF0000388ED138A86F8CA
:10103000443049D1DAF8E40001F004FE664C20683F
:1010400060B1B0EE480AF9F703FA024620680521BC
:10105000039B00EB0B040094F9F7B4FA3B68042DF2
:10106000C8F838308AD105B0BDEC048BBDE8F08FEC
:10107000012C00F0C280022C00F0C880002C00F08F
:101080009E80B5EEC08ADAF8DC30F1EE10FA22D498
:10109000B4EEC98AF1EE10FA0ADC68EE297A5348F8
:1010A000FCEEE77A17EE901AC3ED077A814214D965
:1010B0004E49D96111E00022DA610023012C88ED4C
:1010C000138A86F84430B5D0022C60D0002C61D051
:1010D000DAF8EC00B0E70021D961002388ED138A2B
:1010E00086F844300123C8F838209C4233705DD024
:1010F000022C6DD0002C7DD0DAF8EC0001F0A2FDBE
:10110000354B186800283FF437AFB0EE480AF9F7BE
:101110009FF9314B024605211868039B00EB0B0435
:101120000094F9F74FFA27E764230393F3E60221CB
:10113000002004F0F9FD00287FF452AF2C4B88ED1D
:101140001B8A1B68C8F87C30D8F84C30C8F85C3073
:10115000012386F8443071E7DAF8E00006E7DAF8B0
:10116000E80003E7DAF8E40000E7B5EEC08ADAF851
:10117000D430F1EE10FA7FF543AF9CE7B5EEC08AAC
:10118000DAF8D830F1EE10FA7FF53AAF93E7DAF8F3
:10119000E80051E7DAF8E0004EE7B5EEC08ADAF889
:1011A000D030F1EE10FA7FF52BAF84E7DAF8E400E7
:1011B00001F048FD084B18680028A6D1DEE6B5EE20
:1011C000C08ADAF8D030F1EE10FA7FF561AF82E72D
:1011D000DAF8E800ECE700BFB08A0120000096448E
:1011E0000044AC46C637BE4778E000200000FE7FD2
:1011F000BCB80120DAF8E000DAE7B5EEC08ADAF828
:10120000D430F1EE10FA7FF543AF64E7B5EEC08A53
:10121000DAF8D830F1EE10FA7FF53AAF5BE700BFAD
:101220002DE9F84F514B00F19F0B064600F1600489
:10123000D3F8008000F1A3075D46DFF844912DED5F
:10124000088BB7EE00BA9FED4A9ADFED4A9A9FED00
:101250004AAADFED4AAAA5EB0B0A15F8013F5FFA8F
:101260008AFA002B41D0236B94ED040AA8EB030308
:1012700007EE903AF8EE677A87EE898AB4EECB8A69
:10128000F1EE10FA3CDB08F0C7FBF0EE408A94ED7B
:10129000080A08F0C1FB30EE680A30EE280A08F0B0
:1012A00053FBD4ED007A70EE677AF0EEE77AF4EE55
:1012B000E97AF1EE10FA20DDBAF1010F3ED0BAF171
:1012C000020F50D0BAF1000F4AD0D6F8DC20B4EEAD
:1012D000CA0AF1EE10FA38DDC2F81C9084ED000A5B
:1012E000B4EECB8AF1EE10FA07DABD4204F1040441
:1012F000B1D1BDEC088BBDE8F88F00232B70F4E76B
:1013000008F08AFBF0EE408A94ED080A08F084FBAE
:1013100030EE680AE0EE088AB0EE680A08F014FBC6
:10132000D4ED007A70EE677AF0EEE77AF4EEE97ABF
:10133000F1EE10FAD4DDBAF1010FC0D1B4EECA0A51
:10134000D6F8D420F1EE10FAC6DC60EE2A7AFCEE74
:10135000E77A17EE903AC2ED077A4B45BED9BBE764
:10136000D6F8D020B3E7D6F8D820B0E7BCB8012033
:101370000000E1430AD7233C0044AC46C637BE47D1
:101380000000FE7F90F8AC30012B10B52DD0022B61
:10139000044651D0854B1A68002A00F0CB80507962
:1013A0004FF4C0731179D268B3FBF0F301FB03F380
:1013B00094F8B400D4F8B8100128B2FBF3F3A3EB0F
:1013C000010100F0BD80022866D0002800F0848072
:1013D000B4F8C2208A4200F2B08000229FED740A65
:1013E000C4F8B83084F8B42010BD724800F0F8FF9B
:1013F000714B07EE900A93ED007AF8EE676AB8EE4B
:10140000C77AC6EE877AF5EEC07AF1EE10FA06D406
:10141000B7EE007AF4EEC77AF1EE10FA7CDDDFED7C
:10142000647AF0EE006AB0EE087A27EEA70AA7EE1B
:10143000E67A20EE070A10BDD0ED327A5F4AFCEE64
:10144000E77A9FED5F0A126817EE903A012B38BFDA
:101450000123B2FBF3F107EE903A03FB1122F8EE01
:10146000676A07EE902AF8EE677A87EEA67A37EE7B
:10147000077A27EE000A08F0C5FDB6EE007AF7EE0F
:10148000006AD4ED317AA0EE077A76EEE76AE6EEEE
:10149000877AB0EE670A10BDB4F8C020002A5BD08E
:1014A00007EE901A07EE102AB7EE000AF8EE677AF8
:1014B000B8EE477AC7EE876AF4EEC06AF1EE10FA2A
:1014C0004ADAB0EE006AF0EE087A26EEE67AE6EE48
:1014D000C67AA7EE270A10BDB4F8BC20002A43D074
:1014E00007EE901A07EE102AB7EE006AF8EE677A58
:1014F000B8EE477AC7EE876AF4EEC66AF1EE10FAE4
:1015000032DAB0EE007AF0EE087A26EEA60AE6EEBF
:10151000C77A20EE270A10BDF4EE006AF4EEE67AF0
:10152000F1EE10FA28D4F6EE0C6AF4EEE67AF1EE5B
:1015300010FA33DCB7EE000A10BD9FED1D0A10BD96
:10154000B4F8BE208A42F5D80222B7EE000AC4F8E9
:10155000B83084F8B42010BD03229FED150AC4F8FA
:10156000B83084F8B42010BD0122B7EE000AC4F8E8
:10157000B83084F8B42010BDB2EE007A67EE877AF6
:10158000F5EEC07AF1EE10FAD7D4B7EE000AF4EE19
:10159000C07AF1EE10FA7FF744AF10BD37EE677AEC
:1015A000F2EE007A67EE277AEAE700BF608F01204B
:1015B00000000000948A01205CE00020BCB80120FB
:1015C000DB0F4940A14A13792DE9F047044682B068
:1015D0001BB9537A002B40F0C68094F9CC20002A26
:1015E000C0F2CD8007EE902A994ADFED9A6AB8EEF4
:1015F000E77A1268C7EE267A002A00F0C78092EDDB
:101600001B7A002B40F0AB80934B94ED126A67EE8F
:10161000807AD3ED005ADFED916A67EEA57A67EE26
:10162000867A67EE877AF4EEE67AF1EE10FACCBFAE
:10163000012500258A4B1A68002A56D0D2F80011DD
:10164000D4F81061002900F0FD80002303E001338D
:101650008B4200F09E8052F833008642F7D102EBB5
:10166000C303043393ED007AF4EE477AF1EE10FAF7
:1016700013D09FED7C7AF4EEC77AF1EE10FA00F306
:10168000A6809FED797AF4EEC77AF1EE10FA00F1B8
:101690009E80C6ED087AC3ED007AD4F81461002369
:1016A00003E001338B4200F0838052F83300B042F4
:1016B000F7D102EBC30393ED017A0433F4EE477ADA
:1016C000F1EE10FA11D09FED677AF4EEC77AF1EEE1
:1016D00010FA79DC9FED647AF4EEC77AF1EE10FA35
:1016E00072D4C6ED087AC3ED007A94F8AB30AB4201
:1016F00032D05E4F386878B39FED587AF4EEC77AEF
:10170000F1EE10FA0EDC0C2600EB060C002303367B
:1017100005211A46CDF800C0F8F754FF182E19D04D
:101720003868F1E7F7EE000A04F15B09F8F7CAFE42
:10173000282804F160084FF00C0638BF28205FFA13
:1017400080FA19F8012F002A66D1033608F104083F
:10175000182EF6D184F8AB5002B0BDE8F087002512
:10176000DFED437A66E7D268131F18BF0123002A12
:1017700094F9CC20B8BF0023002ABFF633AF344A17
:10178000DFED3C7A1268002A7FF439AFB7EE007AB9
:1017900037E720292FD0C8004F1C031D42F83160C5
:1017A00010443549134441603946C2F8007159E785
:1017B000202B0FD002EBC3012F4842F83360486062
:1017C000591CC2F8001174E786ED087A8BE786EDA4
:1017D000087A60E79FED237AF4EEC77AF1EE10FA0B
:1017E0002DDC9FED217AF4EEC77AF1EE10FA26D4C3
:1017F000C6ED087A79E79FED1B7AF4EEC77AF1EE31
:1018000010FA19DC9FED187AF4EEC77AF1EE10FAAF
:1018100012D4C6ED087A40E798ED000A3868F8F768
:1018200017FE024638685346052100EB060CCDF83A
:1018300000C0F8F7C7FE88E786ED087A2DE786ED49
:10184000087A52E7042301270846A7E70009012088
:101850001C0801200000C84270E000206F12833A8B
:101860007884012000FEFF4600FEFFC6B08A0120FA
:10187000000000009A99193E000080BFD0F818318E
:1018800070B504462DED048B86B0002B00F08F80E0
:1018900093F8A120002A00F08A8090F8AA101A6F0D
:1018A000002965D0C0F8A42002A901AA2046FFF7AC
:1018B0008BF9002875D1002384F8AA302046B7EEB2
:1018C000008AFFF7ADFC2046FFF75CFD204684ED63
:1018D0002C0AFFF777FED4ED097A94ED0A7AB3EE7D
:1018E000046AD4ED2C6A37EE677ADFED425AD4F8F9
:1018F000F860A6EEE58AE7EE267A28EE278AB4EEAF
:10190000C68AF1EE10FA61D49FED3B9AB4EEC98A13
:10191000F1EE10FA68DCDFED398ADFED399A68EE16
:10192000288AB0EE680A08F06DFBF0EE687AB4EE33
:10193000C98AD4F8FC50BEEEE00AFEEEE07AF1EE81
:1019400010FA86ED070AC6ED067A50DCB0EE680A9A
:1019500017EE904A08F056FB20EE290AFDEEC07AF9
:1019600017EE902AC5E9064206B0BDEC048B70BDA7
:10197000D0F8A4309342A1D090F8A83090F8A900F4
:101980000133C4F8A420DBB2984284F8A83092D87E
:1019900084F8A81001AA02A92046FFF715F900282B
:1019A00089D001AA02A92046FFF79CFA83E79FEDA0
:1019B000150A204684ED2C0AFFF704FE204606B0E7
:1019C000BDEC048BBDE87040FFF72ABC0E4B0F49FD
:1019D000D4F8FC500A461C46B361F161C5E90642E1
:1019E00006B0BDEC048B70BD094B0A49F0E7094A0B
:1019F000074CF3E7285C8F3E00D089469365153885
:101A00000000004F00000000DF571700DE571700EE
:101A100000BE6C50008C3C4B2DE9F0470768044633
:101A20002DED068B82B0002F00F030813F78052F1E
:101A300034D8DFF8988207EBC70308EBC30393EDB4
:101A4000048A07EBC701DFED978A4FEAC70904F163
:101A50001405CE0004F1240A482208EBC101143613
:101A6000201D04F0D7FE464442F21171002004F01C
:101A70005BF907EE100AF1EE006AB8EEC77AF8EEED
:101A8000007A87EE286AE6EE267A77EE887AE5EC29
:101A9000017A554508D0B6EC018AE5E7B9EE008A2F
:101AA0000027DFF82882CCE742F21171002004F011
:101AB0003BF907EE900A9FED7C8AB7EE009AF8EEAC
:101AC000E77ADFED7A9AB944002042F2117104F10D
:101AD0005B0687EEA86A08EBC9080546DFF8F091B7
:101AE00098ED097AD8ED086A2F46D8ED0CAAF0EEE9
:101AF000487AE6EE297A77EE897A66EEA76A67EE8B
:101B0000277AC4ED096AC4ED0A7A04F00DF907EEEC
:101B1000900A42F211712846F8EEE77A98ED0FAA82
:101B200004F1480887EEA87AA7EE298A38EE098AD8
:101B300028EE2A8A84ED0D8A04F0F6F807EE100AE2
:101B4000DFED5B6A2046B8EEC77ADFED5A7A9FED8B
:101B50005A8A87EE286AE6EE267A77EE897A67EE69
:101B60008A7AC4ED107AFEF73DFE16F8012FEBB22B
:101B70005AB1012D00F08780022B00F08180002BEC
:101B80007BD0D4F8EC0001F085F8D9F8000048B11A
:101B900005EB4502002305210C32024400921A464F
:101BA000F8F710FD0135377086F84470042D48F8B9
:101BB000047F88ED058AD8D1012505210220C4F8CB
:101BC000A47084F8AB5084F8A87004F0ADF894F9D0
:101BD000CD3084F8AA50002B84F8A9005BDBDBB27F
:101BE00000259FED358A84F8AC30112184ED2C8AD4
:101BF000082084F8B450C4F8B85004F095F80346AF
:101C000019210820A4F8BC3004F08EF803461121F5
:101C10000820A4F8BE3004F087F803461121042000
:101C2000A4F8C03004F080F8034642F2117128464F
:101C3000A4F8C23004F078F807EE900ADFED195AE4
:101C4000F8EEE77ADFED1D6A9FED1D7A1D4987EEFC
:101C5000A56A1D48A6EE268A38EE078A84ED318AE9
:101C600004F062F807EE900AF8EEE77AC4ED327AF3
:101C700002B0BDEC068BBDE8F087D4F8E00082E747
:101C8000D4F8E8007FE7D4F8E4007CE7B9EE008AF6
:101C9000DFF83880D5E60321002004F045F8C3B210
:101CA0009EE700BF00401C46CDCC4CBECDCCCC3E08
:101CB0009A99993E9A9919BE00000000CDCCCC3D6E
:101CC000CDCC4C3E81A90300905F0100742F002011
:101CD000B08A0120FFF7A0BE016810B5044619B113
:101CE0000978052988BF0021064B01EBC101201DA1
:101CF000482203EBC10104F08DFD2046BDE81040F1
:101D0000FEF770BD742F0020002980F8CD1015DB80
:101D10000B4B002280F8AC101B6880F8B4205BB13C
:101D200093F805C04FF4C0721979DB68B2FBFCF27E
:101D300001FB02F2B3FBF2F3C0F8B830704700BF0A
:101D4000608F012005282DE9F84FDA4B05D01A786D
:101D50000AB100221A70BDE8F88F1C78002CFAD165
:101D60000122082120461A7003F0DEFFC5B2072DBC
:101D70002B4600F2FA80D04905EB4502AA4601EB5A
:101D8000C20051F832704068CC4E0021012286F822
:101D900004320023C6F810120421D6F800B096F8D9
:101DA000084286F8053286F8213286F80622C6F8FF
:101DB0002422CBF82030ABF83210002C40F0AD805C
:101DC000D6ED833ADFF8FC920AEB4A02BA4BB7EE43
:101DD000005BB91E023803EBC2089FEDB93AC7F1A8
:101DE000020709F5007E4A4630F9023F07EB010C75
:101DF00007EE103A31F9023FB8EEC77A06EE103A14
:101E0000B8EEC66B27EE037AB7EEC77A37EE067BDD
:101E1000BDEEC77B17EE103A1BB2D4B107EE903A75
:101E2000D8F80030B7EEE36AB8EEE77A33F90C3051
:101E300004EE103A35EE466B27EE237AB8EEC44B2B
:101E4000B7EEC77AA4EE067BBDEEC77B17EE103A5D
:101E50001BB222F8023B9645C6D19A4B01219A4A01
:101E6000CBF82C301068D6F81C32126886F8201295
:101E7000D31AC6F81802312B10D9DFED946A96ED0B
:101E80008B7A36EEC77A9FED815BB0EEC77AB7EEFC
:101E9000C77AB4EEC57BF1EE10FA6EDC192105208D
:101EA00003F042FF07EE900A9FED7A4BB8EEE76B26
:101EB0009FED7A5B86EE047BB7EEC77BB7EEC76A11
:101EC000B4EEC56BF1EE10FA54D4F7EE007AB4EE2E
:101ED000677AF1EE10FA37FE877A7D4B86ED857AC8
:101EE0001B78002B3FF437AF14217A4807F0D2F863
:101EF00000230A222946784803F014FE052177487A
:101F000007F0C8F8022174489FED660B03F01EFE2F
:101F10007148BDE8F84F03F0E9BDF7EE007AD6ED61
:101F2000833AF4EEE73AF1EE10FA7FF54BAFB7EEF5
:101F3000E36A9FED5E5B36EE056BF7EEC63BF4EEB3
:101F4000E73AF1EE10FAC0F2978096F807A2F0EEA9
:101F5000673A1C4686F80622C6ED837A86F8083270
:101F600086F8053286F804A22CE75D48A24623468F
:101F7000074609E79FED5B7AAFE7C6F81C22C6ED7E
:101F80008A6A96F80622C6ED8B6A34B1F7EE007ABB
:101F9000F4EEE73AF1EE10FA51D453460AEB4A0A4E
:101FA000454F03EB4303B7EE006B02EB4A0257F8D1
:101FB0003A009FED433A57F82210821E07EBC30701
:101FC000C0F10200023931F9023F00EB020C07EECA
:101FD000103A32F9023FB8EEC77A05EE103AB8EE81
:101FE000C55B27EE037AB7EEC77A37EE057BBDEE09
:101FF000C77B17EE103A1BB2CCB107EE903A3B68A4
:10200000B7EEE35AB8EEE77A33F90C3004EE103A43
:1020100036EE455B27EE237AB8EEC44BB7EEC77AAF
:10202000A4EE057BBDEEC77B17EE103A1BB229F874
:10203000023BCE45C7D1234BCBF82C302EE7B7EE71
:10204000E36A9FED1A5B36EE056BF7EEC63BF4EEE6
:10205000E73AF1EE10FA12DB002496F80732F0EEC0
:10206000673A86F80612C6ED837A86F8084286F843
:10207000054286F8043291E7C6ED833AA2E653465C
:10208000C6ED833A8AE700BFAFF300807B14AE470A
:10209000E17A843F0000000000408F40FCA9F1D2AB
:1020A0004D62503F333333333333E33F9A99999939
:1020B0009999A93FBFD30120782E0020B8FE0020B7
:1020C00000000000BCFE0020BCB801209A99193F16
:1020D00008E30020782A002050CE0020902A00201B
:1020E000247F00206F12833A024B186808B1E4F78E
:1020F00007BD704780F30020044B1B680BB100281C
:1021000000DA7047C1B21846E2F7D2BD80F3002072
:1021100008B500211C4800F03BF900211B4800F0E5
:1021200037F900211A4800F033F90021194800F06E
:102130002FF90021184800F02BF90021174800F072
:1021400027F90021164800F023F90021154800F076
:102150001FF90021144800F01BF90021134800F07A
:1021600017F90021124800F013F90021114800F07E
:102170000FF90021104800F00BF900210F48BDE8CD
:10218000084000F005B900BF14010120241F012000
:10219000948A012068AF0120C4B80120C0F2002059
:1021A000188A0120648A012018F30020E800012029
:1021B00038F3002008F30020A8FE0020A8B8012072
:1021C0000F2816D8104B10B50446186878B10321B3
:1021D00004EB4404F9F750FE0C4B03EB84031B792A
:1021E00028B123B1B0FBF3F203FB12021AB90120AC
:1021F00010BD00207047B3FBF0F200FB1230B0FAC4
:1022000080F0400910BD00BF608F012024AA00208B
:102210000F282AD800EB4000154A02EB800183000A
:10222000087908B3002110B5D4584FF0030E421EB0
:1022300004EB0E03D2B21EFB023E227801F1010C28
:102240001C4602F0FD02012A08BF5FFA8CF19E4590
:1022500003F10303F1D101EB810101EB810189005D
:10226000B1FBF0F1C8B210BD70470020704700BF4D
:1022700024AA0020002B43D02DE9F047B1FA81FEBB
:102280004FEA5E1ED1B388424FF0010476464FF00C
:102290005F0728BF0846A04605461FE0B5FBF1FCD6
:1022A000BEFBF1FAD4451DD04FF04109B2FBF1FC61
:1022B00001FB1C2C0CEB4C0C03F80C809C448CF8A0
:1022C000017004F1010A8C428CF8029002F10102C3
:1022D0005FFA8AFC0544864464460FD24FF0000939
:1022E0000028DBD1B2FBF1FC01FB1C2C0CEB4C0CED
:1022F00003F80C609C448CF80160E2E7BDE8F087CD
:10230000704700BF0021014800F042B840AE0120F4
:10231000124B4FF07E520021114810B4114CC3F8FB
:10232000282200221C604FF48034A3F8202283F876
:102330000822C3F81822C3F80C12C3F81012C3F80D
:102340001C2201220849C3F804425DF8044BC3F87B
:102350001412C3F82C02C3F824227047B8FE0020E0
:10236000000080BF24CA01200AD7233C014B186813
:10237000704700BFBCB80120034A044B1068A3FBA0
:1023800000308009704700BFBCB80120D34D6210F7
:10239000012910B504460DD0074B084A022908BF91
:1023A0001346A36098470022012320606260204604
:1023B000237310BD024BF4E789010200950102006E
:1023C000DD40020038B5836804460D469847012376
:1023D000C4E90005237338BD436819444160704760
:1023E00038B5037B45682BB104468368984723685A
:1023F000ED1A0544284638BD037B70B50D46466886
:102400002BB10446836898472368F61A0644AE4207
:1024100034BF0020012070BD0020704700207047AD
:10242000F8B50127027A1E4C0D46BA40C1F30721C8
:102430000646204684F8A52084F8307184F82F7170
:1024400006F0A0FFE9B2204606F09CFF00212046DE
:1024500007F070F808B10020F8BD3B460222317A3F
:10246000204607F0E7F80128F5D994F8A22094F85F
:10247000A300824210D2531CA118DBB2897E98427D
:102480004FEA012184F8A23006D923440232987E13
:1024900084F8A2200843F8BD4FF0FF30F8BD00BF1C
:1024A00060CE0020F8B50127037A144C242903FAE2
:1024B00007F30D4608BFC2801646C1F30721204628
:1024C00084F8A53084F8307184F82F7106F05AFF33
:1024D000E9B2204606F056FFC6F30721204606F073
:1024E00051FF2046F1B206F04DFF3946204607F075
:1024F00021F8B0FA80F04009F8BD00BF60CE00209E
:102500002DE9F0414FF001080F461546302144F205
:10251000600280F804800446FFF7C4FF064610B945
:102520003046BDE8F0816C2226212046FFF7BAFF35
:102530004FF4F97228212046FFF7B4FF40F62272CB
:102540002C212046FFF7AEFF44F246423C212046B4
:10255000FFF7A8FF40F2371224212046FFF7A2FF21
:10256000002F6BD0454B342120469F428CBF424602
:102570000022FFF797FF07EE905A9FED417A322134
:10258000B8EE676A07EE907A2046F8EE676AB5FB08
:10259000F7F2C6EE267A02F01F0206EE902AF8EE57
:1025A000E66A77EEE67A67EE877AFCEEE77A17EE70
:1025B000903AC3F30A0343EAC222FFF773FF44F2DF
:1025C000FF5230212046FFF76DFF73220221204683
:1025D000FFF768FF4FF4C87003F01EFE41F61D526E
:1025E0002E212046FFF75EFF072204212046FFF739
:1025F00059FFB02206212046FFF754FF10220A217E
:102600002046FFF74FFF00220E212046FFF74AFF2A
:1026100043F63C4210212046FFF744FF47F67F7205
:1026200022212046FFF73EFF362224212046FFF7D5
:1026300039FF012330466372BDE8F08144F2FF02A6
:1026400030212046FFF72EFF732202212046FFF79C
:1026500029FF4FF4C87003F0DFFD41F61D522E2113
:102660002046FFF71FFF042220461146FFF71AFFFE
:10267000302206212046FFF715FFBFE74066030121
:102680000000004510B5044608480EF077FE05200E
:1026900003F0C2FD06212046FFF7C2FE2046044A91
:1026A0000021BDE81040FFF72BBF00BF60CE002027
:1026B0000040C40A10B50446D1B1012901D0002060
:1026C00010BD40F273122A21FFF7ECFE0028F6D06D
:1026D000882220212046FFF7E5FE0028EFD0E2887F
:1026E0002046242122F00402BDE81040FFF7DABEA4
:1026F00055222021FFF7D6FE0028E0D0E2882046B0
:10270000242142F00402BDE81040FFF7CBBE00BF19
:1027100038B5054611B380290CD8C1F180042B7956
:1027200044EA042453B9224628462221BDE8384011
:10273000FFF7B8BE2B790024002BF4D0EA880023E1
:102740002421284622F010022B71FFF7ABFE22460F
:1027500028462221BDE83840FFF7A4BE012347F6F2
:102760007F7222210371FFF79DFEEA88284624210B
:1027700042F01002BDE83840FFF794BE9FED1F7A8B
:10278000DFED1F7AE0EE077A38B50546FCEEE77A12
:1027900017EE904A14B3802C0CD8C4F180042B7926
:1027A00044EA042453B9224628462221BDE8384091
:1027B000FFF778BE2B790024002BF4D0EA880023A1
:1027C0002421284622F010022B71FFF76BFE2246CF
:1027D00028462221BDE83840FFF764BE012347F6B2
:1027E0007F7222210371FFF75DFEEA8828462421CB
:1027F00042F01002BDE83840FFF754BE000001432C
:10280000EE7CFF3E38B50C462E2105460D2C38BF18
:102810000D241F2C28BF1F24FFF702FE074B2E217B
:1028200044EA0424034028461C432246FFF73AFEAC
:10283000002808BF0024A0B238BD00BFE0E0FFFFC1
:102840002DE9F84FB0F81A8040F262530546868BA6
:1028500008F10108984500F2B780B0451FFA88F7E3
:1028600008F1100400F0B7800021284602F04CFE69
:10287000B04545F824006F8380F0C28008F26354AD
:10288000A41BEB8BA34212D2E41A4FF0000A40F2D1
:10289000625905EB86070136386C4E4588BF002625
:1028A00018B102F0E5FDC7F840A0013CF1D10024C9
:1028B00005F12009AE832B7E2341DB0715D559F89E
:1028C0002430B8EBD31F03F07F0A4FEAD31611D39D
:1028D000A8EB0606BAF1000F12D1103655F82610F3
:1028E00019B1E2B2284602F0EBFD0134082CE2D126
:1028F000BDE8F88F08F263539E1BBAF1000FECD0CD
:1029000002F060FD83460028EFD0071D96B3731ECA
:10291000103355F82310A1B301F5827EAEEB4A02C5
:1029200096450ED93846134633F902CB9E4520F81A
:1029300002CBF9D801F203139B1A23F001030233EF
:102940001F4410360BF5827255F8261081B397425A
:1029500001F1040105D231F9023B27F8023BBA42EA
:10296000F9D82846E2B2594602F0AAFD584602F0CC
:102970007FFDBAE740F26253103355F82310002967
:10298000CAD107EB4A029742DBD26FF0040310363C
:102990003846A3EB0B031A4422F00102023217441B
:1029A00009F016F855F826100BF582720029CED1E1
:1029B0009742D6D20BF203123846D21B22F0010204
:1029C000023209F005F8CCE70027B846B04508F117
:1029D00010047FF449AF55F8240008B102F048FD17
:1029E000013640F263539E427FF43EAF00212846F9
:1029F00002F08AFD002645F8240044466F8340E734
:102A0000A8EB06043DE700BF2DE9F04F002183B09D
:102A1000814602F085FD002800F0118199F81C30F4
:102A2000B3B300F5827A031D0190D646B9F81E2093
:102A30009ABB99F81C10022909D00139062900F225
:102A4000D980DFE801F0BED70BA89E866B00B9F8ED
:102A50002C10A9F81E10002940F0C2804FF004028B
:102A6000B9F82E1089F81C20D9F83020A9F81E10CA
:102A700002F1404292FBF1F2C9F824207345D5D30C
:102A8000DDF8048048460022414602F019FD404628
:102A900003B0BDE8F04F02F0EBBC013AD9F82010CA
:102AA0001FFA82F8D9F82420891301EB624101EB67
:102AB000624606EB624C0CEB624505EB624000EBB4
:102AC000624707EB624404EB6242D3E900BA31FB90
:102AD0000BF136FB1BF6C1EA06463CFB0AFC35FB54
:102AE0001AF5CCEA0545996830FB01F037FB11F780
:102AF000C0EA0740D96834FB01F432FB11F2C4EAA2
:102B00000244C3E90065C3E90204D9E9082110338E
:102B1000A9F81E800A44C9F82020AFE70022C9F8AE
:102B20002020B9F82820A9F81E20002A6CD04FF0E8
:102B30000101013A89F81C1000211FFA82F80C46A5
:102B40000A460F4608460D468C460E46C9F8241024
:102B5000BBE700219E45DDF8048089F81C1091D95F
:102B600008F2031003F11002C01A203320F00F0006
:102B7000034442E9041142E9021110329342F8D1B0
:102B800080E7D9F820104FF6FE78D9F82420891371
:102B900001EB62418BE74FF00502D9F830104FF698
:102BA000FE7889F81C200022C9F820108913C9F882
:102BB00024200C460A460F4608460D468C460E4613
:102BC00083E74FF002024FF0804189F81C20B9F8EA
:102BD0002A20A9F81E20B1FBF2F2C9F824204DE703
:102BE000C9F824204FF08042C9F82020032289F838
:102BF0001C2043E7D9F820104FF6FF78D9F824209D
:102C0000891301EB624152E74FF002024FF080411D
:102C100089F81C20B9F82A20B1FBF2F1C9F8241078
:102C20004914013A01EB81001FFA82F800EB4104DC
:102C30000F184E0001EB410C0A198D0045E703B057
:102C4000BDE8F08F72B6037F012B01D9C28EA2B905
:102C50000022038D0262C38353B9428D4FF080433B
:102C60000221C2830177B3FBF2F3436262B670477D
:102C700001234262037762B67047072BF6D0036ADE
:102C80000721C2835B42017793FBF2F3436262B692
:102C9000704700BF72B6037F53B1072B08D0036A99
:102CA0000621828E5B420177C28393FBF2F343627B
:102CB00062B670472DE9F04F87B0044602F082FB00
:102CC0000490002800F0F8830021204602F01CFC4C
:102CD0000390002800F0F9830C4BB0F90420059311
:102CE000039904F5A04304F5C045DFF82490081DBE
:102CF00001F58171B3F95E7601900498B3F95C66D1
:102D000002300291009047F6FF7070E2C89D0020EB
:102D10000080FFFFB1F1804F4FEAE13C80F2A283D7
:102D2000CC45B3F96016B8BFCC46A3F84CC60CFB33
:102D300001FCBCF1000FC0F2E8824FEAEC3CBCF5AC
:102D4000004F00F0F0829444BCF5004F80F2F18215
:102D50000FFA8CFC0EF1010EA8F81CC040F25B4C7F
:102D6000B3F84EB61FFA8EFE1BFB06FBE64588BF86
:102D70004FF0000EA3F83CE6B3F83EE604EB4E0835
:102D8000B8F9D4C807FB0CBBE244BBF1000FC0F29A
:102D9000C582BBF1804F4FEAEB3C80F2CD82CC453F
:102DA000B8BFCC46A3F84EC601FB0CFCBCF1000F2B
:102DB000C0F2A2824FEAEC3CBCF5004F00F0E28288
:102DC0009444BCF5004F80F2C6820FFA8CFC0EF1E1
:102DD000010EA8F8D4C840F2A34CB3F850861FFAED
:102DE0008EFE18FB06F8E64588BF4FF0000EA3F8EC
:102DF0003EE6B3F840E604EB4E0B0BF5805BBBF907
:102E00001CC207FB0C88E244B8F1000FC0F26F82CD
:102E1000B8F1804F4FEAE83C80F2A982CC45B8BFB8
:102E2000CC46A3F850C601FB0CFCBCF1000FC0F26D
:102E300055824FEAEC3CBCF5004F00F08F82944481
:102E4000BCF5004F80F290820FFA8CFC0EF1010E5F
:102E5000ABF81CC240F2FC4CB3F852861FFA8EFE4F
:102E600018FB06F8E64588BF4FF0000EA3F840E6D1
:102E7000B3F842E604EB4E0B0BF5805BBBF916CCC6
:102E800007FB0C88E244B8F1000FC0F22282B8F1CF
:102E9000804F4FEAE83C80F28782CC45B8BFCC46F1
:102EA000A3F852C601FB0CFCBCF1000FC0F2088273
:102EB0004FEAEC3CBCF5004F00F06D829444BCF549
:102EC000004F80F26E820FFA8CFC0EF1010EABF80F
:102ED00016CC40F24B5CB3F854861FFA8EFE18FBFA
:102EE00006F8E64588BF4FF0000EA3F842E6B3F8B7
:102EF00044E604EB4E0B0BF5005BBBF9AEC607FBDB
:102F00000C88E244B8F1000FC0F2D581B8F1804FCF
:102F10004FEAE83C80F28682CC45B8BFCC46A3F8A5
:102F200054C601FB0CFCBCF1000FC0F2BB814FEAA0
:102F3000EC3CBCF5004F00F060829444BCF5004FBF
:102F400080F261820FFA8CFC0EF1010EABF8AEC676
:102F500040F28D5CB3F856861FFA8EFE18FB06F819
:102F6000E64588BF4FF0000EA3F844E6B3F846E606
:102F700004EB4E0B0BF5405BBBF9CAC107FB0C8899
:102F8000E244B8F1000FC0F28881B8F1804F4FEAF7
:102F9000E83C80F23B82CC45B8BFCC46A3F856C68D
:102FA0000CFB01FCBCF1000FC0F26E814FEAEC3C5F
:102FB000BCF5004F00F018829444BCF5004F80F23D
:102FC00019820FFA8CFC0EF1010EABF8CAC140F267
:102FD000D25CB3F858861FFA8EFE18FB06F8E64559
:102FE00088BF4FF0000EA3F846E6B3F848E604EBBE
:102FF0004E0B0BF5405BBBF970CD07FB0C88E24430
:10300000B8F1000FC0F23B81B8F1804F4FEAE83CC5
:1030100080F2DE81CC45B8BFCC46A3F858C601FB90
:103020000CFCBCF1000FC0F221814FEAEC3CBCF576
:10303000004F00F0C4819444BCF5004F80F2C5817C
:103040000FFA8CFC0EF1010EABF870CD40F2146853
:10305000B3F84AC61FFA8EFE04EB4C0BC64588BF78
:103060004FF0000E0BF5804BA3F848E6B3F85AE694
:10307000BBF99A891EFB06FE07FB08EED044BEF1A1
:10308000000FC0F2EE80BEF1804F4FEAEE3A80F2C0
:10309000DD81CA45B8BFCA460AFB01F1A3F85AA6AA
:1030A0000029C0F2D580C913B1F5004F00F0C681E8
:1030B0001144B1F5004F80F2C68109B20CF1010C48
:1030C000ABF89A191FFA8CFCBCF5CA6F88BF4FF099
:1030D000000CA3F84AC647F6E12C0CFB08FCBCF137
:1030E000000F03DA0CF5FF3C0CF2FF1CB5F8982238
:1030F00004EB420E01320EF5A04E92B2BEF96216FA
:103100004FEA6108B1EB6C4108EB6C4848BF0131F4
:10311000B2F50B7FAEF8628628BF0022A5F8982290
:10312000B5F89A2204EB420C01320CF5A04C92B295
:10313000BCF9BAEA4FEA6E08BEEB610E08EB610813
:1031400048BF0EF1010EB2F5DC7FACF8BA8A88BF39
:103150000022B5F89C12A5F89A2204EB4102013135
:1031600002F5A04289B2B2F92CCE4FEA6C08BCEB52
:103170006E0C08EB6E0848BF0CF1010CB1F5AA7F8C
:10318000A2F82C8E88BF0021A5F89C12B5F89E12DB
:1031900004EB410E01310EF5C04EBEF9D6204FEAC8
:1031A0006208B2EB6C0208EB6C08AEF8D6803DD436
:1031B00089B25210E029A5F89E12C2EB02124FEA22
:1031C000420202D90021A5F89E12B2F5004F80F20A
:1031D000578112B2009921F8022F0091DDE90121F7
:1031E000914200F05681114631F9022F019102EB14
:1031F000021202EB0222520003D502F5FF3202F264
:10320000FF12B3F83CE65214B3F84C1604EB4E0828
:1032100011FB06F1B8F91CA00AFB07110029BFF643
:1032200079AD01EB000C4FEAEC3C79E589B2013253
:10323000E0294FEA620240F22681C2EB021200212D
:103240005200A5F89E1212F5004FC2DA4A46C1E7B5
:10325000014402EBE13111F5004FBFF62EAF4946B4
:103260002CE70EEB000A4FEAEA3A12E7844402EB3D
:10327000EC3C1CF5004FBFF6E3AECC46E2E608EBB3
:10328000000C4FEAEC3CC5E6844402EBEC3C1CF538
:10329000004FBFF696AECC4695E608EB000C4FEA21
:1032A000EC3C78E6844402EBEC3C1CF5004FBFF6A6
:1032B00049AECC4648E608EB000C4FEAEC3C2BE666
:1032C000844402EBEC3C1CF5004FBFF6FCADCC4651
:1032D000FBE508EB000C4FEAEC3CDEE5844402EB36
:1032E000EC3C1CF5004FBFF6AFADCC46AEE508EBAD
:1032F000000C4FEAEC3C91E5844402EBEC3C1CF5FD
:10330000004FBFF662ADCC4661E5844402EBEC3C75
:103310001CF5004FBFF61CADCC461BE50BEB000CBB
:103320004FEAEC3C3BE502EB000CBCF5004FFFF62E
:103330000FAD47F6FF7C0DE5C1EBC13BA3F84E0690
:10334000BBF1000FDC46D7DB4FEAEB3C9444BCF505
:10335000004FFFF63AAD47F6FF7C38E502EB000C74
:10336000BCF5004FFFF670AD47F6FF7C6EE5C1EB94
:10337000C138A3F85006B8F1000FC446AEDB4FEADF
:10338000E83C5CE502EB000CBCF5004FFFF61DAD20
:1033900047F6FF7C1BE502EB000CBCF5004FFFF687
:1033A00092AD47F6FF7C90E5C1EBC138A3F8520619
:1033B000B8F1000FC44683DB4FEAE83C7EE502EB40
:1033C000000CBCF5004FFFF63BAE47F6FF7C39E63C
:1033D000C1EBC138A3F85806B8F1000FC446FFF698
:1033E00045AF4FEAE83C26E602EB000CBCF5004F87
:1033F000FFF6E7AD47F6FF7CE5E502EB000CBCF518
:10340000004FFFF69FAD47F6FF7C9DE5C1EBC1384D
:10341000A3F85606B8F1000FC446FFF635AF4FEAE1
:10342000E83CC9E5C1EBC138A3F85406B8F1000F78
:10343000C446FFF637AF4FEAE83C7EE51118B1F518
:10344000004FFFF63AAE47F6FF7137E6C1EBC13EDB
:10345000A3F85A06BEF1000F7146FFF6F9AE4FEA27
:10346000EE3125E6B3F96016A3F84C06C1EBC13B7B
:10347000BBF1000FDC46FFF648AF4FEAEB3C62E4DD
:1034800047F6FF72A6E6C2EB0212A5F89E125200A2
:10349000D9E62046049C0022214602F011F820467D
:1034A00001F0E6FF039B059A93420BD0184607B044
:1034B000BDE8F04F01F0DCBF0146204602F024F8E1
:1034C0000028F4D107B0BDE8F08F024B039A0593B2
:1034D000039305E4C89D002038B500220446034646
:1034E0004B494C4D4FF4807043F8185B2081A2612A
:1034F000C4E903230B68002B00F088801A465B693F
:10350000002BFBD154610025434B204640F6B80206
:10351000294665616560A57240F81C3B08F058FAC1
:10352000294640F6481204F6D40008F051FA41F258
:103530001C20294640F6FA12204408F049FA41F6C8
:103540001640294640F69822204408F041FA42F2FB
:10355000AE60294640F61C32204408F039FA43F2A6
:10356000CA10294640F6A632204408F031FA43F644
:103570007050294640F62A42204408F029FA44F6C1
:103580009A10294640F6A242204408F021FA04F598
:10359000A043224946F6843245F26260C3F83C56A5
:1035A000C3F84056C3F844562044C3F84856C3F8FD
:1035B0004C56C3F85056C3F85456C3F85856C3F87F
:1035C0005C162946A3F860264FF48B6208F000FAD7
:1035D00045F6BA20294640F27232204408F0F8F944
:1035E00045F62C60294640F2AA22204408F0F0F962
:1035F00046F2D6004FF4E1722946204408F0E8F97B
:1036000004F5C0432046C3E9A65538BD0C607AE7EF
:1036100064EC002084A20020C0A3002099196766F2
:103620002DE9F0410021804601F07AFF0446012196
:10363000404601F069FF05468CB3A0B30C3004F19D
:103640000C0105F5867C51E9022350E9026712FB63
:1036500036FE2EF3CF3E12FB06F222F3CF32C2EA41
:103660000E4213FB37FE2EF3CF3E13FB07F323F37B
:10367000CF33C3EA0E430830604541E9022301F12C
:103680000801E0D100222146404601F019FF204602
:1036900001F0EEFE2846BDE8F04101F0E9BE002849
:1036A000F9D1BDE8F0812046BDE8F04101F0E0BE6F
:1036B0002DE9F04F83B0984601F5807BC369DDF8B2
:1036C00030A00190D0E90997D0E90B5431F9026B91
:1036D0003846370353FB14FC05EB8C0C59FB14F5EF
:1036E0003844CCEB6000A0EB850053FB10F604EBF4
:1036F000860653FB16F50CEB850559FB16F4A7EB74
:10370000050EAEEB840E53FB1EF406EB8404AC44B2
:103710002CF34F3C264426F34F36704420F34F30B1
:103720008B4522F802CB28F8026B2AF8020BCDD188
:10373000019BC3E90A751C6303B0BDE8F08F00BFAD
:103740002DE9F04F01F5807487B0029484690590EB
:103750000394046A01930494DDE910BAD0E909974F
:10376000D0E90B64049832F9025B00FB05F525F003
:10377000784000F10060C00050FB10F0264B50FB79
:1037800013F0013BED1603EBC000C5F10605039BEA
:10379000284153FB10F0214B3D4631F9027B984202
:1037A0004FEA0737A8BF1846000250FB14FE06EB8D
:1037B0008E0E59FB14F63D44CEEB6505A5EB860550
:1037C00050FB15FC04EB8C0C50FB1CF60EEB860634
:1037D00059FB1CF8BC1BA4EB880850FB18F00CEB41
:1037E0008004B6442EF34F3EA4442CF34F3C454492
:1037F00025F34F35019B23F802EB0193029B2BF835
:1038000002CB8B422AF8025BACD1059BC3E90A7656
:103810001C6307B0BDE8F08FABAAAA2AE7105200DC
:103820002DE9F043002183B0044601F06DFE05460A
:103830000121204601F068FE0646002D3CD001F033
:10384000C1FD0746002853D001F0BCFD804600288A
:1038500037D001F0B7FD8146002850D0031D002E5F
:103860003DD0019308F104032046321D0093291D29
:103870003B1DFFF765FF304601F0FAFD284601F0D9
:10388000F7FD00223946204601F01AFE384601F0C5
:10389000EFFD01224146204601F012FE404601F0B4
:1038A000E7FD20460222494601F00AFE484603B0E1
:1038B000BDE8F04301F0DCBD0028F8D103B0BDE85D
:1038C000F083284601F0D4FD384601F0D1FD002EEA
:1038D000F4D0304603B0BDE8F04301F0C9BD009319
:1038E0003A1D08F10403291D2046FFF7E1FEC5E754
:1038F000284601F0BDFD002EE0D03046EAE728461C
:1039000001F0B6FD384601F0B3FD404601F0B0FDD0
:10391000002ED3D03046DDE7F8B5002705463C46FB
:10392000B4B33946284601F0EFFD08B3BB1D04F1DE
:10393000040E00F1040C55F82360B6F5803F47D023
:1039400000F582715CF8042B36FB02F336FB12F2B1
:1039500003F30F0302F30F02C3EA0243DEF8002071
:1039600093FA12F38C454EF8043BEBD101F080FD45
:103970000137042FD4D128462146002201F0A0FDB2
:103980002046BDE8F84001F073BD0137042F3AD05E
:103990003946284601F0C4FD04460028F5D0BB1D79
:1039A00055F82300B0F5803FE2D0211D04F5827662
:1039B0000B6830FB03F230FB13F302F30F0203F347
:1039C0000F03C2EA034341F8043BB142F0D1CFE711
:1039D00000F10C0204F10C0300F5867C53F8081C7E
:1039E00052F8086C91FA16F143F8081C53F8041CBD
:1039F00052F8046C91FA16F1083243F8041C0833AB
:103A00009445EBD1B2E7F8BD2DE9F84F454B464C54
:103A10001868197904F580750368444AAB42D17778
:103A20000BD2434B1B78002B4BD04FF0E0234022AE
:103A30002C4605F58075C3F808223E4BDFF804A13B
:103A4000D3F80080DFF800913B4BBAF80060D3F860
:103A500000B0B9F80070B8F1000F4FD0BBF1000F03
:103A600021D1B8F1000F49D008F10401204601EB43
:103A70004601403601F06DFBBFF34F8F4FF0E0225F
:103A8000C2F8704F2034AC42FAD3BFF34F8FBFF36C
:103A90006F8F7F2E26D8AAF800607F2F15D8A9F83F
:103AA0000070BDE8F88F0BF1040208F10401204614
:103AB00002EB4702403701EB4601403601F02AFB9A
:103AC000DAE72C4605F58075B7E700245846A9F8D3
:103AD000004001F0CDFC194B1A681C60164B1A60AF
:103AE000BDE8F88F00244046AAF8004001F0C0FC71
:103AF000134A104B116814601960CEE7BBF1000F38
:103B000008D00BF10401204601EB4701403701F0DA
:103B100040FBB1E74FF480725946204607F058FF4A
:103B2000AAE700BFFCEC0020E0E2202000800E406D
:103B3000B0D30120ECEC0020F4EC0020F8EC0020E5
:103B4000F0EC002092D3012094D3012038B500215D
:103B5000044601F0D9FC88B172B61C4A1368002BE8
:103B60002BD01B490D68002D2CD01560086000215A
:103B7000184A118062B6184601F07AFC01212046ED
:103B800001F0C2FC98B172B6134A136883B11349AD
:103B90000C6854B114600024114A0860148062B6A5
:103BA0001846BDE8384001F063BC086062B638BD15
:103BB0000B4910600B8062B638BD064910600B805F
:103BC00062B6DBE7086062B6D8E700BFECEC002025
:103BD000F0EC002092D30120F4EC0020F8EC00205F
:103BE00094D3012010B5044601F022FE204610BDFA
:103BF000F8B52D4C05462D4AE36F43F44023E367A7
:103C00009368002B46DBD2F88830002B42DB002380
:103C100042F210724FF40C611C200DF0B7FBE36907
:103C2000234A23F44063234943F40063E361A36A16
:103C30001A40214B42F0CE02A2624A68134043F47C
:103C400000234B602DB91D4B0322C3F82021C3F87C
:103C500024211A4E0327154B0124C6F8287100258C
:103C60004FF480301649174A174E1D66DC601E61FE
:103C700058619961DA61C3F8E050C3F88C4004F1EF
:103C8000E064C3F89040C3F89400C3F89810C3F8F8
:103C90009C20F8BD002DFCD1084B0322C3F8202145
:103CA000C3F82421F8BD00BF00C00F4000403840D9
:103CB00000FEFFFF00C00A40F8FFF7FF00801F4032
:103CC0001B1F0100001F1F1F0100004770B5264D7C
:103CD00000240121254E284601F050FD244A254BA1
:103CE000204614601C60FFF783FF234B0321234A07
:103CF0000220C3F880112B6821491A604FF48072AA
:103D00009C61DA82DA8306229C829A831D4ADE60F5
:103D10001A61C3E9011029791B480FFA81FC1B4B7A
:103D200040F82C4040F82C30194B1A48D976D2F87C
:103D30006630194C43F01043C2F8663042F81A0C52
:103D400001F0FAFC2A79154B0121207002F11000D4
:103D500003EB521302F01F02114C91409B00114AD9
:103D600042F82040196070BDFCEC002000FEFFFF0F
:103D7000ECEC0020F4EC002000801F40E0E220206A
:103D8000020001012240384000C00E4014000080B3
:103D900000800E4001000090B0D301204038003870
:103DA0002518020000E40020024A0349034805F0F8
:103DB000BFBA00BF48D20020011A0200FCEC00206C
:103DC0002DE9F041044601F0FDFA002800F096804C
:103DD0000546237E043005F5827CDBB9E269C2EA40
:103DE000224205F1240305F5927143E9082243E9D3
:103DF000062243E9042243E9022220338B42F4D114
:103E000020462946002201F05BFB2846BDE8F04130
:103E100001F02EBBD4E90731626A83FAA1F6EFF311
:103E200000873F016CD5002A58D0571C022F04D9B7
:103E300091FBF2F693FBF2F7F61B7F2E24DD05F1E2
:103E4000140105F58A7C01E0E369626A9F1803EBBF
:103E50004203C3EA274703EB020E03EB4203C3EA24
:103E60002E4E9E1803EB4203C3EA264603EB4200A4
:103E70001344E061C0EA234041E9047E41E9026065
:103E800010316145E0D1BBE7012E3CDDB71E06468F
:103E90004FEA570808F1020E05EB8E0E01E0E369C8
:103EA000626A03EB42011344E161C1EA234146F82F
:103EB000041B7645F3D1C8EBC87308F10108216AE9
:103EC00007EB430600EB8808FEB1E369626A13441E
:103ED000C1EA2343404640F8043B216A0023E161E4
:103EE0002376C1EA214160458AD240F8041B84450B
:103EF00086D940F8041B8445F7D881E7BDE8F081F6
:103F000096FBF2F699E78046DEE74046E6E700BF1B
:103F1000F8B5037E002B69D0012B04463AD001F09E
:103F200051FA0546002860D0A38B73BB628B04EB6B
:103F30004202B2F92200291D05F5827647F6AE7ECF
:103F400004EB43030246B3F9240002440EFB02F2E1
:103F5000121421F8022BB4F81CC0678B0CF101037A
:103F600004EB4C0C9BB2ACF824209F4298BF00237A
:103F7000B142A383E4D120462946002201F0A0FAF1
:103F80002846BDE8F84001F073BA04EB4302B2F9E9
:103F90002200D0E7DFF85CC0458BDCF80030DDB1F3
:103FA00000F12201076A124E44F2A71001EB450509
:103FB00010FB13F24FEAD23E9BB206EA024200FB2C
:103FC00003E31A4422F0004303EBD27337FB03F2FE
:103FD00021F8022F8D42EBD10222CCF8003022765C
:103FE00001F0F0F9054600289ED12076F8BD00BF0B
:103FF0000000FF7F30D200202DE9F04F83B004464F
:1040000001F0E0F9019000287CD0B4F92E80811DE8
:1040100000F583774FF6FE7E3C4E37E0A36A36F913
:104020001920634436F91B9003EB5C03A9EB0209EA
:104030002B440AFB09F903EB6503B4F92C5002EB9E
:104040002942B4F92E9023F0004302FB05F54FEA14
:10405000D35CC3F3CF12A3620CF1010A36F91C3012
:1040600036F91AC0ACEB030C02FB0CF203EB224353
:1040700009FB03F3DB1303EBE53330FB03F343F3FB
:10408000CF33023121F8043CB9422FD0E06900233C
:104090007045F6DD236AC01AE06110FB30F0D4E908
:1040A0000CC35B1030FB03F34FEACC059B1335FBCD
:1040B00003F5636AB8F1320F0CEB03022A4422F0D5
:1040C00000424FEAD259C2F3CF1A62624B4609F15D
:1040D000010B5246A2DC013336F9195036F9133080
:1040E0005B1B02FB03F305EB2343C6E7019D204660
:1040F0000022294601F0E4F9284603B0BDE8F04F5C
:1041000001F0B6B903B0BDE8F08F00BF181200206F
:1041100072B60023024AC0E90933C26162B6704731
:104120000000FF7FB5EEC00AF1EE10FA1DD4F7EEE5
:10413000007AB4EEE70AF1EE10FA08DD4FF480429F
:1041400043F6FF7372B6C385828562B67047DFEDB2
:10415000097A47F6FF7220EE270ABDEEC00A10EE7C
:10416000103A1BB2D21A12B2ECE747F6FF720023E4
:10417000E8E700BF00FC7F46B5EEC00AF1EE10FA9A
:104180001DD4F7EE007AB4EEE70AF1EE10FA03DD83
:104190004BF6FD7343637047DFED0E7A20EE270A7E
:1041A000FDEEC07A17EE903AB3F5804F0ADBA3F527
:1041B000804303EB430343F3110343637047064B10
:1041C00043637047C3F5804303EB430343F3910319
:1041D0005B42DFE700FEFF4600D0FFFF036A2DE9E8
:1041E000F047054633B9D5E9063203EBC213AB619C
:1041F000BDE8F08701F0E6F806460028F3D000F1AC
:10420000020C2F6A00F58170134CD5E906814246F5
:104210004FEA1269C2F30F2E09F1010ACEF580337D
:1042200034F9199009FB03F334F91A900EFB0933A2
:1042300053FB07F32CF8023F60450A44E8D108EB32
:10424000C113284631460022AB6101F039F93046EE
:10425000BDE8F04701F00CB918120020B1F5803F1D
:104260004FEA21235FFA81FC11DA0F495A1C02330D
:1042700031F9122031F91300CCF580730CFB00F0FA
:1042800002FB03008030001200F5C040704740F28E
:10429000FF110548C3F50072C91A30F9122030F930
:1042A000110052424042E7E724B20020B1F5704FBE
:1042B0002DE9F0410F460646904627DC1D460C4688
:1042C00005E004F580540135B4F5704F17DC002C7F
:1042D000F7DB21463046B8F1000F25D0FFF7BEFFCF
:1042E00005F00F0304F58054013506EB8303B4F5A4
:1042F000704FD3F810211044C3F81001E7DDC7F563
:1043000070420B4B07F5805713401F44D6F8083115
:1043100006EBC302013303F01F03976082F80C80A1
:10432000C6F80831BDE8F081FFF798FF4042D7E7B3
:1043300000F0FFFF2DE9F04FD0F8084183B0D0F82E
:104340000C81D0F804A0A4EB08020194D3063DD060
:104350000646DFF88090013C304604F01F0406EB6F
:10436000C407BD6897F80CB0294605F58055FFF7DE
:1043700075FFB5F5003FBD6008DBBBF1000F72684B
:1043800014BF4FF4404149460A447260BBF1000F2C
:1043900000D14042A0458244DDD108F1010856F821
:1043A0003820B2F5003F11DB08F01F02019B934259
:1043B000C6F80C210AD002F1010856F83820B2F5EF
:1043C000003F03DB08F01F02C6F80C21504603B083
:1043D000BDE8F08F0040FFFF002938B504461546C0
:1043E00003DB0268002A20DB38BD0368002BFBDBFF
:1043F000D0F85401CA1AC11A00230803090D06F0A7
:1044000059FA40F6FF7194F85031B0F5805F18BF4B
:104410000146002BE8D02B46002249422046FFF7F8
:1044200045FF002384F8503138BDC2F1000C002351
:104430008A1A4FEA0C304FEA1C5106F03BFA40F65C
:10444000FF7194F85031B0F5805F18BF0146002B22
:10445000CAD12B46012249422046FFF727FF0123FC
:1044600084F8503138BD00BF2DE9F8430D4690F86F
:104470005011044617461E46E9B10268D0F854119F
:104480008A4251D2AA4201D8A9424DD8891A0023A2
:10449000AA1A0803090D06F00DFAB0F5805F33463D
:1044A0004FF0000214BF414220492046FFF7FEFEB4
:1044B000002384F85031D4F80080B8F1000F33DACB
:1044C000002D31DBC8F10001A5EB08090023C4F879
:1044D000547108034A46090D06F0ECF9B0F5805F07
:1044E00033464FF0010214BF414210492046FFF706
:1044F000DDFE0123BD4284F8503115D3A7EB08013E
:104500004A4600230803090D06F0D4F9B0F5805F90
:1045100033464FF0000214BF414204492046FFF7E2
:10452000C5FE002384F85031BDE8F88301F0FFFF99
:1045300070B50E1E054614461BDBFFF7FBFE2A680E
:104540004FF44043002AA2FB0313A3F5C04300FA33
:1045500083F309DB04F00F0405EB8404B4F91001C4
:10456000C4F810312E6070BD6A6802F540426A607E
:10457000F0E70268002A12DBC2F100410023B21A00
:104580000803090D06F096F9B0F5805F23464FF059
:10459000000214BF414209492846FFF787FE314611
:1045A0002846FFF7C7FE2A684FF44043A2FB0323C7
:1045B000A3F5C04300FA83F3CCE700BF01F0FFFF8F
:1045C000436A2DE9F04F054685B0076AD0E90646F3
:1045D0002BB904EBC614846105B0BDE8F08F00F080
:1045E000F1FE0090002858D0E3190193009B1C1D98
:1045F000B5F932300C2B2AD8DFE813F088007A00A6
:104600000D00A600C600EB00050114012D015400A9
:1046100054006D019301686A20F34F00009AC0F1C5
:10462000000C00B2931D02F5837E0FFA8CFC019AF8
:10463000002A03F102033244ACBF0146614623F86D
:10464000041C9E45F4D1019B03EBC61301932B6A16
:10465000019AD21AB5F93430AA617BB1009A02F5F9
:1046600082711A4601E0B5F93420B4F900301344E0
:1046700003F30F0324F8023BA142F4D1009C284627
:104680000022214600F01CFF204605B0BDE8F04F97
:1046900000F0EEBE009800F0EBFEAB6903EBC61332
:1046A000AB6199E7009B05F13809DDF804B04FF0E4
:1046B000000803F1060A0BE002FB00F0031408F106
:1046C00001080AF1020A2AF8043CB8F1800FBAD0B6
:1046D000B344424648465946FFF72AFFB5F93230FF
:1046E0006A6A0A2BE8D1524200FB02F21314E6E791
:1046F000009B6F6A03F58270019A234637FB12F123
:1047000023F8021B98423244F8D19CE7009B2146D3
:104710006F6A03F5827C019AA948130EC2F30F2E2B
:1047200030F9139003F10108CEF5803330F9188089
:1047300009FB03F30EFB083353FB07F321F8023B9D
:104740008C453244E9D17EE7009B4FF6FF78019813
:1047500003F1060E03F58379D5F824C0820F0EF11C
:10476000020EC313A8EBD031013A0CFB03F3304423
:10477000012A0CFB01F14FEA234398BF0B142EF8DA
:10478000043CF145EAD15EE7E86A002882D0009B4C
:1047900021466F6A03F5827C019A130EC2F30F283B
:1047A00003F1010EFF2B30F9139014BF00EB4E0EF6
:1047B0008646BEF90030C8F5803E08FB03F30EFBC9
:1047C000093353FB07F321F8023B8C453244E4D113
:1047D00039E7686A20F34F00009AC0F1000CAF6A15
:1047E00000B2931D02F5837E0FFA8CFC019A97426A
:1047F00003F10203324494BF614601469E4523F80B
:10480000041CF4D11FE7009B686A03F5827C019ABF
:10481000C043234630FB12F123F8021B9C4532446F
:10482000F8D110E7009BA146DDF8048003F5827AF9
:1048300002E0CA453FF407AFB5F9303018EB06087F
:1048400029F8023BF5D3686A01F038FA6B6AA0EBED
:1048500063002886EDE7AB6A4FF6FF724FF0FF3B2F
:1048600000984FEA13490394811D4FEA5308A2EBC5
:10487000090200F5837AD5F824C06FF00047BBFB2E
:10488000F9F9BBFBF2FB6FEA53020292019A029C18
:10489000A2EB530E0BE01B0C0CFB03F31B1421F8D3
:1048A000023C02313244B644514500F08280130C80
:1048B000904509FB03F3EED808EB02034FEA1E40D4
:1048C00094424FEA13430BFB107069D900140CFBA0
:1048D00000F00314E3E705F1380A019FA3464FF007
:1048E00000083744424650463946FFF775FD3946C1
:1048F0005046FFF71FFD08F00F0208F1010805EB15
:104900008202B8F1800FB2F94831C2F84801696AF1
:10491000AF6301FB03F34FEA23432BF8023BE0D1E3
:1049200091E605F13809019FA0464FF0000B029473
:10493000AC6A37445B46484622463946FFF794FD49
:1049400039464846FFF7F6FC1E4BA3FB043C0BF030
:104950000F030BF1010BA4EB0C0A05EB8303BBF176
:10496000800F0CEB5A0CD3F848114FEA1C4CCCF5D5
:10497000405C6044C3F848014FEA61136A6AC3EBC4
:104980006103AF631BB202FB03F34FEA234328F832
:10499000023BCDD1DDE9013403EBC613019356E6AA
:1049A00009FB03F303F100431B140CFB03F31B147B
:1049B00075E7019B039C03EBC613019347E600BF19
:1049C00018120020016000802DE9F04F002185B011
:1049D0000646446A00F098FD0346012130461F4612
:1049E000029300F091FD356AD6F830820190002FD5
:1049F00000F0F18096F8393283BB06F130013A1DA0
:104A000007F58279D6F828A08C46C64FDFF81CE35C
:104A100047F6FD70DFF818B3039132F9021B0AFB69
:104A200001F121F0784303F10063DB0053FB13F342
:104A300053FB17F3C9160EEBC303C1F10E010B4173
:104A4000A3FB04311B0C814243EA01438CBF5D444C
:104A5000ED184A454CF8045FDFD114E0029B06F1E3
:104A60003000D6F828C02A46191D03F58277039036
:104A700031F9023B0CFB0323B942224440F8043FC6
:104A8000F6D105EBC415029800F0F2FCF36A35622A
:104A9000DBB100F097FC0290B8B1029A96F8383278
:104AA000141D0C2B38D8DFE813F0E9010802DB00F5
:104AB0001A00550118014501CD017C01BB00BB0066
:104AC000F2004A00029800F0D3FC019B002B00F09A
:104AD0009080184605B0BDE8F04F00F0C9BCDDE994
:104AE000023006F50C7EF56A991D4FF6FF7C50F8F2
:104AF000043F02319F0FDA13013FACEBD33305FBC8
:104B000002F2012F05FB03F34FEA224298BF1A1469
:104B1000864521F8042CEAD1B6F93632002B6BD148
:104B2000019B002B53D1029C30460022214600F00D
:104B3000C7FC204605B0BDE8F04F00F099BC019BD2
:104B4000002B00F0A48006F50F7903F1020825463A
:104B50004FF0000BDDF80CA0039438F9027F5B46A0
:104B60005AF8044F484607F5004721463F043A46A5
:104B7000FFF77AFC21464846FFF7DCFB6A4BA3FBB4
:104B80000723FF1A03EB57031B0CC3F540531844CC
:104B90000BF00F030BF1010B06EB8303BBF1800F4E
:104BA000D3F84C73C3F84C034FEA6713F26AC6F8A4
:104BB0003C42C3EB67031BB202FB03F34FEA234300
:104BC00025F8023BC9D1039CB6F93632A3B9019846
:104BD00000F04EFCA7E706F1300306F50C712A46FB
:104BE000039343F8042F8B422244FAD105EBC415FA
:104BF0004CE705B0BDE8F08F029A02F582711A46C3
:104C000001E0B6F93622B4F90030134403F30F0380
:104C100024F8023BA142F4D1019B002B83D0D6E7BC
:104C2000DDF80C9006F50F7825464FF0000A524645
:104C300059F8041F40460AF1010AFFF779FCF36AAC
:104C400096F8382203FB00F00A2A4FEA204008BFFA
:104C50004042BAF1800F00B225F8020BE7D15BE7C2
:104C6000F06A20F34F004542029B039A00B22DB236
:104C7000063306F50C7C52F8041F02330029ACBF42
:104C800001462946944523F8041CF4D144E7DDF895
:104C90000CB006F50F7AA14600255BF8047F2A4682
:104CA00050463946FFF798FB39465046FFF742FB1E
:104CB00005F00F02013506EB8202802DB2F94C336C
:104CC000C2F84C03F26AC6F83C7202FB03F34FEAE7
:104CD000234329F8023BE0D11EE7019A002ABFD006
:104CE000F36A23F34F08C8F1000E1346911C029A91
:104CF000039D0FFA88F80FFA8EFE063203F58179CC
:104D000031F9023F704655F8047F023203F5004343
:104D1000B7EB034F38BF4046894522F8040CEFD16A
:104D200052E700BFABAAAA2A01600080AAAAAA2A59
:104D30000000FE7FF06A2246029B0399C04303F500
:104D4000827551F8043F30FB13F322F8023B954281
:104D5000F7D1E1E6356B002D3FF4B4AE029B21465E
:104D60000398D6F82CE003F5827C50F8042F130E3C
:104D7000C2F30F225F1CFF2B35F9138014BF05EB24
:104D800047072F46B7F90030C2F5803702FB03F31F
:104D900007FB083353FB0EF321F8023B8C45E4D1AB
:104DA000BAE6019B002B3FF49AAE03F10209029B85
:104DB00006F1340E06F50D7703F1060CF56A4FF097
:104DC000FF3B10E0BBFBF2F26FF0004302FB11333C
:104DD0001B1405FB03F31B14BE450CF1020C2CF84D
:104DE000043C3FF4F1AE39F9022F5EF8041B02F5E2
:104DF00000420B0C4FEAC238B1EBC23F6FEA080A1F
:104E0000BBFBF2F000FB03F34FEA134305FB03F394
:104E10004FEA2343E0D308EB01038A45C2F57F4202
:104E2000A1EB08014FEA134302F1FF024FEA1141DF
:104E300000FB03F3C6D803F100431B1405FB03F387
:104E40001B14C9E7039D06F50C7AA146474606E008
:104E5000B6F93432AA4529F8023B3FF45DAE3B4631
:104E600055F8047F9F42F3D2F06A00F027FFF36AFF
:104E7000A0EB630003B2A6F83432EBE7029B2146B5
:104E8000039DD6F82CE003F5827C134855F8042FD7
:104E9000130EC2F30F2230F913805F1CC2F580336A
:104EA00030F9177008FB03F302FB073353FB0EF3D3
:104EB00021F8023B6145E9D12EE6029B2246039987
:104EC000F56A03F5827051F8043F35FB13F322F8BD
:104ED000023B8242F7D11FE6181200202DE9F0476D
:104EE000C1EBC16800262D4A0F464FEA481305461C
:104EF0004FF44049DFF8A8A0B34201EB0304C3F12B
:104F000000480360A8BF4FF4C042C0E94266426057
:104F10001DE021462846FFF70DFA2A68A2FB091377
:104F2000002AA3F5C04300FA83F003DA6B6803F5A7
:104F300040436B6006F00F03013600B2A8EB070890
:104F40004433202E45F823002C603C4423D0002C11
:104F5000DFDAE31B002B12DB3A4600234FEA08306E
:104F60004FEA185105F0A6FCB0F5805F33464FF0CC
:104F7000000214BF414251462846FFF797F92146E7
:104F80002846FFF7D7F92B68A3FB0923A3F5C043F5
:104F900000FA83F0CEE7BDE8F08700BF00A0FFFF76
:104FA00001F0FFFF2DE9E847C1EBC16592461D4BBB
:104FB00000266D01C0F8542189460746AA42A3FB8A
:104FC0000A23194A88BF4FF4C04205600D44C0F857
:104FD00008614260AAEB0302C0F80C6103EB5208BF
:104FE0008CBF012333464FEA184880F85031C8F58A
:104FF00040583346294652463846FFF735FA294687
:105000003846FFF797F906F00F0340440136443362
:1050100000B2202E47F823003D604D44E9D1BDE8A1
:10502000E88700BF0160008000A0FFFF4FF0004252
:10503000FFF7B8BF00224FF4C041C0E94222C0E9E7
:10504000002170472DE9F84386690EB9BDE8F88361
:10505000044600F0B7F905460028F7D000F10C012E
:1050600000F5867CE36944F2A712294812FB13FE7F
:105070009BB200EA0E4702FB03F303EBDE331F444F
:1050800027F0004303EBD77336FB03F712FB13F84B
:1050900000EA084E9BB20EEBD83E02FB03EE2EF068
:1050A000004303EBDE7336FB03FEC7EA0E4712FB39
:1050B00013F800EA084E9BB20EEBD83E02FB03EE5B
:1050C0002EF0004303EBDE7336FB03F812FB13F9FB
:1050D00000EA094E9BB20EEBD93E02FB03EE2EF026
:1050E000004303EBDE7336FB03FEC8EA0E4841E9DA
:1050F000027808316145B9D120462946E361002292
:1051000000F0DEF92846BDE8F84300F0B1B900BF71
:105110000000FF7F2DE9F04F00F5807EB1E8A00A86
:10512000B2E84015C5EA0643C6EA2544C7EA084581
:10513000C8EA2746C9EA0A47CAEA2948CBEA0C491D
:10514000CCEA2B4AA0E8F8078645E7D1BDE8F04F46
:1051500070474FF000022DE9F00F00F5807C00BF92
:10516000B1E8A00AC5EA0203C2EA2544C7EA02057B
:10517000C2EA2746C9EA0207C2EA2948CBEA02097D
:10518000C2EA2B4AA0E8F8078445E9D1BDE8F00F50
:1051900070474FF000022DE9F00F00F5807C00BF52
:1051A000B1E8A00AC2EA0543C2EA0504C2EA07451B
:1051B000C2EA0706C2EA0947C2EA0908C2EA0B497D
:1051C000C2EA0B0AA0E8F8078445E9D1BDE8F00F70
:1051D00070472DE9F00F089C00F5007B51F8045B47
:1051E00053F8046BC5EA0647C6EA254952F8045B42
:1051F00054F8046BC5EA0648C6EA254AA0E88007C9
:105200008345EBD1BDE8F00F704700BF08B5007DC6
:1052100001F0AAF8003818BF012008BDC8B2D1B209
:1052200001F0B4B80181704738B5837A044601684B
:1052300023F004031C4A83720B68934231D1007D32
:1052400001F092F8003818BF0120A37AC3F340029E
:10525000904208D0154A83F002031268C3F380001D
:10526000A372626038BD114965680A68B4F808C065
:10527000521B624512D303F0010290420ED008681F
:1052800083F001030A68E56843F004030968521BD0
:105290006060E16001202261A37238BDC3F3800029
:1052A00038BD9847D1E700BF29300200BCB80120C3
:1052B000807A00F00500A0F10500B0FA80F0400906
:1052C000704700BF807AC30754BFC0F3800000203E
:1052D000704700BF00224FF00A0C04494260A0F85A
:1052E00008C0827201600275704700BF54A400209C
:1052F0004FF0000CC9B203680E4A10B501750446A0
:1053000080F80AC01B6893420BD1084601F02CF8C4
:1053100018B1A37A43F00303A372074B1B686360C1
:1053200010BD98470028F8D0A37A43F00303A37276
:10533000F3E700BF29300200BCB801204FF0E023A2
:105340004022C3F808227047F8B5144B144D1C686E
:105350006E689CB1237A20466BB123686F681B6826
:1053600098476B68E188DB1BC3F38F12B1EB931F87
:10537000A28038BFE2806469002CEBD1084B094A57
:105380005B6810889B1B084CC3F38F11B0EB931F15
:10539000218038BF1180BFF34F8FF8BD64EC00202F
:1053A000001000E08CD301208AD301200368184745
:1053B0000B680360704700BF0B680360704700BF55
:1053C000704700BF30B472B6244D254C2A8804F1D2
:1053D000700104EB82038B423CD204F16F01501C3C
:1053E000C91A00EB910002E00132824232D09C46A1
:1053F00053F8041B0029F7D0B1FA81F04FF00043B5
:10540000C34021EA0301CCF8001001B90132154B69
:105410002A801A88013291B2198062B6ACEB040C72
:1054200041F67C73C0EB00644FEAAC0CC0EB841017
:1054300001240CEB8C1C03EBCC1303EB80030A4818
:105440000068C4541844094B1C88944230BC38BFCF
:105450001980704762B6002030BC70478ED301209F
:1054600068EC002086D3012060EC002088D3012066
:10547000428872B60378012B03D9013B037062B6F0
:105480007047D14353090B484FF0004201F01F0110
:10549000CA4050F823100A430749B1F800C040F849
:1054A00023209C45054A88BF0B801388013B13804D
:1054B00062B6704768EC00208ED3012086D30120AD
:1054C000C36813B91DE0DB68E3B1187A9042FAD1E2
:1054D00010B4586893F809C0006950F82C4054B1D2
:1054E000DB682BB1187A9042F3D0DB68002BF9D13E
:1054F0005DF8044B704740F82C10087801300870B4
:10550000EEE77047704700BF437A8B4206D90369C4
:10551000002253F8210043F82120704700207047F3
:1055200038B5437A8B421BD90369002253F82140D6
:1055300043F82120A4B12378012B01D8204638BD9F
:10554000FFF740FF054628B14FF48072211D04305B
:1055500001F060F92378013B23702C46204638BDCA
:105560000024204638BD00BF00220449C0E90022C3
:10557000028102740A680860C2607047D8EC00209B
:10558000037CFBB903680146FBB14368EBB1427A87
:105590005B7A9A421CD230B472B62B4B1C68ECB1C9
:1055A000E368C3B1486801E0DB68A3B15A6882428E
:1055B000FAD193F809C04A7A9445F5D162B604202D
:1055C00030BC7047012062B67047032062B6704756
:1055D000022062B670476469002CE1D11B4C23683D
:1055E00043B1994202D10BE0994207D01A46DB68D9
:1055F000002BF9D1052062B630BC704702F10C04D3
:105600000D68E868E8B1C3681BB908E0DA683AB128
:10561000134681421846F9D162B60620D0E7034608
:10562000D960CB68002023600123C860AA7A2B725E
:105630001A44AA724A68947A13721C4494720B74C6
:10564000D9E7E960EDE700BF64EC0020D8EC00206A
:1056500010B5047C9DF808E00CB1012010BD027269
:1056600080F809E0C0E90013BDE81040FFF788BFEB
:1056700038B5037C002B36D043680446427A5B7A07
:105680009A4238D272B60168CB68002B2DD098426E
:1056900033D01A46DB689C422AD0002BF9D16268CD
:1056A000607A136953F8200048B1FFF7E1FE72B643
:1056B00062680025607A1369216843F820508B7A6C
:1056C000013BDBB28B7203B90B72937A013BDBB205
:1056D000937203B913720A4B00201A6820741C607D
:1056E000E26062B638BD012038BD62B6032038BD25
:1056F000E368D360D3E7022038BDC368CB60CEE750
:10570000D8EC002010B50446FFF7B2FF094A136831
:1057100043B19C4202D108E09C4205D01A46DB68A6
:10572000002BF9D1204610BD0C32E36820461360EF
:1057300010BD00BFD8EC00200C4B1A789AB90C4A67
:105740000C4910B4C2F858110B48D02401224FF074
:10575000E02180F8464040241046C1F808415DF839
:10576000044B1A7070470020704700BFAED3012071
:1057700000E400206531020000E400E030B472B6BD
:1057800021B9036813B102790F2A3BD9244C21882F
:10579000002341FA03F212F0010208D00133102B6A
:1057A000F7D162B600220371026030BC70474FF03F
:1057B000010C0CFA03FC41EA0C01218062B6194984
:1057C0005FFA83FC184C194480F804C04B01E16F68
:1057D00041F0C001E16740F2824414490C6081F855
:1057E0001AC081F81EC081F818C081F81FC003607C
:1057F00030BCC3E90022C3E90222C3E90422C3E9A1
:1058000006227047064C218841FA02F5ED07BFD504
:10581000044D1544B3EB451FBAD162B6C5E700BFCE
:105820009AD301208074000200C00F4000800E4017
:1058300003790F2B11D8094A937672B608490122D1
:1058400090F804C00B8802FA0CF223EA02030B80E2
:1058500062B61022002302710360704700800E4080
:105860009AD30120704700BF704700BF704700BF48
:10587000704700BF70B51A4C1A4D2368AB4202D076
:10588000194AD16829BBA369AB4202D0164AD16933
:10589000C9B9236BAB4202D0134AD16A69B9A36C70
:1058A000AB4209D0104AD16B31B101211B680F48BE
:1058B000D163BDE87040184770BD01211B680C48DA
:1058C000D1629847EBE701211B680A48D1619847EC
:1058D000DFE701211B6804F10800D1609847D2E797
:1058E000C0E60020D8A100200041084010E70020B9
:1058F000F8E60020E0E6002038B5064CA4F160058B
:1059000054F8083C2046183CDB689847AC42F7D175
:1059100038BD00BF10E7002003682DE9F0410446C0
:1059200088B01746002B4BD000229A600122DA6023
:10593000304D04A8DFF8E0801D4451F8083B2D11DC
:1059400002935B6805EB45069847F60006F10800F0
:1059500058F806304044DB6801909847264A04A96D
:10596000DDE90103029248F806309B689847029BE4
:1059700004A8DB6898472368032220481F609A60C8
:105980001F4A23791F4C535513785178C0F8284289
:105990008B4228BF0B469178D2788B4228BF0B46AA
:1059A000934228BF1346184C4FF0E0224FF080611D
:1059B000012084F87A30C2F80C1108B0BDE8F081FB
:1059C000124AD36E43F44053D3660122104B1A603F
:1059D000104A13460260403298680028A8D010335D
:1059E00093422360F8D100231846236008B0BDE835
:1059F000F08100BF00BFF7BFD8A1002000E4002065
:105A00002CD200209136020000E400E000C00F40DC
:105A10000040084000410840C0E6002010B4064B9A
:105A20000020064C064A1C609C611C639C6405496E
:105A30005DF8044B03F07CBCC0E60020D8A1002038
:105A400048D200201537020000207047084603F0B6
:105A50000BBB00BF012A70B508BF0A228AB091B300
:105A60004FF0210E01E05FFA86FE0EF1FF36B1FB2A
:105A7000F2F502FB15145FFA84FC092C0CF13704D3
:105A80000CF1300C98BF5FFA8CF40EF1280C88BF33
:105A9000E4B29142EC4429460CF8244CE3D24BB1D9
:105AA0000EF1FF3E2D225FFA8EFE0EF128036B44AD
:105AB00003F8242C036801A9CEF122025B6871442B
:105AC00098470AB070BD30224FF0210E8DF8252086
:105AD000E5E700BF002903DB00230A22FFF7BABF76
:105AE00049422D230A22FFF7B5BF00BF00B5036866
:105AF00083B040F60D2C022201A95B68ADF804C00A
:105B0000984703B05DF804FB054B022888BF0346A5
:105B100010B41C68184663685DF8044B184700BF52
:105B200050CE00205AB90368C9B2074A1B68934295
:105B300000B506D108465DF804EB03F095BAFFF70F
:105B400089BF5DF804EB184769380200B4EE400BDA
:105B500070B5F1EE10FA05462DED028B86B07CD6BD
:105B6000B0EEC07B9FED476BB4EE467BF1EE10FAD2
:105B70006BDC9FED467BB4EEC70BF1EE10FA5ADCFE
:105B80009FED447BB4EEC70BF1EE10FA53D4B5EEA3
:105B9000C00B0C46F1EE10FA5BD40023B6EE007B8E
:105BA000002C5ED04FF0000C9FED3C6B0CF1010C13
:105BB00027EE067B5FFA8CF2A242F7D330EE070B9A
:105BC0000A222846FCEEC07BB8EE678B17EE901ACF
:105BD00030EE488BFFF73EFF0F2C4FF02E03B2EE56
:105BE000046B064628BF0F248DF808300DF1090319
:105BF00002AA611E53FA81F128EE060BFCEEC07B6F
:105C0000CDED017A9DF8043007EE903A3033B8EECE
:105C1000E78B02F8013F914230EE488BECD12B68C4
:105C2000013402A928465B68E2B29847304606B0C4
:105C3000BDEC028B70BD2B6803221A495B6806B06D
:105C4000BDEC028BBDE8704018470368032216497B
:105C5000F4E7B1EE400B0123A0E7036803221349E8
:105C6000ECE730EE070B0A222846FCEEC07B17EE6D
:105C7000901A06B0BDEC028BBDE87040FFF7EABE9B
:105C8000AFF30080FFFFFFFFFFFFEF7F000000E0AA
:105C9000FFFFEF41000000E0FFFFEFC19A999999E3
:105CA0009999B93FD4A10020D0A10020CCA1002017
:105CB00008B1014B1860704750EC002000B97047E4
:105CC00014490A68EAB1D31730B4134C134D84FB5E
:105CD000024C134C9444C3EB2C4304FB132244F2B8
:105CE000A71405FB03F304FB0233002B10DA6FF05B
:105CF00000421A440A60B2FBF0F330BC00FB1320F0
:105D00007047084AB2FBF0F30A6000FB13207047AB
:105D10001A46EFE750EC00205F0B4E83ECF4FFFFD8
:105D20001DF3010042CE0C1F884200DB704730B4E7
:105D3000124C091A2368EBB1114A124D82FB032C55
:105D4000DA179C44C2EB2C4244F2A71C05FB123329
:105D50000D4D05FB02F20CFB0322002A0CDA6FF05A
:105D6000004313442360B3FBF1F201FB123330BC58
:105D700018447047054BF5E71346F3E750EC002055
:105D80005F0B4E831DF30100ECF4FFFF42CE0C1FAE
:105D90001C2849D8F8B5254F04463B78E3B9244B75
:105DA0001B5DFF2B29D0234A02EB041291680A687D
:105DB00002F44050B0F5805F30D01C061FD41E4C5A
:105DC0002360236AD80704D403F0E2F9236AD907D1
:105DD000FAD5194B586AF8BD174D184E01E003F07B
:105DE000D7F9AB6C1B06FAD4B36C13F08003F6D171
:105DF0003B700F4B1B5DFF2BD5D10020F8BD0F4C26
:105E000003F07F032360236ADA0704D403F0C0F9A8
:105E1000236ADB07FAD5094B586AF8BD22F4805291
:105E20001C060A60EBD4CAE700207047C1D30120EA
:105E300064AD002094A7002000400C4000800C407E
:105E4000082830B422D00A280CBF4FF405714FF453
:105E50004671104C104D636C626C2B400F4802F081
:105E600003021A43636C03F0E00313430B436364C0
:105E7000436C426C2B4002F003021A43436C03F064
:105E8000E0031343194330BC416470474FF4407141
:105E9000DFE700BF00400C4000FCFFFF00800C402B
:105EA00010B41F4C1F281F49A36C23F02003A364C8
:105EB000626C8B6C22F4404223F020038B644B6CA9
:105EC00023F4404312D942F4404243F44043626415
:105ED0004B641349134A8B6C5DF8044B43F0200369
:105EE0008B64936C43F02003936470470F2808D9A8
:105EF00042F4004243F4004309480A4942644B64B7
:105F0000E7E7072804D942F4804243F48043F3E7EB
:105F1000032862644B64DCD85DF8044B704700BF13
:105F200000400C4000800C40A249A34B88422DE960
:105F3000F047A24C5E699A69D4F80C801BD9A04B3B
:105F4000984240F20281C31A9E491B0AA1FB031327
:105F500040F22761DB0903EB830303EB830303F2C6
:105F6000E2438B4228BF0B46A3F54877964BA3FB31
:105F70000737FF0804E0954FB8428CBF0E2706276D
:105F80008D4908F01F09D1F88030B94543F0C003AE
:105F9000C1F880300CD228F01F08A1F5F82148EA9A
:105FA0000708C1F80C800B68002BFCDA08F01F0909
:105FB00016F0007324D186490C698649A14300F08C
:105FC000EA8082F4805134464FF4805514F0605FCB
:105FD00004D026F060561E43774B5E6111F4405F9B
:105FE00007D022F4405274492A438A618B6C1A0705
:105FF000FCD446F00076704A5661936C9B06FCD444
:10600000754CA04200F2CE804FF0010C0146634671
:1060100003FB011203F1010E0CF10105A24218D895
:10602000BEF1080F4FF0010340F08D80BCF1040F6A
:1060300000F291800A18A24200F2A48005FB00F150
:10604000AC4603F1010E03FB01120CF10105A24263
:10605000E6D90CF1FF318C0286EA81215F481044B9
:106060005F4A90427FD9DFF8A4A16C225D48584D69
:10607000B0FBFEF0D5F800E0B0FBFCF0DFF890C11B
:106080000EEA0C0CD44509D042F400524FF4805C67
:10609000C5F800C02A602A68002AFCDA464A156959
:1060A00005F007059D4203D01361936CDD03FCD41A
:1060B00011F4E05F09D026F4E05604F4E0543E4ABF
:1060C00026435661936C9907FCD44749474A0144DB
:1060D00091423CD8464BC909A3FB0131090B4B1E29
:1060E0001B0286EA030212F4407F06D026F44076B3
:1060F00003F44073304A334353612F4A536923F00A
:1061000000735361936C9B06FCD43A4B4F45A3FB41
:1061100000234FF0FF324FEA9343B0FBF1F1B2FBA3
:10612000F3F3354A1060354A1160354A136008D2DE
:1061300028F01F08214A48EA0707D7601368002B98
:10614000FCDABDE8F087734662E7122718E74FF4E0
:1061500040730421C5E70CF1FF31204807238C026E
:10616000104486EA8121274ADFF8A8A0A2FB00207C
:10617000020D2548362A38BF362202FB00F042EADB
:106180000A0A74E74FEA8C24002386EA8C214FF038
:10619000010EAC4662E71D4686F0C05411464FF032
:1061A000C05313E700244FF0010C0246314623464A
:1061B000E64653E700A4781F00C00F4000000840E7
:1061C0000046C32323B24C001F85EB5100366E01FD
:1061D00000800D4040300080FFB19F26808D5B0025
:1061E000FF7EF64D00643F4D7FD1F0087F17B42C41
:1061F0009F10E50083DE1B434CCE002048CE0020DC
:1062000078AF0120819F5E16001BB7006C200080D4
:106210007F3001800020008000B970472DE9F84FE1
:1062200001218146214C224D224E54E8003F2A682C
:10623000306844E80013002BF7D11F494B684FF436
:106240007A7BDFF878A01B1A01270BFB02F8DAF83B
:106250000020A3FB02325A4594BF9044D84454E82E
:10626000003F2A68306844E80073002BF7D14B6880
:10627000DAF800C01B1A0BFB02F2A3FB0C3CBCF5C6
:106280007A7F94BF624402F57A72A2EB0802B2F5FB
:106290007A7F06D3B9F1010908F57A78DFD1BDE834
:1062A000F88F02F075FF0449D9E700BFC0B801209C
:1062B000BCB80120B8B80120001000E078AF012080
:1062C00030B40F4B4FF0010C0E4D0F4C53E8002F24
:1062D0002868216843E800C2002AF7D10B4B5B68AD
:1062E0000B4A5B1A4FF47A71126801FB00F0A3FBB2
:1062F000023230BC8A4294BF80184018704700BFF9
:10630000C0B80120BCB80120B8B80120001000E0DE
:1063100078AF0120272816D80201104B03EB00109C
:106320009B5810B4C2685C68144205D061B95DF82E
:10633000044BC3F888207047836851B1084A5DF860
:10634000044B1A60704770475DF8044BC3F8842013
:106350007047044A5DF8044B1A60704794A7002008
:1063600038F001003830010027280BD8064B020115
:1063700003EB00109A58C36892681A4214BF0120B8
:10638000002070470020704794A70020272829D8B4
:10639000164B0201012903EB00109A5810B4536800
:1063A000C4680ED004290CD023EA04035360836828
:1063B000A9B1022917D003290CBF0D4A0D4A1A6052
:1063C00007E0234301295360836808D040F6380270
:1063D0001A60436815225DF8044B1A607047382232
:1063E0001A60F6E77047044A1A60F2E794A70020A3
:1063F000383001003800010038F0010030B4124A92
:106400000020124B0121124D124CC2F8F032C2F89A
:10641000F402C2F8B810C2F8A000C2F8A450C2F842
:10642000B0105369DB07FCD551612378DB07F0D44A
:106430001368054943F0010313600B68DB07FCD4C4
:1064400062B630BC704700BF00802A4005040124BA
:1064500001000F0000812A4070B50E4C4FF6FF7E00
:106460000D4E04F11E05A6F58053002102E0B34253
:1064700081B204D21A88481C02337245F7D124F83D
:10648000021FAC4206F58056EDD1044B01221A7072
:1064900070BD00BF7AAF012000101F60C8D301207B
:1064A000B0F5876F2CD2174B10B51B78044623B379
:1064B000A008154B04F00301144CA3FB0023144A5D
:1064C000DB08C3EB031E9C46A0EB0E0341EA8C01E4
:1064D000FF2034F813C01A444FEA4C0C13030CEBA2
:1064E000023CBCEB023F07D91A880233D4B28C427B
:1064F00008BF100A9C45F7D810BDFFF7ADFFD7E7DE
:10650000FF207047C8D30120898888887CAF01208C
:10651000F0010600F8B50F46164672B6344B40F24D
:106520000641344A9A610222DA610022C3F8A020AF
:10653000C3F8F012C3F8F422C3F8F822C3F8FC221F
:106540004FF47022C3F8A4200122C3F8B02020F039
:106550001F038219BFF34F8F4FF0E024C4F85C3F54
:1065600020339A42FAD8BFF34F8FBFF36F8F204D7D
:106570006B69DA07FCD501231F49B2B220F07F40D6
:106580006B6142F47022C5F8F01242F20121184CFE
:10659000C5F8F412C5F8BC30C5F8A000C5F8A420B1
:1065A000C5F8B030154D01E05B0609D4636913F0FE
:1065B0000100F9D041236361BDE8F840FFF71EBF39
:1065C000082E0AD836B132463946374406462846A0
:1065D00000F020F940236361E8E7A6F108000826EF
:1065E0003946324637440646284600F013F9F1E7AB
:1065F00000802A40F05AF05A3204180880812A405C
:1066000010B472B6284B0221284C00229C614FF432
:106610007024D96140F20641C3F8F0120121C3F899
:10662000F422C3F8F822C3F8FC22C3F8A020A2F594
:106630008052C3F8A4400240C3F8B010BFF34F8F9C
:1066400002F5805102F120034FF0E02C994234BF53
:106650000121802102EB41118B42CCF85C2F1A46BC
:1066600003F12003F8D1BFF34F8FBFF36F8F0E4AB2
:106670005369D907FCD501240D490E4B54610340E1
:10668000C2F8F0124FF470200749C2F8A030C2F8E7
:10669000A400C2F8B0404B69DB07FCD501235DF8CC
:1066A000044B4B61FFF7AABE00802A40F05AF05A13
:1066B0002004180800F0FF00B0F5876F80F0868096
:1066C000444B2DE9F0471B78C2B005468946002BA4
:1066D00079D0AB08404E05F00305404FA6FB0326DA
:1066E000F60845EA8605C6EB06169E1B3C4B37F8B6
:1066F0001640334460004FEA033800EB0330B0EB40
:10670000033F64D943464FF0FF0C1A880233D1B2DD
:10671000A94208BF4FEA122C9842F6D8E14541D071
:10672000B4F5006F41D302AC4FF48072FF212046D4
:1067300005F04EF908F5805008F1020342469842F0
:1067400034BF01204FF4006008EB400013460232D2
:106750001B888242D9B24FEA13236354F6D104F85E
:1067600005900DF107090DF2071A00254C46404629
:10677000FFF746FF14F801CF08EB450002220DF1A8
:106780000601631EBCF1FF0FA3EB090306D043EA29
:106790000C230135ADF80630FFF7BCFEA245E9D168
:1067A00027F8165042B0BDE8F08745EA092502A94E
:1067B00002220134ADF80850FFF7ACFE27F816406E
:1067C00042B0BDE8F087FFF747FE82E770474FF021
:1067D000FF0CA3E7C8D30120898888887CAF0120FB
:1067E000F001060062B170B505460C468E182046D1
:1067F000013415F8011BFFF75FFFB442F7D170BDFC
:10680000704700BF08B5F0F725FAF0F7F7FE02F081
:10681000BFFCFAE7844641EA000313F003036DD19D
:10682000403A41D351F8043B40F8043B51F8043B53
:1068300040F8043B51F8043B40F8043B51F8043B5A
:1068400040F8043B51F8043B40F8043B51F8043B4A
:1068500040F8043B51F8043B40F8043B51F8043B3A
:1068600040F8043B51F8043B40F8043B51F8043B2A
:1068700040F8043B51F8043B40F8043B51F8043B1A
:1068800040F8043B51F8043B40F8043B51F8043B0A
:1068900040F8043B51F8043B40F8043B51F8043BFA
:1068A00040F8043B403ABDD2303211D351F8043B9A
:1068B00040F8043B51F8043B40F8043B51F8043BDA
:1068C00040F8043B51F8043B40F8043B103AEDD249
:1068D0000C3205D351F8043B40F8043B043AF9D29A
:1068E000043208D0D2071CBF11F8013B00F8013B6D
:1068F00001D30B8803806046704700BF082A13D37A
:106900008B078DD010F003038AD0C3F10403D21A91
:10691000DB071CBF11F8013B00F8013B80D331F8C5
:10692000023B20F8023B7BE7043AD9D3013A11F845
:10693000013B00F8013BF9D20B7803704B784370B0
:106940008B7883706046704704F036B904F034B930
:1069500004F03AB904F038B901F1FF3C70B566466D
:10696000002400E00134B0FBF2F502FB1503092B13
:1069700003F1370E03F130035FFA8EFE98BF5FFA22
:1069800083FE9042284606F801EFEBD2631C0022FA
:10699000C818CA547CB162461CF8015F10F8016D3A
:1069A000A1EB0C0302328CF80060013B521A057017
:1069B00023449A42EFDB084670BD00BF4FF0010C44
:1069C0000CFA01FC01EB410100EB411170B5B1F88B
:1069D0000EE01FFA8CF5254C1FFA8EFE24782E014E
:1069E0000EFB033306F0F006E340B0F88841734530
:1069F000A4B228BF73463443012AA0F888410DD0C1
:106A0000022A28D0C2B10CF00F02B0F888C11FFAD8
:106A10008CFC4CEA020CA0F888C170BD9BB20CF053
:106A20000F022D02CB82B0F8803105F470659BB265
:106A30002B43A0F88031E8E7AEEB030E0CF00F0219
:106A40001FFA8EFEA1F80AE0B0F880319BB2134322
:106A5000A0F88031D9E79BB20CF00F02CB83B0F8DD
:106A600080319BB21E43A0F88061CEE7FDE200209A
:106A700027284BD8F8B52A4D044615F8202005EBF9
:106A80008005012A2DD0022A3FD16B78C3F3011073
:106A900003283ED0234A02EB803203F0030C224845
:106AA00089B2634602EB4C1C0678BCF806E058013C
:106AB000BCF810301FFA8EFECEF1011E1EFA83F3D1
:106AC00003F1FF3E0EFB01F1F1408E4523D95B1A25
:106AD000C3F101039BB289B20244ACF806301182C3
:106AE0000DE06A78C2F30113032B10D00F4800EBBE
:106AF00083308BB202F00301AA78FFF75FFF0C4BE3
:106B0000EA7803EB04135B681A60F8BD7047094824
:106B1000EFE7094AC1E7991E4FF6FF73DBE700BFB5
:106B200080AD002000C01D40FDE2002000C03D40BF
:106B300094A7002000803E4000801E4000230F22CA
:106B400048F2B82C194610B54FF470444FF4806EDB
:106B5000A0F88C414FF46044A0F88E210A46A0F8BA
:106B60009031B0F888319BB243F0F003A0F888313F
:106B700001EB4103013100EB431304299C80A3F88E
:106B800006E05A841A865A805A81A3F80EC05A82A7
:106B9000DA825A83DA83EBD1B0F888319BB243F0C2
:106BA0000F03A0F88831B0F888319BB243F47063CA
:106BB000A0F8883110BD00BF374B384A996F38486C
:106BC00041F47F0170B5996741F20106D3F8801056
:106BD00045F6C05543F226040A43C3F88020FFF768
:106BE000ADFF00F58040FFF7A9FF00F58040FFF7FB
:106BF000A5FF00F58040FFF7A1FF0022A0F50310DC
:106C00004FF00F0E114600EB42134FEA421C0132C7
:106C10009981042A5981A3F80EE09E82DD8020F834
:106C20000C1019829C81EED100221E484FF00F0EED
:106C300041F20106114645F6C05543F2260400EB29
:106C400042134FEA421C01329981042A5981A3F868
:106C50000EE09E82DD8020F80C1019829C81EED11E
:106C6000002211480F2641F20105114645F6C05495
:106C700043F2260E00EB42134FEA421C0132998187
:106C8000042A5981DE819D82DC8020F80C10198253
:106C9000A3F80CE0EED170BD00C00F40000003FC73
:106CA00000C03D4000001E4000401E4072B6EFF3A1
:106CB0000583524CC4F884301EF0040F0CBFEFF370
:106CC0000882EFF309824FF0E0234D4E4D4DD3F88B
:106CD000280DD3F82C1DC4E92201D3F8341DD3F8B4
:106CE000383DC4E924139369C4F89830D369C4F8D3
:106CF0009C3000F0D3F884ED280A02F0E9FA0B2169
:106D00004FF0FF32C4F8A4000B46C4F880103E498F
:106D1000301D5A40202402F00103013C01FB03F323
:106D200083EA5202F7D1A84202D073680646EFE721
:106D3000324BC3F8A820BFF34F8F4FF0E023304908
:106D4000324AC3F8701FC3F8702FBFF34F8FBFF3E1
:106D50006F8F2F4A02252F48D36E2F4943F440539B
:106D6000D3660560D3692D4823F07F0343F04003C9
:106D7000D3610B6883423DD8264D00214FF0E023BC
:106D80004FF0FF3229600126C5F808112449C5F8E3
:106D90000011C5F80861C3F88021C3F88421C3F845
:106DA0008821C3F88C21C3F8902101E000F0E8F9B4
:106DB000D5F80C31002BF9D00134C5F80C614F2CFB
:106DC000F4D9184B022018494FF00042C1F8400195
:106DD0005A63D5F80C313BB9144815490D4A016383
:106DE000D2F80C31002BFAD04FF0E023114AC3F84F
:106DF0000C2DFEE7FFF798F8BEE700BF00FF272045
:106E000080FF2720A8FF27202083B8EDA0FF2720A0
:106E100000C00F40004008404CCE0020803DCD0B0C
:106E2000009F240000900D4000002E4000800F4085
:106E3000F100AD0B0400FA050A490A6838B108B53B
:106E400013180948834204D810460B6008BD104649
:106E5000704704F0AFFE0C234FF0FF320360104682
:106E600008BD00BF44D20020000028200020704749
:106E70004FF0FF30704700BF4FF4005300204B60CD
:106E8000704700BF012070474FF0FF30704700BFD0
:106E900030BFFDE730BFFDE7FFF708BF124AD2F869
:106EA00080305B07FBD5D2F880301048C3F30B234A
:106EB0000F4990ED007A07EE903A91ED006AB8EE36
:106EC000477A0C4AF8EEE77A0B4BD2ED006A77EE80
:106ED000C77A93ED007AB8EE477A67EE867A87EE46
:106EE000A60A37EE400A704700810D4054AF0120DA
:106EF0005CAF012060AF012058AF012030B4002901
:106F000031D12B4C2B4B01211960DAB12A490022D7
:106F100048F280054FF001109A605D60C4E91232BA
:106F2000C1F8BC014FF48032D1F8B0311343C1F83D
:106F3000B031224B20491A60D1F8B031002BFBD17F
:106F400030BC70471C4980254FF001109A605D608D
:106F5000C4E91232C1F8BC01D1F8B03143F4803336
:106F6000C1F8B031E5E70904154B0124002541F0D3
:106F7000800198601C60596000F580510C4CD9600C
:106F800000F50051E560196100F5405100F58040C1
:106F9000A360596108499861D1F8B03143F0010309
:106FA000C1F8B031D1F8B031002BFBD1AAE700BF56
:106FB0000000002020E7002000002E40BC1F012020
:106FC00040E70020836BF0B41BB1536843F40043E7
:106FD000536072B6446B3CB31A4B2260D3F8B04195
:106FE0000C421DD1184E776804E07468E41BB4F5B8
:106FF000166F0BD2D3F8404144F48044C3F84041AB
:10700000D3F8B851D3F840416404EED50D4007D110
:107010000C4CC0E90225D4F8B0310B43C4F8B031B0
:10702000426362B6F0BC7047064DC0E90224D5F851
:10703000B0310B43C5F8B0310263426362B6F0BCB5
:10704000704700BF00002E40001000E070B5056BD7
:107050009DB106462A46002403E012680134012A45
:107060000CD0536813F08003F7D032632CB128465C
:10707000B36B2D689847013CF9D170BDC6E90C335C
:10708000F4E700BF30B4D9B91F4C204B0021204A8F
:1070900001254FF0011099601D60C4E90231802480
:1070A0005C60C2F8BC01D2F8B0311A482B43C2F878
:1070B000B0310160D2F8B031002BFBD130BC704749
:1070C0000904154B104C012541F080019860104ACD
:1070D000596000F580511D60D96000F50051A3642E
:1070E000196100F5405100F5804059610021986117
:1070F000E164D2F8B03143F48033C2F8B031D2F851
:10710000B031002BFBD1C0E70000002020E70020B9
:1071100000002E40BC1F012040E7002010B472B6D2
:107120000A4C01220A49237802FA00F01843207021
:10713000D1F848311A0605D480221343C1F84421FE
:10714000C1F8483162B65DF8044B7047D0D30120D6
:1071500000002E40084901220B7802FA00F023EAD1
:107160000000087030B9054AD2F8483123F0800396
:10717000C2F84831704700BFD0D3012000002E4034
:107180002DE9F04FA84C87B0D4F84461F107C4F85A
:10719000446140F19C80D4F8AC31002B63D0A34D06
:1071A000DFF89092DFF8ACB2DFF8AC82C4F8AC3113
:1071B000D5E90A70D4F8403143F40053C4F84031A3
:1071C000D4F840319B04F5D5D4F840314FF001128A
:1071D00023F40053C4F84031C4F8B421D4F8B431D6
:1071E00013F00113FAD1BAB2C9F80030B2F5106F3A
:1071F000CDE9047000F0B28100F2C38040F20231A8
:107200008A4200F0268240F2DD8040F281618A42AB
:1072100000F2AC80B2F5D06F80F0D581B2F5A06FEE
:1072200040F09E80824AEB6493600123AA6413605D
:10723000802353604FF00113C4F8BC31D4F8B0314F
:1072400043F48033C4F8B031D4F8B031002BFBD113
:10725000BDF812305B0643F08073C4F85431D4F8A3
:10726000AC31002BA2D1704BD3F8BC417CB3714A36
:10727000C3F8BC4111680C4240F088826E4B1B6819
:107280001C4024D05FEA144810D0684D4FF001092B
:1072900098FAA8F7B7FA87F705EBC71009FA07F7C6
:1072A0004030FFF7D3FE38EA0708F1D1A4B274B139
:1072B0005E4D4FF0010894FAA4F7B7FA87F705EB93
:1072C000C71008FA07F7FFF7C1FEBC43F3D17206F7
:1072D00016D5554BD3F8AC21C3F8AC21D3F8BC215B
:1072E000C3F8BC21D3F8B041002CFBD14FF0FF32E2
:1072F000C3F8B421D3F8843101F04EFD4E4B1C602D
:10730000F40103D54D4B1B6803B19847B00103D579
:107310004B4B1B6803B19847710709D5424BD3F813
:10732000843113F4007300F01081464B01221A706F
:107330003D4BD3F848311A060FD533060DD5424AD6
:1073400013782BB1013BDBB21370002B00F0998254
:1073500007B0BDE8F04F01F0DFB807B0BDE8F08F2F
:107360007CD94FF00113C4F8C03178E7B2F5086F4B
:10737000F7D1364801219BF800300370FFF782FEF9
:107380006DE742F221218A4200F0D38140F29980D8
:1073900048F2A2118A4200F0BF8176D948F2A14397
:1073A0009A4240F0B680B0F5102FDAD203AA2849ED
:1073B00004A800F09BFE0028D3D003992448FFF7CF
:1073C00061FE4CE7822A00F0918140F2B580B2F56F
:1073D000817F40F0A68010F0780F83B2C1D103F016
:1073E0007F0213F0800F58F8223014BF23F480334B
:1073F00023F0010348F8223000220D4BEA649A6022
:107400000122AB641A6080225A604FF00113C4F865
:10741000BC31D4F8B03143F48033C4F8B031D4F87F
:10742000B031002BFBD11AE700002E4000000020F5
:1074300020E70020BC1F0120C01F01207CBA0120D2
:1074400080BA0120DDD30120E3D3012050AE01201A
:10745000B41F0120DCD30120C0012E4040F22133B3
:107460009A4204D040F221439A427FF47AAFB0F5B9
:10747000102F4FEA1041BFF474AFB54B0122C3E99E
:107480000070B448FFF73AFDE9E642F221339A4230
:1074900025D1B14B00229A60EA640122AB641A60E4
:1074A00080225A604FF00113C4F8BC31D4F8B031D7
:1074B00043F48033C4F8B031D4F8B031002BFBD1A1
:1074C000CDE640F601318A4200F0ED8042F2210320
:1074D0009A420AD1010C07297FF443AFCDE748F265
:1074E000A1139A423FF45FAF3BE740F681239A42F3
:1074F0007FF437AF80B2042800F0BA8105287FF40A
:1075000030AF964B1B78012192480370FFF7BAFD0C
:10751000A5E622F4807248F2A1239A423FF443AFD9
:107520001FE7FFF41EAF40F221139A429FD040F2B2
:1075300021239A429BD014E7802A7FF412AF884817
:1075400002210380FFF79EFD89E6864A1370864B71
:10755000D3F848311A067FF500AFEEE68349C7F34A
:10756000074C4FF0C81201938BF800C0C4F8C81143
:10757000C4F8CC21C4F8D0214FF0C412C4F8D421EF
:10758000C23AC4F8D82101F009FC00F05BFF00F01A
:1075900039FD714A0121019BAA6411608021936029
:1075A00051604FF00112EB64C4F8BC21D4F8B02153
:1075B00042F48032C4F8B021C9F80030D4F8B031B8
:1075C000002BFBD14BE66A4B596800293FF4C9AE4A
:1075D0004FEA174C1FFA80FE04E019690C330029AA
:1075E0003FF4BFAE1A886245F7D15A887245F4D18C
:1075F0004FEA1C22032A00F0E2801A89000C824222
:1076000028BF0246BCF5007F174640F0DE80554B90
:1076100058491878584BDFF864A1002818BF19465C
:107620005648FFF7F7F82AF01F030AEB0701BFF3EC
:107630004F8F4FF0E020C0F8703F20339942FAD8C6
:10764000BFF34F8FBFF36F8F4C483946FFF71AFDDA
:1076500005E610F0780F83B27FF483AE03F07F026B
:1076600013F0800F58F8223014BF43F4803343F0F6
:10767000010348F822300022374BEA649A60012265
:10768000AB641A6080225A604FF00113C4F8BC3119
:10769000D4F8B03143F48033C4F8B031D4F8B03109
:1076A000002BFBD1DBE580B2042800F0C580052863
:1076B0007FF457AE284AC7F30F4CEB649360274B17
:1076C000AA6483F800C001231360802353604FF045
:1076D0000113C4F8BC31D4F8B03143F48033C4F89A
:1076E000B031D4F8B031002BFBD1B8E583B210F043
:1076F00078007FF436AE03F07F0258F82210184A63
:107700001080180658D4CF0701D501231370022129
:107710001348FFF7B7FCA2E5B0F5403FFFF421AEF8
:107720000C48032183704AF644430380FFF7AAFC08
:1077300095E580B200287FF4ACAE114BC7F3074C3F
:107740001A68104B1A60104B83F800C0A1E600BF06
:1077500038EB0020B41F012020E70020D7D3012000
:1077600050AE0120DDD3012000002E400200CC00ED
:1077700094CC0020381E0060901F006080E620201E
:10778000BCB8012004B90120DBD30120002142F262
:10779000210011603D49D1E9002195B2854228D0F0
:1077A0003B4B9A4203D03B4B9A427FF467AD3A4938
:1077B000364800F0CDFC61E5CB03A6D4A7E70A78F4
:1077C000000C824228BF02461746BCF5E06F51D13B
:1077D000324B3A46DFF8E4A018783149314B0028A3
:1077E00018BF19465046FFF715F807238AF80130ED
:1077F00019E789B20029D3D127492B4D03C9A980A4
:1078000086284FEA11412860A971C9D172B627486C
:10781000017841F040010170D3F848110D0606D4FB
:1078200041F080018020C3F84401C3F8481162B6DA
:107830001F4B50211970B3E71E4AC7F30F4CEB647E
:1078400093601D4BAA6483F800C00123136080235A
:1078500053604FF00113C4F8BC31D4F8B03143F495
:107860008033C4F8B031D4F8B031002BFBD1F6E44A
:10787000114B47E6DFF844A03A465046FEF7CAFFF0
:10788000D1E60620FFF766FC09F074FD38EB002016
:107890002101010221010001B41F0120DDD30120DB
:1078A000901F0060381E0060FCB80120D0D301207A
:1078B000E3D3012020E70020DAD3012080E6202056
:1078C0002DE9F0471F46831E042B01D9BDE8F08740
:1078D000DFF84C9015460C463C2209EBC0180646D2
:1078E0004FEAC01A002108F10400240404F070F8E3
:1078F000B5FA85F20123520944EA427449F80A4074
:10790000C8F83870C8F80830002FDFD0034AB340F9
:1079100011680B431360BDE8F08700BFC01F012052
:10792000000000202DE9F0470D46811E042901D9F1
:10793000BDE8F087C701DFF84C9092460446403717
:107940003C2200211E4609EB07082D0408F1040023
:1079500004F03EF8BAFA8AF2520945EA427249F84E
:1079600007200122C8F83860C8F80820002EDFD0B0
:10797000034B10341968A2400A431A60BDE8F0872F
:10798000C01F0120000000202DE9F0471446013AF5
:10799000022A04D81D46831E0746042B01D9BDE8E0
:1079A000F087DFF844900E46A4073C2209EBC0188C
:1079B00000214FEAC01A08F1040044EA064404F02A
:1079C00007F8012349F80A40C8F83850C8F80830C9
:1079D000002DE4D0034ABB4011680B431360BDE89F
:1079E000F08700BFC01F0120000000202DE9F047F4
:1079F0001446013A022A04D81D46831E0746042B6A
:107A000001D9BDE8F0874FEAC018DFF848A00E465C
:107A1000A40708F140083C22002144EA06440AEB8E
:107A2000080909F1040003F0D3FF01234AF80840D4
:107A3000C9F83850C9F80830002DE2D0044A07F1DF
:107A40001000116883400B431360BDE8F08700BF4E
:107A5000C01F01200000002012048160C36101F5F5
:107A6000405342F0800210B40124426001F50052FC
:107A7000046001F5805401F58041C46081615DF8C6
:107A8000044BC0E904237047831E0A46042B00D927
:107A90007047064B00F110014FF0010C03EBC010D2
:107AA0000CFA01F14030FFF78DBA00BF0000002052
:107AB000831E0A46042B00D970470121024B8140E6
:107AC00003EBC010FFF77EBA00000020406870474B
:107AD00000EB830398422DE9F04709D30AE050F800
:107AE000044B250C834221F8024B22F8025B01D99A
:107AF0008C07F4D4A3F10804A04230D2A3F1090802
:107B000000F1080C9646174FA8EB00084FEAD8087A
:107B100008F101084FEA880901EB88065CE902A434
:107B20000CF1080C1FFA8AF545EA04453C4041F87F
:107B3000045B44EA1A44B1424EF8044BEED100EB28
:107B4000C8004A44834208D950F8041B0C0C8342F5
:107B500026F8021B22F8024BF6D8BDE8F0870E4645
:107B6000F0E700BF0000FFFF38B5114A114B117854
:107B70001A680023104C114DCA401148214622605A
:107B80002A78FFF769FF2B782344BFF34F8F4FF01C
:107B9000E022C2F8684F2034A342FAD8BFF34F8FD7
:107BA000BFF36F8F06490620BDE83840FFF76CBF72
:107BB000D9D3012058210120E0E42020D8D301208E
:107BC00040E9002038B505460021FDF7A9FC012158
:107BD00004462846FDF7A4FC3B4B05461B78F3B151
:107BE000002C4AD0002D54D072B6384B18680028AB
:107BF0003DD0374A1168002956D019603549364BB7
:107C0000146000240A680D6034490C801C681A60F6
:107C1000FDF72EFC2046FDF72BFC62B638BD14B1F3
:107C20002046FDF725FC15B12846FDF721FC274C21
:107C3000206818B1FDF71CFC00232360244C206849
:107C400018B1FDF715FC00232360234C206818B100
:107C5000FDF70EFC002323601E4C206818B1FDF7D1
:107C600007FC002323601D4B00221A8038BD1C60D6
:107C7000194A1A4B15601880CFE7FDF7A3FB04469D
:107C8000B0B14FF480720021043003F0A1FE002D4A
:107C9000AAD1FDF797FB054688B14FF48072002109
:107CA000043003F095FE9FE70A4B14601D60B4E7B3
:107CB000002DB3D02846BDE83840FDF7D9BB20469B
:107CC000BDE83840FDF7D4BBDAD3012004ED002035
:107CD00008ED002010ED00200CED002096D30120CF
:107CE0002DE9F84F01224A4BDFF838A186081A70B7
:107CF000484BDAF800401F88474BB9461D68002CF6
:107D00004AD0002D51D0002E58D0C7F180039E429A
:107D10007AD3DFF814B1414FDFF81081FBB93B682B
:107D2000002B37D1D8F80030002B33D13C60C8F895
:107D30000050FDF747FB0446002843D0FDF742FB07
:107D40000546002846D0344BCAF800401860002E83
:107D500033D07F2E4FF000094FF0800345D92A1D04
:107D6000211D58464E4402EB490201EB4901803E79
:107D70000BEB830BFFF7ACFE3B681BB9D8F8003068
:107D8000002BD3D08023234A13801EB1244A1368CA
:107D900001331360BDE8F88FFDF714FB044600289B
:107DA000F8D0CAF80000002DADD1FDF70BFB054659
:107DB0000028EFD0184B1860A5E73746154B1F80F9
:107DC000BDE8F88F144BCAF800001860114B1880FA
:107DD000BDE8F88F2046FDF74BFB0F4BCAF800506B
:107DE0001D600C4B1D80BDE8F88F4F464B462A1D89
:107DF000211D584637441A4419443346FFF768FE9C
:107E0000044B1F80BDE8F88F7B00DFF81CB0EEE765
:107E1000AFD3012090D30120E8EC0020DCEC00205F
:107E2000F4B80120E4EC002000E52020E0EC002084
:107E300008B538B1114B5868C0F30E40C0F1B4001A
:107E4000FFF74EFF0023B4220D490C48FFF704FE54
:107E50000B4B03F1B401BFF34F8F4FF0E022C2F898
:107E60005C3F20339942FAD8BFF34F8FBFF36F8F37
:107E700002490520BDE80840FFF71ABE60E7002070
:107E800000E52020002303480349044A03700B60E7
:107E900013607047B1D3012004ED00200CED0020E9
:107EA000394A2DE9F84F13680133092B2DED028B68
:107EB00055D9B42100234FF02D0908EE101A136094
:107EC0000027DFF8D8B0DFF8D8A0DBF80000A9EB76
:107ED000070200284AD0BAF800C0051D2B4B05EB5D
:107EE0004C05D3F80080CCF180039A4208F10404D9
:107EF00028BF1A46264B04EB4C0403EB87065AB105
:107F0000114635F9023B013934F902EB9BB243EAE1
:107F10000E4346F8043BF4D194441744BCF17F0F60
:107F20000BD81FFA8CFC4F45AAF800C0CDD318EE31
:107F3000100ABDEC028BBDE8F88FFDF799FA4046B8
:107F4000FDF796FA1348144B00220168944602602C
:107F5000CBF8001019681A600C4B1960E3E7B021E8
:107F60004FF02C09136008EE101AA9E7084B0146E0
:107F7000920003EB470003F02BFD18EE100ABDEC56
:107F8000028BBDE8F88F00BF3CD200200CED002032
:107F900080EA002008ED002010ED002004ED002014
:107FA00096D3012038B5FFF77BFF114A114B0546E8
:107FB00012681B78104CDA40104900230A60024610
:107FC00021460F48FFF748FD6019BFF34F8F4FF070
:107FD000E023C3F8704F2034A042FAD8BFF34F8F8C
:107FE000BFF36F8F06490520BDE83840FFF74CBD51
:107FF00058210120D9D3012080EA0020E0E420208C
:1080000060E9002038B52B4900242B4B2B4A1C601B
:108010000C6011782A4BA1422A4A2B4D21461A6046
:108020000BBF032304230A20082020222B70274B98
:108030001870274803F0CCFC0122B4210520254B01
:10804000FFF7A2FC2346B42223492148FFF704FD91
:10805000214B03F1B401BFF34F8F4FF0E022C2F880
:108060005C3F20339942FAD8BFF34F8FBFF36F8F35
:1080700017490520FFF71CFD20220021174803F0B7
:10808000A7FC174B297801220620FFF7AFFC002040
:10809000FFF76AFD20220021124803F099FC052019
:1080A000114B0122B421FFF7A1FC0020BDE83840AC
:1080B000FFF778BFF4B80120F8B80120DDD3012024
:1080C000582101209A99192CD8D30120D9D3012005
:1080D00060E700204D5C020000E5202040E9002020
:1080E0008559020060E90020C15D02000378A12BE0
:1080F00001D000207047C3784078012B08D0022BB4
:10810000F7D181380328F4D8DFE800F01B17130BF0
:1081100010B40E4C184664680C705DF8044B136084
:108120007047012300200B70022348700120136068
:108130007047FF2300200B70F6E7002318460B70F2
:10814000F2E7024B98680870587AEDE720D20020D9
:108150000378212B01D000207047C3784278012B8F
:1081600009D0022BF7D1012AF5D1074B1046097827
:108170001A6099607047012AEDD1034B10460978C7
:10818000C3E90021704700BF20D20020124A134BE0
:10819000D2F8200220F07F40984210B584B002D27D
:1081A00000EB800040000E4C01A90A22FEF7D4FB30
:1081B00001A90023204611F8012B01333AB10A2B03
:1081C00020F8022FF7D11623237004B010BD5B00F6
:1081D000DBB2237004B010BD00441F4080969800AD
:1081E000BCE2002000F0F8BE00F0C8BE00F02CBFDA
:1081F00000F0E6BE00F082BF00F058BF084611460E
:1082000000F048BF38B50C4B04460C4D1B6829885C
:1082100043B1B1F5917F09D24B1C9BB2084A2B8028
:10822000545438BDB1F5917FF6D338BD00220448CF
:10823000984700210123F1E744B90120A8D3012088
:1082400058B90120F8B5144C4FF0E025134E4FF407
:10825000003204EB4024124F06EB40160346C5F8EB
:108260008C2121463A883046FFF7F6FB3B882344B1
:10827000BFF34F8FC5F85C4F2034A342FAD8BFF349
:108280004F8FBFF36F8F04203146FFF711FC4FF47F
:108290000033C5F80C31F8BDE0E7202080E700206E
:1082A0009CD3012042684FF6FC71114BC2F30E4281
:1082B000C0691B889B1A0B4017D00E4930B40E4C76
:1082C0000E4D227821F810300021013225F81010CF
:1082D000062A94BFD1B20A46217009490C6823448A
:1082E0000B60084B985430BC7047FFF7ABBF00BF22
:1082F0009CD3012008AF0120CCD3012024AF012062
:1083000000AF012040AF01202DE9F04F0123DFF83D
:1083100028A1DFF828B183B0414E9AF80020414DE2
:10832000414F8BF8003005EB42153388D7F80080B9
:10833000CDE90002002B6DD13C4CDFF804912846BA
:10834000FFF7C4FB10F080005DD03B68A3EB08038F
:10835000282B04D90123237003B0BDE8F08F2378C4
:10836000002BF9D199F80030002BF5D000F010FF68
:108370003388002BE3D02E4A9AF800101288D01AC6
:10838000043B2C4C9BB22044338000EB4120009EE8
:108390004902C0F8006C93BB04F5406428460C44C5
:1083A0002146FFF759FBBFF34F8F04F1200204F57C
:1083B0000073934234BF012310234FF0E02204EBFB
:1083C0004313C2F8704F20349C42FAD1BFF34F8F51
:1083D000BFF36F8F04202946FFF756FB019B022055
:1083E0000133032B94BFDBB200238AF80030FEF781
:1083F000B1FE00238BF8003003B0BDE8F08F0220FF
:10840000FEF78CFEF5E70A4B9AF800101A882070E8
:108410001346B5E7064A01991288D01AB0E700BFA3
:10842000A0D3012080E90020BCB80120D1D30120D5
:10843000A4D30120E0E72020D3D30120D5D301200D
:10844000DCD30120214B70B51B78002B3BD04FF4BF
:1084500000731E461E4980221E4D00240B80002101
:108460001D482B8003F0B4FA1C4A21461C4B1470A3
:10847000C0221C481C8003F0ABFA1B4A31461B4B40
:10848000042094609C60C2E90044194AC3E9004496
:108490001470184B184A1C70184B14602246FFF7D2
:1084A0000FFA2346224629880420FFF73BFA20468C
:1084B0000134FFF7C7FE062CF9D100231049114AF9
:1084C0000B70137070BD40231E46C3E7DDD301203F
:1084D0009CD30120A4D3012080E90020D3D3012024
:1084E000A0D3012080E7002008AF012024AF0120A5
:1084F000CCD30120CED3012000AF0120C160020007
:10850000D1D30120D5D30120024B1B780BB1FFF74B
:10851000FBBE7047DCD301202DE9F843214B1D78C9
:1085200015B9214E33880BB9BDE8F883DFF8888090
:108530001E4A98F800701E4C02EB47191D4A04EBC6
:108540004724128848462146D21A2B46FFF784FA60
:10855000BFF34F8F04F1200204F50073934234BF40
:10856000012310234FF0E02204EB4313C2F8704FB5
:1085700020349C42FAD1BFF34F8FBFF36F8F013786
:1085800049460420FFF780FA032F4FF000034FF015
:10859000020098BFFDB2338088F80050BDE8F84370
:1085A000FEF7D8BDD5D30120A0D3012080E900205B
:1085B000E0F32020A4D30120D3D30120F8B54FF459
:1085C00000324FF0E023204CC3F88C211F4B22785F
:1085D00019788A422ED0D3B21D4A1E4F01331E494C
:1085E0001E4E072B28BF0023D05C37F8102001EB6C
:1085F00040218D580432316892B2043927F8102096
:108600003160174931F81010914207D94FF0E0233B
:108610004FF400322846C3F80C21F8BDDBB22370BA
:10862000FFF710FE4FF0E0234FF400322846C3F866
:108630000C21F8BD00254FF0E0234FF4003228460E
:10864000C3F80C21F8BD00BFCED30120CCD301204C
:1086500040AF012024AF0120E0E7202000AF01203F
:1086600008AF01202DE9F0410746FFF7A7FF98B1B9
:10867000C0F3032300F00F059F4A04465E1CC0F3BD
:1086800003134FEA10281370A5F10803062B06D830
:10869000002F47D0BE4245D00020BDE8F081AB1E80
:1086A0005FFA88F0012B19D9F72818BFF02801D9F3
:1086B000052D13D0042D00F089816B1F022B40F291
:1086C00049810F2DE8D1F72808D8F02803D08B4B2B
:1086D0001B88002BE0D0FFF795FDDDE7F1380E2871
:1086E000DAD801A353F820F08566020097660200ED
:1086F000B3660200B5640200B5640200C166020000
:10870000B5640200CF660200B5640200096602008B
:108710003D66020025660200B5640200556602004F
:108720006D660200082DC4F3033318D1082B16D14F
:1087300073498022734BC4F307450F68F6B2240EC9
:108740001A701FB1294630462246B8476E490120AB
:108750006E4A6F4B0E7015701C70BDE8F081092DCC
:1087600014D1092B12D1220E664B00F0B780902154
:10877000C4F30745F6B21970D4B2664B1B68002BE0
:10878000E4D02246294630469847DFE70A2D05D136
:108790000A2B03D1604BA0215A4A06E00B2D11D1C0
:1087A0000B2B0FD15D4BB021564A1B68C4F3074514
:1087B000F6B21170240E002BC8D02946304622464E
:1087C0009847C3E70C2D40F081800C2B7ED1544B91
:1087D000C0214C4A1B68C4F30745F6B21170240E41
:1087E000002BB3D0294630469847AFE74D4B1B6866
:1087F000002B00F0FF80C4F307459847414AF6B2CA
:10880000240E82F80080A1E7474B1B68002BF2D1B1
:10881000464B1B682BB3FC20C4F307459847EDE794
:10882000434B1B68002BE6D1404B1B68CBB1FB20B0
:10883000C4F307459847E1E73E4B1B68002BDAD1AC
:108840003A4B1B686BB1FE20C4F307459847D5E748
:10885000394B1B68002BCED1344B1B680BB1FF206A
:108860009847C4F30745C9E7344BC4F307451B6871
:10887000002BC3D028469847C0E7314B1A68002A1E
:10888000EFD0630CC4F30640250C03F47E53EDB225
:1088900018439047B2E72B4BC4F307451B68002BE6
:1088A000E8D1ABE7284BC4F307451B68002BA4D1E4
:1088B000A4E7264B1B68002B9DD11C4B1B68002B8B
:1088C000CFD0F820C4F30745984797E70D2D62D124
:1088D0000D2B60D11E4BD0210A4A7BE78021F6B2D6
:1088E000C4F307451970064B1B68002B79D0294645
:1088F00030461446984729E7DED30120A8D301204B
:108900001CB90120E2D30120DFD30120E0D30120F4
:10891000E1D3012020B9012054B9012018B9012068
:1089200028B9012038B901203CB901202CB9012017
:1089300014B9012008B9012048B901204CB901201F
:1089400030B9012034B9012050B9012010B90120FB
:108950000CB90120FFF756FC052D08D0C4F30740E1
:10896000FFF750FC072D02D1200EFFF74BFC2A4BDE
:108970002A4819882A4A0170080A2A4C10700020D7
:10898000294A1880F0232468137064B32748012211
:10899000A047012081E60E2D7FF47EAE0E2B7FF4E2
:1089A0007BAE234BE021204A1B68117063B3610C3E
:1089B000C4F30642F6B201F47E51250C3046240E73
:1089C0001143EDB2A1F500519847BFE6FFF71AFC3D
:1089D000C4F30740FFF716FC200EFFF713FC00203E
:1089E0005BE61C46B2E6134B1B6893B10F489847F1
:1089F000012052E6104B1B68002B3FF432AFFA20E7
:108A0000C4F307459847F9E6C4F30745F6B2240EC8
:108A10009CE6012041E600BFA8D30120E0D301205D
:108A2000E1D3012044B90120E2D3012058B901204B
:108A300024B9012040B901202CB90120F8B5144C0B
:108A40004FF0E025134E4FF4003204EB4024124F58
:108A500006EB40160346C5F88C2121463A8830467D
:108A6000FEF7FAFF3B882344BFF34F8FC5F85C4FF6
:108A70002034A342FAD8BFF34F8FBFF36F8F032088
:108A80003146FFF715F84FF40033C5F80C31F8BD47
:108A9000E0FB202040E800209ED30120244B2DE95C
:108AA000F0411C884368C569C3F30E43E41A002CE7
:108AB00024DD204920480A780078D3B21F4E824234
:108AC0001F4807D010F8038036F81870C7F50072F9
:108AD000944218D90133002226F81540082B194E6C
:108AE00088BF134626F8152098BFDAB2C554164B36
:108AF0000A701A6814441C60BDE8F0812846BDE87D
:108B0000F041FFF79BBF07EB48201049224627445E
:108B1000084401EB4521FDF77DFE0B4A284626F867
:108B2000187013682344BDE8F0411360FFF786BF57
:108B30009ED30120CDD30120CFD3012014AF01203B
:108B400048AF012030AF012004AF0120E0FB20201E
:108B50001D4B1A78002A36D102F0FF031B4A127807
:108B60008AB32DE9F0411A4D2A8852B3194EC2F545
:108B70000068194F3278194C07EB421704EBC224F6
:108B8000424638462146FEF767FF04EB0802BFF372
:108B90004F8F4FF0E023C3F8704F2034A242FAD831
:108BA000BFF34F8FBFF36F8F03203946FEF76CFF83
:108BB00033780133DBB2032B88BF002333700023EB
:108BC0002B80BDE8F0817047D6D30120DCD3012093
:108BD000A2D30120D4D3012000EA0020E00B212001
:108BE0002DE9F04F85B0CDE90110002900F0BF80DC
:108BF0000023604CDFF89881DFF898A15E4F009366
:108C000001235E4A23705E4B1978B8F8003002EBFE
:108C10004119002B40F0A7801E461D469B46484642
:108C2000FEF754FF10F0800000F08C80BFF34F8FF0
:108C30009AF8003084F800B005B93E68002B7DD169
:108C40003B689B1B782B00F287804E4B1B78002BD8
:108C500074D000F09DFA0122B8F800301546227059
:108C6000002BDCD0464AC3F5006011781A4600EBB1
:108C7000C120454DC9022844019D954217D2039356
:108C8000DDE901512A46FDF7C5FD039B4FF0404247
:108C90005B1BA8F800303D4BC3F88420BFF34F8F17
:108CA000009800232844237005B0BDE8F08F364BB0
:108CB000CD180299FDF7AEFD00234FF4006229465E
:108CC0004846FEF7C9FEBFF34F8F05F1200205F5B8
:108CD0000063934234BF012340234FF0E02205EBB1
:108CE0004313C2F8705F2035AB42FAD1BFF34F8F08
:108CF000BFF36F8F03204946FEF7C6FE204A137864
:108D00000133DBB2032B84BF00231D4A1370B8F874
:108D10000030019AD11A009A1A4401910092029AE5
:108D20001A4400230292194AA8F80030C2F884308D
:108D3000BFF34F8F237000297FF462AF009805B016
:108D4000BDE8F08F4FF400620D4B8AF800001978EF
:108D50001346A8F800208AE7012300988AF800301B
:108D600005B0BDE8F08F1A46C3F500607FE70198B3
:108D7000E5E700BFD6D30120BCB8012000EA0020FF
:108D8000D4D30120DCD30120E00B212000002E40B1
:108D9000A2D30120D2D30120704700BF2D4B002168
:108DA00080222D4870B51B7800242C4D8B422C4E10
:108DB0000CBF40234FF400732B80338002F008FE79
:108DC000284A2146284B14704FF4807227481C8093
:108DD00002F0FEFD264A1021264B0220C2E9004483
:108DE000C2E90244244AC3E900441470234AC3E997
:108DF0000244234B1C70234614602246FEF792FD6A
:108E00002246318803201F4BFEF75AFD23460122DC
:108E100029880320FEF786FD20460134FFF70EFE69
:108E2000082CF9D1184B00214A221848184C04602C
:108E3000C3F88410C3F88020D3F84821154942F0C4
:108E40008072C3F8482121B1134A137843F001031B
:108E5000137070BDDDD3012000EA0020A6D30120ED
:108E60009ED30120D4D30120A2D3012040E80020CA
:108E700014AF012030AF0120CDD3012004AF012079
:108E8000CFD30120B968020000002E407CBA012037
:108E90006D69020000000000E4D301202DE9F04FCD
:108EA0004FF0E0234FF40032DFF8C8A083B0C3F8DE
:108EB0008C218B469AF8004000294FD08046E4B2BE
:108EC0000027DFF8B490264BABEB070225491B784F
:108ED000A34204F101043FD0092C234B404628BF94
:108EE00000241E5D39F816C00CEB462319441F4BB5
:108EF00033F81650A5EB0C05AA421CD20CEB462CFD
:108F000018491B4C61440192FDF784FC216839F833
:108F100016505846019AA1EB0B012A44394429F80E
:108F2000162021604FF0E0234FF40032C3F80C21EB
:108F300003B0BDE8F08F2A462F44FDF76BFC0C49C7
:108F4000E3B230460A68A844521B0A608AF800302F
:108F5000FFF774FDBB45B6D83846E3E70846E1E7BE
:108F6000CDD30120E0FB202048AF012014AF012029
:108F700004AF0120CFD3012030AF01200B4B0C4AAE
:108F800012781978D3B28A420DD0013309480A4ABF
:108F9000092B0A4928BF0023C35C31F8131002EBE8
:108FA0004323585C70474FF0FF307047CDD301200A
:108FB000CFD3012048AF0120E0FB202030AF0120BB
:108FC000044B10B51C680CB1204610BD00F0E0F851
:108FD000204610BD04AF01202DE9F84F144E154D69
:108FE00033782A78934221D0DCB2DFF85090DFF852
:108FF00050B0DFF85080104F0134082C5FFA84FA2B
:1090000001D90024A24619F80400DBF8003038F832
:10901000102037F81010521A9B1ACBF80030FFF7C7
:109020000DFD86F800A02B78A342E5D1BDE8F88FAE
:10903000CFD30120CDD3012030AF012048AF012094
:1090400004AF012014AF012000B583B001210DF160
:109050000700FFF723FF20B19DF8070003B05DF87C
:1090600004FB4FF0FF30F9E7094B00B583B01B78E4
:109070008DF807003BB101210DF10700FFF7B0FDAE
:1090800003B05DF804FB03F0FF0003B05DF804FBE0
:10909000DCD30120044B1B7803F0FF020BB1FFF778
:1090A0009FBD1046704700BFDCD301202DE9F04181
:1090B0000024DFF8448001230D4D27460D4E88F82B
:1090C0000030337828462035A34204F1010405D04E
:1090D000FEF7FCFC030658BF07F50067042CF0D12F
:1090E000BFF34F8F0023384688F80030BDE8F08189
:1090F00000EA0020D4D30120D6D301202DE9F84383
:109100001D4B1B7813B11D4D2A880AB9BDE8F883A1
:109110001B4EC2F500691B4933784A461A4C01EBD5
:1091200043181A4F04EBC324012340463B702146E9
:109130000023FEF791FC04EB0902BFF34F8F4FF0C1
:10914000E023C3F8704F2034A242FAD8BFF34F8F08
:10915000BFF36F8F03204146FEF796FC337801334F
:10916000DBB2032B88BF0023337000232B80BFF3B7
:109170004F8F3B70BDE8F883DCD30120A2D30120E0
:10918000D4D3012000EA0020E00B2120D6D3012017
:109190002DE9F8432D4B1E7866B12D4F3B784BB926
:1091A0000123F1073B7043D4B20726D400233B7060
:1091B000730701D4BDE8F883264B1A68002AF9D05A
:1091C000EFF30582002AF5D1EFF3108572B6186827
:1091D000002834D0204C2178002930D1012222707F
:1091E00042691A60002A2ED0916105B962B6002545
:1091F0008368457798472570DCE7DFF8648098F846
:109200000030002BD2D00025DFF858902B4659F8BB
:1092100023400135236820461B69984710B16369D4
:109220009B68984798F80020EBB29A42EFD8BDE7C8
:10923000FFF7C6FE0028B7D0AFF30080B4E7002DDB
:10924000B8D162B6B6E7054B1A60CEE7E4D3012089
:10925000BAD3012014ED0020B2D3012020ED00206C
:10926000B3D3012024ED002070B5EFF3108272B665
:109270000C4C206880B10C4E00254369236073B10B
:109280009D6102B962B6836845779847EFF3108213
:1092900072B620680028F0D102B962B670BD3360A2
:1092A000EFE700BF1CED002018ED0020FFF7DCBF4A
:1092B0000449054A4968054B196013680133136076
:1092C000704700BF001000E0BCB80120B8B8012012
:1092D000074A506A936A19468446506A936A9942CB
:1092E000F9D18445F7D1DB0B43EA4040704700BF1A
:1092F00000400D4000F03F020B4B8009520233F951
:10930000101030B4C2F50044451C084801FB04F1BC
:1093100033F91530084002FB030040F3CF3030BC76
:1093200020F00100704700BF20AE00200000FFFFCA
:1093300003460846194602F00FBC00BF90F8A32070
:1093400090F8A200101A704790F8A23090F8A3206D
:109350009A4205D95A1C034480F8A220987E70478F
:109360004FF0FF30704700BF90F8A23090F8A32074
:109370009A4202D91844807E70474FF0FF30704700
:10938000704700BF0346B0F8300178B193F82F2141
:10939000882A03D9012200205A60704702F1010C8B
:1093A00001201A4483F82FC182F8A510704700BF2E
:1093B00038B5B0F830410CB9204638BD90F82F319F
:1093C0000546C3F18904A2420DD8144605F1A50053
:1093D00022461844FDF71EFA95F82F312046234403
:1093E00085F82F3138BD01224260EFE72DE9F04FBB
:1093F000D0F814A01524017E8146437E83B00AEB89
:109400000111384A0AEB0313374F097A93F82830D1
:1094100002EB01150901E86852F8018002EB031123
:10942000D5F804B01B01CE68D558CBF80040C8F879
:109430008400D8F804304A6803432C490192C8F8E4
:1094400004301460C5F884606B6833436B60284B4C
:109450004C683A68A3FB0232920C02EB8202520083
:109460004B681B1B9A42FBD84FF0090C1F4ADFF8D0
:1094700080E0D8F80830034202D0AB6833422FD1E5
:10948000C5F8886054683968AEFB0131890C01EB7E
:10949000810153681B1B9942FBD8C5F8846054684E
:1094A0003968AEFB0131890C01EB810153681B1B4C
:1094B0009942FBD8BCF1010CDBD1604699F8183019
:1094C000019A0AEB0313DB68CBF8003099F81930E6
:1094D0000AEB031ADAF82C30136003B0BDE8F08F02
:1094E0000120EBE794A700204CCE0020001000E004
:1094F00083DE1B430E4A10B51168046905E0DB01E9
:1095000007D413685B1A102B08D8636913F0007F27
:10951000F5D14FF4FE430120636110BDFFF766FFF4
:109520000028FAD04FF4FE4301206361F5E700BF45
:10953000BCB801202DE9F04790F82FA10569BAF1D8
:10954000000F4FD081468846FFF7D4FF002849D04E
:10955000374E0024376818E06B69190551D4DA04D6
:1095600055D4580559D4990441D43268D21B322AB3
:109570003DD8544507D9EA6D520704D19B0555D40F
:10958000B8F1000F52D0FFF703FE5445E4D8EA6D5E
:10959000500702F00703DFD413E099F8A520013348
:1095A000022442F48062042B2A661ED08A4503F10D
:1095B000010309EB01020ED992F8A520042B2A66BB
:1095C000CAD00121002CE8D02146013301348A455C
:1095D00009EB0102F0D8B8F1000FBDD04FF40073D1
:1095E0002B66B9E70420BDE8F0870124B4E72B69B6
:1095F0004FF40072042043F440732B612A66BDE8E7
:10960000F0872B69042043F440732B61EBE72B694F
:10961000052043F440732B61E5E72B694FF400729A
:10962000022043F440732B612A66DCE70020DAE76E
:10963000BCB801202DE9F84F83460C4615461F465D
:10964000D0F810A0FFF756FF002800F09E806100C0
:10965000012DDFF83C8140F20146CBB24FF0000112
:1096600038BF0125D8F800900C461E43ABF8A21075
:1096700020E09BF8A330872B3FD9DAF8142010059F
:109680005AD412F4105F70D1D8F80030A3EB09035C
:10969000322B6AD89BF8A330AB4209D3022C07D9EE
:1096A000DAF85C30590703D193054BD4002F49D029
:1096B000FFF76EFD022CDCD8DAF85C3003F007020D
:1096C0005B07D6D4681E224440F480704CB9CAF8B7
:1096D00060600134131B032BCBD8022CC9D8002C9B
:1096E000F5D0012C37D01FB14FF40073CAF86030A9
:1096F0009BF8A3300324872BBFD8DAF85C2012F440
:10970000E02FC2F3024CB8D0591C9C441933C9B2A3
:109710005FFA8CFC5BFA83F3DAF870004A1C61454F
:109720008BF8A310D1B203F8010FA6D08929F3D189
:10973000DAF814201005A4D5DAF8103043F4407399
:10974000CAF81030DAF85C3013F4E02F06D19BF839
:10975000A300BDE8F88FCAF86000BAE7DAF8103065
:1097600043F40073CAF81030F1E7DAF810304FF420
:10977000007243F44073CAF81030CAF86020DAF877
:109780005C3013F4E02FE2D0E8E70420BDE8F88F66
:10979000BCB80120F8B506690446D6F8145115F492
:1097A000706301D0C6F81431A8070BD5D6F8702124
:1097B00011043DD50023012184F8A230234484F80C
:1097C000A3109A76EA0710D594F83071F7B194F89F
:1097D0002E7194F82F31BB4226D97B1C274484F884
:1097E0002E3197F8A530C6F86031AB050DD594F849
:1097F000A30018B1D4F83C3103B198470023A4F872
:10980000A230A4F82E3184F83031F8BDD4F83831C4
:1098100003B19847002384F82E31012384F83031B6
:1098200094F82F31BB42D8D80023C6F86031DCE76A
:1098300094F8A330872BC5D8591CC9B2BEE700BF26
:109840000148FFF7A7BF00BF60CE00200148FFF727
:10985000A1BF00BFA0CF00200148FFF79BBF00BF02
:10986000E0D0002010EE103A40F22A41C3F30A5231
:109870008A42B7EEC03A32D8B7EE000B2D4B93EDCB
:109880004A2B93ED481BB0EE417BA2EE037B17EE13
:10989000100A37EE417B00F01F0203EBC20130B427
:1098A00092EE037B93ED4C4B53F832404D6893EDB1
:1098B0004E6B93ED505BA4EE076B27EE074B002138
:1098C0000A1905EBC033A5EE070B43EC172BA6EEE8
:1098D000040B30BC20EE070BB7EEC00B704713F53E
:1098E000000F20D0B2F5FF6F1AD2DFED137AB4EE7D
:1098F000E70AF1EE10FA10DCDFED107AB4EEE70AB9
:10990000F1EE10FA12D4DFED0E7AB4EEE70AF1EEC2
:1099100010FAB1D5002000F079BD002000F07CBD28
:1099200030EE000A70479FED070A7047002000F0F4
:1099300067BD00BF800300201772B142B4F1CFC2EF
:10994000CF8ECEC20000000010EE103AC3F30A52D0
:10995000B2F5866FB7EEC07A2ED2B7EE000B2A4B67
:1099600093ED402B32EE073B13EE100A33EE423BF1
:1099700000F01F0203EBC20130B437EE437B93EDDE
:10998000424B53F832404D6893ED446B93ED465B88
:10999000A4EE076B27EE074B00210A1905EBC03335
:1099A000A5EE070B43EC172BA6EE040B30BC20EE04
:1099B000070BB7EEC00B704713F5000F1ED0B2F5C2
:1099C000FF6F18D2B5EEC00AF1EE10FA10DCDFED31
:1099D0000F6AB4EEE60AF1EE10FA12D9DFED0C6A66
:1099E000B4EEE60AF1EE10FAB7D5002000F00EBD95
:1099F000002000F011BD30EE000A70479FED050A0F
:109A00007047002000F0FCBC80030020000016C35B
:109A1000000015C30000000010EE103AB3F17E5FA5
:109A20003ED0A3F50001B1F1FE4F10EE102A3AD25C
:109A3000BFEE002B02F14043284903F54D03C3F369
:109A4000C34001EB001091ED424B91ED447B91ED51
:109A5000406B91ED465BD90DC9052DED028B90ED64
:109A6000021B90ED008B521ADB1500EE103A03EE4C
:109A7000902AB8EEC00BB7EEE33A30EE010BA8EE39
:109A8000032BBDEC028B22EE023BA4EE027BA5EE83
:109A9000020BA6EE037BA3EE070BB7EEC00B7047DD
:109AA0009FED0F0A7047590014D0B3F1FF4F14D047
:109AB000002B0BDBB1F17F4F08D2DFED0A7A60EEAD
:109AC000277A17EE903AA3F13862B1E700EE103A28
:109AD00000F0BABC012000F0A5BC7047C80400200B
:109AE000000000000000004B0000000070B553ECC7
:109AF000102B784C03F1404C4FF0FF350CF5901CC7
:109B0000954274EB0C042DED068B10EE100A1E46E8
:109B100052D24FEA134EAEF1100547F6DF74A5425C
:109B200000F29F80BFEE008B06F1404303F5D01397
:109B3000C3F346324FEA135C1B1507EE903A664BAF
:109B400003EB021493ED006B94ED261B4FEA0C5CC3
:109B500093ED0C4BB8EEE79B93ED025BA6EE091B71
:109B600093ED042B93ED083B93ED067B94ED240BD2
:109B700093ED0A6B021EA6EB0C0343EC1A2BAAEE24
:109B8000008BA4EE086BA3EE087B28EE084BA6EE34
:109B9000047B38EE016B31EE460B30EE080B28EEFD
:109BA000048BA5EE090BA2EE040BA8EE070B30EE1A
:109BB000060BBDEC068B70BD484CA34208BF002AC3
:109BC00079D0B7EE001B30EE411B434921EE01ABCB
:109BD00091ED123B91ED184B91ED107B91ED166BD1
:109BE000A3EE017BA4EE016B91ED1E3B91ED1C4BAE
:109BF00091ED0E8BA3EE014B9FED309B91ED145B2D
:109C000091ED200BA5EE0A7BB0EE415B91ED1A2B96
:109C1000A0EE0A4BA1EE095B91ED223BA1EE495B60
:109C2000A2EE0A6BB0EE410B21EE0AABA3EE0A4B9B
:109C3000A4EE0A6B25EE054BA6EE0A7BA4EE080BFC
:109C400031EE456B31EE055B28EE066B31EE401BC5
:109C5000A4EE081BA6EE051BA7EE0A1B30EE010BB7
:109C6000A7E7941843EB03052C431DD01C4CA342DB
:109C700008BF002A9DD01EF4004F0DD147F6F071A9
:109C800031EA0E0108D09FED0F7B20EE077B51ECEF
:109C9000170BA1F1507645E7BDEC068B43EC102B7A
:109CA000BDE8704000F03ABCBDEC068B0120BDE879
:109CB000704000F01BBC9FED050B7AE70000000030
:109CC0000000A04100000000000030430000000040
:109CD00000000000FF080300E80500200000F03F3E
:109CE0000000F07F30B410EE103A2DED028BA3F59A
:109CF000000110EE902AB1F1FE4F10EE104A82B032
:109D00004FEA42017CD201F1FF3C6FF08070844544
:109D100080F0F780002004F1404303F54D03C3F3C6
:109D2000C342DB0DDB05E11ADB1507EE903AB14BC0
:109D300003EB021292ED003B04EE101AB7EEE06A5C
:109D4000B7EEC44ABFEE000BA3EE040B93ED443B09
:109D500020EE001B93ED464B93ED402BA0EE034B02
:109D600093ED425B93ED483BA0EE025B21EE012BAD
:109D700092ED028BB8EEE77B37EE087BA0EE037B1B
:109D8000A1EE047BA5EE027B26EE077B17EE903A50
:109D900048F2BF01C3F3CF338B4250D2B7EE000B72
:109DA000954B93ED402B37EE023B13EE102A33EE2A
:109DB000423B02F01F01821803EBC10093ED424BBE
:109DC00037EE437B53F83140456893ED446B93ED98
:109DD000465BA7EE046B27EE074B0023181905EB33
:109DE000C231A7EE050B41EC170BA6EE040B20EEDB
:109DF000070BB7EEC00B02B0BDEC028B30BC704756
:109E00004D1E6FF08070854280F0CE8059004D1E4F
:109E1000854280F09280002B55DB0020B4F5000FC6
:109E2000BFF479AFDFED757A07EE103A67EE277A67
:109E300017EE904A24F00044A4F138646BE79FEDDC
:109E4000656BB4EEC67BF1EE10FA15DC9FED636B2B
:109E5000B4EEC67BF1EE10FA20DD4FF04C5388B122
:109E60000193DDED016ABFEE006A76EE666AF4EEFC
:109E7000466AF1EE10FA11D002B0BDEC028B30BC94
:109E800000F0CABA0093DDED006AB7EE006A76EE24
:109E9000866AF4EE466AF1EE10FAEDD19FED516B51
:109EA000B4EEC67BF1EE10FA57D99FED506BB4EECD
:109EB000C67BF1EE10FA7FF571AF02B0BDEC028BFC
:109EC00030BC00F0A3BAC2F3C7517E2911DD962938
:109ED00054DC0120C1F1960100FA01F1481E104244
:109EE00007D1114214BF01200020000424F00044D7
:109EF00094E700EE103A02B0BDEC028B30BC00F0EB
:109F0000A3BA002952D0B3F17E5F2CD06400B4F123
:109F10007F4F2ED8B1F17F4F2BD1B4F1FE4F4BD0F4
:109F2000B4F1FE4F6FEA020234BF00240124D20FC5
:109F300094424CD09FED320A5DE7002B20EE000AE0
:109F40001EDB002000293AD1002ABFF654AF02B030
:109F5000BDEC028B30BC00F065BA02B0BDEC028BE8
:109F600030BC00F04DBA82F48002520012F5000FAE
:109F700022D907EE903A37EEA00A3CE70020B5E779
:109F8000C2F3C753A3F17F001728DAD8C3F19600B4
:109F9000012303FA00F0441E1442D2D11040D1D064
:109FA000B1EE400A1846CDE70029AFD184F4800213
:109FB000520012F5000FDCD8B7EE000A1BE7002AAA
:109FC000BFF619AFF7EE007A87EE800A13E720EEAE
:109FD000A00A10E771D5D1FFFFFF5F40E2AAA3FFFF
:109FE000FFFF5F400000000000C062C000000000F2
:109FF00000A062C0680F0020800300200000004B1A
:10A000000000000030B510EE104AC4F30A53B3F557
:10A010007D7FB7EEC06A83B01BD226EE065BB3F538
:10A02000667F6ED326EE052B25EE021B734B93ED58
:10A030001A3B93ED187B93ED164BA5EE037BA2EE36
:10A04000046BB0EE460BA7EE010BB7EEC00B03B0EE
:10A0500030BD40F22E4293425ED8684991ED087BB4
:10A0600026EE077BFDEEC77B91ED0A5B17EE903A7B
:10A0700003F500031B1613F0020F07EE903A01F1EF
:10A08000700208BF0A46D807B8EEE77BA7EE456B1B
:10A0900026EE067B1BD403F0030301EBC30192ED14
:10A0A0001A4B91ED002B92ED185B26EE026B92EDB0
:10A0B000163BA7EE045B26EE074B27EE047BA4EECF
:10A0C000036BA5EE076BB7EEC60B03B030BD92ED88
:10A0D000142B27EE075B92ED126B92ED0E3BA7EE71
:10A0E000026B92ED0C0B92ED104BA7EE030B27EEDB
:10A0F000057BA5EE040BA6EE070BB7EEC00B03B075
:10A1000030BD220D12F4FF6FDFD1B7EEC55B00EE5C
:10A11000104A8DED015AD8E7B3F5FF6F4BD2384B9B
:10A12000C4F3836203EB820053F822200569C4F371
:10A130001603C4F3C25143F400038B40016A03FBCE
:10A1400002F2A3FB0110E3FB050202F100518D0FA7
:10A1500001F04041511A00F07FFB2A4B9FED257B17
:10A1600005EBD47441EC160B14F0020FA3F170024E
:10A1700008BF1346E90726EE077B27EE076B1FD4BF
:10A1800004F0030402EBC40293ED1A4B92ED002B92
:10A1900093ED185B27EE027B93ED163BA6EE045B76
:10A1A00027EE064B26EE046BA4EE037BA5EE067BA2
:10A1B000B7EEC70B89E703B0BDE8304000F044B903
:10A1C00093ED142B26EE065B93ED127B93ED0E3B85
:10A1D000A6EE027B93ED0C0B93ED104BA6EE030B5A
:10A1E00026EE056BA5EE040BA7EE060BB7EEC00B33
:10A1F0006BE700BF182D4454FB21193C9010002040
:10A20000E8A40020001100200000000038B510EE86
:10A21000104AC4F30A53B3F57D7FB7EEC07A1ED25D
:10A2200027EE077BB3F5667F6FD327EE071B634BE3
:10A2300093ED142B93ED125B93ED0E3BA7EE025BB7
:10A2400093ED0C0B93ED104BA7EE030B27EE017B68
:10A25000A1EE040BA5EE070BB7EEC00B38BD40F224
:10A260002E42934254D8554991ED086B27EE066B68
:10A27000FDEEC66B91ED0A5B16EE903A03F5000316
:10A280001B1613F0020F06EE903A01F1700208BFA0
:10A290000A46D807B8EEE66BA6EE457B27EE076BBD
:10A2A0001AD503F0030301EBC30191ED002B92EDEE
:10A2B0001A4B92ED185B92ED163BA6EE045B27EE6F
:10A2C000027B27EE064B26EE046BA4EE037BA5EE85
:10A2D000067BB7EEC70B38BD92ED142B92ED127BC7
:10A2E00092ED0E3B92ED0C0B92ED104B26EE065BC1
:10A2F000A6EE027BA6EE030B26EE056BA5EE040B85
:10A30000A7EE060BB7EEC00B38BDB7EE000A38BD9E
:10A31000B3F5FF6F3DD22A4BC4F3836203EB820097
:10A3200053F822200569C4F31603C4F3C25143F461
:10A3300000038B40016A03FB02F2A3FB0110E3FB65
:10A34000050202F100518D0F01F04041511A00F059
:10A3500083FA1C4B9FED177B05EBD47441EC160B75
:10A3600014F0020FA3F1700208BF1346E90726EEAE
:10A37000077B27EE076B10D504F0030402EBC40241
:10A3800092ED002B93ED1A4B93ED185B93ED163B7A
:10A3900093E7BDE8384000F057B893ED142B93EDE8
:10A3A000127B93ED0E3B93ED0C0B93ED104B9DE761
:10A3B000AFF30080182D4454FB21193C901000206D
:10A3C000E8A400200011002010B582B08DED010A34
:10A3D000044601F0EFFB9DED010A046002B010BDE0
:10A3E00030B1F1EE407A27EE800A2220FFF7ECBF71
:10A3F000F0EE407A27EE800A2220FFF7E5BF00BF8B
:10A400009FED010AFFF7ECBF000000109FED010A6D
:10A41000FFF7E6BF0000201A9FED010AFFF7E0BF3B
:10A42000000000709FED070AFFEE007AB7EE007A99
:10A4300000284FF0220047FE277A87EE800AFFF7B8
:10A44000C3BF00BF0000000070EE407AB4EE400AC7
:10A4500087EEA77AF1EE10FAB0EE470A02D6212075
:10A46000FFF7B2BF704700BF10EE101AC1F3C7521A
:10A470000029A2F17F0CB4BF4FF0FF300120BCF1E6
:10A480001E0F0FDCBCF1000F1DDBC1F31603BCF186
:10A49000160F43F400030ADD963A03FA02F202FBB8
:10A4A00000F07047FDEEC07A17EE900A70474FF447
:10A4B000800242FA0CF21A44CCF1170C22FA0CF288
:10A4C00002FB00F07047BCF1FF3F18BF002070474F
:10A4D00010B582B08DED000B044601F06BFB9DEDD5
:10A4E000000B046002B010BD0000000082B0002824
:10A4F000B7EE006BBFEE007B06FE077B8DED007BA9
:10A500009DED000B9FED037B222080EE070B02B038
:10A51000FFF7DEBF0000000000000000B4EE400BBB
:10A52000F1EE10FA30EE407B87EE076BB0EE460B93
:10A5300002D62120FFF7CCBF704700BF81F0004159
:10A5400002E000BF83F0004330B54FEA41044FEA18
:10A55000430594EA050F08BF90EA020F1FBF54EAB3
:10A56000000C55EA020C7FEA645C7FEA655C00F04F
:10A57000E2804FEA5454D4EB5555B8BF6D420CDD20
:10A580002C4480EA020281EA030382EA000083EAA3
:10A59000010180EA020281EA0303362D88BF30BD43
:10A5A00011F0004F4FEA01314FF4801C4CEA113199
:10A5B00002D0404261EB410113F0004F4FEA0333F8
:10A5C0004CEA133302D0524263EB430394EA050F83
:10A5D00000F0A780A4F10104D5F1200E0DDB02FAF2
:10A5E0000EFC22FA05F2801841F1000103FA0EF286
:10A5F000801843FA05F359410EE0A5F120050EF14C
:10A60000200E012A03FA0EFC28BF4CF0020C43FA7C
:10A6100005F3C01851EBE37101F0004507D54FF089
:10A62000000EDCF1000C7EEB00006EEB0101B1F5D9
:10A63000801F1BD3B1F5001F0CD349085FEA30001F
:10A640004FEA3C0C04F101044FEA445212F5800F2A
:10A6500080F09A80BCF1004F08BF5FEA500C50F1C7
:10A66000000041EB045141EA050130BD5FEA4C0CAA
:10A67000404141EB0101013C28BFB1F5801FE9D207
:10A6800091F0000F04BF01460020B1FA81F308BF2A
:10A690002033A3F10B03B3F120020CDA0C3208DDF6
:10A6A00002F1140CC2F10C0201FA0CF021FA02F1D1
:10A6B0000CE002F11402D8BFC2F1200C01FA02F141
:10A6C00020FA0CFCDCBF41EA0C019040E41AA2BF66
:10A6D00001EB0451294330BD6FEA04041F3C1CDA2E
:10A6E0000C340EDC04F11404C4F1200220FA04F04E
:10A6F00001FA02F340EA030021FA04F345EA0301F8
:10A7000030BDC4F10C04C4F1200220FA02F001FAB9
:10A7100004F340EA0300294630BD21FA04F029463B
:10A7200030BD94F0000F83F4801306BF81F48011D4
:10A730000134013D4EE77FEA645C18BF7FEA655C47
:10A7400029D094EA050F08BF90EA020F05D054EA19
:10A75000000C04BF1946104630BD91EA030F1EBF1E
:10A760000021002030BD5FEA545C05D14000494122
:10A7700028BF41F0004130BD14F580043CBF01F515
:10A78000801130BD01F0004545F0FE4141F47001FB
:10A790004FF0000030BD7FEA645C1ABF19461046D6
:10A7A0007FEA655C1CBF0B46024650EA013406BFD7
:10A7B00052EA033591EA030F41F4002130BD00BF96
:10A7C00090F0000F04BF0021704730B54FF4806453
:10A7D00004F132044FF000054FF0000150E700BFD4
:10A7E00090F0000F04BF0021704730B54FF4806433
:10A7F00004F1320410F0004548BF40424FF0000120
:10A800003EE700BF42004FEAE2014FEA31014FEA62
:10A8100002701FBF12F07F4393F07F4F81F06051B1
:10A82000704732F07F4208BF704793F07F4F04BFFC
:10A8300041F40021704730B54FF4607401F00045D9
:10A8400021F000411CE700BF50EA010208BF704739
:10A8500030B54FF000050AE050EA010208BF70472A
:10A8600030B511F0004502D5404261EB41014FF493
:10A87000806404F132045FEA915C3FF4D8AE4FF09B
:10A8800003025FEADC0C18BF03325FEADC0C18BF7E
:10A89000033202EBDC02C2F1200300FA03FC20FACF
:10A8A00002F001FA03FE40EA0E0021FA02F114441C
:10A8B000BDE600BF53B94AB9002908BF00281CBF34
:10A8C0004FF0FF314FF0FF3000F070B9ADF1080CE0
:10A8D0006DE904CE00F006F8DDF804E0DDE90223BE
:10A8E00004B070472DE9F047089E0D4604460F4618
:10A8F000002B4AD18A42944665D9B2FA82F343B119
:10A9000002FA03FCC3F120029F4020FA02F217432F
:10A910009C404FEA1C4E1FFA8CF5B7FBFEF1220C4F
:10A920000EFB117742EA074201FB05F090420AD97B
:10A930001CEB020201F1FF3780F01C81904240F2D3
:10A94000198102396244121AA4B2B2FBFEF00EFB66
:10A95000102244EA024400FB05F5A5420AD91CEB8B
:10A96000040400F1FF3280F00781A54240F2048127
:10A970006444023840EA0140641B00211EB1DC40FF
:10A980000023C6E90043BDE8F0878B4208D9002EBA
:10A9900000F0ED800021C6E900050846BDE8F0871B
:10A9A000B3FA83F1002949D1AB4202D3824200F2CB
:10A9B000F880841A65EB030201201746002EE2D0CE
:10A9C000C6E90047DFE702B9FFDEB2FA82F3002BE7
:10A9D00040F090808A1A4FEA1C471FFA8CFE012132
:10A9E000B2FBF7F507FB1520220C42EA00420EFBF2
:10A9F00005F0904208D91CEB020205F1FF3802D2A3
:10AA0000904200F2CB804546121AA4B2B2FBF7F096
:10AA100007FB102244EA02440EFB00FEA64508D9BB
:10AA20001CEB040400F1FF3202D2A64500F2BB8009
:10AA30001046A4EB0E0440EA05409FE7C1F1200751
:10AA40008B4022FA07FC4CEA030C05FA01F420FAC9
:10AA500007F3FD404FEA1C492343B5FBF9F81FFA01
:10AA60008CFE09FB18551C0C44EA054408FB0EF546
:10AA7000A54202FA01F200FA01F00BD91CEB040422
:10AA800008F1FF3A80F08880A54240F28580A8F165
:10AA900002086444641B9DB2B4FBF9F309FB134440
:10AAA00045EA044403FB0EFEA64508D91CEB04044A
:10AAB00003F1FF356CD2A6456AD9023B644443EAF0
:10AAC0000843A3FB0295A4EB0E04AC42C846AE4675
:10AAD00056D353D056B1B0EB080264EB0E0404FA1F
:10AAE00007F7CA40CC401743C6E900741846002156
:10AAF000BDE8F087C3F1200102FA03FC20FA01F25D
:10AB000025FA01F19D402A434FEA1C471FFA8CFEAB
:10AB1000B1FBF7F007FB1015110C41EA054100FBF2
:10AB20000EF58D4204FA03F408D91CEB010100F183
:10AB3000FF382FD28D422DD902386144491B92B281
:10AB4000B1FBF7F507FB151142EA014205FB0EF1D7
:10AB5000914208D91CEB020205F1FF3816D291424E
:10AB600014D9023D6244521A45EA004138E73146A1
:10AB7000304608E73946E6E61046FBE64845A9D2E6
:10AB8000B9EB020865EB0C0E013BA3E74546EAE78B
:10AB90002B4694E74046D1E7D0467BE7023D62442E
:10ABA00032E708460AE76444023842E7704700BFCC
:10ABB0000A22002100F09EBD024B0146186800F0F9
:10ABC0000BB800BFD4D70020024B0146186801F033
:10ABD000ABBA00BFD4D700202DE9F04F01F10B062E
:10ABE000162E83B0044624D8102900F2BA8000F053
:10ABF000A3FA102618220220B54F3A44A2F1080108
:10AC000053688B4200F0BA805A68D96822F0030278
:10AC10001A449D68E9608D60516841F00101204649
:10AC2000516003F1080500F08DFA284603B0BDE835
:10AC3000F08F36F0070600F19480B14200F2918067
:10AC400000F07AFAB6F5FC7FC0F09A81730A00F042
:10AC50008F80042B00F26F81B30903F1390003F1F7
:10AC6000380CC3009A4F3B44A3F108055B689D4232
:10AC700006D10CE0002980F22781DB689D4206D0D6
:10AC80005A6822F00302911B0F29F3DD60463D69EB
:10AC9000DFF850C265457CD06A6822F00302931B3E
:10ACA0000F2B00F37B81002BC7E904CC80F26C8171
:10ACB000B2F5007F80F01A81D308796801334FEA3A
:10ACC000521E012202FA0EF20A4357F833E0C5F889
:10ACD00008E007EBC3010839E9607A6047F83350B0
:10ACE000CEF80C50831001219940914257D811425F
:10ACF00006D120F003004900114200F10400FAD00F
:10AD000007EBC0094D468646D5F80C80454508D16D
:10AD10001DE1002B80F22481D8F80C80454500F01D
:10AD20001681D8F8042022F00302931B0F2BF0DDCC
:10AD30002046D8E9025408EB060146F00106C8F89F
:10AD40000460EC60A56043F00104C7E90411C1E9A7
:10AD500002CC4C6048F8023000F0F4F908F1080524
:10AD600002E00C2323600025284603B0BDE8F08FE5
:10AD70004FF4007340204FF03F0C73E7D3689A42C2
:10AD800008BF02307FF440AF3D69DFF858C1654528
:10AD900082D17A688310012199409142A7D9BD6878
:10ADA0006B6823F003094E4503D8A9EB06030F2B6C
:10ADB0007ADCDFF834B1474BDBF800201B68013246
:10ADC000334405EB090A00F0338103F580530F3358
:10ADD00023F47F6828F00F084146204600F0C2FEA9
:10ADE000411C024600F0F380824500F2EE803A4BAF
:10ADF000196841441960084600F04E81DBF80010E4
:10AE0000019301311BBFA2EB0A010918CBF8002006
:10AE1000196012F0070B00F01781CBF108010A440A
:10AE2000CBF5805190440831A1EB0801C1F30B0A26
:10AE300051462046009200F095FE421CDDE90023B9
:10AE400000F04F81801A00EB0A081968BA6048F0D8
:10AE500001005144BD425060196000F02981B9F1F0
:10AE60000F0F40F227816868A9F10C0C2CF0070C39
:10AE700000F0010040EA0C0068604FF0050E05EBA1
:10AE80000C00BCF10F0FC0E901EE00F232815068F6
:10AE90001546124B1A688A4238BF1960104B1A685F
:10AEA0008A4238BF196094E0AA1943F0010346F0C2
:10AEB00001066E602046BA60536000F043F9083521
:10AEC000284603B0BDE8F08FD9681A44A1E600BF58
:10AED000B8D300206CEF00203CEF002064EF00208E
:10AEE00068EF0020C0D30020C0D70020B2F5206F4B
:10AEF0004FEA522363D3142B00F2B78003F15C01B5
:10AF0000C9005B3307EB010E7958AEF1080E8E4590
:10AF100000F091804B6823F00303934202D98968C3
:10AF20008E45F7D1D1F80CE07A68C5E9021ECEF85B
:10AF30000850CD60D6E6142B59D9542B00F29D80D1
:10AF4000330B03F16F0003F16E0CC3008AE60EF1C0
:10AF5000010E1EF0030F05F108057FF4D5AE51E098
:10AF6000424445465368D8F80C1043F0010353603F
:10AF700055F8083F2046D9608B6000F0E3F8F3E60F
:10AF8000F00806F1080237E62A442046536843F0E9
:10AF900001035360083500F0D5F8E5E6A91920460D
:10AFA00046F0010643F001046E60C7E90411C1E9EF
:10AFB00002CC4C60AB5000F0C5F80835D4E69309DC
:10AFC00003F13901C90038339CE7BD425FD0BD6849
:10AFD000686820F003084645A8EB060302D80F2B4B
:10AFE0003FF762AF204600F0ADF80025BCE603F164
:10AFF0005C0003F15B0CC30034E659F808394B459B
:10B0000040F0968010F0030F00F1FF30F5D17B681F
:10B0100023EA01037B60490099423FF6C0AE19B9AB
:10B02000BDE649000EF1040E1942FAD0704667E6FB
:10B0300003F11008D0E69A104FF001087B6808FA77
:10B0400002F21A437A6070E702EB08014942C1F349
:10B050000B0A51462046009200F084FD431CDDE9B6
:10B0600000237FF4EFAEDA46EFE6542B25D8130B1E
:10B0700003F16F01C9006E3344E7B3F5AA7F25D809
:10B08000F30B03F1780003F1770CC300EAE5294BD9
:10B09000186840441860B1E6CAF30B0CBCF1000F0D
:10B0A0007FF4ACAEBD68C84448F001006860F0E6CB
:10B0B0001546EEE60123536094E7B3F5AA7F23D843
:10B0C000D30B03F17801C90077331BE740F25452E8
:10B0D000934223D8B30C03F17D0003F17C0CC30031
:10B0E000C0E5ABF1080BD844A8EB02084FF0000A0A
:10B0F000ABE605F108012046009301F015F8BD68A4
:10B10000009B68681968C4E640F254518B420BD822
:10B11000930C03F17D01C9007C33F3E64FF47E7399
:10B120007F204FF07E0C9DE54FF47E717E23E9E693
:10B130007B6870E73CEF0020014800F0D9BE00BFFB
:10B1400034EF0020014800F0D5BE00BF34EF0020EE
:10B150002DE9F84F1746002900F098800C4607F1BA
:10B160000B058046FFF7E8FF162D54F8041C5BD84A
:10B1700010252A46AF425CD821F003069642A4F17E
:10B18000080962DABC4BD3F808C009EB0600844515
:10B1900000F09780D0F804C02CF0010303445B68F2
:10B1A000DB0768D42CF0030C06EB0C03934247DA60
:10B1B000CB0710D454F8083CA9EB030ADAF80430A2
:10B1C00023F003018C44B444944580F21181731838
:10B1D000934280F2E88039464046FFF7FDFC07467F
:10B1E000E0B154F8043C23F001034B44A0F1080201
:10B1F000934200F0D280321F242A00F2F580132AF5
:10B2000000F2AC800346224611681960516859600B
:10B2100092689A602146404600F086FF4046FFF75C
:10B2200091FF3846BDE8F88F25F00705002D2A4626
:10B23000A0DA0C23C8F8003000273846BDE8F88FA4
:10B240001E46D0E90223D3609A60731B0F2B22D8CD
:10B25000D9F8043003F0010333434E44C9F80430F5
:10B26000736843F00103736040462746FFF76AFFA7
:10B270003846BDE8F88FC907ADD454F8083CA9EBAF
:10B28000030ADAF8041021F00301A0E7BDE8F84F43
:10B290001146FFF7A1BCD9F8042009EB050102F023
:10B2A00001024E4443F001032A43C9F804204B60D5
:10B2B000736843F0010308317360404600F034FFC7
:10B2C000D2E7DCF8040020F0030B06EB0B0C05F1D1
:10B2D000100084454DDAC9073FF57DAF54F8081CCE
:10B2E000A9EB010ADAF8041021F003018B44B344FE
:10B2F00058453FF76CAF5746DAF80C1057F8080F6F
:10B30000321F242AC160886000F2DB80132A40F2D9
:10B31000D6802168CAF808106168CAF80C101B2A88
:10B3200000F2DF8008340AF11002216811606168C0
:10B330005160A16891600AEB0501ABEB050242F098
:10B34000010299604A60DAF8043003F001032B43EC
:10B350004046CAF80430FFF7F5FE6EE72368036045
:10B36000636843601B2A68D804F1080200F10803EF
:10B370004AE709EB05029A60ACEB050343F00103D1
:10B38000536054F8043C03F001032B43404644F857
:10B39000043CFFF7D7FE27464FE750F8043C23F064
:10B3A00003031E4451E75746DAF80C1057F8080F0C
:10B3B000321F242AC16088604CD8132A48D92168DA
:10B3C000CAF808106168CAF80C101B2A56D808344D
:10B3D0000AF110021E462368136063685360A36875
:10B3E0009360D1463C4630E7214600F075FA11E7FC
:10B3F000D0E902135746CB60996057F8081FDAF876
:10B400000C30CB60321F242A99602DD8132A29D9F9
:10B410002368CAF808306368CAF80C301B2A42D87F
:10B4200008340AF1100322681A6062685A60A26840
:10B430009A606646D1463C4607E7A3688360E368A6
:10B44000C360242A26D004F1100200F11003DBE6C9
:10B450003A46BFE7214638461E46D14600F03CFA40
:10B460003C46F2E63B46DEE7214638466646D14694
:10B4700000F032FA3C46E8E6B8D30020A168CAF8EA
:10B480001010E168CAF81410242A20D010340AF1F0
:10B4900018029FE7236903616169416104F11802A1
:10B4A00000F11803B0E6A368CAF81030E368CAF8E0
:10B4B0001430242A21D010340AF11803B3E73A4695
:10B4C00033E72146384600F007FA164B33E7226986
:10B4D000CAF818206269CAF81C2018340AF1200240
:10B4E00078E7A168CAF81010E168CAF81410242A95
:10B4F0000DD010340AF1180217E72369CAF8183082
:10B500006369CAF81C3018340AF120038BE72269FA
:10B51000CAF818206269CAF81C2018340AF12002FF
:10B5200003E700BFB8D300200CB410B51F4B0029AF
:10B530001C689CB035DB4FF40273ADF814300290F8
:10B5400006901FAB18D001394FF6FF720491079196
:10B55000ADF8162002A91E9A0193204600F002FFC2
:10B56000421C01DA8B232360029B00221A701CB05C
:10B57000BDE8104002B070474FF6FF72049107918A
:10B58000ADF8162002A91E9A0193204600F0EAFEAB
:10B59000431C01DA8B2323601CB0BDE8104002B0CD
:10B5A00070478B2323604FF0FF30F5E7D4D700209E
:10B5B000012B2DE9F84F40D0242B98463DD84C4D17
:10B5C0008E4676461EF801BB15F80B4014F00804B1
:10B5D000F7D1BBF12D0F72D0BBF12B0F08BF9EF836
:10B5E00000B06FF0004908BF06F1020E002B42D0F8
:10B5F000102B57D0B9FBF8F700252E4608FB179AF9
:10B6000005E033D008FB06C601251EF801BBABF1EF
:10B61000300CBCF1090F06D9ABF1410CBCF1190F8C
:10B6200012D8ABF1370C634517DDB5F1FF3FECD015
:10B63000B742E6D24FF0FF35E7E700F0BBFA16233A
:10B6400003600020BDE8F88FABF1610CBCF1190F6D
:10B6500003D8ABF1570C6345E7DC6B1C27D08CB9E2
:10B660000AB1A5BB11603046BDE8F88FE245C9DAE2
:10B670004FF0FF35C9E7BBF1300F05D04FF00A0896
:10B680004346B7E77642EBE79EF8003003F0DF036E
:10B69000582B21D14FF010089EF801B043460EF10F
:10B6A000020EA7E7BBF1300F1AD09846A2E722237B
:10B6B000036072B10EF1FF314E461160D3E79EF880
:10B6C00000B04FF0004906F1020E01248EE7B146AA
:10B6D000F0E74E463046C7E74FF00808434689E793
:10B6E0009EF8005005F0DF05582DD3D0984681E72D
:10B6F000C1A5002010B4054C8446134620685DF8AF
:10B70000044B0A466146FFF753BF00BFD4D7002061
:10B71000024A0349034800F0BBB800BFC8D7002065
:10B720003DC4020028CD00200C4B4168994210B561
:10B73000044601D002F074FFA168094B994202D07F
:10B74000204602F06DFFE168064B994204D0204686
:10B75000BDE8104002F064BF10BD00BF70EF0020D4
:10B76000D8EF002040F000202DE9F8432A4C2B4B65
:10B770002B48DFF8C090DFF8C0802A4F1860002502
:10B7800004230822294604F15C00274E6566C4E9BB
:10B790000253C4E90055C4E90455A56100F018F945
:10B7A000224B63670822294604F1C400C4E9074913
:10B7B000C4E90987C4E91A55C4E91E55C4F8CC5038
:10B7C0002567C4F88050E66200F002F9184BC4F80F
:10B7D000DC30294604F16803082204F59670C4F8A9
:10B7E0008430C4E92298C4E92476C4E93455C4E914
:10B7F0003855C4F83451C4F8D850C4F8E85000F0B3
:10B80000E7F804F1D003C4E93C98C4E93E76C4F8F3
:10B81000EC30BDE8F88300BF70EF0020A8F00020F6
:10B820002D950200EDC602000DC7020009000100BF
:10B830001200020089C60200ADC6020010B504461F
:10B840000A4800F055FB636B23B9094B094A1B6892
:10B85000626323B1BDE81040044800F04BBBFFF722
:10B8600083FFBDE81040014800F044BB38EF0020E2
:10B87000A8F0002045950200014800F039BB00BF48
:10B8800038EF0020014800F035BB00BF38EF002042
:10B890002DE9F84380460F4616464FF00009D6E9D9
:10B8A0000154013D11D4A389012B05F1FF3508D9BD
:10B8B000B4F90E300133214603D04046B84749EA77
:10B8C00000096B1C04F16804EDD13668002EE6D146
:10B8D0004846BDE8F88300BF88420DD98B188342E3
:10B8E0000AD900EB020CBAB1624613F801CD02F896
:10B8F00001CD9942F9D170470F2A0ED8034602F1C3
:10B90000FF3C4AB10CF1010C013B8C4411F8012BB6
:10B9100003F8012F6145F9D1704740EA01039B0705
:10B9200050D1A2F1100370B501F1200C23F00F05E6
:10B9300001F1100E00F11004AC441B095EF8105C1C
:10B9400044F8105C5EF80C5C44F80C5C5EF8085C33
:10B9500044F8085C5EF8045C44F8045C0EF1100ED8
:10B96000E64504F11004E9D1013312F00C0F01EBAC
:10B97000031102F00F0400EB031327D0043C24F062
:10B9800003064FEA940C1E441C1F8E465EF8045BAF
:10B9900044F8045FB442F9D10CF1010402F003024F
:10B9A00003EB840301EB840102F1FF3C4AB10CF18B
:10B9B000010C013B8C4411F8012B03F8012F614568
:10B9C000F9D170BD02F1FF3C03469BE72246EBE74D
:10B9D000830730B548D0541E002A3FD0CAB2034670
:10B9E00001E0013C3AD303F8012B9D07F9D1032C68
:10B9F0002DD9CDB245EA05250F2C45EA054536D9A6
:10BA0000A4F1100222F00F0C03F1200EE6444FEADD
:10BA1000121C03F1100242E9045542E902551032AA
:10BA20007245F8D10CF1010214F00C0F03EB021275
:10BA300004F00F0C13D0ACF1040323F00303043320
:10BA4000134442F8045B9342FBD10CF003042CB185
:10BA5000C9B21C4403F8011B9C42FBD130BD6446B3
:10BA60001346002CF4D1F9E703461446BFE71A4603
:10BA7000A446E0E740EA01039B0730B501D1032A61
:10BA80000FD8844601F1FF3E07E01EF8011F03F8BE
:10BA9000011B541EC1B19C4622466346002AF4D1C4
:10BAA00030BD0B468446194653F8045BA5F10134BA
:10BAB00024EA050414F0803FE4D1043A032A4CF848
:10BAC000045B1946EFD8DDE79444002CE8D003F876
:10BAD000011B6345FBD130BD024A1268012350327D
:10BAE00000F002B8D4D70020F0B4074610B33E46A9
:10BAF0008C4616F8010B01E0A04216D01CF8014B51
:10BB0000002CF9D1D8B116F8015B0C4601E0002BEE
:10BB1000F9D014F8013B9D42F9D14DB1002306F84C
:10BB2000013C16603846F0BC70475BB13746DEE733
:10BB30002E46F6E71768002FD9D13846F3E7F0BC58
:10BB400010607047166038463B70ECE7014B93F885
:10BB5000280170474CD2002013460A4601460220B5
:10BB600000F04EBA38B5074D0022044608462A6058
:10BB7000FBF762F9431C00D038BD2B68002BFBD0CB
:10BB8000236038BD4C21012038B50C46084D844651
:10BB9000114620461A4600232B606446F9F7B4FF8D
:10BBA000431C00D038BD2B68002BFBD0236038BD70
:10BBB0004C210120014B1868704700BFD4D70020EA
:10BBC00000000000A2EB0300704700BF02780B7872
:10BBD000012A28BF9A42F5D16DE9044540EA0104E3
:10BBE000CDE902676FF0000C4FEA447212B380EAAD
:10BBF000010414F0070F6AD100F0070420F00700D9
:10BC000004F0030521F007014FEAC505F0E804231D
:10BC100014F0040FF1E804670CFA05F462EA040278
:10BC200066EA04060AD063EA0403624667EA040788
:10BC3000664603E0F0E80423F1E8046782FA4CF575
:10BC400082EA0604A4FA8CF46CBB83FA4CF583EA0E
:10BC50000705A5FA8CF595B950E9022351E9026769
:10BC600082FA4CF582EA0604A4FA8CF483FA4CF5C5
:10BC700083EA0705A5FA8CF52543DBD09CB92DBADC
:10BC8000B5FA85F424F0070427FA04F1DDE9026728
:10BC900023FA04F303F0FF0001F0FF01FDE804457F
:10BCA000A0EB0100704724BAB4FA84F424F007042E
:10BCB00026FA04F1DDE9026722FA04F202F0FF003D
:10BCC00001F0FF01FDE80445A0EB0100704714F00E
:10BCD000030F3CD110F0030428D150F8082B51F881
:10BCE000083B82FA4CF582EA0305A5FA8CF55DB9AA
:10BCF00050F8042C51F8043C82FA4CF582EA030512
:10BD0000A5FA8CF5002DE8D02DBAB5FA85F424F00B
:10BD1000070423FA04F122FA04F202F0FF0001F012
:10BD2000FF01FDE80445A0EB010070474FEAC404A1
:10BD300020F0030050F8082B21F0030151F8083BD4
:10BD40000CFA04F462EA040263EA0403C9E710F09F
:10BD500003041AD0A1EB040120F00300E40750F81B
:10BD6000042B06D00FD28B785FFAA2F4E41A06D126
:10BD70002BB1CB785FFAB2F4E41A00D11BB920469C
:10BD80005DF8104B704701F1040150F8042BCC070B
:10BD900021F0030151F8043B48D824D222F07F441B
:10BDA00082FA4CF594EA1325A5FA8CF50AD165B907
:10BDB00051F8043B84EA0204B4EB036F0ED150F84F
:10BDC000042BEBE74FEA132355E035F07F454DD1C7
:10BDD0000878FDE80445C0F1000070474FEA1262A0
:10BDE00003F0FF0347E002EA1C4482FA4CF594EAB0
:10BDF0001345A5FA8CF50AD165B951F8043B84EADC
:10BE00000204B4EB034F0CD150F8042BEBE74FEADC
:10BE1000134330E015EA1C4528D10B884FEA124243
:10BE200029E04FEA124203EA1C4324E002F0FF0437
:10BE300082FA4CF594EA1365A5FA8CF50AD165B936
:10BE400051F8043B84EA0204B4EB032F09D150F803
:10BE5000042BEBE74FEA13630DE015F0FF0F05D15C
:10BE60000B684FEA122223F07F4304E04FF00000FA
:10BE7000FDE80445704712BA1BBA82FA4CF482EA14
:10BE80000304A4FA8CF5B5FA85F402FA04F203FA75
:10BE900004F34FEA1260FDE80445A0EB136070471D
:10BEA00070B50D4E0D4D761BB61006D0002455F81A
:10BEB000043B01349847A642F9D1094E094D761B3F
:10BEC00005F060FAB61006D0002455F8043B0134A2
:10BED0009847A642F9D170BDD01D0060D01D00600A
:10BEE000F81D0060D01D0060704700BF704700BFA4
:10BEF000704700BF704700BF000000000000000056
:10BF00000000000000000000000000000000000031
:10BF10000000000000000000000000000000000021
:10BF20000000000090F800F06DE9024520F00701E4
:10BF30006FF0000C10F0070491F820F040F04980F9
:10BF40004FF000046FF00700D1E9002391F840F0B2
:10BF500000F1080082FA4CF2A4FA8CF283FA4CF356
:10BF6000A2FA8CF34BBBD1E9022382FA4CF200F126
:10BF70000800A4FA8CF283FA4CF3A2FA8CF3E3B92A
:10BF8000D1E9042382FA4CF200F10800A4FA8CF201
:10BF900083FA4CF3A2FA8CF37BB9D1E9062301F1C1
:10BFA000200182FA4CF200F10800A4FA8CF283FA24
:10BFB0004CF3A2FA8CF3002BC6D0002A04BF043045
:10BFC0001A4612BAB2FA82F2FDE8024500EBD2003C
:10BFD0007047D1E9002304F00305C4F100004FEAE3
:10BFE000C50514F0040F91F840F00CFA05F562EA6B
:10BFF00005021CBF63EA050362464FF00004A9E78F
:10C000002DE9F047DFF87CA00646DAF800009846F4
:10C010000F469146FFF76CFF184B1C6824B3656808
:10C020001F2D24DC5EB96B1C0235DAF8000063605A
:10C0300044F82570FFF75EFF0020BDE8F08704EBB1
:10C0400085010123C1F88890D4F88821AB401A43B8
:10C05000022EC4F88821C1F80881E4D1D4F88C21DB
:10C060001A43C4F88C21DEE7054C1C60D7E7DAF8E8
:10C070000000FFF73FFF4FF0FF30DEE79CED0020B0
:10C08000A0ED002040D20020F8B5244F0C46064613
:10C09000FFF752F8BB685D68C4F57E610F3125F08B
:10C0A00003054B1923F47F6323F00F03A3F580549A
:10C0B000B4F5805F07DB00213046FFF753FDBB6816
:10C0C0002B44984204D03046FFF73CF80020F8BDDE
:10C0D00061423046FFF746FD01300DD0104ABB6883
:10C0E0002D1B45F001055D60136830461B1B136076
:10C0F000FFF728F80120F8BD00213046FFF732FD98
:10C10000BA68831A0F2BDEDD43F001035360054B41
:10C1100003491B68C01A0860D5E700BFB8D30020E8
:10C120003CEF0020C0D70020002961D0F8B50C46B4
:10C130000646FFF701F854F8042C7B4FA4F10805DC
:10C1400022F0010105EB010CB868DCF80430604511
:10C1500023F0030300F08B80D207CCF8043032D4F4
:10C1600054F8082CAD1A1144AA6807F1080082425D
:10C170006AD00CEB0304D4F804E0EC68D4601EF041
:10C18000010FA26000F0978041F001036B60CCF8D2
:10C190000010B1F5007F35D27868CB08012249093B
:10C1A00001338A40024357F833107A6007EBC30229
:10C1B000083AC5E9021247F83350CD603046BDE871
:10C1C000F840FEF7BFBF0CEB03025268D00710D453
:10C1D000194407F10800DCF80830834273D0DCF81A
:10C1E0000C20DA60936041F001036B606950D0E786
:10C1F000704741F00103B1F5007F44F8043CCCF8EE
:10C200000010C9D3B1F5206F4FEA512348D28B09F2
:10C2100003F1390003F13802C300F818FB5808385D
:10C22000984259D05A6822F003028A4202D99B6888
:10C230009842F7D1D868C5E902308560DD603046A4
:10C24000BDE8F840FEF77EBF0CEB03025268D20750
:10C2500063D40B44DCE90212CA60916043F001022E
:10C260006A603046EB50BDE8F840FEF76BBF0B4408
:10C27000D10707D454F8082CAD1A1344D5E902129B
:10C28000CA60916043F001026A60284ABD6012688A
:10C290009A4293D8264B30461968FFF7F5FE8DE792
:10C2A000142B0AD9542B1FD80B0B03F16F0003F189
:10C2B0006E02C300B1E719448DE703F15C0003F19E
:10C2C0005B02C300A9E741F00103C7E90455C5E9D2
:10C2D00002006B60695071E779689210012404FADA
:10C2E00002F20A437A60A6E7B3F5AA7F06D8CB0B21
:10C2F00003F1780003F17702C3008EE740F2545255
:10C30000934206D88B0C03F17D0003F17C02C3003D
:10C3100083E74FF47E737E227FE741F001036B6079
:10C32000CCF800104AE700BFB8D30020C4D70020E3
:10C330006CEF002082B049B15AB16BB113780B6039
:10C340001278101E18BF012002B0704701A9002A00
:10C35000F3D1104602B070476FF00100F4E700BF60
:10C36000000000002DE9F04F2DED088BD1B00C46F8
:10C370000BEE101A90460893834602F0CBFA03683E
:10C3800012931846FFF7CEFD20AF1090082200212F
:10C390003846FFF71DFBA3891B0603D52369002B35
:10C3A00000F0558700239FED838B9FED849BCDE9A3
:10C3B0002533CDE91333CDE9153327AA0E93249203
:10C3C0009246119304934446A1467E4BD3F8E45021
:10C3D000FFF7BCFB4A4603461CA900975846A847EE
:10C3E000002800F0B080C0F2A6801C9A252A0346DF
:10C3F00001D09944E9E7B9EB0405064640F0A7806F
:10C4000000234FF0FF328DF867309846069309F10C
:10C41000010999F8003003922B25202609F1010922
:10C42000A3F120025A2A00F2CF80DFE812F0E802DE
:10C43000CD00CD00E302CD00CD00CD006A00CD00DF
:10C44000CD0005028402CD001002C902CD00BD025C
:10C450005B005B005B005B005B005B005B005B0004
:10C460005B00CD00CD00CD00CD00CD00CD00CD00D6
:10C470005301CD0083011A02530153015301CD0032
:10C48000CD00CD00CD001502CD00CD009602CD002F
:10C49000CD00CD00AB01CD00AA02CD00CD00E3065A
:10C4A000CD00CD00CD00CD00CD00CD00CD00CD0024
:10C4B0005301CD008301DE01530153015301770283
:10C4C000DE017F00CD008902CD005F02E0062F0271
:10C4D0007F00CD00AB017C00B806CD00CD00BD06CD
:10C4E000CD007C00A3F13002002119F8013B01EBE3
:10C4F000810102EB4101A3F13002092AF5D906912D
:10C500008EE7584602F006FA436815931846FFF77F
:10C5100009FD1690584602F0FDF983681393169BA7
:10C52000002B40F02D8699F8003077E799F800301D
:10C5300048F0200872E7082200213846FFF748FA41
:10C540000123994441E7B9EB0405064611D0269B27
:10C550002B442693259B0133072BCAE900452593DD
:10C560001CDC0AF1080A049B2B440493002E7FF480
:10C5700047AF269B002B41F00B821BEE103AB3F91C
:10C580000C3013F0400F049B18BF4FF0FF3304939F
:10C59000049851B0BDEC088BBDE8F08F1BEE101A6B
:10C5A00024AA584603F038FA0028E6D10DF19C0A77
:10C5B000D9E700BF0000000000000000FFFFFFFF00
:10C5C000FFFFEF7F4CD200200B93002BD1D0002136
:10C5D000CDE90C118DF8DC3001238DF86710029342
:10C5E0000791059303910F9137AC18F0020309935B
:10C5F00002D0029B0233029318F084030A9305D100
:10C60000069B029A9D1A002D00F36983269A89B130
:10C6100025990DF1670001310132CAF800000729A0
:10C620004FF0010026922591CAF8040000F3A2837E
:10C630000AF1080A099B83B1259B1AA9013302322A
:10C64000CAF80010072B4FF0020126922593CAF872
:10C65000041000F3A3830AF1080A0A9B802B00F060
:10C660006C82039B05995D1A002D00F3A58218F4D6
:10C67000807F40F00D82059BCAF804301A44259B48
:10C68000CAF800400133072B2692259300F31B8341
:10C690000AF1080A18F0040F05D0069B02995C1AEB
:10C6A000002C00F38883049B069902988142ACBF5A
:10C6B0005B181B180493002A40F0B08200232593D6
:10C6C000079B1BB107995846FFF72EFD0DF19C0AF9
:10C6D0004C4679E60B93089B073323F00703B3EC32
:10C6E000028BB0EEC87BB4EE497BF1EE10FA0893F2
:10C6F00040F3E984B5EEC08BF1EE10FA01F15980F8
:10C700009DF86710AB4CAC4B28F080080B9A472A79
:10C71000C8BF1C460023CDE90C33032207930292C5
:10C72000059203930F9300293FF45FAF029B0133FF
:10C7300002935AE7432B0B9303D018F0100F00F02D
:10C740005D85089D0822002122A837ACFFF740F93B
:10C7500022AB55F8042B2146584602F073F90346E4
:10C760000133059001F0EE82059B089523EAE373FF
:10C7700002930021CDE90C118DF867100791039108
:10C780000F9132E70B93089B1A4600238DF8673010
:10C79000134653F8044B0893002C00F048850B9B7C
:10C7A000532B00F0EC8618F010030C9340F0E78652
:10C7B000039B5D1C01F0E5800C991A46204602F0AF
:10C7C000F1F80790002801F02883079B1A1B0592B7
:10C7D0000C9B039322EAE2720F930D93079373234A
:10C7E0009DF8671002920B939DE718F0200F0B93B2
:10C7F000089B3DD0073323F007031A4611465B68B8
:10C8000051F8082B08911946002BC0F20C84039BA9
:10C81000013300F09E8228F0800052EA010302906A
:10C8200040F09982039B002B40F09A8280460023BF
:10C830000393059350AC06E1089B53F8042B069232
:10C84000002A80F21984069A08935242069299F8B7
:10C85000003048F00408E1E599F8003048F0080895
:10C86000DCE548F0100818F0200F0B93089BC1D1AD
:10C8700018F0100F40F00B8418F0400F00F0038404
:10C8800033F9042B0893D1170B46BDE7089B48F0FA
:10C890000202029253F8042B089347F63003ADF8D6
:10C8A00068307820454B1193002102230B90002023
:10C8B000039C8DF86700601C00F0AD80029820F0AA
:10C8C000800852EA010040F0A480002C40F0AE86BF
:10C8D000002BACD1029B13F00103059300F0D18330
:10C8E00030238DF83F310DF23F14ACE018F0200FEB
:10C8F00040F0D48318F0100F40F09F8618F0400FDE
:10C9000040F0978718F4007F00F09786089B049901
:10C9100053F8042B089311704C4655E599F80030F4
:10C92000682B03BF99F8013048F4007809F1010938
:10C9300048F0400872E599F800308DF867506DE5D1
:10C9400099F800306C2B03BF99F8013048F02008AB
:10C9500009F1010948F0100860E50B9348F0100850
:10C9600018F0200100F05183089B073323F00703E0
:10C97000596853F8082B089328F480630293002326
:10C9800095E70B9348F010030293029B13F02001EC
:10C9900000F02983089B073323F00703596853F8F5
:10C9A000082B0893012382E799F8003048F08008AB
:10C9B00034E500BF38A70020D0A1002040A7002008
:10C9C000494611F8013B2A2B01F04982A3F13002BC
:10C9D000092A894698BF002101F2448119F8013BD8
:10C9E00001EB810102EB4101A3F13002092AF5D9E3
:10C9F000039115E599F8003048F001080EE59DF81F
:10CA00006730002B7FF48FAD99F800308DF86760A8
:10CA100004E5CDF80880012B00F09D81022B50AC7D
:10CA200020D1119802F00F031209C35C04F8013DF4
:10CA300042EA0172090952EA0103F3D150AB1B1B10
:10CA4000DDF808800593059A03989DF867108242E7
:10CA50004FF00003B8BF0246CDE90C3307930292B2
:10CA60000F9360E602F00703D20842EA4172C90858
:10CA7000303352EA0105204604F8013DF2D1029A12
:10CA8000D10700F14D8250AB1B1B90460593DAE7AE
:10CA90000B9B652B40F3D480B5EE408BF1EE10FA82
:10CAA00040F0C181259BBA49CAF800100133013218
:10CAB0000121072B26922593CAF8041000F3518513
:10CAC0000AF1080A1B9B0E998B4280F2D082109BC0
:10CAD00012991A44CAE90013259B26920133072BA9
:10CAE000259300F397830AF1080A0E9B5C1E002C25
:10CAF0007FF7D0AD102C259B40F36E851BEE106A9E
:10CB0000102505E00AF1080A103C102C40F364855A
:10CB10000133A0491032072BCAE90015CDE92532AF
:10CB2000F0DD24AA3146584602F076FF00287ED177
:10CB3000DDE925320DF19C0AE6E7069B02995D1AB4
:10CB4000002D7FF78EAD102D259B21DD0994102639
:10CB50001BEE104A04E0103D102D0AF1080A16DD04
:10CB600001338C491032072BCAE90016CDE9253272
:10CB7000F1DD24AA214658460DF19C0A02F04CFF33
:10CB8000002854D1103D102DDDE92532E8DC099C48
:10CB90008049CAF8045001332A44072BCDE92532D5
:10CBA000CAF8001000F32685039B05995D1A002D35
:10CBB0000AF1080A7FF75BAD102D259B1FDD51465A
:10CBC00010261BEE10AA04E0103D102D01F1080103
:10CBD00014DD01336F481032072BC1E90006CDE99F
:10CBE0002532F1DD24AA5146584602F015FFF0B96E
:10CBF000103D102DDDE9253227A9EADC8A460133F4
:10CC00006449CAF804502A44072BCDE92532CAF8F2
:10CC1000001000F3DA810AF1080A28E51BEE101A69
:10CC200024AA584602F0F8FE00283FF447AD079BBF
:10CC3000002B3FF4A2AC07995846FFF775FA9CE425
:10CC40000E9B012B40F37A81259BCAF800400133EB
:10CC500001320121072B26922593CAF8041000F314
:10CC6000F8810AF1080A1099129801330A44072B37
:10CC7000CAE90001CDE9253200F3DD810AF1080A95
:10CC8000B5EE408BF1EE10FA00F077810E9901338A
:10CC9000013901340A44072BCAF800402593CAF829
:10CCA0000410269200F35B810AF1080A1499CAF86D
:10CCB000041001330A44072B1EA9CDE92532CAF816
:10CCC00000107FF7E5AC1BEE101A24AA584602F0BC
:10CCD000A3FE0028ABD1269A0DF19C0ADAE4102DB0
:10CCE000DDE925122C4E24DD179410231BEE104A8B
:10CCF000084604E0103D102D0AF1080A17DD013046
:10CD000010320728CAE90063CDE92502F2DD24AA22
:10CD1000214658460DF19C0A02F07EFE002886D17D
:10CD2000103D102DDDE925024FF01003E7DC179CC4
:10CD3000014601312A440729CDE92512CAF80060CD
:10CD4000CAF8045000F3BD839DF867100AF1080A81
:10CD50005DE4CDF808800A2A71F1000380F0458374
:10CD600030320123DDF808808DF83F2105930DF264
:10CD70003F1468E61BEE101A24AA584602F04CFE37
:10CD800000287FF454AF269A0DF19C0A52E400BFAC
:10CD900070A7002004CD002074A700201BEE101AFD
:10CDA00024AA584602F038FE00287FF440AF269AA5
:10CDB0000DF19C0A51E4102C259BBE4E1FDD1BEE8D
:10CDC000108A102504E0103C102C0AF1080A16DD28
:10CDD00001331032072BCAE90065CDE92532F2DDB7
:10CDE00024AA414658460DF19C0A02F015FE00287F
:10CDF0007FF41DAF103C102CDDE92532E8DC013357
:10CE00002244072BCAE90064CDE925327FF74BACF9
:10CE10001BEE101A24AA584602F0FEFD00287FF4EB
:10CE200006AF269A3FE41B99002940F35A830C9ED3
:10CE30000E9B9E42A8BF1E46002E0BDD259B013394
:10CE40003244072BCAE900462692259300F38986CF
:10CE50000AF1080A0C9D002EA8BFAD1B002D00F39F
:10CE600003820C9B18F4806F2344059340F01F82CB
:10CE70001B9B0E998B4203DB18F0010F00F0CF844F
:10CE8000109912980A44CAE90001259926920131A5
:10CE90000729259100F3A5860AF1080A0E9965185D
:10CEA000CC1A059BED1AA542A8BF2546002D0DDD25
:10CEB000CAF80030259BCAF8045001332A44072BD6
:10CEC0002692259300F3BB860AF1080A002DA8BF1D
:10CED000641B002C7FF7DEAB102C259B40F37C837A
:10CEE0001BEE106A102505E00AF1080A103C102C10
:10CEF00040F37283013370491032072BCAE90015E1
:10CF0000CDE92532F0DD24AA3146584602F084FDF1
:10CF100000287FF48CAEDDE925320DF19C0AE5E7AF
:10CF2000302B3FF48BAD3023023804F8013C50AB7A
:10CF30001B1ADDF808800593044684E518F0010FFC
:10CF40007FF482AE259BCAF80040013301320121F3
:10CF5000072B26922593CAF804107FF7A5AE1BEE87
:10CF6000101A24AA584602F057FD00287FF45FAE3D
:10CF7000DDE925320DF19C0A98E60E994C1E002C35
:10CF80007FF794AE102C40F361831BEE106A1025DE
:10CF900005E00AF1080A103C102C40F357830133D6
:10CFA00045491032072BCAE90015CDE92532F0DDDD
:10CFB00024AA3146584602F02FFD00287FF437AEF0
:10CFC000DDE925320DF19C0AE5E71BEE101A24AAD3
:10CFD000584602F021FD00287FF429AE269A0DF173
:10CFE0009C0AFFF744BB029B13F0100340F0C18082
:10CFF000029A12F0400200F07A83089850F8042B4D
:10D000000890194692B2012351E418F0100355D14B
:10D0100018F0400200F05D83089850F8042B089047
:10D02000194692B2A8E4524261EB4101CDF8088062
:10D030002D2001233CE41BEE101A24AA584602F0CE
:10D04000EBFC00287FF4F3ADDDE925320DF19C0AFD
:10D0500016E61BEE101A24AA584602F0DDFC002842
:10D060007FF4E5ADDDE925320DF19C0AFBE518F012
:10D07000010F3FF40FAB2AE5089399F80030FFF752
:10D08000CDB950ACDFE418F4007F40F0DB8353F8F7
:10D09000042B0893D1170B46FFF7B6BB089B0498E7
:10D0A00053F8041B0893C217C1E900024C46FFF76E
:10D0B0008BB900BF74A7002004CD0020089B53F853
:10D0C000042B089358E4B4EE488BF1EE10FA80F18B
:10D0D00094860B9B612B00F05285412B00F0C0859C
:10D0E000039B01330B9B23F0200500F08084472D28
:10D0F00004D1039B002B08BF0123039318EE903A41
:10D10000002B48F480724646C0F21886B0EE48AB59
:10D1100000239046099307930B9B413B252B00F27C
:10D120009883DFE813F06F04960396039603680470
:10D130006C04960396039603960396039603960350
:10D140009603960396039603960396039603960317
:10D150009603960396039603960396039603960307
:10D160009603960396039603960396039603680424
:10D170006C04089B53F8042B08930123FFF797BB1B
:10D18000139B002B3FF4CFA9139B1B78002B3FF47C
:10D19000CAA999F8003048F48068FFF73FB90B93AB
:10D1A000CDF80880FFF7F1BB0B939A4B119318F061
:10D1B000200100F00581089B073323F0070359681D
:10D1C00053F8082B089318F0010F0AD052EA010314
:10D1D00007D00B9B8DF86930302348F002088DF89A
:10D1E000683028F4806302930223FFF760BB0B933F
:10D1F000FFF7B6BB0B93884B1193D8E7089B01212F
:10D2000053F8042B02918DF8DC200893059137AC7C
:10D21000FFF7AFBA1BEE101A24AA584602F0FCFB27
:10D2200000287FF404AD269A0DF19C0A5DE4039B6F
:10D230000794062B224628BF062303942146CDE9F6
:10D240000C22764C029305930F92FFF76CBA4021A3
:10D250005846FDF7C1FC20602061002800F00F86D1
:10D2600040236361FFF79EB8102D259B40F35D823C
:10D27000514610261BEE10AA04E00831103D102D77
:10D2800040F35282013366481032072BC1E9000691
:10D29000CDE92532F1DD24AA5146584602F0BCFB07
:10D2A00000287FF4C4ACDDE9253227A9E6E70E9B10
:10D2B000CDF82490E31803930D9BCDF82880139E9E
:10D2C000059DDDF85890DDF83C800B941BEE101A9C
:10D2D0005046002B34D0B8F1000F35D10D9B013BE7
:10D2E000013E0D93159BC0E90039259B01334A444B
:10D2F000072B269225936CDC0830039B96F800C020
:10D300005B1B6345A8BF6346002B9A460CDD259C3A
:10D3100001341A44072CC0E900532692259400F3E7
:10D32000778196F800C00830BAF1000FACBFACEBC3
:10D330000A046446002C0ADC65440D9B002BCAD10C
:10D34000B8F1000F00F0AC8308F1FF38CAE7102CE9
:10D35000DDF894C024DD05954FF0100A63460D46B4
:10D3600004E0103C102C00F1080016DD01332C49BC
:10D370001032072BC0E9001ACDE92532F1DD24AACD
:10D380002946584602F048FB00287FF450AC103C78
:10D39000102CDDE9253227A8E8DC2946059D9C46AE
:10D3A0000CF1010322444460072B1D4C0460CDE9BD
:10D3B000253200F3C68396F800C008306544BCE708
:10D3C00018F0100300F0C280089B53F8042B089358
:10D3D000F9E624AA5846059102F01EFB00287FF4C6
:10D3E00026AC269A059927A887E70298CDF81CA0B5
:10D3F00050AC00F4806000250AEE10BA094BDDF84D
:10D400004CA0CDF81490A3464FF00508AC46044656
:10D4100010E000BF40A7002054A7002068A700200C
:10D4200004CD0020CDCCCCCC0A2A71F1000136D33A
:10D430004A463146501840F10000A3FB005626F042
:10D44000030505EB9605401B151A4FF0CC3661F12C
:10D45000000E06FB05F6A5FB039503FB0E6609F01F
:10D46000010E2E44AEFB085E2D184FEA59093035E7
:10D470000BF8015C49EAC6790CF1010C0BF1FF3B9A
:10D480007608002CD0D09AF800008445CCD1BCF1AD
:10D49000FF0FC9D00A2A71F1000180F08F815C462C
:10D4A00050AB1B1BDDF81490CDF84CA01AEE10BA4F
:10D4B000DDF81CA0DDF80880CDF838C00593FFF733
:10D4C000C2BA1BEE101A24AA584602F0A5FA002888
:10D4D0007FF4ADAB9DF86710269A0DF19C0AFFF71B
:10D4E00096B8259BBE48CAF80000013301320120DE
:10D4F000072B26922593CAF8040000F377810AF1DE
:10D50000080A002940F0AF800E9908F001030B4390
:10D510003FF4C0A8109B12991A44CAE90013259B36
:10D5200026920133072B259300F352820AF1080A51
:10D530000E99CAF8004001330A44072BCDE9253281
:10D54000CAF804107FF7A4A8FFF7BDBB18F040028B
:10D5500000F0DD80089850F8042B0890194692B22C
:10D5600031E61BEE101A24AA584602F055FA00289C
:10D570007FF45DAB269A0DF19C0AFFF7A3BA22AEA9
:10D580000822002130461D94FEF722FA039B5A1C04
:10D5900000F0DB800025CDF80890CDF81C8099467E
:10D5A000A8460CE037A9584601F04CFA431C404409
:10D5B00000F0C883484508DC00F0188480461D9AB6
:10D5C000525933460435002AECD1CDF81480DDF8E9
:10D5D0000890DDF81C80C5E001338249CAF8044098
:10D5E0002244072BCAF80010CDE925327FF750A856
:10D5F000FFF769BB1BEE101A24AA584602F00CFA7A
:10D6000000287FF414AB269A0DF19C0AFFF729B885
:10D6100024AA5846059102F0FFF900287FF407ABD1
:10D6200096F800C0269A059927A87DE6012BCDF82B
:10D6300008807FF4F3A9FFF793BB089B049953F884
:10D64000042B4C4611600893FEF7BEBE01336549BA
:10D65000CAF804402244072BCDE92532CAF800104D
:10D660007FF722AB7BE4109B12981A44CAE90003AF
:10D67000259B26920133072B259300F3A9810AF1FC
:10D68000080A0029BFF654AF4D42103180F20F83D3
:10D690001BEE101A102605E00AF1080A103D102DA5
:10D6A00040F3058301334F481032072BCAE90006C7
:10D6B000CDE92532F0DD24AA5846039102F0ACF9F9
:10D6C00000287FF4B4AADDE9253203990DF19C0A04
:10D6D000E4E7089B18F400711ABF114653F8042BB5
:10D6E00053F8042B089318BFD2B2FFF745B9029B39
:10D6F00013F40071089B1ABF114653F8042B53F81A
:10D70000042B089318BFD2B20123FFF7D0B8089BAF
:10D7100018F400711ABF114653F8042B53F8042B68
:10D72000089318BFD2B24EE58A4601332D49CAF894
:10D7300004502A44072BCDE92532CAF8001000F323
:10D7400039810AF1080AFFF78CBB002319460096BD
:10D750001DAA584601F09CF903460133059000F0DC
:10D76000F1821D94059B002B4ED0632B00F3188192
:10D770000023079337AC082200213046FEF728F932
:10D78000059D00962B461DAA2146584601F080F9BA
:10D79000854240F07C83059A0023A35422EAE2727A
:10D7A000CDE90C339DF86710039302920F93FEF7B7
:10D7B000BABF2D218DF86710FEF7A4BF169B1599EF
:10D7C000ABEB030B1A465846FEF754F99AF80120C2
:10D7D000054B0AB10AF1010A4FF0000C28E600BF20
:10D7E00070A7002004CD0020CDCCCCCC1BEE101AAD
:10D7F00024AA584602F010F900287FF418AA1B99B1
:10D80000269A0DF19C0A7CE6059B9DF867100F9304
:10D81000CDE90233CDE90C330793FEF784BF0E99AF
:10D82000059865182D1ACC1AA542A8BF2546FFF702
:10D830004DBB089B049953F8042B089311804C4668
:10D84000FEF7C2BD13F9042B0893D1170B46FEF760
:10D85000DBBF039A022122AB01931DAB0093584614
:10D860001BABB0EE4A0B029201F04CFA472D029A24
:10D87000044600F06181462D104405D12378302BF9
:10D8800000F06F821B9A1044B5EE40ABF1EE10FA37
:10D8900040F0468103461B1B0E93472D00F010817C
:10D8A000462D00F0B5811B9B0C930C9B412D03F181
:10D8B000FF331B9300F0E5819DF82C200021002B05
:10D8C000B8BF0C9B8DF87820BABFC3F101032D229D
:10D8D0002B22092B8DF8792040F3DA810DF18F0589
:10D8E000DFF81CC42A4610468CFB0321DA17C2EB72
:10D8F000A10202EB8201A3EB4101303100F8011CCF
:10D9000019466329134600F1FF32ECDC3033D9B2FB
:10D91000831E9D4202F8011C40F28B8213460DF1DA
:10D920007A0201E013F8011B02F8011B9D42F9D1B4
:10D930000DF191030DF17A021B1A13441EAA9B1AD2
:10D9400014930E9B149A012B1A44059240F3038200
:10D95000059B109A1344059326F48063059A43F4BB
:10D9600080780023CDE90C3322EAE2720F93029211
:10D97000099B002B40F0B1809DF867100393FEF7E0
:10D98000D2BE2046FEF7CEFA02460590FEF720BF33
:10D990001BEE101A24AA584602F03EF8FEF7EDBD21
:10D9A000591C5846FDF718F90446002800F0CA81B2
:10D9B0000790E0E61BEE101A24AA584602F02CF855
:10D9C00000287FF434A9269A0DF19C0AFFF749BA82
:10D9D0001BEE101A24AA584602F01EF800287FF405
:10D9E00026A9DDE925321B990DF19C0A49E606239B
:10D9F0000393FFF783BB039B02215A1C2BE7039A77
:10DA0000032128E71BA8B0EE4A0B01F04FF8B4EE53
:10DA1000007B20EE070BB5EE400BF1EE10FA01D1C2
:10DA200001231B93B348039BB3EE005B013B2246EB
:10DA300004E0B5EE400BF1EE10FA13D020EE050B2A
:10DA4000FDEEC07BB3F1FF3F17EE901A415CB8EEDC
:10DA5000E76B944630EE460B02F8011B194603F1C2
:10DA6000FF33E6D1B6EE006BB4EEC60BF1EE10FA62
:10DA700000F34881B4EE460BF1EE10FA04D117EE34
:10DA8000903ADB0700F13E81002906DB4B1C134472
:10DA9000302102F8011B9342FBD1131B0E93FCE6CD
:10DAA0000B9C0E9BDDF82490DDF828801396E3187C
:10DAB0009D42294628BF194682460591FFF7D8B9ED
:10DAC0001B9B0C93DA1C02DB039A93420CDD0B9B2D
:10DAD000023B0B9323F02005E7E62D2100238DF870
:10DAE00067100393FEF722BE0C9B0E9A9342C0F27E
:10DAF000BD80F0070C9B40F13281109A13440593CE
:10DB0000710503D50C9B002B00F33581059B23EA9F
:10DB1000E373029367230B9300230F930D9327E77F
:10DB2000229B8342BFF4B7AE30215A1C2292197057
:10DB3000229B9842F9D8AEE6F30700F1A780229B1A
:10DB4000A9E624AA5846059101F066FF00287FF453
:10DB50006EA896F800C0269A059927A86544FFF795
:10DB6000ECBB1BEE101A24AA584601F055FF002802
:10DB70007FF45DA8269A0DF19C0AFFF76BB9782314
:10DB80008DF8693030238DF86830039B632B48F0A3
:10DB9000020600F3A6800023079337AC18EE903AF4
:10DBA000002B48F481782BDBB0EE48AB0B9B23F0C5
:10DBB0002005002309930B9B612B7FF4ADAAB0EEE7
:10DBC0004A0B1BA800F072FFB4EE007B20EE070B9F
:10DBD000B5EE400BF1EE10FA01D101231B9346483C
:10DBE00021E71BEE101A24AA584601F015FF002861
:10DBF0007FF41DA81B9B269A0DF19C0AFFF74EB9D6
:10DC00000B9B23F020052D230993B1EE48ABD2E7FF
:10DC10001B9A0C92002A06F0010340F30D81039930
:10DC20000B4340F0CF800C9B059366230B9372054A
:10DC300000F1A380059B23EAE37302936CE71BEEDC
:10DC4000101A24AA584601F0E7FE00287EF4EFAF30
:10DC50001B9C0E9B269A1C1B0DF19C0AFFF736B9E4
:10DC600058238DE700220392FEF7DABB0E9B109A31
:10DC70009A180C9B0592002B40F3AB8067230B9303
:10DC8000D5E70B9A0F32D2B2012118E6A018FBE5B6
:10DC9000002940F0A88030228DF87A200DF17B0217
:10DCA000303302F8013B1EABD31A149349E601331B
:10DCB0001249CAF804502A44072BCDE92532CAF884
:10DCC00000107FF733AC1BEE101A24AA584601F05F
:10DCD000A3FE00287EF4ABAFDDE925320DF19C0AEE
:10DCE00026E4591C5846FCF777FF044650B30790CA
:10DCF00054E700BF54A7002040A7002004CD002017
:10DD000067666666CDF888C012F8011C90F80FC0EF
:10DD1000614513460AD14FF0300E03F801EC229B07
:10DD2000591E229113F8011C8C45F6D0392916BFD3
:10DD30000131817AC9B203F8011CAEE60023904696
:10DD4000079360E71BEE102AB2F90C3043F0400352
:10DD50009381FEF716BCF5077FF5FEADF8E5059358
:10DD6000CEE6B5EE40ABF1EE10FA3FF48BADC2F16A
:10DD700001021B9287E567230B9313990B78FF2B06
:10DD800079D000250C9A284603E001300131FF2BA1
:10DD900008D0934206DAD21A4B78002BF5D10B78D3
:10DDA0000135F4E70C9213910D900F950F9A0D9B8E
:10DDB00016991344059A01FB0323059323EAE373A1
:10DDC0000293D5E5109BD3181944662305910B9354
:10DDD0002DE7C3F101031A4422EAE2730293672399
:10DDE00005920B9398E60DF17A0259E7039BDDF853
:10DDF0000890DDF81C800593B4E418EE903A002BEF
:10DE0000B4BF2D219DF86710254C264BB8BF8DF867
:10DE1000671028F08008FEF779BC039B02930593F6
:10DE200073239DF8671003900F900D900B93FEF7EE
:10DE30007ABC0223149384E5039A134305D101238A
:10DE4000662202930B92059366E6109B01331A44F7
:10DE500022EAE2730293662305920B935CE6089A2A
:10DE600099F80130894652F8041B089241EAE171A1
:10DE70000391FEF7D3BA00230F930D9396E70C237B
:10DE8000CBF800304FF0FF330493FEF781BB1BEE5D
:10DE9000102A938943F040039381FEF7C8BE00BF68
:10DEA0003CA70020CCA10020436C70B505460C4671
:10DEB0004BB153F8240080B1026843F824200023BA
:10DEC000C0E9033370BD2122042100F04BFE03465C
:10DED00068640028EDD1002070BD012101FA04F62C
:10DEE000721D9200284600F03DFE0028F3D0C0E9E4
:10DEF0000146E4E731B1436C4A6853F822000860F8
:10DF000043F82210704700BF2DE9F0410E698046AA
:10DF10000F461D4601F1140E0020DEF800108CB2F1
:10DF200002FB0453090C4FEA134C02FB01CC0130F5
:10DF30009CB204EB0C4486424EF8044B4FEA1C455D
:10DF4000EBDC3DB1BB68B34207DD07EB860301366E
:10DF50005D613E613846BDE8F08179684046013137
:10DF6000FFF7A2FF0446B0B13A69023207F10C0193
:10DF700092000C30F8F74EFCD8F844307A6853F829
:10DF80002210396043F82270274607EB86030136DA
:10DF90005D613E61DEE7034B03482246BA2100F093
:10DFA000C1FD00BF48A500205CA50020030C1B0498
:10DFB000D3B90004102310F07F4F04BF00020833D0
:10DFC00010F0704F04BF0001043310F0404F04BF45
:10DFD00080000233002805DB10F0804F03F10103BD
:10DFE00008BF2023184670470023E4E7036813F0B6
:10DFF000070208D0D9071FD49A0722D55B0803600F
:10E0000001221046704799B209B91B0C1022D9B2EF
:10E0100009B908321B0A190704BF1B090432990702
:10E0200004BF9B080232D90703D45B0802F1010246
:10E0300005D003601046704700221046704720222A
:10E04000DFE79B08022203601046704738B5436C37
:10E0500004460D464BB15868B0B102685A600022C0
:10E060000123C0E90435C26038BD2122042100F03B
:10E0700079FD034660640028EDD1094B0948002270
:10E0800040F2451100F04EFD1C220121204600F017
:10E0900069FD0028F1D001220223C0E90123DEE757
:10E0A00048A500205CA500202DE9F04F0E691569F8
:10E0B000AE4285B08846144605DB2A4623463546DF
:10E0C0000C4616469846A3686168AF19BB42B8BFB4
:10E0D0000131FFF7E9FE0190002800F08780019BE5
:10E0E00003F1140909EB870AD14505D24B460022FA
:10E0F00043F8042B9A45FBD808F1140808EB860B6B
:10E1000004F11403D8451A4603EB85055FD22B1B97
:10E11000153B23F0030304331534A54238BF042311
:10E12000CDE902A7AC461F46924605E0090C29D16D
:10E13000C34509F1040948D958F8041B8DB2002DD4
:10E14000F4D056464C46002356F8041B22681FFAAA
:10E1500081FE90B2090C05FB0E00120C034405FB76
:10E16000012202EB13429BB243EA0243B44544F856
:10E17000043B4FEA1243E7D849F8073058F8041C2B
:10E18000090CD5D0D9F8003050461A464C46002626
:10E190000588120C01FB052216449BB243EA064394
:10E1A00044F8043B50F8045B22682D0C93B201FB49
:10E1B000053303EB164384454FEA1346E8D8C345BD
:10E1C00049F8073009F10409B6D8DDE902A7002FA4
:10E1D00002DC05E0013F03D05AF8043D002BF9D0E2
:10E1E000019B18461F6105B0BDE8F08F034B044842
:10E1F000019A4FF4B17100F095FC00BF48A50020D2
:10E200005CA5002012F003032DE9F04114460646F8
:10E2100032D10D46A41020D0D6F84080B8F1000FBE
:10E2200033D0E3074FF0000707D4641015D0D8F8B7
:10E230000000A8B18046E307F7D54246294630469C
:10E24000FFF732FFB5B16968736C641053F8212091
:10E250002A6043F821500546E9D12846BDE8F081FF
:10E26000424641463046FFF71FFFC8F800000760EE
:10E270008046E0E70546D8E7013B0F4A52F82320E5
:10E280000023FFF741FE0546C4E701213046FFF7B2
:10E290000BFE804640B1012340F27122C0E90432F6
:10E2A000002330640360BCE7044B0548424640F25B
:10E2B000451100F037FC00BF58AD002048A50020F4
:10E2C0005CA500202DE9F0470D4614462F69AB6888
:10E2D000496807EB62177E1C9E4280464FEA62192E
:10E2E00004DD5B009E4201F10101FADC4046FFF7CC
:10E2F000DBFD8446002852D0B9F1000F00F1140272
:10E300000EDD09F105014FEA810E134600EB810194
:10E31000002043F8040B8B42FBD1AEF114031A44E6
:10E32000296905F1140314F01F0E03EB81012ED0AF
:10E33000CEF1200910464FF0000A1C6804FA0EF4D2
:10E3400044EA0A0440F8044B53F8044B994224FA77
:10E3500009FAF2D84B1B153B23F00303043305F1F4
:10E360001500814238BF0423BAF1000F18BF3746A9
:10E3700042F803A0D8F844306A68CCF8107053F81B
:10E3800022102960604643F82250BDE8F087043A25
:10E3900053F8040B42F8040F9942F9D8EAE7034B0B
:10E3A000034862464FF4EF7100F0BCFB48A5002023
:10E3B0005CA500200B6984460069C01A16D10CF1D7
:10E3C000140C14310CEB830210B401EB830301E055
:10E3D000944508D252F8044D53F8041D8C42F7D0EE
:10E3E00005D24FF0FF305DF8044B704770470120B5
:10E3F0005DF8044B704700BF2DE9F84F0F691369B2
:10E40000FF1A002F0E4690467FD101F114051432F9
:10E4100002EB830205EB830301E09D4278D253F8BF
:10E42000041D52F8044DA142F7D069D37168FFF77B
:10E430003BFD8146002877D03569D8F81020C760A9
:10E4400008F1140E06F1140009F1140A06F1100186
:10E450000EEB820200EB850756464FF0000C5EF88B
:10E46000044B51F804BFA3B21CFA8BFCACEB0303C2
:10E470004FEA144CCCEB1B4C0CEB234C9BB243EA05
:10E480000C43724546F8043B4FEA2C4CE7D8A2EB0C
:10E490000801153908F11508424521F0030404F17B
:10E4A000040438BF0424204421F0030238BF0022B2
:10E4B00087425244544418D92646014651F8043B39
:10E4C0001CFA83FC4FEA2C4202EB13421FFA8CFC2D
:10E4D0004CEA02438F4246F8043B4FEA224CEDD807
:10E4E000013F3F1A27F00307E21923B952F8043D10
:10E4F000013D002BFAD0C9F810504846BDE8F88F0E
:10E50000334601274646984690E7F9DB00278DE71A
:10E510000021FFF7C9FC814668B101220023C9E947
:10E5200004234846BDE8F88F064B07484A4640F2A8
:10E53000452100F0F7FA034B03484A4640F23721E1
:10E5400000F0F0FA48A500205CA500202DE9F0437A
:10E55000884683B0012157EC106B1546FFF7A4FCE9
:10E560000446002851D0C7F30A59C7F31303B9F181
:10E57000000F01D043F48013002E019318D101A89D
:10E58000FFF734FD019A6261012200F1200322614C
:10E59000B9F1000F25D0A9F2334909EB0302204657
:10E5A000C3F13503C8F800202B6003B0BDE8F08349
:10E5B00068460096FFF71AFD034610B3DDE9000236
:10E5C000C3F1200102FA01F10143DA4061610192D5
:10E5D000002AA26114BF022201222261B9F1000FB8
:10E5E000D9D1A3F23243C8F8003004EB8203186992
:10E5F000FFF7DCFCC0EB421320462B6003B0BDE804
:10E60000F083009A6261019AE2E7034B03482246D5
:10E6100040F20F3100F086FA48A500205CA50020EA
:10E6200070B500294BD006460C4610B1436B002B49
:10E6300048D0636ED80734D5B4F90C30002B3ED0E7
:10E640002146304600F050F8E36A054633B1E169EF
:10E65000304698470028B8BF4FF0FF35A3891A0607
:10E660003CD4216B41B104F14003994202D03046C1
:10E67000FDF75AFD00232363616C21B13046FDF79D
:10E6800053FD00236364FDF7F7F8636E0022DB0798
:10E69000A2811FD5A06DFDF729FCFDF7F3F82846F0
:10E6A00070BDA3899905CBD4A06DFDF721FCB4F909
:10E6B0000C30002BC4D1656E15F0010505D0002586
:10E6C000284670BDFDF7BAF8B3E7A06DFDF712FC60
:10E6D000284670BDA06DFDF70DFCDBE721693046D3
:10E6E000FDF722FDBDE700BFB1F90C202DE9F04197
:10E6F0000C461107804647D4636842F40062002B41
:10E70000A2815EDDA56A002D58D00023D8F80060F4
:10E71000C8F8003093B212F4805256D10123E16957
:10E720004046A847431C67D0A389A56A5F0705D563
:10E730006368C01A236B0BB1E36BC01AE169024630
:10E7400000234046A847411C41D1D8F80030002B97
:10E750003DD01D2B01D0162B56D1A38922692260F2
:10E7600023F4006300216160A381216BC8F800607D
:10E7700021B304F14003994202D04046FDF7D4FC96
:10E7800000202063BDE8F0812669BEB193B2256800
:10E7900026609A070CBF63690023AD1BA3600BE0E2
:10E7A0002B463246E169676A4046B847B0F1000C33
:10E7B000A5EB0C05664417DD002DF1DC0020BDE85B
:10E7C000F081E36B002B9DDCF8E7206DAEE7B4F938
:10E7D0000C302269226023F40063A3810022DB0451
:10E7E0006260C2D52065C0E7A38943F040034FF0C3
:10E7F000FF30A381BDE8F081D8F80030002B93D022
:10E800001D2B06D0162B04D0A38943F04003A3810F
:10E81000D5E7C8F80060D1E738B50C46054608B121
:10E82000436B03B3B4F90C0088B1636EDB0701D40A
:10E8300081050FD528462146FFF756FF636EDA079C
:10E84000054602D4A3899B0508D5284638BD054650
:10E85000284638BDA06DFDF74BFBEBE7A06DFDF73B
:10E8600049FB284638BDFCF7E9FFDBE710B50C464D
:10E87000B1F90E1000F07AF8002803DB236D034491
:10E88000236510BDA38923F48053A38110BD00BF6D
:10E890002DE9F0410C46B1F90C101F46CB05054699
:10E8A00016460BD421F48051A1813B46B4F90E10D9
:10E8B00032462846BDE8F041FDF766B9B4F90E10BE
:10E8C0000223002200F03CF8B4F90C10EAE700BF84
:10E8D00010B50C46B1F90E1000F032F8A389421CB5
:10E8E0000EBF23F4805343F480532065A38110BDF1
:10E8F000B1F90E1000F012B849B1FF2A02D80A701F
:10E90000012070478A2303604FF0FF3070470846AC
:10E91000704700BF004870473CD3002038B5074D12
:10E920000022044608462A60F8F7A2FA431C00D0E9
:10E9300038BD2B68002BFBD0236038BD4C21012053
:10E9400038B50C46084D8446114620461A46002329
:10E950002B606446F8F798FA431C00D038BD2B684A
:10E96000002BFBD0236038BD4C21012038B50C466C
:10E97000084D8446114620461A4600232B60644603
:10E98000F8F774FA431C00D038BD2B68002BFBD07D
:10E99000236038BD4C210120000000000000000071
:10E9A0000000000001F0FF01102A2BDB10F0070F20
:10E9B00008D010F8013B013A8B422DD010F0070F20
:10E9C00042B3F6D1F0B441EA012141EA014122F01B
:10E9D00007047FF000070023F0E80256083C85EAB0
:10E9E000010586EA010685FA47F5A3FA87F586FA56
:10E9F00047F6A5FA87F68EB9EED1F0BC01F0FF011B
:10EA000002F0070232B110F8013B013A83EA010338
:10EA100013B1F8D10020704701387047002D06BFB0
:10EA200035460338073815F0010F07D1013015F4CA
:10EA3000807F02BF013015F4C03F0130F0BC0138C7
:10EA4000704700BF70B5054684B05BB11C4669B124
:10EA50000E4B2846D3F8E0602346B047431C0FD046
:10EA600004B070BD00F582740029F1D1074A234635
:10EA7000D2F8E06028460A4601A9B047431CEFD10E
:10EA800000228A2322602B6004B070BD4CD200208B
:10EA900010B582B0049CCDE900344FF0FF3302F092
:10EAA0006BFB02B010BD00BF0000000030B482B0AC
:10EAB0008DED000B019A194C22F000430021A34276
:10EAC000016021DC009C1C431ED0154C144054B93D
:10EAD0009FED107B20EE077B8DED007B019A6FF0A0
:10EAE000350122F0004322F0FF42DDE9004522F427
:10EAF000E00242F07F551B1545F40015A3F2FE33EA
:10EB0000CDE900450B4403609DED000B02B030BC25
:10EB1000704700BF0000000000005043FFFFEF7F80
:10EB20000000F07F00B50B4C25681446EE681A46CD
:10EB300085B003460D464CB107490095CDE9011457
:10EB40003046064900F054FFF8F7A4F904490C4692
:10EB5000F3E700BFD4D70020A8A40020B8A4002069
:10EB6000281E002038B5A1FB02148CBBFCF734F83A
:10EB70000546E0B150F8042C22F00302043A242A9E
:10EB800017D8132A1AD91B2AC0E900441DD9242AF0
:10EB900014BF00F1100200F118024FF00003C0E9A9
:10EBA000024404BF04614461C2E900339360284613
:10EBB00038BD2146FCF70CFF284638BD024600232D
:10EBC000C2E900339360284638BD00F10802F6E739
:10EBD000FCF7F0FF0C2300250360E8E72DE9F04F78
:10EBE00003690C69A34283B0C0F28780013C01F144
:10EBF0001405A30000F11408009355F8243058F8C8
:10EC00002420013381469A4208EB840005EB8407F7
:10EC10000190B2FBF3F63BD34FF0000CAE464046FA
:10EC2000E24663465EF804BB02681FFA8BFC06FBF3
:10EC30000C334FEA134C4FEA1B4B06FB0BCC9BB239
:10EC4000AAEB03031FFA8CFA13FA82F3CAEB1242FF
:10EC500002EB23429BB243EA0243774540F8043B70
:10EC60004FEA224A4FEA1C43DCD2009B58F803309B
:10EC700073B9019B043B984504D307E0984504F120
:10EC8000FF3403D253F80429002AF7D0C9F8104002
:10EC90004846FFF78FFB00282BDB01364146002357
:10ECA00055F8040BD1F800C082B29A1A030C12FA7C
:10ECB0008CF2C3EB1C4303EB224392B242EA0342C1
:10ECC000AF4241F8042B4FEA2343E9D258F82420FD
:10ECD00008EB84036AB9043B984504D307E09845E0
:10ECE00004F1FF3403D253F80429002AF7D0C9F8FD
:10ECF0001040304603B0BDE8F08F002003B0BDE8FF
:10ED0000F08F00BF2DE9F04F2DED028B8FB08DED10
:10ED1000020B0191816B1A9D059357EC106B044611
:10ED2000934641B1C26B4A60012393408B60FFF769
:10ED3000E1F80023A363B7F10008B4BF0123002367
:10ED40002B60BE4BBCBF28F00048CDF80C8033EAE6
:10ED5000080300F09F809DED028BB5EE408BF1EE35
:10ED600010FA11D1059A012313601B9B002B00F0B0
:10ED70003F82B34B1B9A1360013B009300980FB086
:10ED8000BDEC028BBDE8F08F0CAA0DA92046B0EEB9
:10ED9000480BFFF7DBFB5FEA1853054640F0928013
:10EDA000DDE90C130B4403F23242202A40F3FA82CD
:10EDB000C2F1400208FA02F803F21242D64048EAD1
:10EDC000060207EE102AB8EE477B581E17EE906A2F
:10EDD00053EC172B4FF0010AA6F1F8739FED913B0E
:10EDE0009FED927B9FED935B06EE900A43EC122B16
:10EDF000B8EEE64BB7EE086B32EE466BA6EE037B41
:10EE0000A4EE057BFDEEC76BB5EEC07BF1EE10FA0C
:10EE100016EE907A08D5B8EEE66BB4EE476BF1EEDD
:10EE200010FA18BF07F1FF37162F00F24581854B06
:10EE300003EBC70393ED007BB4EEC78BF1EE10FA42
:10EE400057D5091A0023B1F1010807F1FF370A93DA
:10EE500000F1398100230693002F52DA069B0497B4
:10EE6000DB1B06937B420893019B092B4FF00007A5
:10EE70004ED8052B40F39D82043B01930026019B55
:10EE80009A1E032A00F22581DFE812F0AA03A703E5
:10EE90009D037E03059AC8F3130842F20F7358EAE4
:10EEA000060813601ED11B9B002B00F09185664B5A
:10EEB000009308331B9A009813600FB0BDEC028BCF
:10EEC000BDE8F08F18EE906AC6F31306A3F2FF3088
:10EED00053EC182B46F07F530C994FF0000A43F483
:10EEE00040137BE71B9B002B40F03B83574B009369
:10EEF00044E7091A0023B1F101080A9300F1E38005
:10EF0000069300230893019B0497092BB844B0D9BA
:10EF100000230126019307964FF0FF399B460021FD
:10EF2000E163CDF82C902046FEF7BEFF009000284C
:10EF300000F04085009BA363B9F10E0F00F2DC8066
:10EF4000002E00F0D980049B002B40F3DE833D4A65
:10EF500003F00F0102EBC10292ED007B1A11DB05F9
:10EF600040F182833A4991ED086B02F00F020320D1
:10EF700088EE065B5AB13649D60704D591ED006B91
:10EF8000013027EE067B521001F10801F4D185EE25
:10EF9000076B0A9B3BB1B7EE007BB4EEC76BF1EE9B
:10EFA00010FA00F1AE8407EE900AB8EEE75BB1EE1E
:10EFB0000C7BA5EE067B17EE902A51EC170BA2F105
:10EFC0005071B9F1000F00F08883049E4A46079BF8
:10EFD000002B00F04784B6EE003B1A4BFDEEC64B0B
:10EFE00003EBC20CB8EEE47B36EE477B1CED026B04
:10EFF00083EE065B41EC160B14EE900A35EE465B91
:10F000000099B4EEC75B3030F1EE10FA01F8010B55
:10F0100000F3AC84B7EE002BB2EE044B4FF0000CC3
:10F0200031E000BF61436F63A787D23FB3C8608BF5
:10F03000288AC63FFB799F501344D33F0000F07FDE
:10F0400071A70020A00E0020C4A60020D0A600209A
:10F05000780E00200CF1010C94454DDA27EE047B6C
:10F0600025EE045BFDEEC76B16EE903AB8EEE63B7C
:10F07000303337EE437BB4EEC57BF1EE10FA01F886
:10F08000013B00F1738432EE476BB4EEC56BF1EED9
:10F0900010FADFD5009A049602E08A4200F050840C
:10F0A000894611F8013D392BF7D00133DBB20B70E3
:10F0B000049B0133049355E1091A0123B1F10108BE
:10F0C0000A937FF5C7AEC1F1010306934FF0000824
:10F0D000C2E60026E66331462046FEF7E5FE0090D4
:10F0E000002800F06784009BA3634FF0FF330B936D
:10F0F00099460123B34607930D9A002A55DB0499DC
:10F100000E2952DCB74BBBF1000F03EBC10393EDAB
:10F11000006B15DAB9F1000F12DC40F0F282B1EEAB
:10F12000047B26EE077BB4EEC78BF1EE10FACA46DD
:10F130004E4600F26D82DDF800806FEA0B0B70E244
:10F1400088EE067BBDEEC77B009917EE103AB9F149
:10F15000010F03F13003B8EEC75B01F8013BA5EEE8
:10F16000468B00F03483B2EE044B012311E088EEAD
:10F17000067BBDEEC77B013317EE102A4B4502F12B
:10F180003002B8EEC75B01F8012BA5EE468B00F00C
:10F190001E8328EE048BB5EE408BF1EE10FAE6D11B
:10F1A000049B013304938946DCE0079B43B3019B36
:10F1B000012B40F37682089B09F1FF3A534580F218
:10F1C0003F82089BCDF820A0AAEB030217444FF022
:10F1D000000AB9F1000FC0F22583069B09934B4446
:10F1E000C844069301212046FEF730FF06460CE096
:10F1F0007D4B009300980FB0BDEC028BBDE8F08F03
:10F20000069BDDF820A0079E0993099B6BB1B8F11E
:10F21000000F0ADD434506991A46A8BF4246891ADF
:10F220009B1A06910993A8EB0208089B63B1079B00
:10F23000002B00F0A782BAF1000F00F30482089BB4
:10F24000B3EB0A0240F0FF8201212046FEF7FEFEEA
:10F25000002F824600F3AF80019B012B40F3878192
:10F26000002308930120002F40F0B180404410F0AB
:10F270001F0000F07A81C0F12002042A00F3888088
:10F2800040F0F681069B002B05DD29461A462046F4
:10F29000FFF718F80546B8F1000F05DD5146424664
:10F2A0002046FFF70FF882460A9B002B40F03F8173
:10F2B000B9F1000F40F32581079B002B40F0A3809C
:10F2C000049B01330493DDF80080012707E0294601
:10F2D00000230A222046FEF717FE01370546514655
:10F2E0002846FFF77BFCB94500F1300008F8010B18
:10F2F000EDDCB9F1000F009ACCBFCB464FF0010B0B
:10F300000346934400272946012220460193FEF735
:10F31000D9FF51460546FFF74DF8002840F3AF816D
:10F320001BF8013C009A0BF1FF3B04E05A4500F04A
:10F33000B1811BF8013D392B0BF10109F6D00133E6
:10F340008BF8003051462046FEF7D4FD56B12FB160
:10F35000B74203D039462046FEF7CCFD3146204661
:10F36000FEF7C8FD29462046FEF7C4FD002389F8B4
:10F370000030DDE904231A601B9B002B3FF4FEAC38
:10F380000098C3F800900FB0BDEC028BBDE8F08F81
:10F39000C0F11C00069B03440693099B0344099398
:10F3A00080446FE7C2F1200206FA02F207EE102A4B
:10F3B00009E5012663E501463A462046FEF722FFAD
:10F3C000019B012B824640F3C58100230893DAF8A4
:10F3D00010200AEB82021069FEF7E8FDC0F1200060
:10F3E00044E700BFA00E002070A700203146002394
:10F3F0000A222046FEF788FD0B9B002B064640F3B1
:10F40000CE8204979946099B002B05DD31461A46AA
:10F410002046FEF757FF0646089B002B40F0EB8185
:10F42000B046029B009F03F001027B1E4B440893F1
:10F43000019B0A921343099351462846FFF7CEFBDE
:10F44000314683462846FEF7B5FF4246514681467F
:10F450002046FEF7D1FFC26801460BF13003002AB7
:10F4600042D1CDE906032846FEF7A4FF0699029093
:10F470002046FEF73FFD029A079B1AB90999002919
:10F4800000F07E82B9F1000FC0F28381019949EA50
:10F4900001090A9951EA090900F07B81002A00F369
:10F4A000C681089A3B7007F101099742CB4600F0EC
:10F4B000C481294600230A222046FEF725FD464541
:10F4C000054631464FF000034FF00A02204612D0A5
:10F4D000FEF71AFD4146064600230A222046FEF7A3
:10F4E00013FD4F468046A7E720460293FEF702FD34
:10F4F000029B0122C6E7FEF707FD4F4606468046FF
:10F500009AE7019B022B71DC079B002B7FF47BAFFA
:10F51000049B5146013328460493FFF75FFBDDF857
:10F5200000B000F130030BF8013B0027EBE6514639
:10F530002846FEF73FFF0028BFF6BAAE2946002353
:10F540000A222046FEF7E0FC049B5F1E079B05464F
:10F55000002B7FF44BAF0B9B002B40F31882994696
:10F56000B1E6BC4B00930333A4E41C2012E7DDE9B1
:10F57000020100287FF474AEC1F31302002A00F0E8
:10F58000F480029B08936DE601230793049B5B4480
:10F5900003F10109B9F1010FCC460B93B8BF4FF04D
:10F5A000010C0021BCF1170FE1637FF7BCAC012017
:10F5B0000422520002F114036345014600F10100E8
:10F5C000F7D9E163AFE401230793BBF1000F52DDEC
:10F5D000CDF82CB0D946DC46E3E700230793D5E706
:10F5E00000230793F1E7DDF82C900497B9F1000FA1
:10F5F0007FF4A1AD51464B4605222046FEF784FC20
:10F60000014682462846FEF7D5FE00287FF793ADD7
:10F61000049B03F1010B009B3122984603F8012B58
:10F62000009351462046FEF765FC0BF10103DDF81F
:10F6300000900493CDF80080002E7FF48FAE91E609
:10F64000A3EB0A0AC5E5314652462046FEF7DAFD2D
:10F650002A46014606462046FEF726FD294605466F
:10F660002046FEF747FCEAE50220B0EE485B81E465
:10F67000C0F13C008EE64FF0010BD9464FE403D1B8
:10F68000019BDB073FF54CAED9461BF8013D302B03
:10F69000FAD057E6049B009A013304933123137088
:10F6A00050E6BAF1000F00F0238102F23342069BCC
:10F6B00009931344DDF820A00693904492E507EEE9
:10F6C000900AB1EE0C5BB8EEE77BA6EE075B15EE99
:10F6D000902A51EC150BA2F1507141EC150BB1EED3
:10F6E000047B36EE477BB4EEC57BF1EE10FA00F3F7
:10F6F0003781B1EE455BB4EEC57BF1EE10FA7FF5D4
:10F70000FBAC4FF0000A564615E500F0F580049B6F
:10F7100051495A4202F00F0001EBC00191ED006B1C
:10F72000121128EE066B00F04281B0EE467B4B4989
:10F7300000260220D30705D591ED005B013001269C
:10F7400027EE057B521001F10801F3D1002E06FED1
:10F75000076B1EE4029B002B7FF437AEDDE902014C
:10F76000C1F31302002A40F037813D4A0A40002AC3
:10F7700000F0FA80069B01330693012308F101088B
:10F7800008936FE52946089A2046FEF73BFD05469B
:10F790005AE5002A12DD2946012220460193FEF790
:10F7A00091FD51460546FEF705FE0028019B40F3FA
:10F7B000E180392B00F0CA800BF13103B94609F81A
:10F7C000013B049B0133374604934646BAE538EEC5
:10F7D000088BB4EEC68BF1EE10FA0ADCB4EE468B61
:10F7E000F1EE10FA7FF4DCAC17EE103AD8077FF593
:10F7F000D7AC009A54E471682046FEF755FB0746E3
:10F80000002800F0DE80336902339A0006F10C0113
:10F810000C30F6F7FFFF394601222046FEF752FD75
:10F820008046FEE5069BA3EB09030993DAE4392B36
:10F8300000F08C80B9460133C1E7049A01323746A3
:10F84000049246465FE529462046FEF7DBFC054666
:10F85000FAE400BFD0A60020A00E0020780E002001
:10F860000000F07F5E4BFDEEC65B03EBC20C1CEDAF
:10F87000023BB8EEE57B36EE477B41EC160B15EE0E
:10F88000901A23EE063B00983031012A00F8011B44
:10F8900000F08380B2EE044B009B991827EE047BA6
:10F8A000FDEEC76B16EE903A303300F8013B814213
:10F8B000B8EEE65B37EE457BF0D1B6EE006B33EE8B
:10F8C000065BB4EEC75BF1EE10FA3FF5E3AB36EE44
:10F8D000436BB4EEC76BF1EE10FA7FF70DAC8946BF
:10F8E000013919F8013C302BF9D0731C049339E528
:10F8F0000C9AC2F13602DAE60220B0EE486BFFF74E
:10F9000048BBB9F1000F3FF4DAAE0B9A002A7FF73B
:10F91000F3ABB2EE044B26EE046B013007EE900A17
:10F92000049BB8EEE75BB1EE0C7BA6EE057B17EE11
:10F9300090CA51EC170B5E1EACF15071FFF747BB3C
:10F94000049B013304933123FFF7B1BB049BBB46F7
:10F9500001330493392337460BF8013B4646E1E473
:10F960004FF0000A564653E608927BE4731C04935A
:10F970008946F7E47FF422AFDA077FF51FAF18E777
:10F98000392BE3D0B9F1000F3FF716AF16E7019B13
:10F99000022B3FF728AE0497BAE501468DE7019B9D
:10F9A000022B3FF720AEDDF82C9004972BE50220C8
:10F9B000FFF7EFBA0B4B0C48002240F2AF11FFF7F4
:10F9C000B1F8084B08483A4640F2EF21FFF7AAF891
:10F9D000064B0093FFF7D2B9029B0893F7E400BFF0
:10F9E000A00E002048A50020D4A60020C4A6002018
:10F9F0000EB410B583B005AB064C53F8042B01933D
:10FA00000146206800F0C4F803B0BDE8104003B020
:10FA1000704700BFD4D700202DE9F04F93681768D6
:10FA200083B09246002B70D081468A6808680C46E5
:10FA3000083743E0A38913F4906F2ED0D4E904165D
:10FA4000A0EB010806EB460606EBD67608F10100AE
:10FA500076102844B042324684BF064632465B05E3
:10FA600037D511464846FBF7B7F8019000283AD041
:10FA700042462169F6F7CEFEA289019B22F49062EC
:10FA800042F08002A281A6EB080203EB0800666147
:10FA9000A260236120602E46A84642465946FBF7E5
:10FAA0001BFFDAF80830A2682068921B40445B1BF9
:10FAB000A2602060CAF808303BB3083757E902B5A6
:10FAC000002DFAD0AA4216469046B3D92E46A84633
:10FAD000E3E74846FBF73CFB03460028D3D1216906
:10FAE0004846FCF721FBA3890C2243F04003C9F8E8
:10FAF00000204FF0FF30A38100220023CAF8082025
:10FB0000CAF8043003B0BDE8F08F00200023CAF823
:10FB1000043003B0BDE8F08F2DE9F84F4B6E9C0424
:10FB200090462DD59368126843B38B46064602F182
:10FB3000080959E9025A5FEA9A0715D0043D0024E2
:10FB400001E0A7420ED055F8041F5A46304601F096
:10FB50005BFA431C04F10104F3D10023C8E901332B
:10FB6000BDE8F88FD8F808302AF0030AA3EB0A039F
:10FB7000C8F8083009F10809002BDAD10020ECE7B9
:10FB800001F00CF80023C8E90133BDE8F88F00BF8D
:10FB90002DE9F04F2DED028BC5B00DF1500A8346D3
:10FBA00008EE101A16460021082250461C460793FC
:10FBB000FBF70EFFBBF1000F04D0DBF83430002B55
:10FBC00000F0A08618EE102A536EDB0740F1138573
:10FBD000B2F90C108AB295040BD418EE103A41F425
:10FBE000005199815B6E8AB218EE101A23F400530B
:10FBF0004B66100740F1058118EE103A1B69002B87
:10FC000000F0FF8002F01A030A2B00F00A810023A3
:10FC1000CDE91933CDE90D331BAA0C931892914607
:10FC20000B930593B0464446A84BD3F8E450FBF73A
:10FC30008DFF2246034612A9CDF800A05846A847DA
:10FC4000002800F04581C0F23981129A252A034626
:10FC500001D01C44E8E7B4EB0806054640F03C81BF
:10FC6000002361788DF8433004F1010806934FF0CA
:10FC7000FF371E462B2408F10108A1F120035A2B5F
:10FC800000F27881DFE813F0B50276017601B00268
:10FC90007601760176016A00760176017D028D0299
:10FCA000760188029702760192025B005B005B009E
:10FCB0005B005B005B005B005B005B007601760134
:10FCC00076017601760176017601760176015C0295
:10FCD000840076017601760176017601760176015F
:10FCE000760176017601E80076017601760133022D
:10FCF0007601DA02760176018B05760176017601CE
:10FD000076017601760176017601760176015C0254
:10FD10008600760176017601CD0286007F007601AD
:10FD2000C0027601FD02EA00ED027F007601330297
:10FD30007C006905760176016B0576017C00A1F1F6
:10FD40003003002218F8011B02EB820203EB42028F
:10FD5000A1F13003092BF5D906928EE75846FEF73C
:10FD6000D9FD43680D931846FCF7DCF80E90054664
:10FD70005846FEF7CFFD83680B93002D40F0D684E4
:10FD800098F8001077E798F8001046F0200672E720
:10FD900046F01006B40640F18E81079B073323F02E
:10FDA00007031A46596852F8083B07920A46002989
:10FDB000C0F27084791C00F0A28526F080010391C6
:10FDC00053EA020100F03F840A2B72F1000180F037
:10FDD000418530338DF80F31039E012304930DF2DA
:10FDE0000F14049BBB42B8BF3B4603930023089308
:10FDF0009DF84330002B00F0CB80039B013303932D
:10FE0000C6E018EE101A584618EE105A01F040F8E5
:10FE1000002840F05286AA8902F01A030A2B7FF4C8
:10FE2000F6AE18EE101AB1F90E30002BFFF6EFAE59
:10FE30004B6EDB0702D4970540F1128618EE101ABC
:10FE400023463246584600F069FE0590059845B0B5
:10FE5000BDEC028BBDE8F08F46F0100616F02002D4
:10FE600000F03681079B073323F0070319465A68D1
:10FE700051F8083B079126F480610391002100208E
:10FE80008DF84300781C00F01082039820F0800663
:10FE900053EA020040F00882002F40F03885002924
:10FEA00040F0D583039B13F00103049300F0118409
:10FEB00030238DF80F310DF20F1492E70822002144
:10FEC0005046FBF785FD01231C44ADE64CD20020D3
:10FED000B4EB080605461BD0199B1A9A013332442D
:10FEE000072BC9E900861A9219931CDD002A00F03D
:10FEF000A68318EE101A18AA5846FFF70DFE20BB6D
:10FF00000DF16C09059B33440593002D7FF4A8AED9
:10FF10001A9B002B40F0C18518EE103A0022B3F96D
:10FF20000C30199215E009F10809EBE718EE101AE8
:10FF300018AA5846FFF7F0FD002800F0A680089B9D
:10FF40001BB108995846FCF7EFF818EE103AB3F9D0
:10FF50000C3018EE102A526E12F0010F9AB200F017
:10FF6000A080500600F1B285059845B0BDEC028B2B
:10FF7000BDE8F08F0029CBD000238DF8433001235A
:10FF8000CDE903338DF8AC102BAC002308931F464A
:10FF900016F00203099302D0039B0233039316F079
:10FFA00084030A9305D1069B039A9D1A002D00F342
:10FFB0007B82DDE91903411C9DF8432082B10122B7
:10FFC0000133C9F8042007290DF14302CDE91913C3
:10FFD000C9F8002000F34A82084609F108090131F6
:10FFE000099AE2B111AA0233C9F8002007294FF09B
:10FFF0000202CDE91913C9F8042040F35082002B06
:02000004600397
:1000000000F0438318EE101A18AA5846FFF784FD33
:10001000002894D1DDE919030DF16C09411C0A9AFD
:10002000802A00F08481049ABD1A002D00F3D78144
:10003000049AC9F8004013440729CDE91913C9F8F7
:10004000042040F36E81002B00F0758218EE101A28
:1000500018AA5846FFF760FD00287FF470AF1A9B7E
:100060000DF16C09750705D5069A0399541A002CF1
:1000700000F36B82DDE9052103988142ACBF521881
:1000800012180592002B7FF451AF089900231993A1
:10009000002900F049815846FCF746F80DF16C093B
:1000A000C1E59C053FF55DAF18EE104AA06DFBF76A
:1000B00021FFA28955E7F006079A00F11F83710618
:1000C00040F1198332F9043B0792DA1711466EE6C4
:1000D00016F01003079940F0098316F0400000F075
:1000E00001831A4651F8043B07919BB2C3E6079B74
:1000F0001A4600238DF84330134653F8044B0393FC
:10010000002C00F01284532900F0658316F01005CE
:1001100040F061837B1C00F0B3843A4629462046B8
:10012000FEF740FC0890002800F09F84031B039A10
:10013000049323EAE3732F4607920393089557E647
:10014000432902D0F50640F12D83079D08220021A6
:1001500016A82BACFBF73CFC16AB55F8042B21463C
:100160005846FEF76FFC03460133049000F0B38459
:10017000049B079523EAE373039300238DF8433030
:1001800003E7079B53F8042B0692002A80F29C8217
:10019000069A5242CDE9062398F8001046F004066C
:1001A00069E598F800108DF8434064E598F8001070
:1001B00046F080065FE5424612F8011B2A2900F04E
:1001C0009684A1F13003092B90464FF000073FF6CB
:1001D00054AD18F8011B07EB870703EB4707A1F1A4
:1001E0003003092BF5D948E598F8001046F00106D0
:1001F00041E59DF84330002B7FF4C2AD202398F8F1
:1002000000108DF8433036E598F800106C2903BFD4
:1002100098F8011046F0200608F1010846F0100693
:1002200029E598F80010682903BF98F8011046F4F2
:10023000007608F1010846F040061CE546F0100380
:100240000393039B13F0200200F00682079B073301
:1002500023F0070319465A6851F8083B079101211A
:100260000DE6079A46F00203039352F8043B079207
:1002700047F63002ADF84420B84A0C920221002221
:10028000FDE5B70600F14882F50600F146837406E5
:1002900000F1D583B00540F14083079B059953F8E1
:1002A000042B07931170BEE4039601293FF48CAD33
:1002B000022944AC11D10C9803F00F011B09415CD9
:1002C00004F8011D43EA0273120953EA0201F3D153
:1002D000039E44AB1B1B049383E503F00701DB087B
:1002E00043EA4273D208303153EA0205204604F84B
:1002F000011DF2D1039EF307EBD53029E8D030235E
:10030000023804F8013C44AB1B1A039E04930446D4
:1003100067E5049B1B9401221C931A9319920DF11B
:100320006C0909F108099DE60DF16C097BE4069A58
:10033000039D551B002D7FF776AE102D40F3BB8338
:10034000099418EE104A07E000F1020C09F10809BF
:100350001046103D102D1EDD8149C9F80010421CC9
:1003600010331021072ACDE91923C9F80410EBDD59
:1003700018AA002B74D0214658460DF16C09FFF7DE
:10038000CBFB00287FF4DBADDDE91903103D102D18
:1003900000F1010CE0DC099C714AC9F804502B44BF
:1003A000BCF1070FCDE919C3C9F8002040F39481CF
:1003B000002B00F01F8318EE101A18AA5846FFF7FA
:1003C000ABFB00287FF4BBAD049ADDE91903BD1A2D
:1003D000002D00F101010DF16C097FF729AE102D00
:1003E00029DD0994102718EE104A07E000F1020CED
:1003F00009F108091046103D102D1ADD421C58491C
:100400001033072AC9E90017CDE91923EEDD18AA30
:1004100003B3214658460DF16C09FFF77DFB002818
:100420007FF48DADDDE91903103D102D00F1010CB5
:10043000E4DC099C61464A4AC9F804502B44072968
:10044000CDE91913C9F8002000F3E78009F1080984
:100450000131EDE54FF0010C18460DF16C09CAE7CA
:100460004FF0010C18460DF16C0972E7002B00F0FB
:10047000048118EE101A18AA5846FFF74DFB002801
:100480007FF45DADDDE919030DF16C09411CA7E5B1
:10049000022311AA1C931B9201210DF16C0908463D
:1004A00009F10809411CBAE5102D40F3E582DDE9A8
:1004B00019130F94084618EE104A07E000F1020CD9
:1004C00009F108091046103D102D1DDD2549C9F818
:1004D0000010421C10331021072ACDE91923C9F856
:1004E0000410EBDD18AA03B3214658460DF16C0940
:1004F000FFF712FB00287FF422ADDDE91903103D60
:10050000102D00F1010CE1DC0F9C6046154AC9F882
:1005100004502B440728CDE91903C9F8002000F343
:10052000C18009F10809411C46E518464FF0010C4D
:100530000DF16C09C7E77607199353D5069A03990D
:10054000541A002C4EDD0DF16C09102C40F3B082D2
:10055000199918EE106A10250DE000BF40A7002081
:1005600014CD002084A70020881C09F10809114639
:10057000103C102C1ADD4A1CB3481033072AC9E975
:100580000005CDE91923EFDD18AA33B331465846EB
:10059000FFF7C2FA00287FF4D2ACDDE91913103C52
:1005A000102C01F101000DF16C09E4DCA64AC9F838
:1005B000044023440728CDE91903C9F800207FF738
:1005C00059AD7BB118EE101A18AA5846FFF7A4FAD5
:1005D00000287FF4B4AC1A9B4CE5012019460DF1BC
:1005E0006C09C5E7DDE9053203998A42ACBF9B1867
:1005F0005B18059349E5B2F90C108F0518EE103A17
:100600008AB23FF5E8AA18EE105A986DFBF770FC15
:10061000B5F90C108AB2FFF7DEBA002B3FF479AEC1
:1006200018EE101A18AA5846FFF776FA00287FF439
:1006300086AC19991A9B01310DF16C09F8E41992F5
:100640000DF16C095EE4002F7FF4C3AB039E00271D
:10065000049744ACFFF7C5BB039B13F0100354D1C0
:10066000039A12F0400000F06B8107991A4651F886
:10067000043B07919BB2012101E4099A002A64D14D
:10068000184601210DF16C09C9E4012118460DF14C
:100690006C09C4E45B4262EB420203962D20012107
:1006A000FFF7EEBB002B00F0888018EE101A18AA96
:1006B0005846FFF731FA00287FF441ACDDE9190311
:1006C0000DF16C09411C77E498F800100793FFF7CF
:1006D000D2BA44ACFFF785BB09F108090CF101015E
:1006E0006046A0E416F4007240F0978151F8043B94
:1006F0000791FFF7C0BBB30500F1888152F8043BB6
:100700000792DA171146FFF752BB079951F8043BDD
:1007100007910121FFF7B3BB079B059853F8041B12
:100720000793C217C1E90002FFF77DBA0B9B002BAC
:100730003FF426AB0B9B1B78002B3FF421AB98F8C2
:10074000001046F48066FFF796BA022311AA1C93A4
:100750001B9201200DF16C09A2E6039671E53B4B5B
:100760000C9316F0200259D0079B073323F00703A0
:1007700018465A6850F8083B0790F40709D553EA21
:10078000020006D08DF84510302146F002068DF8A3
:10079000441026F4806103910221FFF770BB2C4BBB
:1007A0000C93DEE7079B012153F8042B03918DF88E
:1007B000AC20079304912BACDFE49DF84320002A82
:1007C00040F03281099A002A7FF462AE1846012176
:1007D0000DF16C0927E40021082216A81394FBF7F9
:1007E000F7F8791C00F0BC80002507942C460CE03B
:1007F0002BA95846FEF726F9421C204400F06B81D5
:10080000B84208DC00F070810446139A525916ABC6
:100810000435002AECD10494079CAFE016F01003D5
:1008200007980CD116F0400405D01A4650F8043B46
:1008300007909BB2A1E716F4007240F0E18050F8F7
:10084000043B079099E700BF84A7002040A7002041
:1008500054A700200399049744AC9E4608EE90BA32
:1008600001F480664FF0000C234606E0BEF10A0F4B
:1008700072F1000239D3A6462A46A6491EEB0200B1
:1008800040F100000F46A1FB001424F0030101EB2E
:100890009401401ABEEB00014FF0CC3562F1000428
:1008A00005FB01F507FB0455A1FB07410D44052796
:1008B00004F00101A1FB071B09186408303103F89B
:1008C000011C44EAC5740CF1010C013B6D08002EBB
:1008D000CCD00B9909786145C8D1BCF1FF0FC5D0C8
:1008E000BEF10A0F72F100026CD21C4644AB1B1B16
:1008F000049F039E049318EE90BAFFF772BA039612
:10090000FFF762BA5846FAF799FFFFF75BB901297A
:1009100003967FF4CDACFFF75CBA079B059953F8BB
:10092000042B11600793FFF77EB9062F3B46039A0D
:10093000794C079228BF062304930393FFF725BB46
:10094000039B079913F4007214BF51F8043B51F84C
:10095000043B07911CBF0246DBB20121FFF78FBAAF
:1009600016AB00930023194613AA5846FEF790F8D9
:1009700003460133049000F0AE801394049B002BD7
:1009800030D0632B63DC002308932BAC08220021BA
:1009900016A8FBF71DF8049D16AB009313AA2B466F
:1009A00021465846FEF774F8854240F0AB80039B21
:1009B000049A07930023A3541F4622EAE273039389
:1009C000FFF716BA0E9A0D999B1A18460893FBF773
:1009D00051F80B99089B4A780AB101310B914FF0FD
:1009E000000C48E7039B0793049B03931F4608935F
:1009F000FFF7FEB9012118460DF16C09FFF713BB93
:100A000050F8043B07902246DBB2B6E612F9043BED
:100A10000792DA171146FFF7CAB951F8043B07915C
:100A20000246DBB2FFF727BA01231C9301210DF127
:100A300043031B930DF16C090B46FFF7CDBA079BDF
:100A4000059953F8042B07931180FFF7ECB8591C54
:100A50005846FAF7C1F8044600283CD0089095E7BC
:100A6000886DFBF747FAFFF7E9B9039B0793CDE9D8
:100A70000377089FFFF7BCB919981A9B013045E529
:100A8000039B07932046FBF74DFA20EAE0732F46BD
:100A9000049003930895FFF7ABB918EE101A18AA43
:100AA0005846FFF739F800283FF436AAFFF74DBA49
:100AB000199801307AE58C466EE46B6ED90705D43F
:100AC000AB899A0502D4A86DFBF714FA4FF0FF33F7
:100AD0000593FFF749BA18EE102AB2F90C3043F02B
:100AE00040039381FFF735BA079C049746E7079BBD
:100AF00098F8011053F8047B0793904647EAE7778C
:100B0000FFF7B9B818EE102A938943F04003938198
:100B1000FFF715BACDCCCCCC68A7002070B50C4639
:100B20008989ADF58E6D21F00201ADF81410616E6A
:100B30001B91E189ADF81610E1690991616A0B9189
:100B40001CA9029106914FF4806106460491079119
:100B500018A80021CDE900320891FBF7C5F9DDE9BD
:100B6000003202A93046FFF713F8051E07DB02A981
:100B70003046FDF751FE002818BF4FF0FF35BDF895
:100B800014305B0603D5A38943F04003A381189872
:100B9000FBF7ACF928460DF58E6D70BD9368002B00
:100BA00000F085802DE9F04FB1F90C300C461907A3
:100BB000804683B0174698B225D523691BB310F041
:100BC00002033D682DD04FF0000ADFF8C0B2564650
:100BD000B9465E453346524628BF5B464046002E26
:100BE00052D0E169676AB847002856DDD9F8083065
:100BF0001B1A8244361AC9F80830002BE9D10020AC
:100C000003B0BDE8F08F2146404600F041F90028CE
:100C100040F03881B4F90C303D6898B210F002030E
:100C2000D1D110F0010944D14E46009746B3820558
:100C3000D4F808B040F18580B3455A4600F2B4803C
:100C400010F4906F40F0C180206801924946FAF795
:100C500043FEA368019AA3EB0B012368A160134430
:100C6000B24623600026009A9368A3EB0A03D1449E
:100C70009360002BC3D0B4F90C0080B2002ED6D103
:100C8000D5E900960835D1E7D5E900A60835A0E7F3
:100C900021464046FDF7C0FD88B3B4F90C3043F05F
:100CA00040034FF0FF30A38103B0BDE8F08F002078
:100CB00070471E46BA469946184600951F4666B3C9
:100CC000002832D04A46D4E904132068A568B2420D
:100CD00028BF3246884204D905EB030B5A4500F37E
:100CE000A780934264DCE169656A3A464046A847BA
:100CF000B0F1000BD1DDB9EB0B09C9D00120DAF856
:100D00000830A3EB0B035F44A6EB0B06CAF80830D0
:100D1000002B3FF474AF002ED2D1009A56681346D0
:100D200008320092002EF8D01F6832460A21384659
:100D3000FDF738FE002800F09C800130A0EB070989
:100D4000C0E720682369984216D86269B24213D876
:100D50006FF00043B34228BF3346E16993FBF2F3DF
:100D6000676A02FB03F340464A46B847B0F1000AFF
:100D700093DDA6EB0A0676E7B345DA4628BFB2460E
:100D800052464946FAF7A8FDA3682268A3EB0A0376
:100D90005244A3602260002BEBD121464046FDF770
:100DA0003BFD0028E5D078E72068B34632464CE7A3
:100DB00039460192FAF790FD019AA3689B1AA36045
:100DC000236813442360934695E723682169A3EBC6
:100DD000010B636903EB430A0AEBDA7A0BF10103B7
:100DE0004FEA6A0A33445345524684BF9A465246F4
:100DF00043052CD511464046F9F7EEFE00283BD0BE
:100E00005A4621690190F5F705FDA289019B22F45C
:100E1000906242F08002A28103EB0B002361AAEBF7
:100E20000B03C4F814A0A3602060B34632460CE75D
:100E300039465A46FAF750FD23685B442360214641
:100E40004046FDF7E9FC00283FF455AF25E7404652
:100E5000FAF77EF903460028DED121694046FBF708
:100E600063F9B4F90C300C2223F08003C8F8002099
:100E700015E7721C914626E70C22B4F90C30C8F82D
:100E800000200CE74FF0FF30BAE600BF00FCFF7F08
:100E900038B5314B1B6805460C4613B15A6B002A16
:100EA0004ED0B4F90C3018079AB21CD5216929B379
:100EB00012F0010007D00020A06060694042A061EC
:100EC00039B1002038BD950758BF6069A06000297E
:100ED000F7D1120658BF0846F4D543F04003A3816A
:100EE0004FF0FF3038BDD1062ED5520714D42169FA
:100EF00043F00803A3819AB20029D9D102F42070EB
:100F0000B0F5007FD4D02146284600F047F9B4F967
:100F10000C3021699AB2CBE7216B51B104F1400248
:100F2000914204D02846FBF7FFF8B4F90C300022B8
:100F3000226321690022C4E9001223F02403D7E7C9
:100F40001846FAF77BFCACE7092243F040032A601D
:100F50004FF0FF30A38138BDD4D700202DE9F047F2
:100F600082B0824688461446FAF7F0FD012803D184
:100F700008F1FF33FE2B36D90DF10409424604F186
:100F80005C0349465046FDF75DFD421C064632D0E3
:100F900020B39DF804C0002509E023685A1C226094
:100FA00083F800C00135B54218D219F801CFA36803
:100FB000013B002BA360F0DAA769BB4261462246E1
:100FC000504602DBBCF10A0FE7D100F053F9431C95
:100FD000E8D10646304602B0BDE8F08746463046C6
:100FE00002B0BDE8F0875FFA88FC8DF804C00646C1
:100FF0000DF10409CFE7A389304643F04003A381F4
:1010000002B0BDE8F08700BF30B5536E13F0010F9A
:10101000B2F90C30144683B005469AB201D1980556
:101020001CD5900406D4626E43F4005342F400527F
:10103000A381626622462846FFF790FF636EDA07B7
:10104000054602D4A3899B0502D5284603B030BDCE
:10105000A06DFAF74FFF284603B030BDA06D019197
:10106000FAF746FFB4F90C3001999AB2D9E700BFFC
:101070002DE9F04F8BB0DDE9158A149F039181466D
:1010800005921E46B8F1000F5CD0039B002B5ED08A
:10109000059B1D68002F6AD0741E4EB3039B0493FA
:1010A000043D002601950BE0039B2BBB019B1A68B6
:1010B000002A3AD0BC455CD2013C631C664617D07E
:1010C000D8F800300293019BDAF8E05053F8042F6F
:1010D000019307A943464846D8F804B0A847421CE4
:1010E0003AD000EB060CBC45DED9029BC8E9003BB8
:1010F00030460BB0BDE8F08F00280EDD049B019D4B
:1011000018445A1E07A900F1FF3E11F8013B02F8EE
:10111000013F7245F9D101950490059B1A6804328C
:101120001A60019B1A68002AC4D1039B0BB1059B6E
:101130001A600CF1FF3600223046C8F800200BB0D0
:10114000BDE8F08F039B00F58678002BA0D1059BAE
:101150004FF0FF371D689FE706468A210022304680
:10116000C9F80010C8F800200BB0BDE8F08F3E466B
:10117000BEE76646BCE700BF10B584B0054C0698D4
:10118000009007980190044800680294FFF770FFF0
:1011900004B010BD4CD20020D4D700202DE9F0417E
:1011A0008B890C46990796B008D504F143030122B8
:1011B000C4E90432236016B0BDE8F081B4F90E1022
:1011C0000029064625DB6A4600F0ACF800281FDB44
:1011D000019D05F47045A5F50055B5FA85F54FF468
:1011E00080686D094FF4006741463046F9F7F4FC1A
:1011F000E0B1B4F90C30C4F8148043F080032060EF
:101200002061A38135BB3B43A38116B0BDE8F081CB
:10121000A38913F0800519D04FF0400800254146FE
:1012200030462F46F9F7D8FC0028E2D1B4F90C304B
:101230009A05C0D423F0030304F1430243F00203F0
:101240000121C4E90421A3812260B4E74FF480683E
:101250002F46C9E7B4F90E10304600F079F810B9FE
:10126000B4F90C30CFE7A38923F0030343F0010363
:101270001BB2C8E7F8B50D461446064610B1436BDD
:10128000002B4CD0B4F90C20A369A360170790B2CF
:101290001BD52369CBB1EDB281042F4622D522683C
:1012A0006169D31A994229DD0133A1680139A1602E
:1012B000511C2160157062699A4227D0A389DB070F
:1012C00001D50A2D22D03846F8BD21463046FFF719
:1012D000DFFD08BBB4F90C20236990B2EDB28104A4
:1012E0002F46DCD442F40052A281626E616922F47E
:1012F000005262662268D31A9942D5DC21463046F4
:10130000FDF78AFA40B922680123CEE7214630462C
:10131000FDF782FA0028D6D04FF0FF37D3E7FAF76F
:101320008DFAAFE770B50C46084D034600262046FF
:1013300011461C462E60F5F79FFD431C00D070BD82
:101340002B68002BFBD0236070BD00BF4C21012017
:1013500038B5074D0022044608462A60F5F792FD8D
:10136000431C00D038BD2B68002BFBD0236038BD58
:101370004C2101205FF800F0A51B00605FF800F031
:101380000D1D00605FF800F0751D00605FF800F053
:10139000711600605FF800F0C516006000000000E4
:0413A0000000000049
:0413A400F8B500BFD9
:0813A800887FFF7F01000000B7
:1013B000000000000000000000000000000000002D
:1013C000000000000000000000000000000000001D
:1013D000000000000000000000000000000000000D
:1013E00000000000000000000000000000000000FD
:1013F00000000000000000000000000000000000ED
:1014000000000000000000000000000000000000DC
:1014100000000000000000000000000000000000CC
:1014200000000000000000000000000000000000BC
:1014300000000000000000000000000000000000AC
:10144000000000000000000000000000000000009C
:10145000000000000000000000000000000000008C
:10146000000000000000000000000000000000007C
:10147000000000000000000000000000000000006C
:10148000000000000000000000000000000000005C
:10149000000000000000000000000000000000004C
:1014A000000000000000000000000000000000003C
:1014B000000000000000000000000000000000002C
:1014C000000000000000000000000000000000001C
:1014D000000000000000000000000000000000000C
:1014E00000000000000000000000000000000000FC
:1014F00000000000000000000000000000000000EC
:1015000000000000000000000000000000000000DB
:1015100000000000000000000000000000000000CB
:1015200000000000000000000000000000000000BB
:1015300000000000000000000000000000000000AB
:10154000000000000000000000000000000000009B
:10155000000000000000000000000000000000008B
:10156000000000000000000000000000000000007B
:10157000000000000000000000000000000000006B
:10158000000000000000000000000000000000005B
:10159000000000000000000000000000000000004B
:1015A000000000000000000000000000000000003B
:1015B000000000000000000000000000000000002B
:1015C000000000000000000000000000000000001B
:1015D000000000000000000000000000000000000B
:1015E00000000000000000000000000000000000FB
:1015F00000000000000000000000000000000000EB
:1016000000000000000000000000000000000000DA
:1016100000000000000000000000000000000000CA
:1016200000000000000000000000000000000000BA
:1016300000000000000000000000000000000000AA
:10164000000000000000000000000000000000009A
:10165000000000000000000000000000000000008A
:10166000000000000000000000000000000000007A
:10167000000000000000000000000000000000006A
:10168000000000000000000000000000000000005A
:10169000000000000000000000000000000000004A
:1016A000000000000000000000000000000000003A
:1016B000000000000000000000000000000000002A
:1016C000000000000000000000000000000000001A
:1016D000000000000000000000000000000000000A
:1016E00000000000000000000000000000000000FA
:1016F00000000000000000000000000000000000EA
:1017000000000000000000000000000000000000D9
:1017100000000000000000000000000000000000C9
:1017200000000000000000000000000000000000B9
:10173000000000000000F03F748515D3B0D9EF3FE2
:101740000F89F96C58B5EF3F515B12D00193EF3F11
:101750007B517D3CB872EF3FAAB968318754EF3FA7
:101760003862756E7A38EF3FE1DE1FF59D1EEF3F60
:1017700015B7310AFE06EF3FCBA93A37A7F1EE3F86
:101780002234124CA6DEEE3F2D89616008CEEE3F7A
:10179000272A36D5DABFEE3F824F9D562BB4EE3F57
:1017A000295448DD07ABEE3F85553AB07EA4EE3FA5
:1017B000CD3B7F669EA0EE3F745FECE8759FEE3FE9
:1017C0008701EB7314A1EE3F13CE4C9989A5EE3F30
:1017D000DBA02A42E5ACEE3FE5C5CDB037B7EE3F22
:1017E00090F0A38291C4EE3F5D253EB203D5EE3F5B
:1017F000ADD35A999FE8EE3F475EFBF276FFEE3F8E
:101800009C5285DD9B19EF3F6990EFDC2037EF3F5D
:1018100087A4FBDC1858EF3F5F9B7B33977CEF3F3F
:10182000DA90A4A2AFA4EF3F40456E5B76D0EF3FC5
:10183000000000000000E8429423914BF86AAC3F9E
:10184000F3C4FA50CEBFCE3FD6520CFF422EE63F35
:101850000000000000003843FE822B65471547401A
:101860009423914BF86ABC3EF3C4FA50CEBF2E3F8E
:10187000D6520CFF422E963FBEF3F879EC61F63F4C
:101880001930965BC6FEDEBF3D88AF4AED71F53F6D
:10189000A4FCD432680BDBBFB010F0F03995F43FF4
:1018A0007BB71F0A8B41D7BF8503B8B095C9F33FFB
:1018B0007BCF6D1AE99DD3BFA564880C190DF33F4A
:1018C00031B6F2F39B1DD0BFA08E0B7B225EF23FA0
:1018D000F07A3B1B1D7CC9BF3F341A4A4ABBF13F1B
:1018E0009F3CAF93E3F9C2BFBAE58AF05823F13FBA
:1018F0005C8D78BFCB60B9BFA70099413F95F03FA1
:10190000CE5F47B69D6FAABF000000000000F03F09
:101910000000000000000000AC479AFD8C60EE3F24
:101920003DF5249FCA38B33FA06A021FB3A4EC3F21
:10193000BA913854A976C43FE6FC6A573620EB3F8B
:10194000D2E4C44A0B84CE3F2DAAA163D1C2E93FA1
:101950001C65C6F04506D43FED417803E686E83FB6
:10196000F89F1B2C9C8ED83F624853F5DC67E73FFD
:10197000CC7BB14EA4E0DC3F4D7E0AF7B612D7BF58
:10198000E0326849BFCADE3FDEE3FA9F4715E7BF92
:10199000B8C8355F4715F73F0038FAFE422EE63FDC
:1019A0003067C79357F32E3D010000000000E0BFF1
:1019B0005B3051555555D53F9045EBFFFFFFCFBFED
:1019C0001101F124B399C93F9FC806E57555C5BFFC
:1019D000000000000000E0BF775555555555D53F34
:1019E000CBFDFFFFFFFFCFBF0CDD95999999C93F54
:1019F000A74567555555C5BF30DE44A32449C23FAE
:101A0000653D42A4FFFFBFBFCAD62A288471BC3FF0
:101A1000FF68B043EB99B9BF85D0AFF78281B73F7C
:101A2000CD45D1751352B5BF9FDEE0C3F034F73F0B
:101A30000090E6797FCCD7BF1FE92C6A7813F73F77
:101A400000000DC2EE6FD7BFA0B5FA0860F2F63FF6
:101A500000E05113E313D7BF7D8C131FA6D1F63FCF
:101A6000007828385BB8D6BFD1B4C50B49B1F63F72
:101A700000788090555DD6BFBA0C2F334791F63F62
:101A800000001876D002D6BF234222189F71F63F7D
:101A900000909086CAA8D5BFD91EA5994F52F63F8F
:101AA00000500356434FD5BFC4248FAA5633F63F88
:101AB00000406BC337F6D4BF14DC9D6BB314F63F04
:101AC0000050A8FDA79DD4BF4C5CC65264F6F53FFC
:101AD00000A889399245D4BF4F2C91B567D8F53FFE
:101AE00000B8B039F4EDD3BFDE905BCBBCBAF53FA4
:101AF00000708F44CE96D3BF781AD9F2619DF53F1E
:101B000000A0BD171E40D3BF875646125680F53F32
:101B1000008046EFE2E9D2BFD36BE7CE9763F53F93
:101B200000E030381B94D2BF937FA7E22547F53FF2
:101B30000088DA8CC53ED2BF83450642FF2AF53FB6
:101B400000902729E1E9D1BFDFBDB2DB220FF53FCD
:101B500000F8482B6D95D1BFD7DE34478FF3F43FA3
:101B600000F8B99A6741D1BF4028DECF43D8F43F8F
:101B70000098EF94D0EDD0BFC8A378C03EBDF43F2D
:101B80000010DB18A59AD0BF8A25E0C37FA2F43FDE
:101B900000B86352E647D0BF3484D4240588F43FAC
:101BA00000F0864522EBCFBF0B2D191BCE6DF43F05
:101BB00000B017754A47CFBF541839D3D953F43FF3
:101BC0000030103D44A4CEBF5A84B444273AF43FB9
:101BD00000B0E9440D02CEBFFBF81541B520F43F3B
:101BE00000F07729A260CDBFB1F43EDA8207F43F5E
:101BF0000090950401C0CCBF8FFE575D8FEEF33F80
:101C0000001089562920CCBFE94C0BA0D9D5F33F51
:101C10000010818D1781CBBF2BC110C060BDF33F79
:101C200000D0D3CCC9E2CABFB8DA752B24A5F33FE4
:101C30000090122E4045CABF02D09FCD228DF33FA7
:101C400000F01D6877A8C9BF1C7A84C55B75F33F97
:101C5000003048696D0CC9BFE236AD49CE5DF33F37
:101C600000C045A62071C8BF40D44D987946F33FC7
:101C7000003014B48FD6C7BF24CBFFCE5C2FF33F08
:101C80000070623CB83CC7BF490DA1757718F33F9F
:101C90000060379B9AA3C6BF90393E37C801F33F17
:101CA00000A0B754310BC6BF41F895BB4EEBF23FD5
:101CB000003024767D73C5BFD1A919020AD5F23F41
:101CC0000030C28F7BDCC4BF2AFDB7A8F9BEF23F4B
:101CD0000000D2512C46C4BFAB1B0C7A1CA9F23FAA
:101CE000000083BC8AB0C3BF30B514607293F23F6A
:101CF0000000496B991BC3BFF5A15757FA7DF23F0E
:101D00000040A4905487C2BFBF3B1D9BB368F23F05
:101D100000A079F8B9F3C1BFBDF58F839D53F23FA1
:101D200000A02C25C860C1BF3B08C9AAB73EF23F3E
:101D30000020F7577FCEC0BFB640A92B012AF23F43
:101D400000A0FE49DC3CC0BF3241CC967915F23F81
:101D500000804BBCBD57BFBF9BFCD21D2001F23F92
:101D6000004040960837BEBF0B484D49F4ECF13FA8
:101D70000040F93E9817BDBF69658F52F5D8F13F15
:101D800000A0D84E67F9BBBF7C7E571123C5F13F39
:101D900000602F2079DCBABFE926CB747CB1F13F1B
:101DA000008028E7C3C0B9BFB61A2C0C019EF13FD2
:101DB00000C072B346A6B8BFBD70B67BB08AF13F13
:101DC0000000ACB3018DB7BFB6BCEF258A77F13FF9
:101DD00000003845F174B6BFDA314C358D64F13FFF
:101DE0000080876D0E5EB5BFDD5F2790B951F13F72
:101DF00000E0A1DE5C48B4BF4CD232A40E3FF13FFC
:101E000000A06A4DD933B3BFDAF910728B2CF13FC1
:101E10000060C5F87920B2BF31B5EC28301AF13F27
:101E200000206298460EB1BFAF3484DAFB07F13F61
:101E30000000D26A6CFAAFBFB36B4E0FEEF5F03F05
:101E40000040774A8DDAADBFCE9F2A5D06E4F03FB1
:101E5000000085E4ECBCABBF21A52C6344D2F03F6D
:101E600000C0124089A1A9BF1A98E27CA7C0F03F28
:101E700000C002335888A7BFD136C6832FAFF03FCA
:101E80000080D6675E71A5BF3913A098DB9DF03F37
:101E9000008065498A5CA3BFDFE752AFAB8CF03F9F
:101EA00000401564E349A1BFFB284E2F9F7BF03F04
:101EB0000080EB82C0729EBF198F358CB56AF03FEF
:101EC00000805252F1559ABF2CF9ECA5EE59F03F23
:101ED000008081CF623D96BF902CD1CD4949F03F23
:101EE0000000AA8CFB2892BFA9ADF0C6C638F03F0F
:101EF0000000F9207B318CBFA93279136528F03FAF
:101F00000000AA5D351984BF4873EA272418F03F02
:101F10000000ECC2031278BF95B114060408F03F2C
:101F200000002479090460BF1AFA26F71FE0EF3F8A
:101F300000009084F3EF6F3F74EA61C21CA1EF3F91
:101F400000003D3541DC873F2E9981B01063EF3FA3
:101F50000080C2C4A3CE933FCDADEE3CF625EF3F4B
:101F600000008914C19F9B3FE7139103C8E9EE3F2E
:101F7000000011CED8B0A13FABB1CB7880AEEE3F20
:101F800000C001D05B8AA53F9B0C9DA21A74EE3F56
:101F90000080D840835CA93FB5990A83913AEE3F0F
:101FA000008057EF6A27AD3F569A6009E001EE3F87
:101FB00000C098E59875B03F98BB77E501CAED3F42
:101FC00000200DE3F553B23F03917C0BF292ED3FFD
:101FD0000000388BDD2EB43FCE5CFB66AC5CED3F81
:101FE00000C057875906B63F9DDE5EAA2C27ED3FFD
:101FF00000006A3576DAB73FCD2C6B3E6EF2EC3FCF
:1020000000601C4E43ABB93F0279A7A26DBEEC3F06
:1020100000600DBBC778BB3F6D08376D268BEC3F6A
:102020000020E7321343BD3F04585DBD9458EC3F98
:102030000060DE71310ABF3F8C9FBB33B526EC3F99
:102040000040912B1567C03F3FE7ECEE83F5EB3F77
:1020500000B092828547C13FC196DB75FDC4EB3F5E
:102060000030CACD6E26C23F284A860C1E95EB3F33
:102070000050C5A6D703C33F2C3EEFC5E265EB3F3A
:102080000010333CC3DFC33F8B88C9674837EB3F41
:1020900000807A6B36BAC43F4A301D214B09EB3FB2
:1020A00000F0D1283993C53F7EEFF285E8DBEA3FA7
:1020B00000F01824CD6AC63FA23D60311DAFEA3F53
:1020C000009066ECF840C73FA758D33FE682EA3F4E
:1020D00000F01AF5C015C83F8B7309EF4057EA3F6F
:1020E0000080F65429E9C83F274BAB902A2CEA3FE1
:1020F0000040F80236BBC93FD1F29313A001EA3F7A
:1021000000002C1CED8BCA3F1B3CDB249FD7E93F12
:1021100000D0015C515BCB3F90B1C70525AEE93FD4
:1021200000C0BCCC6729CC3F2FCE97F22E85E93F6B
:10213000006048D535F6CC3F754BA4EEBA5CE93F5C
:1021400000C04634BDC1CD3F3848E79DC634E93FA5
:1021500000E0CFB8018CCE3FE652672F4F0DE93F2C
:10216000009017C00955CF3F9DD7FF8E52E6E83F3C
:1021700000B81F126C0ED03F7C00CC9FCEBFE83F52
:1021800000D0930EB871D03F0EC3BEDAC099E83FBD
:102190000070869E6BD4D03FFB1723AA2774E83FBC
:1021A00000D04B338736D13F089AB3AC004FE83F9D
:1021B000004823670D98D13F553E65E8492AE83F1E
:1021C0000080CCE0FFF8D13F6002F4950106E83FC3
:1021D000006863D75F59D23F29A3E06325E2E73F58
:1021E00000A8140930B9D23FADB5DC77B3BEE73FE4
:1021F000006043107218D33FC2259767AA9BE73F40
:102200000018EC6D2677D33F570617F20779E73FA2
:102210000030AFFB4FD5D33F0C13D6DBCA56E73F98
:1022200000E02FE3EE32D43F0080E03779C3414332
:10223000176E05B5B5B89346F5F93FE9034F384D2C
:10224000321D30F94877825A3CBF737FDD4F1575D8
:10225000000000000000F03F0000000000002440EB
:1022600000000000000059400000000000408F40C6
:10227000000000000088C34000000000006AF84031
:102280000000000080842E4100000000D012634155
:102290000000000084D797410000000065CDCD41CB
:1022A000000000205FA00242000000E876483742AC
:1022B000000000A2941A6D42000040E59C30A2424A
:1022C0000000901EC4BCD64200003426F56B0C43BF
:1022D0000080E03779C3414300A0D8855734764366
:1022E00000C84E676DC1AB43003D9160E458E143C7
:1022F000408CB5781DAF154450EFE2D6E41A4B443C
:1023000092D54D06CFF08044F64AE1C7022DB54480
:10231000B49DD9794378EA44BEF3F879EC61F63F8D
:102320001930965BC6FEDEBF3D88AF4AED71F53FC2
:10233000A4FCD432680BDBBFB010F0F03995F43F49
:102340007BB71F0A8B41D7BF8503B8B095C9F33F50
:102350007BCF6D1AE99DD3BFA564880C190DF33F9F
:1023600031B6F2F39B1DD0BFA08E0B7B225EF23FF5
:10237000F07A3B1B1D7CC9BF3F341A4A4ABBF13F70
:102380009F3CAF93E3F9C2BFBAE58AF05823F13F0F
:102390005C8D78BFCB60B9BFA70099413F95F03FF6
:1023A000CE5F47B69D6FAABF000000000000F03F5F
:1023B0000000000000000000AC479AFD8C60EE3F7A
:1023C0003DF5249FCA38B33FA06A021FB3A4EC3F77
:1023D000BA913854A976C43FE6FC6A573620EB3FE1
:1023E000D2E4C44A0B84CE3F2DAAA163D1C2E93FF7
:1023F0001C65C6F04506D43FED417803E686E83F0C
:10240000F89F1B2C9C8ED83F624853F5DC67E73F52
:10241000CC7BB14EA4E0DC3F0B6E49C91676D23FAF
:102420007AC675A06919D7BFDDBAA76C0AC7DE3FA7
:10243000C8F6BE484715E7BF2BB82A654715F73FD2
:10244000000000000000F03F000000000000F0BFAE
:10245000000000000000F0BF000000000000F03F9E
:1024600083C8C96D305F6441182D4454FB21F93F86
:10247000000000000000F03F1C620CFDFFFFDFBF0A
:10248000198F06E15355A53F9D359AE887C056BF81
:10249000C3F87B024393F93E03A695595455C5BF33
:1024A000C40B23057610813F24CF7437EB9429BFEA
:1024B000000000000000F03F000000000000F0BF3E
:1024C000000000000000F0BF000000000000F03F2E
:1024D00083C8C96D305F6441182D4454FB21F93F16
:1024E000000000000000F0BF1C620CFDFFFFDF3F9A
:1024F000198F06E15355A5BF9D359AE887C0563F11
:10250000C3F87B024393F9BE03A695595455C5BF42
:10251000C40B23057610813F24CF7437EB9429BF79
:102520000500000008000000080000001400000082
:102530002200000019000000B4C90020BCC900201E
:10254000C8C90020D4C90020E0C90020E8C9002083
:10255000FCC9002010CA0020D0B6002064C80020AA
:1025600068C8002054B600206CC8002070C8002045
:1025700074C8002078C800207CC8002080C80020D3
:1025800084C8002088C80020F0C8002068C9002046
:1025900078C9002088C90020ECB4002098C9002028
:1025A000A4C9002038C9002028B4002044C9002054
:1025B00038C9002038C9002050C9002044C9002073
:1025C00038C9002060C900200000240348066A09B9
:1025D0008C0CAB0FC812E215F9180B1C1A1F232222
:1025E000282526281F2B112EFB30DF33BA368C39D5
:1025F000563C173FCE417A441C47B4493F4CBF4E2E
:1026000033519B53F5554258825AB35CD75EEB6009
:10261000F162E864CF66A6686D6A236CC96D5E6F6F
:10262000E2705472B573047541766B77847889795A
:102630007C7A5C7B297CE37C897D1D7E9C7E097F86
:10264000617FA67FD87FF57FFF7FF57FD87FA67F4C
:10265000617F097F9C7E1D7E897DE37C297C5C7B7C
:102660007C7A897984786B7741760475B573547276
:10267000E2705E6FC96D236C6D6AA668CF66E86410
:10268000F162EB60D75EB35C825A4258F5559B53BA
:102690003351BF4E3F4CB4491C477A44CE41173F9B
:1026A000563C8C39BA36DF33FB30112E1F2B2628CF
:1026B000282523221A1F0B1CF918E215C812AB0F8C
:1026C0008C0C6A09480624030000DCFCB8F996F675
:1026D00074F355F038ED1EEA07E7F5E3E6E0DDDDDB
:1026E000D8DADAD7E1D4EFD105CF21CC46C974C608
:1026F000AAC3E9C032BE86BBE4B84CB6C1B341B18F
:10270000CDAE65AC0BAABEA77EA54DA329A1159F92
:102710000F9D189B31995A979395DD933792A2900C
:102720001E8FAC8D4B8CFC8ABF8995887C87778601
:102730008485A484D7831D837782E3816481F780B5
:102740009F805A8028800B8001800B8028805A80CF
:102750009F80F7806481E38177821D83D783A4847F
:10276000848577867C879588BF89FC8A4B8CAC8D65
:102770001E8FA2903792DD9393955A973199189BAB
:102780000F9D159F29A14DA37EA5BEA70BAA65ACE1
:10279000CDAE41B1C1B34CB6E4B886BB32BEE9C0E0
:1027A000AAC374C646C921CC05CFEFD1E1D4DAD78C
:1027B000D8DADDDDE6E0F5E307E71EEA38ED55F0AF
:1027C00074F396F6B8F9DCFC000000009CCA002007
:1027D000A4CA0020B0CA00201CC9002028C90020BB
:1027E00030C90020C8C80020D0C80020D8C80020A8
:1027F000E0C80020E8C80020F4C8002000C900207C
:102800000CC90020B0C80020B8C80020C0C80020F3
:102810008CC8002094C800209CC80020A4C80020B8
:10282000536F6C6F204F464600000000536F6C6F73
:102830003A200000556E6B6E6F776E003D3D3D2077
:1028400054696D6520746F20726567656E3A20006B
:10285000203D3D3D3D3D3D3D3D3D3D3D3D3D3D3DC5
:10286000000000002D2D2D20426C6F73736F6D20C2
:102870002D2D2D00426C6F73736F6D3A2000000098
:102880004441484F4E20284C6561662900000000F5
:1028900042495455494E202852616469616C2900AF
:1028A000414C4F4E202857617665290042554E44D1
:1028B0004F4B20284D6F756E7461696E29000000C2
:1028C000416C676F726974686D3A2000536B656C78
:1028D0006574616C0000000052616E646F6D0000F1
:1028E0004F746865720000004F726465723A200090
:1028F000466F727761726400526576657273650027
:1029000042726F6B656E00004A756D7000000000CA
:1029100057616C6B3A2032463142000057616C6B54
:102920003A20326D46316D420000000057616C6BF9
:102930003A2053706972616C0000000057616C6B43
:102940003A204261636B747261636B005268797400
:10295000686D3A20000000004672656500000000C6
:102960005061747465726E3A2046696C6C202874EC
:1029700075726E61726F756E6429000050617474B7
:1029800065726E3A2052657374696E6700000000CC
:102990005061747465726E206E6F2E004275727392
:1029A0007420284368616F7329000000426C6F73C4
:1029B000736F6D20536F756E643A204D4F525048BF
:1029C0002028446963652000292000002062616E90
:1029D0006B200000426C6F73736F6D20536F756EC8
:1029E000643A2000202D20004E6F697365204D6FE2
:1029F00064653A20000000004D6963726F204B69E6
:102A0000743A2000202D206F726E616D656E7473B4
:102A100020000000250000004E6F697365204D6F97
:102A200064653A204E2F41002D2D2D204D75736980
:102A300063202D2D2D0000005363616C653A20004A
:102A40004B65793A2000000054656D706F3A2000A4
:102A50006D7300004E6F7465733A20002C200000E7
:102A600043757272656E74206E6F746520286163A1
:102A70007469766520616C676F726974686D293A54
:102A80002000000020487A202800000020205B6100
:102A90006C673A20000000005D00000050756E6316
:102AA0007475726520696E6465783A2000000000D4
:102AB00050756E637475726520696E6465783A202E
:102AC0004E2F41002D2D2D2042617373202D2D2D71
:102AD000000000004261737369737420536F756E58
:102AE000643A200042617373205061747465726EA1
:102AF0003A200000202D20454E41424C4544000024
:102B000042617373205061747465726E3A20444957
:102B10005341424C45440000426173732044726F3C
:102B20006E65204D6F64653A200000004861726D4B
:102B30006F6E79323A20000043686F726420656ED0
:102B400067696E653A2000002D2D2D204C445220DF
:102B50002D2D2D004C44522056616C75653A200095
:102B60005468726573686F6C643A20004348414F43
:102B70005320283E3D20302E39352900484947480A
:102B800020283E3D20302E39342900004D4544494F
:102B9000554D20283E3D20302E37342900000000BE
:102BA0004C4F5720283E3D20302E3634290000005F
:102BB0004441524B20283E3D20302E343229000023
:102BC00056455259204441524B20283C20302E3447
:102BD000322900002D2D2D204861726D6F6E7920F5
:102BE0002D2D2D004861726D6F6E79313A200000F5
:102BF000215452494720703D0000000020623D00F2
:102C000020613D00594553004E4F00004F4646009D
:102C10004F4E00000A3D3D3D204C44522045666623
:102C20006563747320537461747573203D3D3D007A
:102C3000526177204C44523A20000000536D6F6F70
:102C400074686564204C44523A2000004465627503
:102C500067206C6F6767696E673A20003D3D3D3DB8
:102C60003D3D3D3D3D3D3D3D3D3D3D3D3D3D3D3D94
:102C70003D3D3D3D0A0000004861726D6F6E793246
:102C8000206F766572726964652061637469766528
:102C90003A2000004861726D6F6E7931206F766561
:102CA0007272696465206163746976653A20000018
:102CB00042617373206F7665727269646520616327
:102CC000746976653A20000021504152414D206ED2
:102CD000616D653D00000000206D61783D000000E1
:102CE0002076616C75653D00206F7665727269644F
:102CF000653D00002067726F75703D220000000086
:102D00002220646573633D22000000002200000061
:102D100021504152414D5F454E44000021564F49DC
:102D2000434520746F6B656E3D0000002069647838
:102D30003D00000021564F4943455F454E44000089
:102D40004465627567206D6F646520636F6E6669A8
:102D50006775726564202D2055736572206F7665E6
:102D6000727269646573206170706C6965640000DB
:102D7000726F6F74000000007363616C6500000087
:102D800074656D706F000000626C6F73736F6D5FC0
:102D90007479706500000000616C676F00000000CE
:102DA0006F7264657200000072687974686D00006B
:102DB0003D3D3D204C6F61646564205072657365D4
:102DC000743A20544553545F424C4F53534F4D5F18
:102DD0004F4E4C59203D3D3D00000000536F6C6F3D
:102DE0003A20426C6F73736F6D0000003D3D3D20D3
:102DF0004C6F61646564205072657365743A205449
:102E00004553545F44524F4E4553203D3D3D0000D5
:102E10004D757465643A20426C6F73736F6D2C202E
:102E20004E6F6973650000003D3D3D204C6F61644D
:102E30006564205072657365743A20544553545F3D
:102E40004E4F495345203D3D3D000000536F6C6F90
:102E50003A204E6F69736520286761696E20626F42
:102E60006F7374656420746F20302E322900000067
:102E70003D3D3D204C6F6164656420507265736513
:102E8000743A20544553545F535452494E4753208B
:102E90003D3D3D00536F6C6F3A20537472696E670D
:102EA000730000003D3D3D204C6F6164656420501F
:102EB00072657365743A20414C4C5F564F494345E7
:102EC00053203D3D3D000000416C6C20766F6963EE
:102ED0006573206163746976650000003D3D3D20A7
:102EE0004C6F61646564205072657365743A204E5E
:102EF0004F4E45202864656661756C747329203DCA
:102F00003D3D00002150524553455420746F6B6580
:102F10006E3D0000215052455345545F454E4400DC
:102F20002153544154555300206D7574653D000084
:102F300020736F6C6F3D0000207265766572625F72
:102F40006D757465643D0000206F7665727269640A
:102F500065733D002063686F72645F6F6E3D0000B3
:102F60002063686F72645F726F6F743D00000000D1
:102F70002063686F72645F713D0000002063686FBA
:102F800072645F74656E73696F6E3D0020765F6278
:102F90006173733D0000000020765F68323D0000E1
:102FA00020765F68313D0000206C64723D000000B7
:102FB000207061645F70726573656E63653D0000CB
:102FC00020626C6F73736F6D5F6C696D69745F679E
:102FD000723D000020626C6F73736F6D5F6C696D82
:102FE00069745F696E3D000020726567656E5F738E
:102FF00065633D0020737465703D00002073746547
:10300000705F6D733D0000002062706D3D00000038
:10301000207369673D0000002F000000206261728C
:103020003D00000020626561743D00002073796EF0
:10303000635F7372633D00002073796E635F62703B
:103040006D3D000020636F6E645F7365633D00003B
:1030500020636F6E645F696E743D000020636F6E65
:10306000645F70726F673D00206370753D00000003
:1030700020626C6F636B733D00000000206C6F6F0B
:10308000705F6D61785F75733D0000002063666757
:103090005F736368656D613D0000000020554E4D13
:1030A0005554454400000000204D5554454400004F
:1030B0006D757465642028736F6C6F2900000000C3
:1030C000534F4C4F00000000616374697665000047
:1030D0004D555445440000000A3D3D3D2043757266
:1030E00072656E7420446562756720436F6E666911
:1030F0006775726174696F6E203D3D3D0000000090
:1031000046726565766572622028726576657262C0
:1031100031293A2000000000202000000A5061728E
:10312000616D65746572204F76657272696465734E
:103130003A0000000A4D69786572204761696E2087
:103140004F76657272696465733A000020204261AF
:1031500073736973743A200020204861726D6F6E3A
:1031600079313A200000000020204861726D6F6EB6
:1031700079323A20000000002020426C6F73736F98
:103180006D3A200020204E6F6973653120284C294C
:103190003A20000020204E6F6973653220285229A2
:1031A0003A200000202042697264732F4472756DCA
:1031B000733A20003D3D3D3D3D3D3D3D3D3D3D3D66
:1031C0003D3D3D3D3D3D3D3D3D3D3D3D3D3D3D3D2F
:1031D0003D3D3D3D3D3D3D0A00000000566F6963A9
:1031E00065205374617475733A000000467265651A
:1031F00076657262206D7574653A20003D3D3D2014
:10320000416C6C206F766572726964657320636CC3
:103210006561726564203D3D3D0000006465666146
:10322000756C74006366675F736176655F6661697C
:103230006C6564006366675F736176655F746F6F6A
:103240005F736F6F6E0000006366675F7361766522
:103250005F6275737900000056455253494F4E0026
:103260002156455253494F4E2066773D322E312E1E
:10327000302070726F746F3D000000002067697429
:103280003D76322E302E302D3139332D67393330A3
:103290006432653420626F6172643D7465656E737B
:1032A000793430206366675F736368656D613D00E4
:1032B00020736E3D000000004346475F47455400C1
:1032C0002143464720736368656D613D000000003F
:1032D00020736F757263653D0000000020646972A1
:1032E00074793D0020726567656E5F6D696E3D00A3
:1032F00020726567656E5F6D696E5F616374697684
:10330000653D000020766F6C756D655F6361703D93
:1033100000000000206C65645F6272696768746E0B
:103320006573733D000000002062706D5F6D696E13
:103330003D0000002062706D5F6D61783D0000000F
:103340004346475F4C495354000000002143464721
:103350005F4954454D206B65793D726567656E5FC9
:103360006D696E20747970653D696E74206D696E4B
:103370003D0000002064656661756C743D000000CE
:1033800020756E69743D6D696E7574657320646532
:1033900073633D224D696E75746573206265747741
:1033A00065656E2066756C6C20726567656E65720A
:1033B0006174696F6E732200214346475F4954452B
:1033C0004D206B65793D766F6C756D655F636170DF
:1033D00020747970653D696E74206D696E3D0000E2
:1033E00020756E69743D70657263656E74206465E6
:1033F00073633D224C6F7564657374207468652037
:10340000766F6C756D65206B6E6F622069732061DD
:103410006C6C6F77656420746F20726561636822DD
:1034200000000000214346475F4954454D206B652D
:10343000793D6C65645F6272696768746E65737309
:1034400020747970653D696E74206D696E3D000071
:1034500020756E69743D70657263656E7420646575
:1034600073633D22486F77206272696768742074C5
:10347000686520627265617468696E67204C4544B6
:1034800020676C6F77732200214346475F4954459C
:103490004D206B65793D62706D5F6D696E2074794A
:1034A00070653D696E74206D696E3D0020756E69B2
:1034B000743D62706D20646573633D22536C6F7759
:1034C0006573742074656D706F2074686520646521
:1034D000766963652077696C6C207069636B206F17
:1034E0006E20697473206F776E2200002143464777
:1034F0005F4954454D206B65793D62706D5F6D612C
:103500007820747970653D696E74206D696E3D0038
:1035100020756E69743D62706D20646573633D2231
:10352000466173746573742074656D706F20746880
:1035300065206465766963652077696C6C207069C5
:10354000636B206F6E20697473206F776E220000AA
:10355000214346475F454E44000000004346475F15
:1035600053455400214552522075736167655F438E
:1035700046475F5345545F6B65795F76616C75654F
:1035800000000000726567656E5F6D696E00000087
:10359000766F6C756D655F63617000006C65645F6C
:1035A0006272696768746E657373000062706D5F44
:1035B0006D696E0062706D5F6D61780021455252D9
:1035C00020756E6B6E6F776E5F6366675F6B657994
:1035D0002000000021455252206F75745F6F665FB6
:1035E00072616E676520726567656E5F6D696E20DA
:1035F00000000000214F4B206366672072656765FD
:103600006E5F6D696E3D000021455252206F7574EA
:103610005F6F665F72616E676520766F6C756D6552
:103620005F63617020000000214F4B2063666720BC
:10363000766F6C756D655F6361703D002145525218
:10364000206F75745F6F665F72616E6765206C6571
:10365000645F6272696768746E657373200000004E
:10366000214F4B20636667206C65645F62726967F7
:1036700068746E6573733D0021455252206F7574F6
:103680005F6F665F72616E67652062706D5F6D6906
:103690006E200000214552522062706D5F6D696E90
:1036A0005F61626F76655F6D61782000214F4B200E
:1036B0006366672062706D5F6D696E3D000000009B
:1036C00021455252206F75745F6F665F72616E673D
:1036D000652062706D5F6D61782000002145525257
:1036E0002062706D5F6D61785F62656C6F775F6D92
:1036F000696E2000214F4B206366672062706D5F0A
:103700006D61783D000000004346475F53415645D8
:1037100000000000214F4B206366675F7361766590
:1037200020756E6368616E6765640000214F4B20F1
:103730006366675F73617665000000004346475F1C
:103740005245534554000000214F4B206366675F8C
:1037500072657365740000005155494554000000BE
:10376000214F4B2071756965743D0000424F4F54E5
:103770004C4F414445520000214F4B20626F6F7403
:103780006C6F61646572000021455252206E6F7447
:103790005F615F6E756D6265722000002145525257
:1037A000200000002020286E6F6E652900000000B8
:1037B0004F464620286C65676163792072616E64AC
:1037C0006F6D29004F4E2028736861726564206315
:1037D000686F7264290000002145525220757361A0
:1037E00067655F5345545F6E616D655F76616C75AB
:1037F000650000004D55544500000000214552521F
:103800002075736167655F4D5554455F766F6963D9
:10381000655F7374617465002145525220756E6B4B
:103820006E6F776E5F766F69636520002145525237
:103830002075736167655F534F4C4F5F766F6963A7
:10384000655F6F725F6E6F6E650000006E6F6E6514
:1038500000000000214F4B20736F6C6F3D6E6F6E48
:1038600065000000214F4B20736F6C6F3D0000001E
:103870005052455345540000214552522075736102
:1038800067655F5052455345545F6E616D6500003A
:103890002145525220756E6B6E6F776E5F70726548
:1038A0007365742000000000214F4B207072657317
:1038B00065743D00434C454152000000214F4B20B0
:1038C000636C656172000000524547454E00000080
:1038D000214F4B20726567656E0000004745545FBD
:1038E00053544154555300004C4953545F50415276
:1038F000414D53004C4953545F564F494345530083
:103900004C4953545F5052455345545300000000F6
:1039100048454C50000000002148454C502053457C
:1039200054203C706172616D3E203C76616C75651F
:103930003E207C204D555445203C766F6963653EA2
:10394000203C307C313E207C20534F4C4F203C7635
:103950006F6963657C6E6F6E653E207C20505245BA
:10396000534554203C6E616D653E207C20434C45A0
:103970004152207C20524547454E207C20474554EB
:103980005F535441545553207C204C4953545F504D
:103990004152414D53207C204C4953545F564F496E
:1039A000434553207C204C4953545F505245534566
:1039B0005453207C2056455253494F4E207C20437F
:1039C00046475F474554207C204346475F4C495358
:1039D00054207C204346475F534554203C6B657917
:1039E0003E203C76616C75653E207C204346475FF7
:1039F00053415645207C204346475F52455345542A
:103A0000207C205155494554203C307C313E207C5F
:103A100020424F4F544C4F41444552002145525291
:103A200020756E6B6E6F776E5F636F6D6D616E6428
:103A30002000000021455252206C696E655F746F52
:103A40006F5F6C6F6E670000426C6F73736F6D20F9
:103A5000646961676E6F73746963732000000000AE
:103A600043686F726420656E67696E6520000000B0
:103A70003E3E3E204348414F53206D6F64652061B8
:103A80006374697661746564202835207365636F9B
:103A90006E647329000000003E3E3E204C445220DC
:103AA000636F6E74726F6C6C696E67204348414F30
:103AB000532028737570707265737320686F746B10
:103AC000657929000A3D3D3D2053657269616C208E
:103AD000436F6D6D616E6473203D3D3D00000000DD
:103AE000442F64202D20546F67676C65204C44522E
:103AF000206465627567206C6F6767696E67000098
:103B0000422F62202D20546F67676C65204C445211
:103B10002042617373206F7665727269646500007C
:103B2000312020202D20546F67676C65204C445253
:103B3000204861726D6F6E7931206F76657272699F
:103B400064650000322020202D20546F67676C656B
:103B5000204C4452204861726D6F6E7932206F762E
:103B600065727269646500004C2F6C202D205072C4
:103B7000696E74204C445220737461747573000034
:103B8000532F73202D205072696E742073797374D3
:103B9000656D20737461747573000000432F63209A
:103BA0002D205072696E7420646562756720636FA2
:103BB0006E66696700000000522F72202D20546F3E
:103BC00067676C6520726576657262206D757465D5
:103BD0002028667265657665726231206F75747033
:103BE00075742900472F67202D20546F67676C6517
:103BF00020626C6F73736F6D20646961676E6F73A1
:103C000074696373000000004B2F6B202D20546FEC
:103C100067676C65207368617265642063686F72A2
:103C20006420656E67696E6520286F6E203D206890
:103C300061726D6F6E697365642C206F6666203DDE
:103C4000206C65676163792072616E646F6D290015
:103C5000582F78202D205472696767657220434879
:103C6000414F53206D6F646520707265766965778A
:103C7000202835207365632900000000482F682F35
:103C80003F202D2053686F77207468697320686522
:103C90006C700000212E2E2E202D2053747275631F
:103CA0007475726564206C6976652D636F6E7472CD
:103CB0006F6C20636F6D6D616E64732C2073656E25
:103CC00064202148454C5020666F72206465746101
:103CD000696C73003D3D3D3D3D3D3D3D3D3D3D3DC0
:103CE0003D3D3D3D3D3D3D3D3D3D0A00556E6B6ECC
:103CF0006F776E20636F6D6D616E643A20270000F0
:103D000027202D205072657373204820666F722023
:103D100068656C7000000000214F4B206D75746564
:103D2000200000002145525220756E6B6E6F776E39
:103D30005F706172616D200021455252206F757471
:103D40005F6F665F72616E67652000002076616C50
:103D500069643D00214F4B20000000004C4452207C
:103D600042617373206F76657272696465202855AD
:103D70004920666C6167206F6E6C79293A200000DB
:103D80004E6F74653A2061637475616C2042617393
:103D900073206F7665727269646520697320636F42
:103DA0006D70696C652D74696D65206F6E6C792E10
:103DB0002052656275696C6420746F206170706C4C
:103DC000792E00004C4452206465627567206C6F48
:103DD0006767696E672028554920666C6167206FA8
:103DE0006E6C79293A2000004E6F74653A20616349
:103DF0007475616C204C4452206465627567206C58
:103E00006F6767696E6720697320636F6E74726F86
:103E10006C6C656420617420636F6D70696C652DD6
:103E200074696D652E0000004D6F72706820656EBC
:103E300061626C65643A2062616E6B3D0000000057
:103E400020616D703D0000004C4452204861726D4D
:103E50006F6E7931206F76657272696465202855BE
:103E60004920666C6167206F6E6C79293A200000EA
:103E70004E6F74653A2061637475616C204861729D
:103E80006D6F6E7931206F76657272696465206935
:103E90007320636F6D70696C652D74696D65206F3B
:103EA0006E6C792E2052656275696C6420746F2087
:103EB0006170706C792E00004C4452204861726D24
:103EC0006F6E7932206F766572726964652028554D
:103ED0004920666C6167206F6E6C79293A2000007A
:103EE0004E6F74653A2061637475616C204861722D
:103EF0006D6F6E7932206F766572726964652069C4
:103F00007320636F6D70696C652D74696D65206FCA
:103F10006E6C792E2052656275696C6420746F2016
:103F20006170706C792E0000000405080902000021
:103F30000004050809020000B03400207C3600208F
:103F40000506041E690600005CCA00200037002038
:103F500094760020050603375F0A000068CA002037
:103F600010370020A476002005090523730C0000FB
:103F700078CA002028310020A834002004090A1241
:103F80006404000088CA0020782B00203031002013
:103F9000060904286408000094CA0020B8340020F0
:103FA000843600200506041E690600005CCA002055
:103FB000083700209C760020050603375F0A0000C2
:103FC00068CA002018370020AC76002005090523B8
:103FD000730C000078CA00202C310020AC34002083
:103FE00004090A126404000088CA0020802B002003
:103FF00038310020060904286408000094CA002013
:1040000024310020403100200301000004B50020CD
:104010000000000000000000000001000CB50020BE
:10402000783600209C3600200401000014B50020E2
:104030004C93002054930020050100001CB5002083
:1040400032000000330000003400000035000000A2
:104050003600000037000000380000003900000082
:104060003A0000003B0000003C0000003D00000062
:104070003E00000032000000330000003400000069
:104080003500000036000000370000003800000056
:10409000390000003A0000003B0000003C00000036
:1040A0003D0000003E000000187900201879002033
:1040B00038890020CC5D002004000000D4B400202A
:1040C0003889002038890020CC5D00201879002034
:1040D00004000000DCB40020CC5D0020CC5D00209A
:1040E00038890020187900200400000054B4002012
:1040F000AC4D0020BC550020AC4D0020BC5500202C
:1041000004000000E4B4002084390020984300201B
:10411000843900209843002004000000ECB4002003
:10412000749300207493002038890020CC5D002017
:1041300004000000BCB4002038890020CC5D0020C1
:10414000187900208439002004000000F4B4002015
:104150008439002098430020AC4D0020BC5500203D
:1041600004000000FCB40020207D0020207D002001
:10417000408D0020D863002004000000D4B400204B
:10418000408D0020408D0020D8630020207D00203D
:1041900004000000DCB40020D8630020D8630020B5
:1041A000408D0020207D00200400000054B4002039
:1041B000B04F0020C0570020B04F0020C057002053
:1041C00004000000E4B40020883B0020A047002049
:1041D000883B0020A047002004000000ECB4002031
:1041E0007895002078950020408D0020D86300202D
:1041F00004000000BCB40020408D0020D8630020E3
:10420000207D0020883B002004000000F4B4002042
:10421000883B0020A0470020B04F0020C05700205E
:1042200004000000FCB40020247F0020247F002034
:1042300048910020DC65002004000000D4B4002078
:104240004891002048910020DC650020247F002058
:1042500004000000DCB40020DC650020DC650020E8
:1042600048910020247F00200400000054B4002066
:10427000B4510020C4590020B4510020C45900207A
:1042800004000000E4B40020903F0020A449002076
:10429000903F0020A449002004000000ECB400205E
:1042A0007C9700207C97002048910020DC6500204E
:1042B00004000000BCB4002048910020DC65002010
:1042C000247F0020903F002004000000F4B4002070
:1042D000903F0020A4490020B4510020C459002080
:1042E00004000000FCB40020016E460000000150F4
:1042F0003C015F3C00000001644100000000000040
:104300003333B33E6666E63ECDCCCC3E3333B33E6C
:10431000CDCC4C3D3333B33E6666E63ECDCCCC3E91
:104320003333B33E30CB0020000000000300000018
:1043300000000000000080C000004040000000C0FD
:104340000000A0400000FA43000016459A99993FEA
:104350003333B33E00007A4500C0DA459A99193FDD
:104360003333933F9A99593F0000803F6CCB002034
:104370000000000001000000000000000000C0C0BC
:1043800000008040000040C00000C0400000AF437B
:104390000000AF446666663F9A99993E00409C458E
:1043A00000D00446CDCC0C3F6666663F3333333FC6
:1043B0003333333F74CB0020448F002000000000D3
:1043C00000000000000040C000000040000000C0ED
:1043D00000008040000016440000FA440000C03F86
:1043E0000000803E00C05A4500A00C460000003F7F
:1043F0000000803FCDCC4C3F6666663F7CCB002002
:10440000308500200000000000000000000000C116
:104410000000C0400000A0C0000000410000E143D7
:104420000000E144CDCC4C3F6666E63E00401C45B2
:104430000080BB453333333F0000403F9A99193F1A
:104440009A99593F84CB0020E067002000000000CB
:1044500000000000000000C00000C03F0000C0BF1E
:104460000000404000002F44008022450000803FB3
:10447000CDCC4C3E0080BB4500B03346CDCCCC3ECD
:104480006666863F6666663F0000403F8CCB002034
:104490008C3D002000000000000000000000A0C0D3
:1044A00000006040000040C00000B0400000C84371
:1044B0000000C8446666A63F9A99993E00A08C45C4
:1044C0000000FA450000003F3333733F0000403FD7
:1044D0003333733F0101FF000708090A0708090A7F
:1044E00016121012100A000016121012100A000004
:1044F0000001020054C40020E4C70020ECC70020E3
:10450000F8C7002058C5002004C800200CC80020AF
:1045100014C800201CC80020C0CA0020D00700001A
:10452000B80B0000AC0D0000881300005000000024
:1045300096000000000000000103500096000000FB
:104540000000803F0000000000000000000000406C
:10455000000000000000803F00000000C8CA0020EA
:10456000AC0D000088130000D0070000B80B00005D
:104570003C00000078000000000000000103500033
:10458000960000000000803F0000000000000000D6
:1045900000000040000000000000803F000000001C
:1045A000D0CA0020C4090000AC0D0000B80B000008
:1045B0009411000064000000B4000000000000003E
:1045C00001035000960000000000803F0000000042
:1045D0000000000000000040000000000000803FDC
:1045E00000000000DCCA0020D0070000C409000061
:1045F0009411000070170000FA0000009001000004
:104600000000000001025000960000000000803F02
:10461000000000000000000000000040000000005A
:104620000000803F00000000E4CA0020D007000026
:10463000280A0000840300004C040000BC020000B3
:10464000BC02000090010000010150009600000033
:104650000000803F0000000000000000000000405B
:10466000000000000000803F00000000ECCA0020B5
:10467000280A0000480D0000280A0000480D00002C
:104680005E010000580200000000000001027800F6
:10469000DC0000000000803F0000D04100002A4301
:1046A000D7A30040AE47613ECDCC0C3F00000000D8
:1046B000F4CA00200807000034080000A00F000022
:1046C000301100007800000004010000000000002C
:1046D00001035A00AA0000000000803F0000000013
:1046E00000000000000040409A99193E0000803F01
:1046F00001010000FCCA0020100E0000A00F000005
:10470000540B0000800C000090010000900100009C
:104710008200A00001017800C80000000000803F76
:10472000000000000000000000000040CDCCCC3DA7
:104730000000803F0200000004CB0020F4010000D4
:10474000BC020000E0010000940200002003000011
:1047500084030000B4003C0001020401A401000035
:104760000000803F0000C0400000404100000040C9
:104770009A99993E6666663F0200000008CB0020C9
:1047800060090000540B000060090000540B000099
:10479000120000001C0000000000000006061A00C5
:1047A000280000000000803F000000000000000022
:1047B000000000400AD7A33D0000803F0100000038
:1047C00010CB002068100000C0120000681000002C
:1047D000C01200002D0000004B000000000000008F
:1047E000040437005F0000006666663F00000000BA
:1047F0000000000000000040CDCCCC3D0000803F18
:104800000100000018CB002098080000800C000078
:10481000280A0000D80E0000780000000401000003
:104820000000000001027800DC0000000000803F72
:10483000000000000000000000000040CDCC4C3D16
:104840006666E63E02000000000080BFC3F5A8BE19
:10485000C3F5A83E0000803F1626190F1626190F33
:10486000000204010600000000020401060000002E
:104870000080094500004845080000000000803E17
:104880003333B33EAE47613E0000000020CB002032
:10489000000096440000E1440E0000003333B33EB4
:1048A000CDCCCC3E9A99993E0000000028CB002048
:1048B00000002F45004083452D0000000000003F10
:1048C0000000003F0AD7233E0000000030CB00204C
:1048D00000002F44008089440A0000009A99193E84
:1048E000CDCC4C3E8FC2F53E0000000038CB0020FE
:1048F0000000AF440000FA440C000000CDCCCC3ED8
:104900003D0AD73E8FC2753E0000000064CA0020F9
:104910000000C84300001644190000009A99993E0F
:104920009A99993E52B81E3F0000000040CB0020EB
:1049300000008C420000BE428C000000CDCC4C3EFA
:104940009A99993ECDCC4C3F0000000048CB002006
:104950000000574300007A433C0000009A99193F39
:104960009A99193F6666E63E0000803F50CB0020D2
:104970000000C8420000F042780000003333333FAB
:104980000000003F0000803F0000803F58CB002027
:104990000000484200007042C80000003333333F3B
:1049A0003333333F0000803F0000803F5CCB00206A
:1049B0000000164300004843500000000000A03FE4
:1049C0000000803FCDCC0C3F0000803F64CB002036
:1049D000000503009C2400209CC70020B0C70020D5
:1049E000BCC70020C8C70020D8C7002001695F02EB
:1049F0000000020000020000014650020000020018
:104A00000002000001414602000002000000000018
:104A10000000003F00000000000000400000804057
:104A20000000C04000000041010203FB1E161A0EE8
:104A3000080000001E161A0E0800000004040A03F5
:104A40000404060803050402070802000001030627
:104A500001733C00000000000000000001733C00F6
:104A6000000000000000000001733C000000000096
:104A70000000000001733C00000000000000000086
:104A80000146780000000000000000000000000067
:104A90000000014678000000000000000000014610
:104AA000780000000000000000000000000000008E
:104AB00003000105060000000300010506000000D8
:104AC00005060103080000000506010308000000B8
:104AD00001644600000000000000000001463201B1
:104AE0005A46000000000000014B96000000000044
:104AF00000000000000000000000000000000000B6
:104B0000016446000000014B4600000001644600BD
:104B10000000014B46000000016446000000014B0C
:104B200046000000016446000000014B4600000002
:104B30004D004B0CB118FE25D332993F2F4BD85561
:104B4000F05EBB66956CE56F20710970A76C176706
:104B5000945F4F568B4BC23F8B332927E71A3B0F8D
:104B60006D04FFFA0EF391ECBAE7DAE4A9E3A6E4E8
:104B7000ABE750EC63F254F9C4001508EB0E57157F
:104B80002F1B13209524E428542DF831D7362F3CC1
:104B9000D342904A6253E25C31667E6F7177277D23
:104BA000E57F9E7F5F7C6376446E87647559404ED7
:104BB0009C426137B42CCD21AD17C20E69071EFF90
:104BC00065F806F2BAEB3AE675DEAAD697CC5DC375
:104BD0009DBB14B327AE61AA9BA880A8EFA82EABFB
:104BE000B5AD64B081B481B9E1BD98C3EACA0DD353
:104BF0008FDCB1E7B1F229FFAD0A9A13C01BC720C1
:104C00005F235024AF2063194810CB05E4FBC2F1A9
:104C10002EE8F1DF42DB23DAE6DA5ADCB1DD34E0FC
:104C200055E254E346E394E1B3DE66DA1CD373C97C
:104C300008C023B9A1B447B112AFABAF77B414BD6C
:104C40001BC87CD3B4DE1BEACEF2BAF728FAFAF915
:104C50009FF744F488EFE2EA87EAB7EE80F68D002A
:104C6000DE0BDD17D423932D833408396B3A6F396B
:104C7000FD35223082295F23DD1D00199513B10E09
:104C80004F0CD20B3E0CE00C620D530F1F12F614AA
:104C9000DA17C21AAB1E7F23BD27A52AB02CBA2D66
:104CA000A12D792BF626AD1FB216990C210135F5F1
:104CB00062E98EDEFBD4FDCC79C784C5C8C7FFCCC2
:104CC000F0D36FDC0CE680F0BCFAA6031F0BFA10E1
:104CD000FB15041ACA1C011F5420FB20A1201E1E14
:104CE000101A3E157D0FD9095A047AFFE7FB51F9D6
:104CF000F8F74FF77AF722F815F8DDF64DF489F05A
:104D000022ECA6E711E399DE0FDB5FD8EDD6CDD616
:104D100041D794D8DEDA1BDE57E169E4EBE612E90D
:104D20007BEA14EBB2EA4EEACCEA6BEC45F0E7F52D
:104D30004D0000004D004B0CB118FE25D332993FB9
:104D40002F4BD855F05EBB66956CE56F20710970EE
:104D5000A76C1767945F4F568B4BC23F8B33292745
:104D6000E71A3B0F6D04FFFA0EF391ECBAE7DAE4B1
:104D7000A9E3A6E4ABE750EC63F254F9C4001508CC
:104D8000EB0E57152F1B13209524E428542DF831D2
:104D9000D7362F3CD342904A6253E25C31667E6F35
:104DA0007177277DE57F9E7F5F7C6376446E8764A5
:104DB0007559404E9C426137B42CCD21AD17C20EBF
:104DC00069071EFF65F806F2BAEB3AE675DEAAD669
:104DD00097CC5DC39DBB14B327AE61AA9BA880A8E6
:104DE000EFA82EABB5AD64B081B481B9E1BD98C375
:104DF000EACA0DD38FDCB1E7B1F229FFAD0A9A13ED
:104E0000C01BC7205F235024AF2063194810CB0577
:104E1000E4FBC2F12EE8F1DF42DB23DAE6DA5ADC0A
:104E2000B1DD34E055E254E346E394E1B3DE66DA03
:104E30001CD373C908C023B9A1B447B112AFABAF3B
:104E400077B414BD1BC87CD3B4DE1BEACEF2BAF72C
:104E500028FAFAF99FF744F488EFE2EA87EAB7EE16
:104E600080F68D00DE0BDD17D423932D83340839B3
:104E70006B3A6F39FD35223082295F23DD1D001921
:104E80009513B10E4F0CD20B3E0CE00C620D530F7C
:104E90001F12F614DA17C21AAB1E7F23BD27A52AEC
:104EA000B02CBA2DA12D792BF626AD1FB216990C78
:104EB000210135F562E98EDEFBD4FDCC79C784C5CE
:104EC000C8C7FFCCF0D36FDC0CE680F0BCFAA603B9
:104ED0001F0BFA10FB15041ACA1C011F5420FB20DB
:104EE000A1201E1E101A3E157D0FD9095A047AFF03
:104EF000E7FB51F9F8F74FF77AF722F815F8DDF6E6
:104F00004DF489F022ECA6E711E399DE0FDB5FD8C0
:104F1000EDD6CDD641D794D8DEDA1BDE57E169E471
:104F2000EBE612E97BEA14EBB2EA4EEACCEA6BEC70
:104F300045F0E7F54D0000004D004B0CB118FE2583
:104F4000D332993F2F4BD855F05EBB66956CE56F19
:104F500020710970A76C1767945F4F568B4BC23F47
:104F60008B332927E71A3B0F6D04FFFA0EF391EC00
:104F7000BAE7DAE4A9E3A6E4ABE750EC63F254F94C
:104F8000C4001508EB0E57152F1B13209524E42899
:104F9000542DF831D7362F3CD342904A6253E25C0D
:104FA00031667E6F7177277DE57F9E7F5F7C6376BC
:104FB000446E87647559404E9C426137B42CCD21B4
:104FC000AD17C20E69071EFF65F806F2BAEB3AE6A6
:104FD00075DEAAD697CC5DC39DBB14B327AE61AA7C
:104FE0009BA880A8EFA82EABB5AD64B081B481B901
:104FF000E1BD98C3EACA0DD38FDCB1E7B1F229FF56
:10500000AD0A9A13C01BC7205F235024AF20631939
:105010004810CB05E4FBC2F12EE8F1DF42DB23DAD6
:10502000E6DA5ADCB1DD34E055E254E346E394E1DC
:10503000B3DE66DA1CD373C908C023B9A1B447B183
:1050400012AFABAF77B414BD1BC87CD3B4DE1BEA80
:10505000CEF2BAF728FAFAF99FF744F488EFE2EAB9
:1050600087EAB7EE80F68D00DE0BDD17D423932D93
:10507000833408396B3A6F39FD35223082295F233A
:10508000DD1D00199513B10E4F0CD20B3E0CE00C38
:10509000620D530F1F12F614DA17C21AAB1E7F23CC
:1050A000BD27A52AB02CBA2DA12D792BF626AD1F30
:1050B000B216990C210135F562E98EDEFBD4FDCCE8
:1050C00079C784C5C8C7FFCCF0D36FDC0CE680F08D
:1050D000BCFAA6031F0BFA10FB15041ACA1C011F09
:1050E0005420FB20A1201E1E101A3E157D0FD90949
:1050F0005A047AFFE7FB51F9F8F74FF77AF722F8ED
:1051000015F8DDF64DF489F022ECA6E711E399DEFF
:105110000FDB5FD8EDD6CDD641D794D8DEDA1BDED3
:1051200057E169E4EBE612E97BEA14EBB2EA4EEAF6
:10513000CCEA6BEC45F0E7F54D0000004D004B0C60
:10514000B118FE25D332993F2F4BD855F05EBB6680
:10515000956CE56F20710970A76C1767945F4F56C7
:105160008B4BC23F8B332927E71A3B0F6D04FFFAA5
:105170000EF391ECBAE7DAE4A9E3A6E4ABE750EC6E
:1051800063F254F9C4001508EB0E57152F1B1320BA
:105190009524E428542DF831D7362F3CD342904A39
:1051A0006253E25C31667E6F7177277DE57F9E7F7B
:1051B0005F7C6376446E87647559404E9C426137CC
:1051C000B42CCD21AD17C20E69071EFF65F806F29B
:1051D000BAEB3AE675DEAAD697CC5DC39DBB14B395
:1051E00027AE61AA9BA880A8EFA82EABB5AD64B08E
:1051F00081B481B9E1BD98C3EACA0DD38FDCB1E7B0
:10520000B1F229FFAD0A9A13C01BC7205F235024B7
:10521000AF2063194810CB05E4FBC2F12EE8F1DFA3
:1052200042DB23DAE6DA5ADCB1DD34E055E254E35E
:1052300046E394E1B3DE66DA1CD373C908C023B930
:10524000A1B447B112AFABAF77B414BD1BC87CD3C8
:10525000B4DE1BEACEF2BAF728FAFAF99FF744F463
:1052600088EFE2EA87EAB7EE80F68D00DE0BDD1705
:10527000D423932D833408396B3A6F39FD352230AE
:1052800082295F23DD1D00199513B10E4F0CD20B3F
:105290003E0CE00C620D530F1F12F614DA17C21AFF
:1052A000AB1E7F23BD27A52AB02CBA2DA12D792BAB
:1052B000F626AD1FB216990C210135F562E98EDE96
:1052C000FBD4FDCC79C784C5C8C7FFCCF0D36FDC55
:1052D0000CE680F0BCFAA6031F0BFA10FB15041AAB
:1052E000CA1C011F5420FB20A1201E1E101A3E15AF
:1052F0007D0FD9095A047AFFE7FB51F9F8F74FF708
:105300007AF722F815F8DDF64DF489F022ECA6E7DD
:1053100011E399DE0FDB5FD8EDD6CDD641D794D817
:10532000DEDA1BDE57E169E4EBE612E97BEA14EB17
:10533000B2EA4EEACCEA6BEC45F0E7F54D0000002E
:105340004D004B0CB118FE25D332993F2F4BD85549
:10535000F05EBB66956CE56F20710970A76C1767EE
:10536000945F4F568B4BC23F8B332927E71A3B0F75
:105370006D04FFFA0EF391ECBAE7DAE4A9E3A6E4D0
:10538000ABE750EC63F254F9C4001508EB0E571567
:105390002F1B13209524E428542DF831D7362F3CA9
:1053A000D342904A6253E25C31667E6F7177277D0B
:1053B000E57F9E7F5F7C6376446E87647559404EBF
:1053C0009C426137B42CCD21AD17C20E69071EFF78
:1053D00065F806F2BAEB3AE675DEAAD697CC5DC35D
:1053E0009DBB14B327AE61AA9BA880A8EFA82EABE3
:1053F000B5AD64B081B481B9E1BD98C3EACA0DD33B
:105400008FDCB1E7B1F229FFAD0A9A13C01BC720A8
:105410005F235024AF2063194810CB05E4FBC2F191
:105420002EE8F1DF42DB23DAE6DA5ADCB1DD34E0E4
:1054300055E254E346E394E1B3DE66DA1CD373C964
:1054400008C023B9A1B447B112AFABAF77B414BD54
:105450001BC87CD3B4DE1BEACEF2BAF728FAFAF9FD
:105460009FF744F488EFE2EA87EAB7EE80F68D0012
:10547000DE0BDD17D423932D833408396B3A6F3953
:10548000FD35223082295F23DD1D00199513B10EF1
:105490004F0CD20B3E0CE00C620D530F1F12F61492
:1054A000DA17C21AAB1E7F23BD27A52AB02CBA2D4E
:1054B000A12D792BF626AD1FB216990C210135F5D9
:1054C00062E98EDEFBD4FDCC79C784C5C8C7FFCCAA
:1054D000F0D36FDC0CE680F0BCFAA6031F0BFA10C9
:1054E000FB15041ACA1C011F5420FB20A1201E1EFC
:1054F000101A3E157D0FD9095A047AFFE7FB51F9BE
:10550000F8F74FF77AF722F815F8DDF64DF489F041
:1055100022ECA6E711E399DE0FDB5FD8EDD6CDD6FE
:1055200041D794D8DEDA1BDE57E169E4EBE612E9F5
:105530007BEA14EBB2EA4EEACCEA6BEC45F0E7F515
:105540004D0000004A009E02A2059208F30B620F74
:10555000EA1275164A1A4F1E80223026AE29092DEE
:10556000DE2FA9321F3542371C39A33A443C8A3D0D
:10557000C23E25407241ED42F9448947544A414DAB
:10558000F24FE952EC55BE58655B715D845E695E11
:10559000475D505B675888549F4FE849FB43003E86
:1055A0008F38D533E32FD42C6B2AF3287728B328F0
:1055B0003C299829B529E629442A662AFE29C328C8
:1055C0000D27B92430217A1CCF1653100609120179
:1055D0005AF878EFBFE65DDE9DD68BCF6DC94DC41E
:1055E0002FC02CBD82BBEABA5CBBDBBC4ABF6EC21B
:1055F000ECC5A3C994CD8FD126D565D81CDB1FDDA2
:105600006ADEDADE89DE48DDF3DA78D7DAD265CD14
:1056100024C707C048B83CB062A8E5A0DC998D93C8
:105620000A8E7C89BA85C882DC800B802B804281FF
:105630002F83CE850C89398C728FD6922C96319916
:10564000FB9B929E18A1AEA334A6D9A8D4AB47AFBA
:1056500048B3DCB7EEBC76C278C8D4CE50D5D2DB26
:105660006DE21DE9C5EF84F627FD9C03E7090810EC
:105670001016F51B8E21C726C82B9D30FF340A3922
:10568000A33CBF3F9A42B244414628474A47094794
:105690001E46F044A6434B421F4104409A3FD93F67
:1056A00056405741C44297448A4679484E4AA14BD6
:1056B0006B4C9C4CE04B164AAF475744FF3FF43AC3
:1056C0005335E12E1A286921411B0316BE10D50B54
:1056D0009D0710046B0186FFE3FD26FCAFFA96F9E7
:1056E0009BF87CF7ADF61AF640F5A2F424F4BEF36D
:1056F0004EF3A3F272F233F2CAF17BF154F120F2CD
:105700000AF211F26EF3D6F494F609F8FFF976FC7A
:1057100073FE5400C501D402830378031103000211
:1057200058006CFE74FC43FA10F807F6A6F41EF459
:10573000FCF326F4DCF4DBF5C0F614F861F9E5FAC5
:10574000EAFCE7FE4A0000004A009E02A205920819
:10575000F30B620FEA1275164A1A4F1E802230268A
:10576000AE29092DDE2FA9321F3542371C39A33A45
:10577000443C8A3DC23E25407241ED42F94489478E
:10578000544A414DF24FE952EC55BE58655B715D8C
:10579000845E695E475D505B675888549F4FE84957
:1057A000FB43003E8F38D533E32FD42C6B2AF328EC
:1057B0007728B3283C299829B529E629442A662A5E
:1057C000FE29C3280D27B92430217A1CCF16531087
:1057D000060912015AF878EFBFE65DDE9DD68BCF41
:1057E0006DC94DC42FC02CBD82BBEABA5CBBDBBC0B
:1057F0004ABF6EC2ECC5A3C994CD8FD126D565D85A
:105800001CDB1FDD6ADEDADE89DE48DDF3DA78D7FD
:10581000DAD265CD24C707C048B83CB062A8E5A07D
:10582000DC998D930A8E7C89BA85C882DC800B80D6
:105830002B8042812F83CE850C89398C728FD69232
:105840002C963199FB9B929E18A1AEA334A6D9A8A1
:10585000D4AB47AF48B3DCB7EEBC76C278C8D4CE81
:1058600050D5D2DB6DE21DE9C5EF84F627FD9C0320
:10587000E70908101016F51B8E21C726C82B9D308E
:10588000FF340A39A33CBF3F9A42B24441462847FD
:105890004A4709471E46F044A6434B421F41044075
:1058A0009A3FD93F56405741C44297448A46794867
:1058B0004E4AA14B6B4C9C4CE04B164AAF475744A9
:1058C000FF3FF43A5335E12E1A286921411B031694
:1058D000BE10D50B9D0710046B0186FFE3FD26FC6F
:1058E000AFFA96F99BF87CF7ADF61AF640F5A2F4FC
:1058F00024F4BEF34EF3A3F272F233F2CAF17BF159
:1059000054F120F20AF211F26EF3D6F494F609F88B
:10591000FFF976FC73FE5400C501D40283037803BB
:105920001103000258006CFE74FC43FA10F807F6ED
:10593000A6F41EF4FCF326F4DCF4DBF5C0F614F850
:1059400061F9E5FAEAFCE7FE4A0000004A009E021F
:10595000A2059208F30B620FEA1275164A1A4F1E3F
:1059600080223026AE29092DDE2FA9321F3542377D
:105970001C39A33A443C8A3DC23E25407241ED4267
:10598000F9448947544A414DF24FE952EC55BE580B
:10599000655B715D845E695E475D505B67588854E6
:1059A0009F4FE849FB43003E8F38D533E32FD42C7B
:1059B0006B2AF3287728B3283C299829B529E629AA
:1059C000442A662AFE29C3280D27B92430217A1CCF
:1059D000CF165310060912015AF878EFBFE65DDEC4
:1059E0009DD68BCF6DC94DC42FC02CBD82BBEABAEA
:1059F0005CBBDBBC4ABF6EC2ECC5A3C994CD8FD1E2
:105A000026D565D81CDB1FDD6ADEDADE89DE48DDDF
:105A1000F3DA78D7DAD265CD24C707C048B83CB0EE
:105A200062A8E5A0DC998D930A8E7C89BA85C8822C
:105A3000DC800B802B8042812F83CE850C89398CB2
:105A4000728FD6922C963199FB9B929E18A1AEA391
:105A500034A6D9A8D4AB47AF48B3DCB7EEBC76C206
:105A600078C8D4CE50D5D2DB6DE21DE9C5EF84F6FF
:105A700027FD9C03E70908101016F51B8E21C72689
:105A8000C82B9D30FF340A39A33CBF3F9A42B24431
:105A9000414628474A4709471E46F044A6434B4221
:105AA0001F4104409A3FD93F56405741C442974452
:105AB0008A4679484E4AA14B6B4C9C4CE04B164AA7
:105AC000AF475744FF3FF43A5335E12E1A28692176
:105AD000411B0316BE10D50B9D0710046B0186FFFA
:105AE000E3FD26FCAFFA96F99BF87CF7ADF61AF6C3
:105AF00040F5A2F424F4BEF34EF3A3F272F233F2B3
:105B0000CAF17BF154F120F20AF211F26EF3D6F4ED
:105B100094F609F8FFF976FC73FE5400C501D4022F
:105B2000830378031103000258006CFE74FC43FAEF
:105B300010F807F6A6F41EF4FCF326F4DCF4DBF50B
:105B4000C0F614F861F9E5FAEAFCE7FE4A00000045
:105B50004A009E02A2059208F30B620FEA12751624
:105B60004A1A4F1E80223026AE29092DDE2FA93277
:105B70001F3542371C39A33A443C8A3DC23E25407A
:105B80007241ED42F9448947544A414DF24FE9527E
:105B9000EC55BE58655B715D845E695E475D505B28
:105BA000675888549F4FE849FB43003E8F38D533F0
:105BB000E32FD42C6B2AF3287728B3283C29982983
:105BC000B529E629442A662AFE29C3280D27B924C7
:105BD00030217A1CCF165310060912015AF878EFBB
:105BE000BFE65DDE9DD68BCF6DC94DC42FC02CBDE9
:105BF00082BBEABA5CBBDBBC4ABF6EC2ECC5A3C9C0
:105C000094CD8FD126D565D81CDB1FDD6ADEDADEA8
:105C100089DE48DDF3DA78D7DAD265CD24C707C04C
:105C200048B83CB062A8E5A0DC998D930A8E7C89C7
:105C3000BA85C882DC800B802B8042812F83CE8581
:105C40000C89398C728FD6922C963199FB9B929E3F
:105C500018A1AEA334A6D9A8D4AB47AF48B3DCB7DC
:105C6000EEBC76C278C8D4CE50D5D2DB6DE21DE949
:105C7000C5EF84F627FD9C03E70908101016F51BF5
:105C80008E21C726C82B9D30FF340A39A33CBF3F65
:105C90009A42B244414628474A4709471E46F044C3
:105CA000A6434B421F4104409A3FD93F56405741BB
:105CB000C44297448A4679484E4AA14B6B4C9C4C4F
:105CC000E04B164AAF475744FF3FF43A5335E12EB5
:105CD0001A286921411B0316BE10D50B9D0710041D
:105CE0006B0186FFE3FD26FCAFFA96F99BF87CF783
:105CF000ADF61AF640F5A2F424F4BEF34EF3A3F287
:105D000072F233F2CAF17BF154F120F20AF211F28D
:105D10006EF3D6F494F609F8FFF976FC73FE54009E
:105D2000C501D402830378031103000258006CFEFE
:105D300074FC43FA10F807F6A6F41EF4FCF326F4FC
:105D4000DCF4DBF5C0F614F861F9E5FAEAFCE7FEED
:105D50004A0000004A009E02A2059208F30B620F5F
:105D6000EA1275164A1A4F1E80223026AE29092DD6
:105D7000DE2FA9321F3542371C39A33A443C8A3DF5
:105D8000C23E25407241ED42F9448947544A414D93
:105D9000F24FE952EC55BE58655B715D845E695EF9
:105DA000475D505B675888549F4FE849FB43003E6E
:105DB0008F38D533E32FD42C6B2AF3287728B328D8
:105DC0003C299829B529E629442A662AFE29C328B0
:105DD0000D27B92430217A1CCF1653100609120161
:105DE0005AF878EFBFE65DDE9DD68BCF6DC94DC406
:105DF0002FC02CBD82BBEABA5CBBDBBC4ABF6EC203
:105E0000ECC5A3C994CD8FD126D565D81CDB1FDD89
:105E10006ADEDADE89DE48DDF3DA78D7DAD265CDFC
:105E200024C707C048B83CB062A8E5A0DC998D93B0
:105E30000A8E7C89BA85C882DC800B802B804281E7
:105E40002F83CE850C89398C728FD6922C963199FE
:105E5000FB9B929E18A1AEA334A6D9A8D4AB47AFA2
:105E600048B3DCB7EEBC76C278C8D4CE50D5D2DB0E
:105E70006DE21DE9C5EF84F627FD9C03E7090810D4
:105E80001016F51B8E21C726C82B9D30FF340A390A
:105E9000A33CBF3F9A42B244414628474A4709477C
:105EA0001E46F044A6434B421F4104409A3FD93F4F
:105EB00056405741C44297448A4679484E4AA14BBE
:105EC0006B4C9C4CE04B164AAF475744FF3FF43AAB
:105ED0005335E12E1A286921411B0316BE10D50B3C
:105EE0009D0710046B0186FFE3FD26FCAFFA96F9CF
:105EF0009BF87CF7ADF61AF640F5A2F424F4BEF355
:105F00004EF3A3F272F233F2CAF17BF154F120F2B4
:105F10000AF211F26EF3D6F494F609F8FFF976FC62
:105F200073FE5400C501D4028303780311030002F9
:105F300058006CFE74FC43FA10F807F6A6F41EF441
:105F4000FCF326F4DCF4DBF5C0F614F861F9E5FAAD
:105F5000EAFCE7FE4A00000078003F06430C2C12E2
:105F60001718DD1D8A230429602E8E33AB38A83D17
:105F700098426D47334CD450505594599F5D6161A0
:105F8000D9640968FA6AB66D4770BF721D7561778A
:105F900083796D7B0F7D5E7E497FD47FFF7FDA7FC3
:105FA000707FD87E237E637D9F7CCF7BE57AD1791D
:105FB0008078E8760875E0727470CC6DF56AFD67DC
:105FC000EE64CE619C5E505BE4574E548D50A54C00
:105FD0009F4888446940533C4C385A347E30B52C35
:105FE000F4282B254B21461D1819C3145410D80B27
:105FF00067070A03D5FED3FA09F782F342F04AEDA8
:1060000095EA1EE8E0E5D5E3FCE156E0E0DE97DD49
:1060100078DC80DBACDAF9D967D9F8D8ABD884D88A
:1060200089D8C0D834D9E5D9D9DA08DC72DD0BDFDC
:10603000C3E087E23EE4D2E525E727E8C1E8E9E8E6
:1060400098E8CAE781E6C1E49AE211E03CDD27DA8C
:10605000DAD65FD3BDCFF2CBFFC7E7C3ABBF50BB30
:10606000DCB656B2C5AD36A9B6A459A0329C569836
:10607000DB94D691588F768D408CC88B1C8C478DC5
:106080004D8F3392F5958F9AF29F18A6EEAC64B4BB
:1060900068BCE3C4C1CDECD651E0D9E973F30BFD84
:1060A0008A06E10FF718B5210D2AE7313E39034082
:1060B0002D46B74B9850CD545258255B435DAD5E8D
:1060C000615F625FB15E565D565BBB588E55D451C1
:1060D0009A4DE148B643233E3138F1316C2BAD2463
:1060E000C01DAE16810F4108FA00B6F97EF25EEBD4
:1060F00060E48CDDE5D672D035CA35C470BEEFB829
:10610000B0B3BBAE11AABCA5BDA11D9EDC9AFB9786
:106110007B955D939E913E90378F898E378E408E12
:10612000A68E6C8F8F900D92E29303966D98199BBB
:10613000079E31A19AA441A831AC60B0D9B48BB903
:106140007BBE90C3CDC81BCE80D3EBD870DE00E4FD
:10615000B0E974EF5CF53DFB7800000078003F0685
:10616000430C2C121718DD1D8A230429602E8E3350
:10617000AB38A83D98426D47334CD4505055945994
:106180009F5D6161D9640968FA6AB66D4770BF7234
:106190001D75617783796D7B0F7D5E7E497FD47F2E
:1061A000FF7FDA7F707FD87E237E637D9F7CCF7BED
:1061B000E57AD1798078E8760875E0727470CC6DF4
:1061C000F56AFD67EE64CE619C5E505BE4574E5409
:1061D0008D50A54C9F4888446940533C4C385A34F4
:1061E0007E30B52CF4282B254B21461D1819C314DD
:1061F0005410D80B67070A03D5FED3FA09F782F3C8
:1062000042F04AED95EA1EE8E0E5D5E3FCE156E010
:10621000E0DE97DD78DC80DBACDAF9D967D9F8D835
:10622000ABD884D889D8C0D834D9E5D9D9DA08DC34
:1062300072DD0BDFC3E087E23EE4D2E525E727E825
:10624000C1E8E9E898E8CAE781E6C1E49AE211E02A
:106250003CDD27DADAD65FD3BDCFF2CBFFC7E7C389
:10626000ABBF50BBDCB656B2C5AD36A9B6A459A07B
:10627000329C5698DB94D691588F768D408CC88B83
:106280001C8C478D4D8F3392F5958F9AF29F18A6EF
:10629000EEAC64B468BCE3C4C1CDECD651E0D9E93E
:1062A00073F30BFD8A06E10FF718B5210D2AE731CC
:1062B0003E3903402D46B74B9850CD545258255B7C
:1062C000435DAD5E615F625FB15E565D565BBB581C
:1062D0008E55D4519A4DE148B643233E3138F131C1
:1062E0006C2BAD24C01DAE16810F4108FA00B6F923
:1062F0007EF25EEB60E48CDDE5D672D035CA35C443
:1063000070BEEFB8B0B3BBAE11AABCA5BDA11D9EB7
:10631000DC9AFB977B955D939E913E90378F898E9B
:10632000378E408EA68E6C8F8F900D92E2930396DF
:106330006D98199B079E31A19AA441A831AC60B019
:10634000D9B48BB97BBE90C3CDC81BCE80D3EBD85C
:1063500070DE00E4B0E974EF5CF53DFB780000000E
:1063600078003F06430C2C121718DD1D8A230429E0
:10637000602E8E33AB38A83D98426D47334CD450D5
:10638000505594599F5D6161D9640968FA6AB66D88
:106390004770BF721D75617783796D7B0F7D5E7E5F
:1063A000497FD47FFF7FDA7F707FD87E237E637D35
:1063B0009F7CCF7BE57AD1798078E8760875E072AA
:1063C0007470CC6DF56AFD67EE64CE619C5E505BC7
:1063D000E4574E548D50A54C9F4888446940533C27
:1063E0004C385A347E30B52CF4282B254B21461DD1
:1063F0001819C3145410D80B67070A03D5FED3FA33
:1064000009F782F342F04AED95EA1EE8E0E5D5E3AC
:10641000FCE156E0E0DE97DD78DC80DBACDAF9D930
:1064200067D9F8D8ABD884D889D8C0D834D9E5D9B9
:10643000D9DA08DC72DD0BDFC3E087E23EE4D2E5A7
:1064400025E727E8C1E8E9E898E8CAE781E6C1E47A
:106450009AE211E03CDD27DADAD65FD3BDCFF2CB8A
:10646000FFC7E7C3ABBF50BBDCB656B2C5AD36A95C
:10647000B6A459A0329C5698DB94D691588F768D4D
:10648000408CC88B1C8C478D4D8F3392F5958F9A1D
:10649000F29F18A6EEAC64B468BCE3C4C1CDECD6E0
:1064A00051E0D9E973F30BFD8A06E10FF718B52126
:1064B0000D2AE7313E3903402D46B74B9850CD5455
:1064C0005258255B435DAD5E615F625FB15E565DB4
:1064D000565BBB588E55D4519A4DE148B643233E86
:1064E0003138F1316C2BAD24C01DAE16810F41083F
:1064F000FA00B6F97EF25EEB60E48CDDE5D672D090
:1065000035CA35C470BEEFB8B0B3BBAE11AABCA5D6
:10651000BDA11D9EDC9AFB977B955D939E913E905D
:10652000378F898E378E408EA68E6C8F8F900D920E
:10653000E29303966D98199B079E31A19AA441A8F6
:1065400031AC60B0D9B48BB97BBE90C3CDC81BCE83
:1065500080D3EBD870DE00E4B0E974EF5CF53DFB6E
:106560007800000078003F06430C2C121718DD1D40
:106570008A230429602E8E33AB38A83D98426D479C
:10658000334CD450505594599F5D6161D96409686A
:10659000FA6AB66D4770BF721D75617783796D7B3E
:1065A0000F7D5E7E497FD47FFF7FDA7F707FD87E4C
:1065B000237E637D9F7CCF7BE57AD1798078E876F6
:1065C0000875E0727470CC6DF56AFD67EE64CE619B
:1065D0009C5E505BE4574E548D50A54C9F488844B8
:1065E0006940533C4C385A347E30B52CF4282B2566
:1065F0004B21461D1819C3145410D80B67070A0302
:10660000D5FED3FA09F782F342F04AED95EA1EE887
:10661000E0E5D5E3FCE156E0E0DE97DD78DC80DB09
:10662000ACDAF9D967D9F8D8ABD884D889D8C0D82A
:1066300034D9E5D9D9DA08DC72DD0BDFC3E087E2B3
:106640003EE4D2E525E727E8C1E8E9E898E8CAE7AB
:1066500081E6C1E49AE211E03CDD27DADAD65FD3C5
:10666000BDCFF2CBFFC7E7C3ABBF50BBDCB656B262
:10667000C5AD36A9B6A459A0329C5698DB94D691E4
:10668000588F768D408CC88B1C8C478D4D8F3392E4
:10669000F5958F9AF29F18A6EEAC64B468BCE3C47B
:1066A000C1CDECD651E0D9E973F30BFD8A06E10FB9
:1066B000F718B5210D2AE7313E3903402D46B74B77
:1066C0009850CD545258255B435DAD5E615F625F6B
:1066D000B15E565D565BBB588E55D4519A4DE1481C
:1066E000B643233E3138F1316C2BAD24C01DAE16BC
:1066F000810F4108FA00B6F97EF25EEB60E48CDDB2
:10670000E5D672D035CA35C470BEEFB8B0B3BBAEF3
:1067100011AABCA5BDA11D9EDC9AFB977B955D933C
:106720009E913E90378F898E378E408EA68E6C8FCD
:106730008F900D92E29303966D98199B079E31A15D
:106740009AA441A831AC60B0D9B48BB97BBE90C3D8
:10675000CDC81BCE80D3EBD870DE00E4B0E974EF77
:106760005CF53DFB780000003D00D3088112DF1B83
:106770003125602E873790405F49B95174596D605B
:106780009A66106CD470F3746278217B2C7D947EB1
:106790006F7FE47FFE7FBE7FFB7E967D457BEC773F
:1067A00087732E6E10687161955AC353344D0A4732
:1067B0006341413C8F372933D82E532A5F25D61F9A
:1067C000BE194813C00C7A06BB00A6FB3AF75FF36C
:1067D000F2EFD7ECFEE943E783E495E168DE09DBFD
:1067E000A8D788D4EED10FD0E6CE55CE12CEC1CDEB
:1067F0001DCDFBCB4CCA28C8B0C515C39BC081BEFC
:1068000017BD94BC1ABD99BECBC042C37FC515C786
:10681000BEC778C770C6F5C465C321C272C188C13E
:1068200079C231C479C6F7C841CBEDCCA7CD4DCDE7
:10683000FBCB04CADBC7F7C5C5C48AC462C535C76C
:10684000B5C96FCCE4CEA8D060D1EBD066CF25CD52
:1068500094CA1FC815C6B9C438C4A7C4FCC502C8A9
:106860005DCA97CC55CE4DCF73CFFACE33CE8CCDFB
:106870006FCD24CECECF67D2CED5D5D92ADE6FE26A
:106880003DE649E960EB87ECEAECE5ECEEEC67ED20
:1068900094EE83F01CF346F6E7F9EBFD3002920626
:1068A000E00AF50EBD122A163819E81B2D1EF21F3C
:1068B0003521F82148222F22C3211E215220821F78
:1068C000D01E6C1E781E051F0B2079213323222534
:1068D000362754296E2B752D5B2F07315B323933E8
:1068E00088333B335132C3309C2EEA2BDA28BA2549
:1068F000F9221E219920B02155243D28DA2C9D3102
:106900000C36C439833C193E6E3E803D713B7B386A
:10691000F8343D31812DD1290726F121631D4F180F
:10692000C712F80C1907490181FBF4F5D2F027ECE6
:106930000FE88EE490E1C4DED1DB44D8E8D3A1CEE9
:10694000A2C837C2BBBB95B53EB017AC6FA97DA836
:106950005EA912AC66B016B6C0BC1FC4EACB1DD48B
:1069600086DC56E53AEE8BF73D0000003D00D3088B
:106970008112DF1B3125602E873790405F49B95166
:1069800074596D609A66106CD470F3746278217BD0
:106990002C7D947E6F7FE47FFE7FBE7FFB7E967DA5
:1069A000457BEC7787732E6E10687161955AC353DF
:1069B000344D0A476341413C8F372933D82E532A3F
:1069C0005F25D61FBE194813C00C7A06BB00A6FB74
:1069D0003AF75FF3F2EFD7ECFEE943E783E495E1A2
:1069E00068DE09DBA8D788D4EED10FD0E6CE55CE2D
:1069F00012CEC1CD1DCDFBCB4CCA28C8B0C515C326
:106A00009BC081BE17BD94BC1ABD99BECBC042C30A
:106A10007FC515C7BEC778C770C6F5C465C321C298
:106A200072C188C179C231C479C6F7C841CBEDCCF7
:106A3000A7CD4DCDFBCB04CADBC7F7C5C5C48AC4FF
:106A400062C535C7B5C96FCCE4CEA8D060D1EBD054
:106A500066CF25CD94CA1FC815C6B9C438C4A7C40B
:106A6000FCC502C85DCA97CC55CE4DCF73CFFACEC8
:106A700033CE8CCD6FCD24CECECF67D2CED5D5D967
:106A80002ADE6FE23DE649E960EB87ECEAECE5ECF3
:106A9000EEEC67ED94EE83F01CF346F6E7F9EBFDC0
:106AA00030029206E00AF50EBD122A163819E81BCC
:106AB0002D1EF21F3521F82148222F22C3211E212D
:106AC0005220821FD01E6C1E781E051F0B207921BC
:106AD00033232225362754296E2B752D5B2F073142
:106AE0005B32393388333B335132C3309C2EEA2B2F
:106AF000DA28BA25F9221E219920B02155243D28F3
:106B0000DA2C9D310C36C439833C193E6E3E803DF3
:106B1000713B7B38F8343D31812DD1290726F12195
:106B2000631D4F18C712F80C1907490181FBF4F5D2
:106B3000D2F027EC0FE88EE490E1C4DED1DB44D83C
:106B4000E8D3A1CEA2C837C2BBBB95B53EB017AC47
:106B50006FA97DA85EA912AC66B016B6C0BC1FC4F2
:106B6000EACB1DD486DC56E53AEE8BF73D000000FB
:106B70003D00D3088112DF1B3125602E87379040FE
:106B80005F49B95174596D609A66106CD470F37492
:106B90006278217B2C7D947E6F7FE47FFE7FBE7FB9
:106BA000FB7E967D457BEC7787732E6E1068716156
:106BB000955AC353344D0A476341413C8F372933BB
:106BC000D82E532A5F25D61FBE194813C00C7A064B
:106BD000BB00A6FB3AF75FF3F2EFD7ECFEE943E721
:106BE00083E495E168DE09DBA8D788D4EED10FD025
:106BF000E6CE55CE12CEC1CD1DCDFBCB4CCA28C89A
:106C0000B0C515C39BC081BE17BD94BC1ABD99BE4B
:106C1000CBC042C37FC515C7BEC778C770C6F5C411
:106C200065C321C272C188C179C231C479C6F7C8AF
:106C300041CBEDCCA7CD4DCDFBCB04CADBC7F7C50F
:106C4000C5C48AC462C535C7B5C96FCCE4CEA8D067
:106C500060D1EBD066CF25CD94CA1FC815C6B9C484
:106C600038C4A7C4FCC502C85DCA97CC55CE4DCF69
:106C700073CFFACE33CE8CCD6FCD24CECECF67D2AC
:106C8000CED5D5D92ADE6FE23DE649E960EB87EC47
:106C9000EAECE5ECEEEC67ED94EE83F01CF346F6DF
:106CA000E7F9EBFD30029206E00AF50EBD122A1656
:106CB0003819E81B2D1EF21F3521F82148222F22FA
:106CC000C3211E215220821FD01E6C1E781E051F5C
:106CD0000B20792133232225362754296E2B752D3D
:106CE0005B2F07315B32393388333B335132C3304A
:106CF0009C2EEA2BDA28BA25F9221E219920B021F0
:106D000055243D28DA2C9D310C36C439833C193E7C
:106D10006E3E803D713B7B38F8343D31812DD12969
:106D20000726F121631D4F18C712F80C19074901F6
:106D300081FBF4F5D2F027EC0FE88EE490E1C4DE9D
:106D4000D1DB44D8E8D3A1CEA2C837C2BBBB95B52E
:106D50003EB017AC6FA97DA85EA912AC66B016B69E
:106D6000C0BC1FC4EACB1DD486DC56E53AEE8BF7D7
:106D70003D0000003D00D3088112DF1B3125602E4D
:106D8000873790405F49B95174596D609A66106CAD
:106D9000D470F3746278217B2C7D947E6F7FE47FC6
:106DA000FE7FBE7FFB7E967D457BEC7787732E6EE4
:106DB00010687161955AC353344D0A476341413C91
:106DC0008F372933D82E532A5F25D61FBE19481373
:106DD000C00C7A06BB00A6FB3AF75FF3F2EFD7ECE4
:106DE000FEE943E783E495E168DE09DBA8D788D4B0
:106DF000EED10FD0E6CE55CE12CEC1CD1DCDFBCB00
:106E00004CCA28C8B0C515C39BC081BE17BD94BC71
:106E10001ABD99BECBC042C37FC515C7BEC778C7D0
:106E200070C6F5C465C321C272C188C179C231C4BC
:106E300079C6F7C841CBEDCCA7CD4DCDFBCB04CA6D
:106E4000DBC7F7C5C5C48AC462C535C7B5C96FCC31
:106E5000E4CEA8D060D1EBD066CF25CD94CA1FC8B0
:106E600015C6B9C438C4A7C4FCC502C85DCA97CC4E
:106E700055CE4DCF73CFFACE33CE8CCD6FCD24CE41
:106E8000CECF67D2CED5D5D92ADE6FE23DE649E92D
:106E900060EB87ECEAECE5ECEEEC67ED94EE83F06A
:106EA0001CF346F6E7F9EBFD30029206E00AF50E18
:106EB000BD122A163819E81B2D1EF21F3521F821A4
:106EC00048222F22C3211E215220821FD01E6C1E59
:106ED000781E051F0B2079213323222536275429BC
:106EE0006E2B752D5B2F07315B32393388333B3383
:106EF0005132C3309C2EEA2BDA28BA25F9221E2102
:106F00009920B02155243D28DA2C9D310C36C43906
:106F1000833C193E6E3E803D713B7B38F8343D31F9
:106F2000812DD1290726F121631D4F18C712F80CB6
:106F30001907490181FBF4F5D2F027EC0FE88EE444
:106F400090E1C4DED1DB44D8E8D3A1CEA2C837C2D9
:106F5000BBBB95B53EB017AC6FA97DA85EA912ACBE
:106F600066B016B6C0BC1FC4EACB1DD486DC56E59D
:106F70003AEE8BF73D000000E4008703AC06A5095C
:106F80003E0C3D0EB20FD3101612B0134F157F16E4
:106F90000917211709171317891745180319991984
:106FA000311AFF1A2C1CDB1DF01F22221124BE25D2
:106FB0004E27E728822AFE2B302D032E7B2EBF2E54
:106FC0000F2FAD2FA230A2315532A332C53222335A
:106FD000EA3302354936BB375339E13A5C3CC93DA7
:106FE0004D3FFE4005436045F047824A054D8F4FB7
:106FF0001D528654A1569C58B65AFE5C225FF6601C
:107000009F626E649D661F69AF6B1D6E54704C72FB
:107010002674FA75F377047AFA7B8D7D887E1B7F60
:107020008B7FED7FEB7F4C7F257EB97C087BF378EF
:10703000A8768774E4729B719770AC6FB66E8F6D93
:10704000536C336B3F6A4369E7671266B963F56057
:10705000D05D4B5A43569451524CB046EB402B3BBB
:1070600093354530452B5E266421401CF9169E1150
:10707000350CE206DA0132FDFDF845F50AF25BEF68
:1070800031ED72EB0DEA03E96DE84CE86EE85BE880
:10709000B7E79FE682E5AEE4E7E3E7E286E1DADF21
:1070A000EFDDCDDB7AD906D778D4F2D1ABCFC8CD1E
:1070B00069CC7ECB01CBBDCA77CAF2C93CC97DC8B9
:1070C000B9C7D0C6B6C59EC4A2C3B1C296C14CC092
:1070D000E8BE9BBD74BC72BB76BA61B934B819B74F
:1070E00031B637B5D2B3F5B10CB06DAEF7AC0FAB6E
:1070F00075A878A5BBA271A05E9E259C9799B696AF
:10710000BE9326910D8F788D4E8C9A8B528B4D8B22
:107110006B8B868B7C8B228B778A95899E8899874F
:10712000828669857084C78378837583A9831A846E
:10713000DD840D86CA87268AFA8C13905993A2960D
:10714000D699E19CD09FA4A265A516A8A5AAF1ACEA
:10715000F1AEC9B0C6B22AB5DEB7DCBA36BE12C2CD
:107160005BC6DACA7ECF68D49ED908DF87E4FEE921
:1071700077EFB3F489F9DEFDE4000000E400870353
:10718000AC06A5093E0C3D0EB20FD3101612B0137B
:107190004F157F1609172117091713178917451857
:1071A00003199919311AFF1A2C1CDB1DF01F22221A
:1071B0001124BE254E27E728822AFE2B302D032ED0
:1071C0007B2EBF2E0F2FAD2FA230A2315532A3320E
:1071D000C5322233EA3302354936BB375339E13AF7
:1071E0005C3CC93D4D3FFE4005436045F047824A47
:1071F000054D8F4F1D528654A1569C58B65AFE5CC1
:10720000225FF6609F626E649D661F69AF6B1D6EA4
:1072100054704C722674FA75F377047AFA7B8D7D7C
:10722000887E1B7F8B7FED7FEB7F4C7F257EB97C3B
:10723000087BF378A8768774E4729B719770AC6FC3
:10724000B66E8F6D536C336B3F6A4369E7671266A6
:10725000B963F560D05D4B5A43569451524CB046D9
:10726000EB402B3B93354530452B5E266421401C7B
:10727000F9169E11350CE206DA0132FDFDF845F5EE
:107280000AF25BEF31ED72EB0DEA03E96DE84CE8D1
:107290006EE85BE8B7E79FE682E5AEE4E7E3E7E2A6
:1072A00086E1DADFEFDDCDDB7AD906D778D4F2D10B
:1072B000ABCFC8CD69CC7ECB01CBBDCA77CAF2C9F2
:1072C0003CC97DC8B9C7D0C6B6C59EC4A2C3B1C2A9
:1072D00096C14CC0E8BE9BBD74BC72BB76BA61B9A6
:1072E00034B819B731B637B5D2B3F5B10CB06DAE0D
:1072F000F7AC0FAB75A878A5BBA271A05E9E259CCC
:107300009799B696BE9326910D8F788D4E8C9A8B59
:10731000528B4D8B6B8B868B7C8B228B778A9589DE
:107320009E889987828669857084C78378837583F0
:10733000A9831A84DD840D86CA87268AFA8C139065
:107340005993A296D699E19CD09FA4A265A516A8B0
:10735000A5AAF1ACF1AEC9B0C6B22AB5DEB7DCBAA7
:1073600036BE12C25BC6DACA7ECF68D49ED908DFA9
:1073700087E4FEE977EFB3F489F9DEFDE40000006D
:10738000E4008703AC06A5093E0C3D0EB20FD310F6
:107390001612B0134F157F16091721170917131767
:1073A0008917451803199919311AFF1A2C1CDB1D6E
:1073B000F01F22221124BE254E27E728822AFE2B09
:1073C000302D032E7B2EBF2E0F2FAD2FA230A231DA
:1073D0005532A332C5322233EA3302354936BB3740
:1073E0005339E13A5C3CC93D4D3FFE4005436045A1
:1073F000F047824A054D8F4F1D528654A1569C5826
:10740000B65AFE5C225FF6609F626E649D661F69DD
:10741000AF6B1D6E54704C722674FA75F377047A54
:10742000FA7B8D7D887E1B7F8B7FED7FEB7F4C7F92
:10743000257EB97C087BF378A8768774E4729B710B
:107440009770AC6FB66E8F6D536C336B3F6A436948
:10745000E7671266B963F560D05D4B5A43569451A5
:10746000524CB046EB402B3B93354530452B5E26C6
:107470006421401CF9169E11350CE206DA0132FD3A
:10748000FDF845F50AF25BEF31ED72EB0DEA03E929
:107490006DE84CE86EE85BE8B7E79FE682E5AEE4AE
:1074A000E7E3E7E286E1DADFEFDDCDDB7AD906D785
:1074B00078D4F2D1ABCFC8CD69CC7ECB01CBBDCADD
:1074C00077CAF2C93CC97DC8B9C7D0C6B6C59EC483
:1074D000A2C3B1C296C14CC0E8BE9BBD74BC72BB16
:1074E00076BA61B934B819B731B637B5D2B3F5B198
:1074F0000CB06DAEF7AC0FAB75A878A5BBA271A0B0
:107500005E9E259C9799B696BE9326910D8F788D99
:107510004E8C9A8B528B4D8B6B8B868B7C8B228BFC
:10752000778A95899E889987828669857084C783C2
:1075300078837583A9831A84DD840D86CA87268A99
:10754000FA8C13905993A296D699E19CD09FA4A24D
:1075500065A516A8A5AAF1ACF1AEC9B0C6B22AB508
:10756000DEB7DCBA36BE12C25BC6DACA7ECF68D4DA
:107570009ED908DF87E4FEE977EFB3F489F9DEFDF1
:10758000E4000000E4008703AC06A5093E0C3D0EB4
:10759000B20FD3101612B0134F157F16091721170B
:1075A000091713178917451803199919311AFF1A62
:1075B0002C1CDB1DF01F22221124BE254E27E7289C
:1075C000822AFE2B302D032E7B2EBF2E0F2FAD2FA8
:1075D000A230A2315532A332C5322233EA3302350A
:1075E0004936BB375339E13A5C3CC93D4D3FFE401B
:1075F00005436045F047824A054D8F4F1D52865422
:10760000A1569C58B65AFE5C225FF6609F626E647B
:107610009D661F69AF6B1D6E54704C722674FA75AF
:10762000F377047AFA7B8D7D887E1B7F8B7FED7FDD
:10763000EB7F4C7F257EB97C087BF378A876877436
:10764000E4729B719770AC6FB66E8F6D536C336B39
:107650003F6A4369E7671266B963F560D05D4B5ACC
:1076600043569451524CB046EB402B3B933545303A
:10767000452B5E266421401CF9169E11350CE2064E
:10768000DA0132FDFDF845F50AF25BEF31ED72EB00
:107690000DEA03E96DE84CE86EE85BE8B7E79FE6C2
:1076A00082E5AEE4E7E3E7E286E1DADFEFDDCDDBBA
:1076B0007AD906D778D4F2D1ABCFC8CD69CC7ECBFE
:1076C00001CBBDCA77CAF2C93CC97DC8B9C7D0C60B
:1076D000B6C59EC4A2C3B1C296C14CC0E8BE9BBD94
:1076E00074BC72BB76BA61B934B819B731B637B564
:1076F000D2B3F5B10CB06DAEF7AC0FAB75A878A5F1
:10770000BBA271A05E9E259C9799B696BE932691CA
:107710000D8F788D4E8C9A8B528B4D8B6B8B868B0D
:107720007C8B228B778A95899E889987828669854A
:107730007084C78378837583A9831A84DD840D865A
:10774000CA87268AFA8C13905993A296D699E19CFF
:10775000D09FA4A265A516A8A5AAF1ACF1AEC9B0A8
:10776000C6B22AB5DEB7DCBA36BE12C25BC6DACA0A
:107770007ECF68D49ED908DF87E4FEE977EFB3F4C3
:1077800089F9DEFDE4000000E4008703AC06A509EA
:107790003E0C3D0EB20FD3101612B0134F157F16CC
:1077A000091721170917131789174518031999196C
:1077B000311AFF1A2C1CDB1DF01F22221124BE25BA
:1077C0004E27E728822AFE2B302D032E7B2EBF2E3C
:1077D0000F2FAD2FA230A2315532A332C532223342
:1077E000EA3302354936BB375339E13A5C3CC93D8F
:1077F0004D3FFE4005436045F047824A054D8F4F9F
:107800001D528654A1569C58B65AFE5C225FF66003
:107810009F626E649D661F69AF6B1D6E54704C72E3
:107820002674FA75F377047AFA7B8D7D887E1B7F48
:107830008B7FED7FEB7F4C7F257EB97C087BF378D7
:10784000A8768774E4729B719770AC6FB66E8F6D7B
:10785000536C336B3F6A4369E7671266B963F5603F
:10786000D05D4B5A43569451524CB046EB402B3BA3
:1078700093354530452B5E266421401CF9169E1138
:10788000350CE206DA0132FDFDF845F50AF25BEF50
:1078900031ED72EB0DEA03E96DE84CE86EE85BE868
:1078A000B7E79FE682E5AEE4E7E3E7E286E1DADF09
:1078B000EFDDCDDB7AD906D778D4F2D1ABCFC8CD06
:1078C00069CC7ECB01CBBDCA77CAF2C93CC97DC8A1
:1078D000B9C7D0C6B6C59EC4A2C3B1C296C14CC07A
:1078E000E8BE9BBD74BC72BB76BA61B934B819B737
:1078F00031B637B5D2B3F5B10CB06DAEF7AC0FAB56
:1079000075A878A5BBA271A05E9E259C9799B69696
:10791000BE9326910D8F788D4E8C9A8B528B4D8B0A
:107920006B8B868B7C8B228B778A95899E88998737
:10793000828669857084C78378837583A9831A8456
:10794000DD840D86CA87268AFA8C13905993A296F5
:10795000D699E19CD09FA4A265A516A8A5AAF1ACD2
:10796000F1AEC9B0C6B22AB5DEB7DCBA36BE12C2B5
:107970005BC6DACA7ECF68D49ED908DF87E4FEE909
:1079800077EFB3F489F9DEFDE4000000E40087033B
:10799000AC06A5093E0C3D0EB20FD3101612B01363
:1079A0004F157F160917211709171317891745183F
:1079B00003199919311AFF1A2C1CDB1DF01F222202
:1079C0001124BE254E27E728822AFE2B302D032EB8
:1079D0007B2EBF2E0F2FAD2FA230A2315532A332F6
:1079E000C5322233EA3302354936BB375339E13ADF
:1079F0005C3CC93D4D3FFE4005436045F047824A2F
:107A0000054D8F4F1D528654A1569C58B65AFE5CA8
:107A1000225FF6609F626E649D661F69AF6B1D6E8C
:107A200054704C722674FA75F377047AFA7B8D7D64
:107A3000887E1B7F8B7FED7FEB7F4C7F257EB97C23
:107A4000087BF378A8768774E4729B719770AC6FAB
:107A5000B66E8F6D536C336B3F6A4369E76712668E
:107A6000B963F560D05D4B5A43569451524CB046C1
:107A7000EB402B3B93354530452B5E266421401C63
:107A8000F9169E11350CE206DA0132FDFDF845F5D6
:107A90000AF25BEF31ED72EB0DEA03E96DE84CE8B9
:107AA0006EE85BE8B7E79FE682E5AEE4E7E3E7E28E
:107AB00086E1DADFEFDDCDDB7AD906D778D4F2D1F3
:107AC000ABCFC8CD69CC7ECB01CBBDCA77CAF2C9DA
:107AD0003CC97DC8B9C7D0C6B6C59EC4A2C3B1C291
:107AE00096C14CC0E8BE9BBD74BC72BB76BA61B98E
:107AF00034B819B731B637B5D2B3F5B10CB06DAEF5
:107B0000F7AC0FAB75A878A5BBA271A05E9E259CB3
:107B10009799B696BE9326910D8F788D4E8C9A8B41
:107B2000528B4D8B6B8B868B7C8B228B778A9589C6
:107B30009E889987828669857084C78378837583D8
:107B4000A9831A84DD840D86CA87268AFA8C13904D
:107B50005993A296D699E19CD09FA4A265A516A898
:107B6000A5AAF1ACF1AEC9B0C6B22AB5DEB7DCBA8F
:107B700036BE12C25BC6DACA7ECF68D49ED908DF91
:107B800087E4FEE977EFB3F489F9DEFDE400000055
:107B9000FE00F803AC06D808D60AB10C890E5310C3
:107BA000E011271333141F15E21587161C17AB17A6
:107BB0003918D3188B19441AF11A9D1B751C7F1D97
:107BC0009C1EA51FB0200222E423612615298E2BBE
:107BD0007E2DED2E173042319332EF33043591353F
:107BE000C235E135243692361B37A6372A38C238DB
:107BF0009439C43A5D3C353E1640D8415B43A544B8
:107C0000D9455E477849094CD94EB3516C54015758
:107C10007959C95BD95D895FD060E16101633764DF
:107C20004F6504666966CF669267E268D46A416D03
:107C3000D56F3E7253742576C9775879DD7A527CB8
:107C4000997D617E7B7E0F7EDF7C447B9179D97745
:107C5000FA75BD7317710D6EAE6A1B6799636B6021
:107C6000B75D895BA959B6577B551A53BC50354E41
:107C7000324BB84741440141D63D703AB436BA322E
:107C8000B42EB22AA2266A221A1ED319A315811174
:107C9000600D0E097D04DDFFA5FB20F841F5DDF246
:107CA000CEF017EFE2ED2EEDC0EC45EC8DEBB2EA35
:107CB000DDE915E952E86DE734E67EE472E26AE058
:107CC00091DEDFDC4CDBDCD96AD8F1D69FD59FD4BE
:107CD000D0D306D35ED2E2D178D1EFD05CD0CDCF75
:107CE00023CF13CE84CCA3CAD7C851C7F9C58DC43E
:107CF000F9C236C168BFC8BD93BCC4BB15BB2EBAA0
:107D000003B9B6B772B642B51AB4E8B2A5B102B0BB
:107D1000ACADCDAAE5A749A5C0A24DA0249E8B9CE1
:107D20005B9B879A1C9A0E9A3A9A7B9ABD9AE99A1B
:107D3000139B529B7F9B829B699B729BA09BC09BCA
:107D4000879BB49A5499AD970C96CB9436946394D0
:107D50001A953896B5978699B59B659EAEA160A594
:107D600051A978ADFBB1D9B6E8BB1EC16BC692CBA9
:107D700042D061D419D899DBDCDEE4E1B9E455E7FF
:107D8000B8E90FEC9EEE67F163F4CEF716FC23FF23
:107D9000FE00000028B400200000000003000000E6
:107DA0000000003F00000000000000000000000094
:107DB00000000000000000000000000000000000C3
:107DC00000000000000000000000000000000000B3
:107DD00000000000000000000000000000000000A3
:107DE0000000000000000000000000000000000093
:107DF0000000000000000000000000000000000083
:107E0000000000000000000038B4002018790020B5
:107E1000000000000000003F000000000000000023
:107E20000000000000000000000000000000000052
:107E30000000000000000000000000000000000042
:107E40000000000000000000000000000000000032
:107E50000000000000000000000000000000000022
:107E60000000000000000000000000000000000012
:107E700000000000000000000000000048B40020E6
:107E800038890020000000000000003F00000000D2
:107E900000000000000000000000000000000000E2
:107EA00000000000000000000000000000000000D2
:107EB00000000000000000000000000000000000C2
:107EC00000000000000000000000000000000000B2
:107ED00000000000000000000000000000000000A2
:107EE0000000000000000000000000000000000092
:107EF00054B40020CC5D0020000000000000003FD2
:107F00000000000000000000000000000000000071
:107F10000000000000000000000000000000000061
:107F20000000000000000000000000000000000051
:107F30000000000000000000000000000000000041
:107F40000000000000000000000000000000000031
:107F50000000000000000000000000000000000021
:107F6000000000005CB400200000000001000000E0
:107F70000000003F000000000000000000000000C2
:107F80000000000000000000000000006666E63E01
:107F9000CDCCCC3E0000000000000000000000003E
:107FA00000000000000000000000000000000000D1
:107FB00000000000000000000000000000000000C1
:107FC00000000000000000000000000000000000B1
:107FD000000000000000000060B40020000000006D
:107FE000030000000000003F00000000000000004F
:107FF0000000000000000000000000000000000081
:108000000000803ECDCC4C3E00000000000000008F
:108010000000000000000000000000000000000060
:108020000000000000000000000000000000000050
:108030000000000000000000000000000000000040
:1080400000000000000000000000000068B40020F4
:1080500000000000030000006666E63E000000002D
:1080600000000000CDCCCC3E000040C1000000006C
:108070000000000000000000000000000000000000
:1080800000000000000000000000000000000000F0
:1080900000000000000000000000000000000000E0
:1080A00000000000000000000000000000000000D0
:1080B00000000000000000000000000000000000C0
:1080C00074B4002000000000010000003D0AD73E0B
:1080D0000000000001000000295C8F3E00004041CC
:1080E00000000000000000006666E63ECDCCCC3EFD
:1080F0000000000000000000000000000000000080
:10810000000000000000000000000000000000006F
:10811000000000000000000000000000000000005F
:10812000000000000000000000000000000000004F
:108130000000000084B400200000000000000000E7
:108140003D0AD73E0000000000000000EC51B83EA0
:108150000000E040000000000000000000000000FF
:10816000000000000000000000000000000000000F
:1081700000000000000000000000000000000000FF
:1081800000000000000000000000000000000000EF
:1081900000000000000000000000000000000000DF
:1081A000000000000000000090B40020000000006B
:1081B00001000000CDCCCC3E00000000010000001A
:1081C000CDCCCC3E0000000000003041000000009B
:1081D0006666E63ECDCCCC3E00000000000000000C
:1081E000000000000000000000000000000000008F
:1081F000000000000000000000000000000000007F
:10820000000000000000000000000000000000006E
:108210000000000000000000000000009CB40020EE
:1082200084390020000000006666E63E9843002086
:1082300000000000EC51B83E000040C1000080404A
:1082400000000000CDCC4C3E9A99193E0000000081
:10825000000000000000000000000000000000001E
:10826000000000000000000000000000000000000E
:1082700000000000000000000000000000000000FE
:1082800000000000000000000000000000000000EE
:10829000A8B4002028810020000000003D0AD73E3D
:1082A00000000000000000009A99993E00009841EB
:1082B00000000000000000000000000000000000BE
:1082C00000000000000000000000000000000000AE
:1082D000000000000000000000000000000000009E
:1082E000000000000000000000000000000000008E
:1082F000000000000000000000000000000000007E
:1083000000000000B4B400200000000001000000E4
:10831000000000000000000000000000000000005D
:10832000000000000000000001000000000000004C
:10833000000000000000000000000000000000003D
:10834000000000000000000000000000000000002D
:10835000000000000000000000000000000000001D
:10836000000000000000000000000000000000000D
:108370000000000000000000C4B400200000000065
:10838000010000008195833E000000000100000014
:108390001283403E000000000000E04000000000AA
:1083A000CDCC4C3E00000000010000000000D24394
:1083B0000000C8443333733F0000024400006144AE
:1083C0000000003F00002F444001000004010000B5
:1083D000000034430000003F0000E0416666A64014
:1083E00000008243010000003333333F28B40020F3
:1083F00000000000030000000000003F000000003B
:10840000000000000000000000000000000000006C
:10841000000000000000000000000000000000005C
:10842000000000000000000000000000000000004C
:10843000000000000000000000000000000000003C
:10844000000000000000000000000000000000002C
:10845000000000000000000000000000000000001C
:1084600038B40020207D0020000000000000003F04
:1084700000000000000000000000000000000000FC
:1084800000000000000000000000000000000000EC
:1084900000000000000000000000000000000000DC
:1084A00000000000000000000000000000000000CC
:1084B00000000000000000000000000000000000BC
:1084C00000000000000000000000000000000000AC
:1084D0000000000048B40020408D00200000000093
:1084E0000000003F0000000000000000000000004D
:1084F000000000000000000000000000000000007C
:10850000000000000000000000000000000000006B
:10851000000000000000000000000000000000005B
:10852000000000000000000000000000000000004B
:10853000000000000000000000000000000000003B
:10854000000000000000000054B40020D8630020A8
:10855000000000000000003F0000000000000000DC
:10856000000000000000000000000000000000000B
:1085700000000000000000000000000000000000FB
:1085800000000000000000000000000000000000EB
:1085900000000000000000000000000000000000DB
:1085A00000000000000000000000000000000000CB
:1085B0000000000000000000000000005CB400208B
:1085C00000000000010000000000003F000000006B
:1085D000000000000000000000000000000000009B
:1085E000000000006666E63ECDCCCC3E00000000F8
:1085F000000000000000000000000000000000007B
:10860000000000000000000000000000000000006A
:10861000000000000000000000000000000000005A
:10862000000000000000000000000000000000004A
:1086300060B4002000000000030000000000003FC4
:10864000000000000000000000000000000000002A
:1086500000000000000000000000803ECDCC4C3E39
:10866000000000000000000000000000000000000A
:1086700000000000000000000000000000000000FA
:1086800000000000000000000000000000000000EA
:1086900000000000000000000000000000000000DA
:1086A0000000000068B4002000000000030000008B
:1086B0006666E63E0000000000000000CDCCCC3E27
:1086C000000040C1000000000000000000000000A9
:1086D000000000000000000000000000000000009A
:1086E000000000000000000000000000000000008A
:1086F000000000000000000000000000000000007A
:108700000000000000000000000000000000000069
:10871000000000000000000074B400200000000011
:10872000010000003D0AD73E0000000001000000EB
:10873000295C8F3E00004041000000000000000066
:108740006666E63ECDCCCC3E000000000000000096
:108750000000000000000000000000000000000019
:108760000000000000000000000000000000000009
:1087700000000000000000000000000000000000F9
:1087800000000000000000000000000084B4002091
:1087900000000000000000003D0AD73E000000007D
:1087A00000000000EC51B83E0000E0400000000076
:1087B00000000000000000000000000000000000B9
:1087C00000000000000000000000000000000000A9
:1087D0000000000000000000000000000000000099
:1087E0000000000000000000000000000000000089
:1087F0000000000000000000000000000000000079
:1088000090B400200000000001000000CDCCCC3E60
:108810000000000001000000CDCCCC3E00000000B4
:1088200000003041000000006666E63ECDCCCC3E44
:108830000000000000000000000000000000000038
:108840000000000000000000000000000000000028
:108850000000000000000000000000000000000018
:108860000000000000000000000000000000000008
:10887000000000009CB40020883B002000000000A5
:108880006666E63EA047002000000000EC51B83EBE
:10889000000040C10000804000000000CDCC4C3EF4
:1088A0009A99193E0000000000000000000000003E
:1088B00000000000000000000000000000000000B8
:1088C00000000000000000000000000000000000A8
:1088D0000000000000000000000000000000000098
:1088E0000000000000000000A8B400202C8300203D
:1088F000000000003D0AD73E00000000000000001C
:108900009A99993E00009841000000000000000084
:108910000000000000000000000000000000000057
:108920000000000000000000000000000000000047
:108930000000000000000000000000000000000037
:108940000000000000000000000000000000000027
:10895000000000000000000000000000B4B400208F
:108960000000000001000000000000000000000006
:1089700000000000000000000000000000000000F7
:1089800001000000000000000000000000000000E6
:1089900000000000000000000000000000000000D7
:1089A00000000000000000000000000000000000C7
:1089B00000000000000000000000000000000000B7
:1089C00000000000000000000000000000000000A7
:1089D000C4B4002000000000010000008195833E27
:1089E00000000000010000001283403E0000000073
:1089F0000000E04000000000CDCC4C3E0000000034
:108A0000010000000000D2430000C8443333733F2C
:108A100000000244000061440000003F00002F44B9
:108A20004001000004010000000034430000003F4A
:108A30000000E0416666A64000008243010000009D
:108A40003333333F2218121008000000221812108E
:108A5000080000001E1612100E0000001E16121054
:108A60000E0000000170550200000200000200002C
:108A7000013C37020000015F5502000002000002C5
:108A8000000001373700000001645A0146500164BC
:108A90005A01465001645A01465001645A01465039
:108AA000015F37000000000000015F370000000098
:108AB0000000015F37000000000000015F37000088
:108AC00000000000D00097093612321B4224922D7C
:108AD000EF36E23FCF48345138597E6031671C6D24
:108AE0004E729576207ACC7C987EA17FFF7F447F62
:108AF0003F7E297DBE7AA178E575CD7200706E6CDF
:108B00004D69C9658D62305FDF5B91580755FF5134
:108B1000A94EB34B7C488F45A142EF3F203D843A9C
:108B2000013866351A33C830AB2E7F2C762A6A2876
:108B30008C268324CA22F420281F891DBD1BFE1900
:108B40007118A116E31450137511D40F1E0E5F0C8B
:108B5000AD0ADE08220755058C03DC01F4FF1DFE7B
:108B60006EFC8FFAABF8E9F6EBF42AF369F18BEFC0
:108B7000B6EDE8EB2FEA64E89FE6BDE410E331E1EF
:108B800072DFC9DDECDB3BDA5AD88FD6C3D4FCD216
:108B90002BD16ACF74CDA8CBE2C9E2C72FC633C4AC
:108BA0006EC28EC0ADBED3BC01BB19B955B77CB582
:108BB00099B3F7B10BB080AED6AC31ABD0A94BA80E
:108BC000E4A6A3A545A435A329A22BA181A0DF9FDC
:108BD0004E9FF89ED59ED49E139F809F3AA047A19A
:108BE0008EA23FA440A6B1A8D4AB45AF89B339B893
:108BF00068BD4BC3D3C9D4D066D875E0E6E8C3F1ED
:108C0000A5FAF003DE0CB215611E9426522E5335E0
:108C1000AD3B544127461A4A354D704FE050B5518F
:108C20009D51EE50AA4FD04D924BBB48A9454F42A3
:108C3000C23E1B3B4A373433632F4F2B4B279B23BA
:108C4000AA1FE21B3D188A144E11FA0DB20AB90789
:108C5000A804DE0126FFB4FC47FACEF765F55CF305
:108C600013F109EF34ED11EB6EE960E7A7E5FCE3E2
:108C700027E2A8E0E4DE53DD92DBFAD96AD8D0D649
:108C800042D5A3D336D286D014CFB8CD30CCEECADD
:108C9000ADC95DC836C71DC632C56AC4B2C337C3C5
:108CA000E4C2DFC222C38CC34EC479C51EC7FDC84F
:108CB0005ACB1DCE97D182D5FAD911DF9EE4ECEACA
:108CC00099F1DDF8D0000000D00097093612321B70
:108CD0004224922DEF36E23FCF48345138597E601E
:108CE00031671C6D4E729576207ACC7C987EA17F80
:108CF000FF7F447F3F7E297DBE7AA178E575CD72E6
:108D000000706E6C4D69C9658D62305FDF5B915894
:108D10000755FF51A94EB34B7C488F45A142EF3F09
:108D2000203D843A013866351A33C830AB2E7F2C8B
:108D3000762A6A288C268324CA22F420281F891DBB
:108D4000BD1BFE197118A116E31450137511D40F31
:108D50001E0E5F0CAD0ADE08220755058C03DC01F0
:108D6000F4FF1DFE6EFC8FFAABF8E9F6EBF42AF384
:108D700069F18BEFB6EDE8EB2FEA64E89FE6BDE41E
:108D800010E331E172DFC9DDECDB3BDA5AD88FD674
:108D9000C3D4FCD22BD16ACF74CDA8CBE2C9E2C731
:108DA0002FC633C46EC28EC0ADBED3BC01BB19B9D1
:108DB00055B77CB599B3F7B10BB080AED6AC31AB3B
:108DC000D0A94BA8E4A6A3A545A435A329A22BA10D
:108DD00081A0DF9F4E9FF89ED59ED49E139F809FBB
:108DE0003AA047A18EA23FA440A6B1A8D4AB45AFFC
:108DF00089B339B868BD4BC3D3C9D4D066D875E040
:108E0000E6E8C3F1A5FAF003DE0CB215611E942664
:108E1000522E5335AD3B544127461A4A354D704FBB
:108E2000E050B5519D51EE50AA4FD04D924BBB48EA
:108E3000A9454F42C23E1B3B4A373433632F4F2B69
:108E40004B279B23AA1FE21B3D188A144E11FA0DD3
:108E5000B20AB907A804DE0126FFB4FC47FACEF730
:108E600065F55CF313F109EF34ED11EB6EE960E7A2
:108E7000A7E5FCE327E2A8E0E4DE53DD92DBFAD9C4
:108E80006AD8D0D642D5A3D336D286D014CFB8CDA7
:108E900030CCEECAADC95DC836C71DC632C56AC47E
:108EA000B2C337C3E4C2DFC222C38CC34EC479C588
:108EB0001EC7FDC85ACB1DCE97D182D5FAD911DF76
:108EC0009EE4ECEA99F1DDF8D0000000D0009709AB
:108ED0003612321B4224922DEF36E23FCF483451F6
:108EE00038597E6031671C6D4E729576207ACC7C45
:108EF000987EA17FFF7F447F3F7E297DBE7AA17847
:108F0000E575CD7200706E6C4D69C9658D62305F1C
:108F1000DF5B91580755FF51A94EB34B7C488F45F5
:108F2000A142EF3F203D843A013866351A33C830FC
:108F3000AB2E7F2C762A6A288C268324CA22F42022
:108F4000281F891DBD1BFE197118A116E3145013AB
:108F50007511D40F1E0E5F0CAD0ADE0822075505F1
:108F60008C03DC01F4FF1DFE6EFC8FFAABF8E9F612
:108F7000EBF42AF369F18BEFB6EDE8EB2FEA64E846
:108F80009FE6BDE410E331E172DFC9DDECDB3BDAE3
:108F90005AD88FD6C3D4FCD22BD16ACF74CDA8CBEC
:108FA000E2C9E2C72FC633C46EC28EC0ADBED3BC09
:108FB00001BB19B955B77CB599B3F7B10BB080AE09
:108FC000D6AC31ABD0A94BA8E4A6A3A545A435A344
:108FD00029A22BA181A0DF9F4E9FF89ED59ED49EF3
:108FE000139F809F3AA047A18EA23FA440A6B1A89C
:108FF000D4AB45AF89B339B868BD4BC3D3C9D4D05E
:1090000066D875E0E6E8C3F1A5FAF003DE0CB21508
:10901000611E9426522E5335AD3B544127461A4AC1
:10902000354D704FE050B5519D51EE50AA4FD04D87
:10903000924BBB48A9454F42C23E1B3B4A37343393
:10904000632F4F2B4B279B23AA1FE21B3D188A142B
:109050004E11FA0DB20AB907A804DE0126FFB4FCCE
:1090600047FACEF765F55CF313F109EF34ED11EB38
:109070006EE960E7A7E5FCE327E2A8E0E4DE53DD64
:1090800092DBFAD96AD8D0D642D5A3D336D286D0CD
:1090900014CFB8CD30CCEECAADC95DC836C71DC639
:1090A00032C56AC4B2C337C3E4C2DFC222C38CC3B1
:1090B0004EC479C51EC7FDC85ACB1DCE97D182D5E7
:1090C000FAD911DF9EE4ECEA99F1DDF8D000000056
:1090D000D00097093612321B4224922DEF36E23F20
:1090E000CF48345138597E6031671C6D4E72957689
:1090F000207ACC7C987EA17FFF7F447F3F7E297DB4
:10910000BE7AA178E575CD7200706E6C4D69C96547
:109110008D62305FDF5B91580755FF51A94EB34B0D
:109120007C488F45A142EF3F203D843A01386635A7
:109130001A33C830AB2E7F2C762A6A288C268324DB
:10914000CA22F420281F891DBD1BFE197118A11603
:10915000E31450137511D40F1E0E5F0CAD0ADE0818
:10916000220755058C03DC01F4FF1DFE6EFC8FFA0F
:10917000ABF8E9F6EBF42AF369F18BEFB6EDE8EB27
:109180002FEA64E89FE6BDE410E331E172DFC9DD58
:10919000ECDB3BDA5AD88FD6C3D4FCD22BD16ACFC2
:1091A00074CDA8CBE2C9E2C72FC633C46EC28EC04D
:1091B000ADBED3BC01BB19B955B77CB599B3F7B1F6
:1091C0000BB080AED6AC31ABD0A94BA8E4A6A3A51A
:1091D00045A435A329A22BA181A0DF9F4E9FF89E15
:1091E000D59ED49E139F809F3AA047A18EA23FA4F4
:1091F00040A6B1A8D4AB45AF89B339B868BD4BC35D
:10920000D3C9D4D066D875E0E6E8C3F1A5FAF00377
:10921000DE0CB215611E9426522E5335AD3B5441DF
:1092200027461A4A354D704FE050B5519D51EE50CA
:10923000AA4FD04D924BBB48A9454F42C23E1B3B63
:109240004A373433632F4F2B4B279B23AA1FE21B34
:109250003D188A144E11FA0DB20AB907A804DE01AE
:1092600026FFB4FC47FACEF765F55CF313F109EF7E
:1092700034ED11EB6EE960E7A7E5FCE327E2A8E037
:10928000E4DE53DD92DBFAD96AD8D0D642D5A3D337
:1092900036D286D014CFB8CD30CCEECAADC95DC8B9
:1092A00036C71DC632C56AC4B2C337C3E4C2DFC203
:1092B00022C38CC34EC479C51EC7FDC85ACB1DCE70
:1092C00097D182D5FAD911DF9EE4ECEA99F1DDF865
:1092D000D0000000D00097093612321B4224922D94
:1092E000EF36E23FCF48345138597E6031671C6D0C
:1092F0004E729576207ACC7C987EA17FFF7F447F4A
:109300003F7E297DBE7AA178E575CD7200706E6CC6
:109310004D69C9658D62305FDF5B91580755FF511C
:10932000A94EB34B7C488F45A142EF3F203D843A84
:10933000013866351A33C830AB2E7F2C762A6A285E
:109340008C268324CA22F420281F891DBD1BFE19E8
:109350007118A116E31450137511D40F1E0E5F0C73
:10936000AD0ADE08220755058C03DC01F4FF1DFE63
:109370006EFC8FFAABF8E9F6EBF42AF369F18BEFA8
:10938000B6EDE8EB2FEA64E89FE6BDE410E331E1D7
:1093900072DFC9DDECDB3BDA5AD88FD6C3D4FCD2FE
:1093A0002BD16ACF74CDA8CBE2C9E2C72FC633C494
:1093B0006EC28EC0ADBED3BC01BB19B955B77CB56A
:1093C00099B3F7B10BB080AED6AC31ABD0A94BA8F6
:1093D000E4A6A3A545A435A329A22BA181A0DF9FC4
:1093E0004E9FF89ED59ED49E139F809F3AA047A182
:1093F0008EA23FA440A6B1A8D4AB45AF89B339B87B
:1094000068BD4BC3D3C9D4D066D875E0E6E8C3F1D4
:10941000A5FAF003DE0CB215611E9426522E5335C8
:10942000AD3B544127461A4A354D704FE050B55177
:109430009D51EE50AA4FD04D924BBB48A9454F428B
:10944000C23E1B3B4A373433632F4F2B4B279B23A2
:10945000AA1FE21B3D188A144E11FA0DB20AB90771
:10946000A804DE0126FFB4FC47FACEF765F55CF3ED
:1094700013F109EF34ED11EB6EE960E7A7E5FCE3CA
:1094800027E2A8E0E4DE53DD92DBFAD96AD8D0D631
:1094900042D5A3D336D286D014CFB8CD30CCEECAC5
:1094A000ADC95DC836C71DC632C56AC4B2C337C3AD
:1094B000E4C2DFC222C38CC34EC479C51EC7FDC837
:1094C0005ACB1DCE97D182D5FAD911DF9EE4ECEAB2
:1094D00099F1DDF8D00000000103E20B00154D1EEC
:1094E000A427ED30F0399A42DF4A9F52C4594B60AD
:1094F0002066546BD46FB173E77680797F7BF87CFC
:10950000EC7D647E6E7E117E537D427CE17A3E79F5
:109510005B773E75ED726D70C76DFD6A0C68FD641A
:10952000D561975E465BE1576654E050524DB349B2
:1095300014466842B83E073B5537A833FD2F592CD7
:10954000B5281E259321191EA91A4C17FE13C31006
:10955000A30D950A9B07BB04F5014CFFBFFC4AFA1B
:10956000F5F7BCF5A0F3A9F1CFEF12EE77ECFBEA2B
:10957000A2E96FE85DE776E6B9E52CE5D0E4A5E47D
:10958000ACE4DFE440E5C3E567E620E7EAE7BDE8F1
:1095900093E961EA26EBE0EB89EC1EEDA6ED19EE0E
:1095A00079EECDEE0DEF46EF6DEF8CEFA5EFB4EF5A
:1095B000BFEFC6EFCCEFCDEFC9EFC6EFC2EFBDEF07
:1095C000B5EFAEEFA2EF92EF80EF67EF49EF25EF37
:1095D000F7EEC1EE82EE38EEE3ED83ED18EDA1EC8F
:1095E0001CEC8EEBF2EA4BEA9BE9DEE819E84AE76D
:1095F00076E69BE5B9E4D0E3E5E2F5E102E113E0CC
:109600001DDF2CDE39DD47DC5BDB72DA91D9B4D8A3
:10961000E1D71CD76DD6D4D55AD50AD5EDD407D508
:1096200071D528D637D7A8D87EDAB1DC43DF25E25A
:109630004EE5ADE82CECC1EF57F3E0F647FA80FDBC
:109640007E003C03B105D607A309180B390C040DA5
:10965000730D910D5E0DDD0C160C090BB809330866
:109660007B068E0479023F00E6FD76FBECF853F6AC
:10967000ACF3FDF04FEE9FEBF3E84FE6B4E32DE1E2
:10968000B9DE55DC0BDAD7D7BDD5BED3E1D11ED0BC
:1096900077CEF0CC8ACB42CA14C909C819C746C6CE
:1096A00091C5FAC478C416C4CEC39DC387C38DC305
:1096B000ACC3E7C33FC4B6C44FC511C6FFC624C878
:1096C0008DC940CB56CDDECFE7D284D6C9DAC6DF0E
:1096D00077E5E1EBFFF2E1FA010300000103E20BA1
:1096E00000154D1EA427ED30F0399A42DF4A9F52F3
:1096F000C4594B602066546BD46FB173E7768079A0
:109700007F7BF87CEC7D647E6E7E117E537D427C97
:10971000E17A3E795B773E75ED726D70C76DFD6ADB
:109720000C68FD64D561975E465BE1576654E05076
:10973000524DB34914466842B83E073B5537A833EB
:10974000FD2F592CB5281E259321191EA91A4C1737
:10975000FE13C310A30D950A9B07BB04F5014CFF34
:10976000BFFC4AFAF5F7BCF5A0F3A9F1CFEF12EE72
:1097700077ECFBEAA2E96FE85DE776E6B9E52CE570
:10978000D0E4A5E4ACE4DFE440E5C3E567E620E728
:10979000EAE7BDE893E961EA26EBE0EB89EC1EED30
:1097A000A6ED19EE79EECDEE0DEF46EF6DEF8CEFF5
:1097B000A5EFB4EFBFEFC6EFCCEFCDEFC9EFC6EF2B
:1097C000C2EFBDEFB5EFAEEFA2EF92EF80EF67EF24
:1097D00049EF25EFF7EEC1EE82EE38EEE3ED83EDD3
:1097E00018EDA1EC1CEC8EEBF2EA4BEA9BE9DEE80B
:1097F00019E84AE776E69BE5B9E4D0E3E5E2F5E16E
:1098000002E113E01DDF2CDE39DD47DC5BDB72DAC1
:1098100091D9B4D8E1D71CD76DD6D4D55AD50AD5AD
:10982000EDD407D571D528D637D7A8D87EDAB1DCE4
:1098300043DF25E24EE5ADE82CECC1EF57F3E0F64F
:1098400047FA80FD7E003C03B105D607A309180B3B
:10985000390C040D730D910D5E0DDD0C160C090B0A
:10986000B80933087B068E0479023F00E6FD76FBDB
:10987000ECF853F6ACF3FDF04FEE9FEBF3E84FE658
:10988000B4E32DE1B9DE55DC0BDAD7D7BDD5BED3B5
:10989000E1D11ED077CEF0CC8ACB42CA14C909C818
:1098A00019C746C691C5FAC478C416C4CEC39DC3B1
:1098B00087C38DC3ACC3E7C33FC4B6C44FC511C68D
:1098C000FFC624C88DC940CB56CDDECFE7D284D6A3
:1098D000C9DAC6DF77E5E1EBFFF2E1FA0103000048
:1098E0000103E20B00154D1EA427ED30F0399A421A
:1098F000DF4A9F52C4594B602066546BD46FB173DA
:10990000E77680797F7BF87CEC7D647E6E7E117ECD
:10991000537D427CE17A3E795B773E75ED726D70E6
:10992000C76DFD6A0C68FD64D561975E465BE157C3
:109930006654E050524DB34914466842B83E073B66
:109940005537A833FD2F592CB5281E259321191EF4
:10995000A91A4C17FE13C310A30D950A9B07BB044D
:10996000F5014CFFBFFC4AFAF5F7BCF5A0F3A9F1ED
:10997000CFEF12EE77ECFBEAA2E96FE85DE776E65F
:10998000B9E52CE5D0E4A5E4ACE4DFE440E5C3E5CB
:1099900067E620E7EAE7BDE893E961EA26EBE0EB5A
:1099A00089EC1EEDA6ED19EE79EECDEE0DEF46EF4A
:1099B0006DEF8CEFA5EFB4EFBFEFC6EFCCEFCDEFBF
:1099C000C9EFC6EFC2EFBDEFB5EFAEEFA2EF92EF7A
:1099D00080EF67EF49EF25EFF7EEC1EE82EE38EE4C
:1099E000E3ED83ED18EDA1EC1CEC8EEBF2EA4BEA13
:1099F0009BE9DEE819E84AE776E69BE5B9E4D0E3BF
:109A0000E5E2F5E102E113E01DDF2CDE39DD47DCA4
:109A10005BDB72DA91D9B4D8E1D71CD76DD6D4D537
:109A20005AD50AD5EDD407D571D528D637D7A8D8B9
:109A30007EDAB1DC43DF25E24EE5ADE82CECC1EF88
:109A400057F3E0F647FA80FD7E003C03B105D607E8
:109A5000A309180B390C040D730D910D5E0DDD0C6F
:109A6000160C090BB80933087B068E0479023F00F7
:109A7000E6FD76FBECF853F6ACF3FDF04FEE9FEB12
:109A8000F3E84FE6B4E32DE1B9DE55DC0BDAD7D7C6
:109A9000BDD5BED3E1D11ED077CEF0CC8ACB42CAA1
:109AA00014C909C819C746C691C5FAC478C416C4F2
:109AB000CEC39DC387C38DC3ACC3E7C33FC4B6C485
:109AC0004FC511C6FFC624C88DC940CB56CDDECFC9
:109AD000E7D284D6C9DAC6DF77E5E1EBFFF2E1FA37
:109AE0000103000070008C05EA0AD00FB013D316F2
:109AF000F1199B1DE0215B266B2A802D772FA43066
:109B00007C314F326033FE34A737DA3BE9418A4972
:109B1000CD516C59625F5E63D06599679269196C2B
:109B2000066FF0717E74A2768978617A277CA67DB3
:109B3000B77E637FD87FFE7F367F457CDB75656BA4
:109B4000A85DB54E224111376A31B82F97306E3279
:109B5000FD338534C333C431BE2EFA2ABC262522F8
:109B6000061DE6162F0FA105BBFAC8EF7FE636E00B
:109B700024DD52DC2ADC4FDB3CD925D689D2A1CEAC
:109B800058CA98C5A6C027BCD7B82EB72BB75FB8A0
:109B900010BA6DBBA9BB1FBA7FB6F5B02BAA47A3FD
:109BA000B39DB79A009B5B9ED7A33EAABBB015B7E7
:109BB00065BD91C312C937CD9CCF61D0EFCF90CE98
:109BC00045CCF6C8E4C4E7C027BEACBDFBBFD1C4DA
:109BD00022CB6FD148D6E2D868D9D0D84FD8D0D8C8
:109BE000D1DA7DDEDEE3B5EA45F27DF973FFF203FB
:109BF0008F07120BCD0E5612F21435165A16311667
:109C0000A7167E18021C0521CF26562CA5305833E6
:109C1000B4345535BD351A366C36C1365B377538B8
:109C20001F3A393CA13E4C412F442247CB49C74BF8
:109C3000CA4CA34C414BBD487B453742BA3F793EA5
:109C40006A3E213F2F40404119426642C8410640CA
:109C5000433DE6395436BF32232F722B9B276E23A8
:109C6000B51E4A1962138E0D6A081D043A0007FCDE
:109C7000FDF618F1C5EA95E4EFDE00DABAD5D7D1E2
:109C8000EACD87C98DC43FBF25BAC2B54CB2A3AFD8
:109C900071AD63AB55A95EA7C8A5E3A4B8A4C7A4DA
:109CA0001FA4DDA1BD9D629819932F8F738D198E0E
:109CB000D9901D950D9ACA9ECEA249A621AA3FAF62
:109CC000C8B5BFBC9CC254C615C820C9F3CA73CE60
:109CD00092D39AD9A2DF03E570E90FED64F0EFF3B8
:109CE000CCF7E2FB7000000070008C05EA0AD00F90
:109CF000B013D316F1199B1DE0215B266B2A802D32
:109D0000772FA4307C314F326033FE34A737DA3BF3
:109D1000E9418A49CD516C59625F5E63D0659967AC
:109D20009269196C066FF0717E74A2768978617AF7
:109D3000277CA67DB77E637FD87FFE7F367F457CFC
:109D4000DB75656BA85DB54E224111376A31B82FBE
:109D500097306E32FD338534C333C431BE2EFA2AB8
:109D6000BC262522061DE6162F0FA105BBFAC8EF5B
:109D70007FE636E024DD52DC2ADC4FDB3CD925D6F9
:109D800089D2A1CE58CA98C5A6C027BCD7B82EB7CD
:109D90002BB75FB810BA6DBBA9BB1FBA7FB6F5B0C1
:109DA0002BAA47A3B39DB79A009B5B9ED7A33EAA5D
:109DB000BBB015B765BD91C312C937CD9CCF61D07B
:109DC000EFCF90CE45CCF6C8E4C4E7C027BEACBD0B
:109DD000FBBFD1C422CB6FD148D6E2D868D9D0D846
:109DE0004FD8D0D8D1DA7DDEDEE3B5EA45F27DF991
:109DF00073FFF2038F07120BCD0E5612F2143516B5
:109E00005A163116A7167E18021C0521CF26562C8D
:109E1000A5305833B4345535BD351A366C36C13695
:109E20005B3775381F3A393CA13E4C412F442247DD
:109E3000CB49C74BCA4CA34C414BBD487B4537422D
:109E4000BA3F793E6A3E213F2F4040411942664267
:109E5000C8410640433DE6395436BF32232F722BAA
:109E60009B276E23B51E4A1962138E0D6A081D04C6
:109E70003A0007FCFDF618F1C5EA95E4EFDE00DADA
:109E8000BAD5D7D1EACD87C98DC43FBF25BAC2B5EF
:109E90004CB2A3AF71AD63AB55A95EA7C8A5E3A44F
:109EA000B8A4C7A41FA4DDA1BD9D629819932F8FEC
:109EB000738D198ED9901D950D9ACA9ECEA249A672
:109EC00021AA3FAFC8B5BFBC9CC254C615C820C9A3
:109ED000F3CA73CE92D39AD9A2DF03E570E90FEDEE
:109EE00064F0EFF3CCF7E2FB7000000070008C052B
:109EF000EA0AD00FB013D316F1199B1DE0215B269F
:109F00006B2A802D772FA4307C314F326033FE34A2
:109F1000A737DA3BE9418A49CD516C59625F5E63EC
:109F2000D06599679269196C066FF0717E74A2769C
:109F30008978617A277CA67DB77E637FD87FFE7F94
:109F4000367F457CDB75656BA85DB54E22411137C8
:109F50006A31B82F97306E32FD338534C333C43144
:109F6000BE2EFA2ABC262522061DE6162F0FA105B5
:109F7000BBFAC8EF7FE636E024DD52DC2ADC4FDB9B
:109F80003CD925D689D2A1CE58CA98C5A6C027BC2F
:109F9000D7B82EB72BB75FB810BA6DBBA9BB1FBA25
:109FA0007FB6F5B02BAA47A3B39DB79A009B5B9EE3
:109FB000D7A33EAABBB015B765BD91C312C937CDB3
:109FC0009CCF61D0EFCF90CE45CCF6C8E4C4E7C0BB
:109FD00027BEACBDFBBFD1C422CB6FD148D6E2D8DF
:109FE00068D9D0D84FD8D0D8D1DA7DDEDEE3B5EA53
:109FF00045F27DF973FFF2038F07120BCD0E561257
:10A00000F21435165A163116A7167E18021C0521B1
:10A01000CF26562CA5305833B4345535BD351A36B5
:10A020006C36C1365B3775381F3A393CA13E4C411E
:10A030002F442247CB49C74BCA4CA34C414BBD4888
:10A040007B453742BA3F793E6A3E213F2F4040412F
:10A0500019426642C8410640433DE6395436BF3294
:10A06000232F722B9B276E23B51E4A1962138E0D68
:10A070006A081D043A0007FCFDF618F1C5EA95E4EC
:10A08000EFDE00DABAD5D7D1EACD87C98DC43FBF9C
:10A0900025BAC2B54CB2A3AF71AD63AB55A95EA7EB
:10A0A000C8A5E3A4B8A4C7A41FA4DDA1BD9D629860
:10A0B00019932F8F738D198ED9901D950D9ACA9E65
:10A0C000CEA249A621AA3FAFC8B5BFBC9CC254C608
:10A0D00015C820C9F3CA73CE92D39AD9A2DF03E57B
:10A0E00070E90FED64F0EFF3CCF7E2FB70000000D5
:10A0F00070008C05EA0AD00FB013D316F1199B1D1E
:10A10000E0215B266B2A802D772FA4307C314F32E3
:10A110006033FE34A737DA3BE9418A49CD516C59A7
:10A12000625F5E63D06599679269196C066FF07122
:10A130007E74A2768978617A277CA67DB77E637F5C
:10A14000D87FFE7F367F457CDB75656BA85DB54E9D
:10A15000224111376A31B82F97306E32FD33853482
:10A16000C333C431BE2EFA2ABC262522061DE616AC
:10A170002F0FA105BBFAC8EF7FE636E024DD52DCE5
:10A180002ADC4FDB3CD925D689D2A1CE58CA98C546
:10A19000A6C027BCD7B82EB72BB75FB810BA6DBB17
:10A1A000A9BB1FBA7FB6F5B02BAA47A3B39DB79A38
:10A1B000009B5B9ED7A33EAABBB015B765BD91C3FC
:10A1C00012C937CD9CCF61D0EFCF90CE45CCF6C829
:10A1D000E4C4E7C027BEACBDFBBFD1C422CB6FD166
:10A1E00048D6E2D868D9D0D84FD8D0D8D1DA7DDED9
:10A1F000DEE3B5EA45F27DF973FFF2038F07120B38
:10A20000CD0E5612F21435165A163116A7167E18B0
:10A21000021C0521CF26562CA5305833B4345535B1
:10A22000BD351A366C36C1365B3775381F3A393C46
:10A23000A13E4C412F442247CB49C74BCA4CA34CAB
:10A24000414BBD487B453742BA3F793E6A3E213F8C
:10A250002F40404119426642C8410640433DE6391D
:10A260005436BF32232F722B9B276E23B51E4A19FB
:10A2700062138E0D6A081D043A0007FCFDF618F102
:10A28000C5EA95E4EFDE00DABAD5D7D1EACD87C9C1
:10A290008DC43FBF25BAC2B54CB2A3AF71AD63AB9D
:10A2A00055A95EA7C8A5E3A4B8A4C7A41FA4DDA1AF
:10A2B000BD9D629819932F8F738D198ED9901D951E
:10A2C0000D9ACA9ECEA249A621AA3FAFC8B5BFBC6F
:10A2D0009CC254C615C820C9F3CA73CE92D39AD96A
:10A2E000A2DF03E570E90FED64F0EFF3CCF7E2FBDA
:10A2F0007000000070008C05EA0AD00FB013D3166E
:10A30000F1199B1DE0215B266B2A802D772FA4304D
:10A310007C314F326033FE34A737DA3BE9418A495A
:10A32000CD516C59625F5E63D06599679269196C13
:10A33000066FF0717E74A2768978617A277CA67D9B
:10A34000B77E637FD87FFE7F367F457CDB75656B8C
:10A35000A85DB54E224111376A31B82F97306E3261
:10A36000FD338534C333C431BE2EFA2ABC262522E0
:10A37000061DE6162F0FA105BBFAC8EF7FE636E0F3
:10A3800024DD52DC2ADC4FDB3CD925D689D2A1CE94
:10A3900058CA98C5A6C027BCD7B82EB72BB75FB888
:10A3A00010BA6DBBA9BB1FBA7FB6F5B02BAA47A3E5
:10A3B000B39DB79A009B5B9ED7A33EAABBB015B7CF
:10A3C00065BD91C312C937CD9CCF61D0EFCF90CE80
:10A3D00045CCF6C8E4C4E7C027BEACBDFBBFD1C4C2
:10A3E00022CB6FD148D6E2D868D9D0D84FD8D0D8B0
:10A3F000D1DA7DDEDEE3B5EA45F27DF973FFF203E3
:10A400008F07120BCD0E5612F21435165A1631164E
:10A41000A7167E18021C0521CF26562CA5305833CE
:10A42000B4345535BD351A366C36C1365B377538A0
:10A430001F3A393CA13E4C412F442247CB49C74BE0
:10A44000CA4CA34C414BBD487B453742BA3F793E8D
:10A450006A3E213F2F40404119426642C8410640B2
:10A46000433DE6395436BF32232F722B9B276E2390
:10A47000B51E4A1962138E0D6A081D043A0007FCC6
:10A48000FDF618F1C5EA95E4EFDE00DABAD5D7D1CA
:10A49000EACD87C98DC43FBF25BAC2B54CB2A3AFC0
:10A4A00071AD63AB55A95EA7C8A5E3A4B8A4C7A4C2
:10A4B0001FA4DDA1BD9D629819932F8F738D198EF6
:10A4C000D9901D950D9ACA9ECEA249A621AA3FAF4A
:10A4D000C8B5BFBC9CC254C615C820C9F3CA73CE48
:10A4E00092D39AD9A2DF03E570E90FED64F0EFF3A0
:10A4F000CCF7E2FB7000000070008C05EA0AD00F78
:10A50000B013D316F1199B1DE0215B266B2A802D19
:10A51000772FA4307C314F326033FE34A737DA3BDB
:10A52000E9418A49CD516C59625F5E63D065996794
:10A530009269196C066FF0717E74A2768978617ADF
:10A54000277CA67DB77E637FD87FFE7F367F457CE4
:10A55000DB75656BA85DB54E224111376A31B82FA6
:10A5600097306E32FD338534C333C431BE2EFA2AA0
:10A57000BC262522061DE6162F0FA105BBFAC8EF43
:10A580007FE636E024DD52DC2ADC4FDB3CD925D6E1
:10A5900089D2A1CE58CA98C5A6C027BCD7B82EB7B5
:10A5A0002BB75FB810BA6DBBA9BB1FBA7FB6F5B0A9
:10A5B0002BAA47A3B39DB79A009B5B9ED7A33EAA45
:10A5C000BBB015B765BD91C312C937CD9CCF61D063
:10A5D000EFCF90CE45CCF6C8E4C4E7C027BEACBDF3
:10A5E000FBBFD1C422CB6FD148D6E2D868D9D0D82E
:10A5F0004FD8D0D8D1DA7DDEDEE3B5EA45F27DF979
:10A6000073FFF2038F07120BCD0E5612F21435169C
:10A610005A163116A7167E18021C0521CF26562C75
:10A62000A5305833B4345535BD351A366C36C1367D
:10A630005B3775381F3A393CA13E4C412F442247C5
:10A64000CB49C74BCA4CA34C414BBD487B45374215
:10A65000BA3F793E6A3E213F2F404041194266424F
:10A66000C8410640433DE6395436BF32232F722B92
:10A670009B276E23B51E4A1962138E0D6A081D04AE
:10A680003A0007FCFDF618F1C5EA95E4EFDE00DAC2
:10A69000BAD5D7D1EACD87C98DC43FBF25BAC2B5D7
:10A6A0004CB2A3AF71AD63AB55A95EA7C8A5E3A437
:10A6B000B8A4C7A41FA4DDA1BD9D629819932F8FD4
:10A6C000738D198ED9901D950D9ACA9ECEA249A65A
:10A6D00021AA3FAFC8B5BFBC9CC254C615C820C98B
:10A6E000F3CA73CE92D39AD9A2DF03E570E90FEDD6
:10A6F00064F0EFF3CCF7E2FB70000000010101FF12
:10A70000FF0000000001020302000000015AB40231
:10A710000000020000000000016EB4020000000012
:10A7200000000000B106577883633D6FE266CE6C8F
:10A730008468436C5369626BA669706A9E6962693A
:10A74000EB697E644037C00843EEB0DA2CD562D2A4
:10A7500037DC8FE620FD4B10B62D2C42D660CB6542
:10A760008F6B3A63456F9A18C0895E8CC2896C8B77
:10A77000D68AE38A098BC68AF08B598B198DF98B9F
:10A78000738E738BBFACF3EAD91DCD4EB96AC36922
:10A790003D6ABB69EE69AE69BE697F697F694569DB
:10A7A0004E690369EE6869682A685667C367566729
:10A7B000E84CDA241812A6022C039C03A3120A1FE9
:10A7C0005D38B74A1E67E861DA6D4A4213974885DB
:10A7D0003A8B4E87CF8A5287018A22871B8AB88795
:10A7E000A98A81887B8BDD885BA878DA31FFC31763
:10A7F00058215423921B921076FD2DE9BDCE6DB6E3
:10A80000BA9AE78BF88B988BC98D23A91E3EB77334
:10A810007E64826D9766176CBE67A46BE467DD6A21
:10A82000C867EC69276737697D66BD690559DF31FF
:10A830005F1845081802FF0159093415F226723ACB
:10A840008751D564F067CE665B67A7661267766648
:10A850007866D865CC65606553650865F264C66442
:10A86000A0648E64696452640C64ED639E638763C4
:10A8700043631E63DF62AB6280623A621962BE614B
:10A88000A1611861DF6024604560CE5F515F305C7C
:10A89000775A0358F8568B54D852494F7D4B1D4573
:10A8A000D33CC22E7517FCE9839701805C8200803F
:10A8B000A6810080568106801D813D806781C08011
:10A8C000D18140815E829181DF82E880E28D2EA776
:10A8D0009EB475B990B46FA9C597AE85F48209840A
:10A8E000B18362840B84C68466844D85D384D1850C
:10A8F00053858486D6851787398679878886CC875D
:10A900001787248956888489D688CC898989FE89C5
:10A91000488A0B8A318BE089968C1A8AA78E9E888A
:10A920003D92D681B1060000B106577883633D6F32
:10A93000E266CE6C8468436C5369626BA669706A88
:10A940009E696269EB697E644037C00843EEB0DA05
:10A950002CD562D237DC8FE620FD4B10B62D2C4271
:10A96000D660CB658F6B3A63456F9A18C0895E8C51
:10A97000C2896C8BD68AE38A098BC68AF08B598B85
:10A98000198DF98B738E738BBFACF3EAD91DCD4E45
:10A99000B96AC3693D6ABB69EE69AE69BE697F6920
:10A9A0007F6945694E690369EE6869682A68566778
:10A9B000C3675667E84CDA241812A6022C039C03DE
:10A9C000A3120A1F5D38B74A1E67E861DA6D4A4272
:10A9D000139748853A8B4E87CF8A5287018A228700
:10A9E0001B8AB887A98A81887B8BDD885BA878DA87
:10A9F00031FFC31758215423921B921076FD2DE985
:10AA0000BDCE6DB6BA9AE78BF88B988BC98D23A90A
:10AA10001E3EB7737E64826D9766176CBE67A46B2B
:10AA2000E467DD6AC867EC69276737697D66BD69D9
:10AA30000559DF315F1845081802FF01590934151F
:10AA4000F226723A8751D564F067CE665B67A766D7
:10AA5000126776667866D865CC656065536508656B
:10AA6000F264C664A0648E64696452640C64ED632D
:10AA70009E63876343631E63DF62AB6280623A62F8
:10AA80001962BE61A1611861DF6024604560CE5F1C
:10AA9000515F305C775A0358F8568B54D852494F5F
:10AAA0007D4B1D45D33CC22E7517FCE98397018071
:10AAB0005C820080A6810080568106801D813D80D9
:10AAC0006781C080D18140815E829181DF82E88090
:10AAD000E28D2EA79EB475B990B46FA9C597AE85C7
:10AAE000F4820984B18362840B84C68466844D85B4
:10AAF000D384D18553858486D6851787398679870F
:10AB00008886CC871787248956888489D688CC89FB
:10AB10008989FE89488A0B8A318BE089968C1A8A4A
:10AB2000A78E9E883D92D681B1060000B106577867
:10AB300083633D6FE266CE6C8468436C5369626BDD
:10AB4000A669706A9E696269EB697E644037C008D5
:10AB500043EEB0DA2CD562D237DC8FE620FD4B1005
:10AB6000B62D2C42D660CB658F6B3A63456F9A1831
:10AB7000C0895E8CC2896C8BD68AE38A098BC68AAF
:10AB8000F08B598B198DF98B738E738BBFACF3EAF5
:10AB9000D91DCD4EB96AC3693D6ABB69EE69AE691C
:10ABA000BE697F697F6945694E690369EE686968B6
:10ABB0002A685667C3675667E84CDA241812A6025B
:10ABC0002C039C03A3120A1F5D38B74A1E67E86175
:10ABD000DA6D4A42139748853A8B4E87CF8A52875F
:10ABE000018A22871B8AB887A98A81887B8BDD88A6
:10ABF0005BA878DA31FFC31758215423921B9210B7
:10AC000076FD2DE9BDCE6DB6BA9AE78BF88B988BA1
:10AC1000C98D23A91E3EB7737E64826D9766176C3B
:10AC2000BE67A46BE467DD6AC867EC6927673769AC
:10AC30007D66BD690559DF315F1845081802FF01BF
:10AC400059093415F226723A8751D564F067CE66F9
:10AC50005B67A766126776667866D865CC656065BF
:10AC600053650865F264C664A0648E6469645264C6
:10AC70000C64ED639E63876343631E63DF62AB62B4
:10AC800080623A621962BE61A1611861DF6024606E
:10AC90004560CE5F515F305C775A0358F8568B544D
:10ACA000D852494F7D4B1D45D33CC22E7517FCE948
:10ACB000839701805C820080A68100805681068097
:10ACC0001D813D806781C080D18140815E829181FC
:10ACD000DF82E880E28D2EA79EB475B990B46FA98B
:10ACE000C597AE85F4820984B18362840B84C684DF
:10ACF00066844D85D384D18553858486D685178710
:10AD0000398679878886CC871787248956888489ED
:10AD1000D688CC898989FE89488A0B8A318BE0895B
:10AD2000968C1A8AA78E9E883D92D681B106000025
:10AD30000000000002000000040000000600000007
:10AD400007000000090000000B0000000C000000DC
:10AD50000E000000100000000000000002000000D3
:10AD600004000000050000000700000009000000CA
:10AD70000A0000000C0000000E000000100000009F
:10AD800000000000020000000400000007000000B6
:10AD90000B0000000C0000000E000000100000007E
:10ADA0001300000017000000000000000200000077
:10ADB00005000000070000000A0000000C00000071
:10ADC0000E0000001100000013000000160000003B
:10ADD0000000000002000000040000000500000068
:10ADE00007000000090000000B0000000C0000003C
:10ADF0000E00000010000000000000000200000033
:10AE00000400000007000000090000000C00000022
:10AE10000E000000100000001300000015000000EC
:10AE20000000000003000000050000000700000013
:10AE30000A0000000C0000000F00000011000000DC
:10AE400013000000160000000000000002000000D7
:10AE500003000000050000000700000009000000DA
:10AE60000A0000000C0000000E0000000F000000AF
:10AE700000000000040000000500000007000000C2
:10AE80000B0000000C00000010000000110000008A
:10AE90001300000017000000000000000200000086
:10AEA0000400000006000000070000000900000088
:10AEB0000B0000000C0000000E000000100000005D
:10AEC0000000000002000000040000000500000077
:10AED00007000000090000000A0000000C0000004C
:10AEE0000E00000010000000000000000200000042
:10AEF00004000000070000000B0000000C00000030
:10AF00000E000000100000001300000017000000F9
:10AF10000000000002000000050000000700000023
:10AF20000A0000000C0000000E00000011000000EC
:10AF300013000000160000000000000002000000E6
:10AF400004000000050000000700000009000000E8
:10AF50000B0000000C0000000E00000010000000BC
:10AF600000000000020000000400000007000000D4
:10AF7000090000000C0000000E000000100000009E
:10AF80001300000015000000000000000300000096
:10AF900005000000070000000A0000000C0000008F
:10AFA0000F00000011000000130000001600000058
:10AFB0000000000002000000030000000500000087
:10AFC00007000000090000000A0000000C0000005B
:10AFD0000E0000000F000000000000000400000050
:10AFE00005000000070000000B0000000C0000003E
:10AFF0001000000011000000130000001700000006
:10B00000016E4600000001553C00000000000000F9
:10B010000000015A3C000000016946000000015593
:10B020003C000000000000000000015A3C0000004D
:10B030000164BE02000002000002000002000002E3
:10B040000000020000020000013C3C020000000081
:10B050000000000001643C035A3C01643C00000015
:10B0600001643C035A3C01643C00000000040700FA
:10B0700000040800030003070000030800030002A7
:10B080000700000208000300050700000508000390
:10B0900000050A0000050A00030003070E0004086B
:10B0A0000E040004070B0004080B040003070A0049
:10B0B00003080A040004070900040809040000004A
:10B0C00028C800202CC8002030C8002038C8002024
:10B0D00040C8002048C8002050C8002058C80020A0
:10B0E00060C80020000102050008060202030405F2
:10B0F000010704002E434F001C343C0064C80020AC
:10B1000068C8002054B600206CC8002070C8002019
:10B1100074C8002078C800207CC8002080C80020A7
:10B1200084C8002088C80020F0C800200001020365
:10B1300004000001000000000607050505050607DC
:10B14000080000003F00000001644600000000000D
:10B150000001553C0000000000000000000000005D
:10B1600001553C00000000000001643C01643C000B
:10B1700000000000000000000000000000000000CF
:10B1800000000000000000000000000000000000BF
:10B1900000000000000000000000000000000000AF
:10B1A000000000000000000000000000000000009F
:10B1B000000000000000000000000000000000008F
:10B1C000000000000000000000000000000000007F
:10B1D000000000000000000000000000000000006F
:10B1E000000000000000000000000000000000005F
:10B1F000000000000000000000000000000000004F
:10B20000000000000000000000000000000000003E
:10B21000000000000000000000000000000000002E
:10B22000000000000000000000000000000000001E
:10B23000000000000000000000000000000000000E
:10B2400000000000000000000000000000000000FE
:10B2500000000000000000000000000000000000EE
:10B2600000000000000000000000000000000000DE
:10B270000000000000000000000000005B4C445291
:10B280005D204348414F532074726967676572655A
:10B2900064206174206272696768746E6573733AC2
:10B2A000200000005B4C44525D204348414F532036
:10B2B0006578697465642061742062726967687476
:10B2C0006E6573733A200000000102030507080948
:10B2D0000807060402020304050607080102030426
:10B2E00005060708090A0B0C0100000000010D0209
:10B2F0000D0C0D030D0B0D0E040E0F0A0F10051093
:10B3000011091106111208121307000003000000B2
:10B31000073000000E2000001C60000038C0010053
:10B3200070000300E0000E00C001080080030C0064
:10B3300000070600008E030000FC00000238000039
:10B340000E78000018E8000010CC010030840300E3
:10B350006006070040030E00C0010C000104030456
:10B360000504050304040505030605050506050493
:10B37000000402050305070605060805090506047D
:10B3800001030403000102030405060708090A0B70
:10B390000C0D0E0F1011121304060307020701080B
:10B3A00001090009130A130B120B110C110D100ED9
:10B3B00003020800870300008E000000DC0000008C
:10B3C0007800000070000000F8000000CE010000CE
:10B3D0008203000003070800000E0800001C0E0096
:10B3E000003802000070030000E0010000C001000E
:10B3F00000E003000038070000080E00010E0C00FA
:10B400000305030403020405030503050304030203
:10B4100004050305080000001000000014000000EF
:10B42000180000001C000000426C6F73736F6D20E9
:10B430007061746368205B005D200000426C6F7374
:10B44000736F6D20616D70733A20776176653D3062
:10B450002E352064633D302E33352073746167656B
:10B460005F6761696E3D0000526573740000000003
:10B4700046696C6C00000000040002030508060920
:10B480000707050403010000000102030405060785
:10B4900008090A0B0C0D0000000100020003000463
:10B4A00000050006000700080009000A000B000C58
:10B4B000000D0000FF3F0000070000000F0000002B
:10B4C0001D0000003900000071000000E1000000D4
:10B4D000C10100008103000001070000010E00000F
:10B4E000011C000001380000013000000D020303C0
:10B4F0000303030303030303030200000001020527
:10B500000408050906070305020100000001020303
:10B510000405060708090A0B0C0D0E0003010401BF
:10B5200005000600070E080E090D0A0D0B000000AD
:10B53000E34000003F0000000E0000001E0000007D
:10B540003A00000073000000E1000000C14100006B
:10B550008043000000670000002E0000003C000057
:10B5600000380000007E0000816300000505020332
:10B570000304030403040303020505006E616E0067
:10B58000696E66006F7666008136020085360200BD
:10B59000893602008D360200424144004F4B0000C4
:10B5A00043484F52443A2067656E3D002062656112
:10B5B00074733D0020726F6F743D000020713D0078
:10B5C00020746F6E65733D5B000000005D20746544
:10B5D0006E73696F6E3D0000206C6561643D000014
:10B5E0002C000000487A290020494E3D0000000050
:10B5F0002063726F73733D0020636C6173683D005C
:10B60000564F494345533A20626173733D00000031
:10B610002068323D000000002068313D000000003D
:10B6200000000000000000003517020000000000CC
:10B6300000000000AD4C020000000000000000000F
:10B640000000000000000000AD4C0200AD4C020004
:10B65000AD4C0200AD4C0200AD4C020000000000F9
:10B660000000000099040100C9050100C1010100AA
:10B67000F9010100310201006902010071020100BB
:10B680000000000000000000110501003905010064
:10B69000E50301001D0401005504010089040100B7
:10B6A000910401000000000000000000E904010016
:10B6B0006905010079020100AD020100E502010007
:10B6C0001D03010025030100000000000000000030
:10B6D000691902000000000000000000E1590200AA
:10B6E0000000000000000000C104010099050100F5
:10B6F0002D030100650301009D030100D503010036
:10B70000DD03010000000000000000005D060200F3
:10B71000000000000000000069380200196002000B
:10B7200015600200116002000D6002000960020055
:10B73000056002000160020000000000000000003F
:10B74000690000000000000000000000F1C10000DE
:10B750000000000000000000DD23020000000000E7
:10B7600000000000250802000000000000000000AA
:10B77000D10A02000000000000000000B9C400006F
:10B7800000000000000000003D1402000000000066
:10B7900000000000A1040200350202009905020029
:10B7A00039020200D1040200000000000000000085
:10B7B000612E02000000000000000000151E0200C3
:10B7C0000000000000000000DD1B0200000000007F
:10B7D00000000000F91F020000000000000000004F
:10B7E0002D1D020000000000000000003D160200B8
:10B7F0000000000000000000E5270200000000003B
:10B800000000000029300200393002000000000072
:10B8100000000000A1710200CD7102006538020035
:10B820009D7102005971020065710200857102006C
:10B8300018CA002024CA002030CA00203CCA0020B8
:10B840004CCA002050CA0020C9310200CD3102008C
:10B85000D5310200DD3102002C2066756E637469FB
:10B860006F6E3A2000000000617373657274696F37
:10B870006E2022257322206661696C65643A206619
:10B88000696C6520222573222C206C696E65202549
:10B8900064257325730A0000A2000000F9A20000CD
:10B8A00083F9A2006E83F9A24E6E83F9444E6E8333
:10B8B00015444E6E2915444EFC29154427FC2915C4
:10B8C0005727FC29D15727FCF5D1572734F5D157F5
:10B8D000DD34F5D1C0DD34F5DBC0DD3462DBC0DD45
:10B8E0009562DBC0999562DB3C999562433C9995E2
:10B8F00090433C994190433C42616C6C6F63207370
:10B900007563636565646564000000002F566F6CA5
:10B91000756D65732F646174612F6A656E6B696EF6
:10B92000732F776F726B73706163652F474E552D60
:10B93000746F6F6C636861696E2F61726D2D313148
:10B940002F7372632F6E65776C69622D63796777E9
:10B95000696E2F6E65776C69622F6C6962632F73F5
:10B9600074646C69622F6D707265632E63000000F1
:10B9700000202020202020202020282828282820BF
:10B9800020202020202020202020202020202020B7
:10B99000208810101010101010101010101010101F
:10B9A000100404040404040404040410101010100F
:10B9B00010104141414141410101010101010101D9
:10B9C000010101010101010101010101101010102B
:10B9D00010104242424242420202020202020202AB
:10B9E00002020202020202020202020210101010FF
:10B9F0002000000000000000000000000000000027
:10BA00000000000000000000000000000000000036
:10BA10000000000000000000000000000000000026
:10BA20000000000000000000000000000000000016
:10BA30000000000000000000000000000000000006
:10BA400000000000000000000000000000000000F6
:10BA500000000000000000000000000000000000E6
:10BA600000000000000000000000000000000000D6
:10BA700000000000496E66696E697479000000007C
:10BA80004E614E002F566F6C756D65732F64617437
:10BA9000612F6A656E6B696E732F776F726B73704F
:10BAA0006163652F474E552D746F6F6C63686169D4
:10BAB0006E2F61726D2D31312F7372632F6E65772A
:10BAC0006C69622D63796777696E2F6E65776C6933
:10BAD000622F6C6962632F7374646C69622F647483
:10BAE0006F612E6300000000494E46004E414E003B
:10BAF00030313233343536373839616263646566E4
:10BB000000000000303132333435363738394142A5
:10BB10004344454600000000286E756C6C29000007
:10BB20003000000020202020202020202020202065
:10BB30002020202020202020202020202020202005
:10BB40002020202000000042C8801F40B8821F40F3
:10BB50000800000000000042C4801F40B4821F4063
:10BB60000400000000C0004224801F4014821F40D7
:10BB70001000000000C0004228801F4018821F40B3
:10BB80002000000000C000422C801F401C821F408B
:10BB90004000000000C0004234801F4024821F404B
:10BBA000000100000040004264811F4054831F4098
:10BBB000000400000040004280811F4070831F404D
:10BBC00000000200004000427C811F406C831F4047
:10BBD000000001000040004268811F4058831F4060
:10BBE00000080000004000423C811F402C831F40A1
:10BBF000010000000040004244811F4034831F4088
:10BC0000040000000040004240811F4030831F407C
:10BC1000020000000040004248811F4038831F405E
:10BC2000080000000000004204811F40F4821F4011
:10BC3000000004000000004208811F40F8821F40FD
:10BC4000000008000000004218811F4008831F40C8
:10BC5000000080000000004214811F4004831F4048
:10BC6000000040000000004200811F40F0821F40A1
:10BC70000000020000000042FC801F40EC821F40D8
:10BC8000000001000000004224811F4014831F4077
:10BC9000000000040000004228811F4018831F405C
:10BCA00000000008000000421C811F400C831F4060
:10BCB000000000010000004220811F4010831F404F
:10BCC0000000000200000042EC801F40DC821F40A8
:10BCD0000010000000000042F0801F40E0821F4082
:10BCE000002000000000004234811F4024831F40D8
:10BCF000000000400000004238811F4028831F40A0
:10BD0000000000800080004294801F4084821F4019
:10BD10000000040000C0004290801F4080821F404D
:10BD20000000008000800042A8801F4098821F40D1
:10BD30000000800000800042A4801F4094821F40C9
:10BD400000004000004000426C811F405C831F40A7
:10BD50000010000000C0004230801F4020821F40C1
:10BD60008000000000800042C8811F40B8831F404F
:10BD70000080000000800042C4811F40B4831F4047
:10BD80000040000000800042C0811F40B0831F407F
:10BD90000020000000800042BC811F40AC831F4097
:10BDA0000010000000800042D0811F40C0831F406F
:10BDB0000000020000800042CC811F40BC831F4075
:10BDC00000000100000209080103070D05040A0E26
:10BDD0000C060B0F509C00201000000094CB00209C
:10BDE000A036002010000000A4CB0020382F002037
:10BDF00008000000B0CB0020D8760020080000002A
:10BE0000B8CB0020F07600200C000000C4CB00204E
:10BE1000A49C002008000000D0CB0020D0360020D9
:10BE200010000000E0CB0020503700201000000080
:10BE3000ECCB00205C93002008000000F8CB002031
:10BE4000B09D00200800000004CC00202037002016
:10BE5000080000000CCC0020989D00200700000086
:10BE600018CC0020383700200800000020CC00202B
:10BE70003C3600200C0000002CCC0020B4760020C2
:10BE80000C00000034CC0020809C00200C0000003E
:10BE900040CC002028B500200000803F0000803FFB
:10BEA0000000803F0000803F0000803F0000803F96
:10BEB0000000803F0000803F0000803F0E005500E2
:10BEC00030B500200000803F0000003F0000803FB0
:10BED0000000803F0000803F0000803F0000803F66
:10BEE0000000803F0000803F0800000040B50020B7
:10BEF0000000803F0000803F0000000000000000C4
:10BF00000000803F0000803F0000803F0000803F35
:10BF10000000803F0600000050B500200000803F78
:10BF20000000803F0000803F0000803F00000000D4
:10BF30000000803F0000803F0000803F0000803F05
:10BF40000800000058B500200000803F0000803F3E
:10BF50000000803F0000803F0000003F0000803F65
:10BF60000000803F0000803F0000803F080000008C
:10BF700068B500200000803F0000803F0000003FC7
:10BF80000000003F0000803F0000803F0000803F35
:10BF90000000803F0000803F0800000080B50020C6
:10BFA0000000803F3333B33E00000000000000007B
:10BFB0000000803F000000003333B33E0000803FAC
:10BFC0003333B33E050000008CB500203333333FDC
:10BFD0000000803F00000000000000003333B33E4B
:10BFE000000000000000803F0000803F0000803F14
:10BFF000050000009CB500203333333F9A99193F68
:10C000006666E63E6666E63E9A99193F00000000C5
:10C01000CDCCCC3E0000803FCDCCCC3E0600000015
:10C02000A4B500209A99193FCDCCCC3E0000803FAA
:10C03000CDCC4C3ECDCCCC3ECDCCCC3ECDCCCC3EF4
:10C040000000803FCDCCCC3E041E0000B8B50020DF
:10C050000000803F0000803F0000803F0000803FE4
:10C060000000803F0000803F0000803F0000803FD4
:10C070000000803F0A465500100000000300000049
:10C080000400000005000000554E4B4E4F574E0077
:10C090003D3D3D3D3D3D3D3D3D3D20424C4F53539B
:10C0A0004F4D20444941474E4F5354494320484542
:10C0B00041444552203D3D3D3D3D3D3D3D3D3D00E2
:10C0C00025732F25730000005B52414E445D200014
:10C0D000207C52414E444F4D207C000020637572FD
:10C0E000723D000020667265713D00005B4E4F544A
:10C0F000455D2000207365713D00000020703D000B
:10C10000206E6578743D00000500000019000000F5
:10C110007D00000007080C0B06050F000D0E010244
:10C12000838407080C0B06050F000D0E01028384A3
:10C130000101000401000004013201010132020189
:10C1400001100101011101010112010201030206A6
:10C1500001030106011202020200000102020001B5
:10C16000020100010210000102220001022300016D
:10C170000000000000000000022100010220000178
:10C180000000000000000000013001010131010148
:10C190000102000401030004000000000000000090
:10C1A0000121020101210101000000000000000046
:10C1B0000000000001100201010102010101010162
:10C1C000010002010100010101020201010201015D
:10C1D000000092012403B6044806D9076B09FB0A44
:10C1E0008C0C1C0EAB0F3A11C8125514E2156E17C9
:10C1F000F918831A0C1C931D1A1F9F202422A723B1
:10C200002825A8262728A4291F2B992C112E872FF3
:10C21000FC306E32DF334E35BA3625388D39F33A7D
:10C22000573CB83D173F7440CE4126437B44CD4533
:10C230001D476A48B449FB4A404C814DC04EFB4FF4
:10C24000345169529B53CA54F6551E57435864598A
:10C25000825A9D5BB45CC85DD75EE45FEC60F161BF
:10C26000F262EF63E964DE65D066BD67A7688C693A
:10C270006E6A4B6B246CF96CCA6D976E5F6F23709E
:10C28000E3709E7155720873B67360740575A67578
:10C290004276D9766C77FB7785780A798A79067A3F
:10C2A0007D7AEF7A5D7BC67B2A7C897CE47C3A7D53
:10C2B0008A7DD67D1E7E607E9D7ED67E0A7F387FFB
:10C2C000627F877FA77FC27FD97FEA7FF67FFE7F6D
:10C2D000FF7FFE7FF67FEA7FD97FC27FA77F877FC0
:10C2E000627F387F0A7FD67E9D7E607E1E7ED67DF1
:10C2F0008A7D3A7DE47C897C2A7CC67B5D7BEF7AF3
:10C300007D7A067A8A790A798578FB776C77D9768F
:10C310004276A67505756074B673087355729E7182
:10C32000E37023705F6F976ECA6DF96C246C4B6B72
:10C330006E6A8C69A768BD67D066DE65E964EF63E5
:10C34000F262F161EC60E45FD75EC85DB45C9D5B56
:10C35000825A645943581E57F655CA549B53695222
:10C360003451FB4FC04E814D404CFB4AB4496A48A2
:10C370001D47CD457B442643CE417440173FB83D11
:10C38000573CF33A8D392538BA364E35DF336E32A5
:10C39000FC30872F112E992C1F2BA4292728A82683
:10C3A0002825A72324229F201A1F931D0C1C831AC3
:10C3B000F9186E17E2155514C8123A11AB0F1C0E7E
:10C3C0008C0CFB0A6B09D9074806B60424039201BA
:10C3D00000006EFEDCFC4AFBB8F927F895F605F57F
:10C3E00074F3E4F155F0C6EE38EDABEB1EEA92E8DB
:10C3F00007E77DE5F4E36DE2E6E061DFDCDD59DCD3
:10C40000D8DA58D9D9D75CD6E1D467D3EFD179D06F
:10C4100004CF92CD21CCB2CA46C9DBC773C60DC5C5
:10C42000A9C348C2E9C08CBF32BEDABC85BB33BAEF
:10C43000E3B896B74CB605B5C0B37FB240B105B00E
:10C44000CCAE97AD65AC36AB0AAAE2A8BDA79CA658
:10C450007EA563A44CA338A229A11CA0149F0F9E03
:10C460000E9D119C179B229A309943985997749668
:10C470009295B594DC93079336926991A190DD8FE4
:10C480001D8F628EAB8DF88C4A8CA08BFB8A5A8AEA
:10C49000BE892789948805887B87F6867686FA8503
:10C4A00083851185A3843A84D68377831C83C682CF
:10C4B00076822A82E281A08163812A81F680C88007
:10C4C0009E80798059803E80278016800A80028075
:10C4D000008002800A80168027803E805980798003
:10C4E0009E80C880F6802A816381A081E2812A82B1
:10C4F0007682C6821C837783D6833A84A38411858F
:10C500008385FA857686F6867B87058894882789D1
:10C51000BE895A8AFB8AA08B4A8CF88CAB8D628EBE
:10C520001D8FDD8FA190699136920793DC93B594AE
:10C5300092957496599743983099229A179B119C1B
:10C540000E9D0F9E149F1CA029A138A24CA363A48A
:10C550007EA59CA6BDA7E2A80AAA36AB65AC97AD9E
:10C56000CCAE05B040B17FB2C0B305B54CB696B7FE
:10C57000E3B833BA85BBDABC32BE8CBFE9C048C26F
:10C58000A9C30DC573C6DBC746C9B2CA21CC92CDBB
:10C5900004CF79D0EFD167D3E1D45CD6D9D758D9BD
:10C5A000D8DA59DCDCDD61DFE6E06DE2F4E37DE55D
:10C5B00007E792E81EEAABEB38EDC6EE55F0E4F182
:10C5C00074F305F595F627F8B8F94AFBDCFC6EFE26
:10C5D0000000000000A019A01AA01BA01CA01EA013
:10C5E00020A022A024A026A027A027A027A025A025
:10C5F00021A01DA017A010A007A0FD9FF29FE69FFD
:10C60000DA9FCD9FC19FB59FA99F9F9F969F8F9FA8
:10C610008B9F899F8A9F8D9F949F9E9FAB9FBA9F60
:10C62000CD9FE19FF79F0FA028A041A05AA071A025
:10C6300087A09BA0ADA0BAA0C4A0CAA0CBA0C7A051
:10C64000BEA0B0A09EA087A06BA04DA02BA007A06D
:10C65000E19FBB9F959F709F4D9F2E9F129FFC9EB9
:10C66000EA9EDF9EDA9EDD9EE69EF69E0D9F2B9F44
:10C670004F9F789FA69FD79F0AA03FA074A0A8A015
:10C68000D9A006A12EA151A16CA17FA18AA18BA145
:10C6900083A172A157A134A108A1D4A09AA05BA044
:10C6A00018A0D39F8D9F489F069FC79E8F9E5E9E1A
:10C6B000369E189E049EFD9D019E129E2F9E589EA2
:10C6C0008C9ECA9E119F609FB49F0CA067A0C1A0C2
:10C6D00018A16BA1B8A1FCA135A263A282A294A269
:10C6E00096A288A26AA23DA200A2B7A160A100A161
:10C6F00096A027A0B39F3F9FCC9E5E9EF79D9A9DDC
:10C70000499D079DD59CB69CAA9CB29CCE9CFF9C43
:10C71000449D9C9D049E7C9E009F8D9F22A0B9A05D
:10C7200050A1E4A16FA2F0A262A3C3A30FA444A4EA
:10C7300060A462A44AA415A4C6A35EA3DDA247A276
:10C740009EA1E5A022A0579F8A9EBF9DFC9C459C70
:10C750009F9B0F9B989A409A089AF399049A3A9A49
:10C76000979A199BBF9B869C6A9D689E7A9F9AA008
:10C77000C3A1ECA211A428A52AA612A7D6A772A825
:10C78000E0A81AA91CA9E4A86FA8BEA7D1A6AAA5CB
:10C790004DA4C0A209A12F9F3D9D3D9B3999409773
:10C7A0005C959D931192C490C58F228FE78E208F48
:10C7B000D98F1A91ED9257955E98049C4BA032A5A3
:10C7C000B4AACEB077B7A7BE52C66DCEE7D6B3DF58
:10C7D000BFE8F9F150FBB004547269616E676C6593
:10C7E0002B53696E65000000456C65637472696364
:10C7F000205069616E6F000048756D616E20566F44
:10C8000069636500466C75746500000053617700CC
:10C810004D6F7270680000005375622053696E6539
:10C82000000000004F637461766520537461636B90
:10C83000000000004669667468204F7267616E00F0
:10C8400046617420446574756E65000043656C6CC8
:10C850006F20506164000000476C61737320426573
:10C860006C6C00004B6172706C7573204775697455
:10C87000617200004372617A79204469616D6F6E64
:10C88000640000005069616E6F000000566F6963BC
:10C8900065000000426173730000000043656C6C2A
:10C8A0006F0000004F7267616E69630053747269B4
:10C8B0006E6773003246314200000000326D46312F
:10C8C0006D42000053706972616C00004261636BDD
:10C8D000747261636B000000416C6C20496E000053
:10C8E000417474656E756174656420426173730090
:10C8F0004E6F204861726D6F6E69657300000000B5
:10C900004E6F205061640000417474656E756174EF
:10C910006564205061640000417474656E756174D3
:10C920006564204861726D6F6E6965730000000078
:10C930004C6561642026205061640000526879745F
:10C94000686D2053656374696F6E00004875736885
:10C9500065640000536F6C6F6973743A20486172AC
:10C960006D6F6E79203100005475747469205065C4
:10C97000616B0000426C6F73736F6D004261737383
:10C98000697374004861726D6F6E79310000000048
:10C990004861726D6F6E7932000000005061640072
:10C9A0005768616C6573000042697264732F44724A
:10C9B000756D730035303D442C2035313D44232CBA
:10C9C0002035323D452C2035333D462C2035343D35
:10C9D00046232C2035353D472C2035363D47232C2A
:10C9E0002035373D412C2035383D41232C20353929
:10C9F0003D422C2036303D432C2036313D43232C04
:10CA00002036323D440000004D757369630000001C
:10CA1000303D4C796469616E2C20313D4D69786FF1
:10CA20006C796469616E2C20323D48616D7361647C
:10CA30006877616E692C20333D4567797074696150
:10CA40006E2C20343D4D616A6F722C20353D4D6156
:10CA50006A6F722050656E7461746F6E69632C200A
:10CA6000363D4D696E6F722050656E7461746F6EE5
:10CA700069632C20373D446F7269616E2C20383D0C
:10CA80005279756B797500004D696C6C69736563DB
:10CA90006F6E6473207065722062656174000000BF
:10CAA000303D4C6561662C20313D52616469616C9A
:10CAB0002C20323D576176652C20333D4D6F756ECD
:10CAC0007461696E00000000303D536B656C6574E5
:10CAD000616C2C20313D52616E646F6D2C20323DB3
:10CAE000436F6E746F757200303D466F727761727E
:10CAF000642C20313D526576657273652C20323D81
:10CB000042726F6B656E2C20333D4A756D702C2020
:10CB1000343D57616C6B324631422C20353D5761B4
:10CB20006C6B326D46316D422C20363D57616C6B1B
:10CB300053706972616C2C20373D57616C6B426198
:10CB4000636B747261636B00303D467265652C20C7
:10CB5000313D5061747465726E00000070617474D0
:10CB600065726E0052687974686D696320706174D3
:10CB70007465726E20696E646578202872687974B5
:10CB8000686D3D312F5061747465726E206F6E6CEC
:10CB900079290000626C6F73736F6D5F736F756ED0
:10CBA00064000000303D5472692B53696E652C207F
:10CBB000313D455069616E6F2C20323D566F69637F
:10CBC000652C20333D466C7574652C20343D5361D3
:10CBD000772C20353D4D4F5250482C20363D537513
:10CBE0006253696E652C20373D4F637453746163E3
:10CBF0006B2C20383D46696674682C20393D4661AF
:10CC000074446574756E652C2031303D43656C6CE1
:10CC10006F5061642C2031313D476C617373426504
:10CC20006C6C2C2031323D4B6172706C75734774A3
:10CC3000722C2031333D4372617A794469616D6FA2
:10CC40006E6400006E6F6973655F6D6F64650000F0
:10CC5000303D42697264204368697270732C2031E0
:10CC60003D4D6963726F2042656174732C20323DC3
:10CC70004F6365616E2057617665732C20333D529A
:10CC80006164696F204275727374732C20343D4F58
:10CC900066662C20353D536F6C61722057696E6457
:10CCA00000000000736F6C61725F72617465000058
:10CCB000536F6C61722057696E64202852616469F9
:10CCC000616C29206576656E742064656E73697485
:10CCD000792C2025206F6620746865204C44522DE5
:10CCE0006465726976656420726174652E203130E6
:10CCF000303D61732064657369676E65642C203212
:10CD000030303D7477696365206173206F667465A8
:10CD10006E2C20303D737765657073206F666620DA
:10CD2000287469636B73206B6565702072756E6E15
:10CD3000696E672900000000736F6C61725F657631
:10CD4000656E7400303D4175746F20284C44522D3F
:10CD50007765696768746564292C20313D54797062
:10CD60006520494949207377656570732C20323DF1
:10CD700057686973746C6572732C20333D466C611F
:10CD80007265732C20343D5469636B73206F6E6C35
:10CD900079000000736F6C61725F7765740000004A
:10CDA000536F6C61722057696E642072657665728C
:10CDB000622073656E642C202520286D6978657269
:10CDC0005768616C65206368322F33292E20556EB9
:10CDD0007365742C20746865204C44522064726919
:10CDE00076657320697420353525206461726B2067
:10CDF000746F203330252062726967687400000008
:10CE0000626C6F73736F6D5F666C616E6765000057
:10CE1000466C616E67657220776574206D69782055
:10CE2000302D313030252E20556E7365742C2065E1
:10CE300061636820426C6F73736F6D2070617463FF
:10CE40006820737570706C69657320697473206FE6
:10CE5000776E2028626C6F73736F6D5F706174639F
:10CE60006865732E6829207363616C65642062793C
:10CE700020746865204C445200000000626C6F739F
:10CE8000736F6D5F6C696D69745F746872657368E8
:10CE9000000000004C696D69746572206365696CFF
:10CEA000696E672C2025206F662066756C6C207378
:10CEB00063616C6520286566666563745F6C696D87
:10CEC000697465722E68292E20436F6D70617265DA
:10CED00020616761696E737420626C6F73736F6D2C
:10CEE0005F6C696D69745F696E20696E20215354AF
:10CEF00041545553202D2074686973206E6F64650A
:10CF0000207065616B73206E656172203135252C50
:10CF1000206E6F7420313030252C20736F20616EAD
:10CF2000797468696E672061626F766520746861E4
:10CF3000742069732061206E6F2D6F702E20313048
:10CF4000303D62797061737365640000626C6F7369
:10CF5000736F6D5F6C696D69745F72656C00000062
:10CF60004C696D697465722072656C6561736520CA
:10CF700074696D652C206D732E20536C6F77206261
:10CF8000792064656661756C74202D206661737408
:10CF90002072656C65617365206F6E207265736FBA
:10CFA0006E616E74207375737461696E2070756D37
:10CFB00070732061756469626C7900006D696372D9
:10CFC0006F5F6B6974000000303D4175746F2028FD
:10CFD000726F6C6C65642070657220726567656E37
:10CFE000292C20313D476C617373202620496365ED
:10CFF0002C20323D5061706572202620436172649E
:10D00000732C20333D576F6F642026204272656178
:10D0100074682C20343D436C6173736963204B69E1
:10D02000742C20353D487962726964004472756DD4
:10D03000730000006D6963726F5F6765737475726A
:10D04000650000004F726E616D656E742064656EE0
:10D050007369747920617320612070657263656EF5
:10D0600074206F6620746865206B69742773206F65
:10D07000776E206F646473202D20737475747465EB
:10D0800072732C20666C616D732C206C61796572F3
:10D09000732C20636C7573746572732C20737765C1
:10D0A0006C6C732E2030203D20706C61696E207393
:10D0B000696E676C6520686974732C20313030208C
:10D0C0003D206B69742064656661756C742C203238
:10D0D0003030203D207477696365206173206F7262
:10D0E0006E616D656E74656400000000626173734B
:10D0F0006973745F736F756E6400000062617373AF
:10D100006973745F6469636500000000303D5472A8
:10D1100069616E676C652B5361772C20313D566FCA
:10D120006963652B455069616E6F2C20323D456CFB
:10D1300065637472696320426173732C20333D43CD
:10D14000656C6C6F2C20343D506C61696E205369A6
:10D150006E652C20353D457468657265616C2050A4
:10D1600061640000626173735F7061747465726EF4
:10D1700000000000426173732072687974686D6901
:10D1800063207061747465726E20696E64657800E6
:10D19000626173735F7061747465726E5F656E61F6
:10D1A000626C656400000000456E61626C6520621F
:10D1B000617373207061747465726E20736571752C
:10D1C000656E63696E670000626173735F64726F9E
:10D1D0006E655F6D6F64650050696E206261737388
:10D1E00020706974636820746F20726F6F7420728E
:10D1F00065676172646C657373206F66207061741B
:10D200007465726E2F63686F726420766F696369EC
:10D210006E67202864726F6E65207375622D6D6F66
:10D22000646529006861726D6F6E79315F736F7527
:10D230006E6400006861726D6F6E79315F6469635E
:10D2400065000000303D507572652053696E652C95
:10D2500020313D53696E652B547269616E676C6550
:10D260002C20323D466C7574652B53696E652C20FD
:10D27000333D507572652053696E652C20343D47EF
:10D280006F6E67004861726D6F6E79006861726DD4
:10D290006F6E79325F736F756E6400006861726DD6
:10D2A0006F6E79325F64696365000000303D5075D0
:10D2B00072652053696E652C20313D547269616E30
:10D2C000676C652B53696E652C20323D466C757416
:10D2D000652B53696E652C20333D50757265205364
:10D2E000696E65006861726D6F6E79315F63686F3A
:10D2F0007275730043686F72757320776574206D63
:10D30000697820302D313030252E204C464F20308A
:10D310002E3139487A202D2064656C69626572610E
:10D3200074656C7920756E657175616C20746F2001
:10D330006861726D6F6E793220736F20746865203A
:10D340007061697220776964656E732072617468B8
:10D350006572207468616E2070756C73696E6720E9
:10D36000696E206C6F636B73746570006861726DB9
:10D370006F6E79325F63686F7275730043686F72A6
:10D38000757320776574206D697820302D313030C9
:10D39000252E204C464F20302E3233487A00000094
:10D3A000737472696E67735F63686F727573000080
:10D3B00043686F72757320776574206D69782030CB
:10D3C0002D31303025206F6E20746865204B6172DE
:10D3D000706C757320737472696E67732E20486564
:10D3E000617264207468726F756768204672656543
:10D3F00076657262206F6E6C79202D20616D70539E
:10D400007472696E677320686173206E6F20647236
:10D4100079207061746800007061645F736F756E6D
:10D4200064000000303D476C6173732C20313D5720
:10D430006F6F6C2C20323D43686F69722C20333D36
:10D44000546170652C20343D4272656174682C20F3
:10D45000353D426F776564007061645F6761696E36
:10D46000000000005374616765206761696E206F7A
:10D47000766572726964652C2025206F662066755A
:10D480006C6C207363616C6520287265706C6163DD
:10D4900065732053544147455F4741494E5F5041B2
:10D4A00044202D2070726573656E63652F6D617306
:10D4B0007465722D666164652F6D75746520737473
:10D4C000696C6C206170706C79206F6E20746F7065
:10D4D000290000007061645F63686F7275730000FB
:10D4E00043686F72757320776574206D697820309A
:10D4F0002D313030252C20626F7468204C2F522043
:10D500006368616E6E656C7320286465636F727208
:10D51000656C617465642062792072617465206E47
:10D520006F74206D6978202D20736565204D6F64C0
:10D5300046783A3A626567696E282929000000003A
:10D540007061645F6272656174680000303D4175AE
:10D55000746F2C20313D506872617365732C2032DA
:10D560003D4172632C20333D436F6E74696E756F5D
:10D570007573000063686F72645F656E67696E65DE
:10D5800000000000303D4F66662C20313D4F6E009C
:10D5900043686F726400000063686F72645F746553
:10D5A0006E73696F6E000000303D54726961647380
:10D5B0002C20313D566F6361622C20323D41646402
:10D5C000203774682F3974682C20333D4D617820E2
:10D5D000636F6C6F75722C20343D4175746F202819
:10D5E0004C4452290000000063686F72645F6265FA
:10D5F00061747300303D4175746F2C20313D3820CB
:10D6000062656174732C20323D313620626561742D
:10D610007300000063686F72645F7175616C697498
:10D6200079000000303D4175746F2C20313D4D6113
:10D630006A2C20323D4D696E2C20333D5375733278
:10D640002C20343D537573342C20353D5175617257
:10D6500074616C2C20363D416464392C20373D4D7B
:10D66000616A372C20383D4D696E372C20393D5387
:10D670006978000062706D004265617473207065A6
:10D6800072206D696E75746520284D7573696361CC
:10D690006C436C6F636B29202D20616C6F6E677318
:10D6A00069646520746865206C65676163792074BE
:10D6B000656D706F3D6D7320706172616D20616288
:10D6C0006F76652E20446576696365206175746F99
:10D6D0002D7069636B732077697468696E20616E61
:10D6E000206F776E65722D61646A75737461626C08
:10D6F000652072616E6765202864656661756C746B
:10D700002034302D3132352C20757020746F203448
:10D71000302D3134302076696120214346475F53F4
:10D7200045542062706D5F6D696E2F62706D5F6D24
:10D730006178293B207468697320534554206361E4
:10D740006E206F76657272696465207061737420F3
:10D75000746861742C20757020746F203136302C01
:10D7600020666F722074657374696E67206F6E6CCB
:10D770007900000062656174735F7065725F626159
:10D780007200000054696D65207369676E6174757D
:10D790007265206E756D657261746F7220286465A4
:10D7A0006E6F6D696E61746F7220666F6C6C6F77EF
:10D7B00073207468652063757272656E74206D6580
:10D7C000746572202D2034206F72203829000000EB
:10D7D0006D6964695F73796E63000000303D417567
:10D7E000746F2C20313D496E7465726E616C2C2013
:10D7F000323D4D6173746572000000006D696469AB
:10D800005F63685F626C6F73736F6D00456E61621A
:10D810006C6520555342204D494449206F75747002
:10D820007574206F6E2074686520426C6F73736F1F
:10D830006D206368616E6E656C20283129000000E0
:10D840006D6964695F63685F626173730000000003
:10D85000456E61626C6520555342204D4944492014
:10D860006F7574707574206F6E20746865204261E6
:10D870007373206368616E6E656C20283229000026
:10D880006D6964695F63685F68310000456E61625D
:10D890006C6520555342204D494449206F75747082
:10D8A0007574206F6E20746865204861726D6F6EAC
:10D8B000792031206368616E6E656C202833290001
:10D8C0006D6964695F63685F68320000456E61621C
:10D8D0006C6520555342204D494449206F75747042
:10D8E0007574206F6E20746865204861726D6F6E6C
:10D8F000792032206368616E6E656C2028342900BF
:10D900006D6964695F63685F70616400456E616240
:10D910006C6520555342204D494449206F75747001
:10D920007574206F6E207468652050616420636890
:10D93000616E6E656C202835290000006D69646990
:10D940005F6D6F64776865656C000000456E6162AD
:10D950006C6520746865204C44522D64726976654C
:10D960006E206D6F6420776865656C2043432028C6
:10D970003129206F6E2074686520426C6F73736F5D
:10D980006D206368616E6E656C000000636F6E648D
:10D990005F656E61626C6500456E61626C652074E6
:10D9A000686520436F6E647563746F7227732062BD
:10D9B000616C616E63652F637565696E67202831E0
:10D9C00029206F72206279706173732069742C2032
:10D9D000616C6C207472696D7320312E3020283098
:10D9E00029000000436F6E647563746F720000005D
:10D9F000636F6E645F73656374696F6E000000002F
:10DA0000466F72636520612073656374696F6E2071
:10DA1000627920312D626173656420696E64657876
:10DA200020696E746F206B53656374696F6E735BEE
:10DA30005D2028636F6E647563746F722E637070FF
:10DA40003A20313D416C6C20496E202E2E20313120
:10DA50003D5475747469205065616B292C206F7278
:10DA6000203020666F72206175746F20776569675A
:10DA7000687465642D64696365207069636B696EA1
:10DA800067000000636F6E645F696E74656E736932
:10DA900074790000466F7263652074686520696E52
:10DAA00074656E736974792061726320617320619B
:10DAB0002070657263656E742C206F722030206652
:10DAC0006F72206175746F2028666F6C6C6F77734E
:10DAD0002070696563652070726F67726573732962
:10DAE00000000000636F6E645F73656374696F6E3E
:10DAF0005F73656300000000466F726365206561B7
:10DB000063682073656374696F6E2773206C656E3C
:10DB100067746820696E207365636F6E64732C2070
:10DB20006F72203020666F72206175746F202873C9
:10DB300063616C6564206F66662074686520726539
:10DB400067656E2077696E646F77290074657374FA
:10DB50005F626C6F73736F6D5F6F6E6C7900000046
:10DB6000746573745F64726F6E657300746573744B
:10DB70005F6E6F6973650000746573745F737472B0
:10DB8000696E677300000000616C6C5F766F69639B
:10DB90006573000062617373697374006861726D0C
:10DBA0006F6E7931000000006861726D6F6E7932BE
:10DBB00000000000737472696E6773006E6F6973A2
:10DBC000650000007768616C6573000062697264CB
:10DBD000735F6472756D73004D414A004D494E008C
:10DBE00053555332000000005355533400000000D9
:10DBF0005155415254414C00414444390000000009
:10DC00004D414A37000000004D494E3700000000EA
:10DC10005349580043000000432300004423000000
:10DC200045000000460000004623000047000000B9
:10DC30004723000041000000412300004C454146BD
:10DC40000000000052414449414C000057415645F4
:10DC5000000000004D4F554E5441494E0000000059
:10DC600046524545000000005041545445524E0074
:10DC70004255525354000000464F525741524400FF
:10DC8000524556455253450042524F4B454E0000B7
:10DC90004A554D500000000057414C4B5F32463111
:10DCA0004200000057414C4B5F324D46314D42001F
:10DCB00057414C4B5F53504952414C0057414C4BDC
:10DCC0005F4241434B545241434B0000534B454C40
:10DCD0004554414C0000000052414E444F4D00005D
:10DCE000434F4E544F555200507572652053696E24
:10DCF00065000000466C7574652B53696E65000005
:10DD000053696E652B547269616E676C6500000023
:10DD1000476F6E6700000000547269616E676C6542
:10DD20002B53617700000000566F6963652B4550E7
:10DD300069616E6F00000000456C65637472696311
:10DD40002042617373000000506C61696E2053695A
:10DD50006E650000457468657265616C2050616491
:10DD6000000000004C796469616E00004D69786FB5
:10DD70006C796469616E000048616D7361646877F5
:10DD8000616E6900456779707469616E000000001A
:10DD90004D616A6F720000004D616A6F72205065BC
:10DDA0006E7461746F6E6963000000004D696E6F80
:10DDB000722050656E7461746F6E696300000000BC
:10DDC000446F7269616E0000426972642043686941
:10DDD000727073004D6963726F20426561747300E5
:10DDE0004F6365616E2057617665730052616469A7
:10DDF0006F20427572737473000000004F666600F6
:10DE0000536F6C61722057696E640000476C6173D8
:10DE100073202620496365005061706572202620BA
:10DE20004361726473000000576F6F6420262042C4
:10DE30007265617468000000436C617373696320EC
:10DE40004B6974004879627269640000656570729C
:10DE50006F6D00006372635F6572726F7200000025
:10DE6000736368656D615F6E6577657200000000C1
:10DE7000726973650000000064726F70000000003A
:10DE80006D6964636869727000000000676C6964A2
:10DE9000650000006B69796177000000776172624C
:10DEA0006C6500007065657065720000666565628E
:10DEB00065650000636F6F0073747574746572003C
:10DEC00063617363616465006661726F666600001A
:10DED000436C69636B0000005469636B00000000D1
:10DEE000476C6173730000004361726400000000BE
:10DEF000576F6F64000000005468756400000000F4
:10DF00005469636B36300000546F6D004B69636B6E
:10DF100000000000536E617265000000576F6F6C67
:10DF20000000000043686F69720000005461706572
:10DF3000000000004272656174680000426F7765FE
:10DF40006400000053796E636F70617465643136EC
:10DF5000000000004B69636B466F757200000000A3
:10DF6000436C6176650000005374656164793874B0
:10DF700068730000547269706C657473313200000C
:10DF800047616C6C6F705261746368657400000067
:10DF900053706172736531360000000057616C6B1D
:10DFA000696E6731360000004C656761746F5377A6
:10DFB000656C6C0050757368000000004865617204
:10DFC00074626561740000004F64643700000000F3
:10DFD0004C6F6E6550756C736500000057616C7412
:10DFE0007A313200536978456967687431320000CC
:10DFF00057616C747A5377696E67313200000000A4
:10E000004C435F434F4C4C41544500004C435F43ED
:10E0100054595045000000004C435F4D4F4E45544D
:10E02000415259004C435F4E554D45524943000003
:10E030004C435F54494D45004C435F4D455353415C
:10E040004745530000010000F4D7002012000000F3
:10E0500000060000E82000600A0000000002000046
:10E06000901F00605501000000070000381E00608E
:10E070005501000000030000341E00600000000095
:10E08000010309041C1E00600000000002030904D3
:10E090009CE200200000000003030904BCE2002011
:10E0A0000000000000000000000000000000000070
:10E0B0000F00000030303030303030303030303011
:10E0C0003030303030303030303030303030303050
:10E0D00030303030100000000000000070EF0020F1
:10E0E000D8EF002040F000200000000000000000F9
:10E0F0000000000000000000000000000000000020
:10E10000000000000000000000000000000000000F
:10E1100000000000000000000000000000000000FF
:10E1200000000000000000000000000000000000EF
:10E1300000000000000000000000000000000000DF
:10E1400000000000000000000000000000000000CF
:10E1500000000000000000000000000000000000BF
:10E1600000000000000000000000000000000000AF
:10E1700001000000000000000E33CDAB34126DE64C
:10E18000ECDE05000B0000000000000000000000B5
:10E19000000000000000000000000000000000007F
:10E1A000000000000000000000000000000000006F
:10E1B000000000000000000000000000000000005F
:10E1C000000000000000000000000000000000004F
:10E1D000000000000000000000000000000000003F
:10E1E000000000000000000000000000000000002F
:10E1F00000000000000000000029DE07007B9A17E5
:10E2000068A3002000000000E803000000000000F8
:10E2100064A4002000000000E803000000000000EB
:10E2200000003F409421006000000000000000005A
:10E2300000000000000000000000000000000000DE
:10E2400000000000000000000000000000000000CE
:10E2500000000000000000000000000000000000BE
:10E2600000000000000000000000000000000000AE
:10E27000000000000000000000000000000000009E
:10E28000000000000000000000000000000000008E
:10E29000000000000000000000000000000000007E
:10E2A000000000000000000000000000000000006E
:10E2B000000000000000000000000000000000005E
:10E2C000000000000000000000000000000000004E
:10E2D000000000000000000000000000000000003E
:10E2E000000000000000000000000000000000002E
:10E2F000000000000000000000000000000000001E
:10E30000000000000000000000000000000000000D
:10E3100000000000000000000000000000000000FD
:10E3200000000000000000000000000000000000ED
:10E3300000000000000000000000000000000000DD
:10E3400000000000000000000000000000000000CD
:10E3500064A4002000000000E803000000000000AA
:10E3600000803F40442100600000000000000000E9
:10E37000000000000000000000000000000000009D
:10E38000000000000000000000000000000000008D
:10E39000000000000000000000000000000000007D
:10E3A000000000000000000000000000000000006D
:10E3B000000000000000000000000000000000005D
:10E3C000000000000000000000000000000000004D
:10E3D000000000000000000000000000000000003D
:10E3E000000000000000000000000000000000002D
:10E3F000000000000000000000000000000000001D
:10E40000000000000000000000000000000000000C
:10E4100000000000000000000000000000000000FC
:10E4200000000000000000000000000000000000EC
:10E4300000000000000000000000000000000000DC
:10E4400000000000000000000000000000000000CC
:10E4500000000000000000000000000000000000BC
:10E4600000000000000000000000000000000000AC
:10E47000000000000000000000000000000000009C
:10E48000000000000000000000000000000000008C
:10E4900064A4002000000000E80300000000000069
:10E4A00000C03F40F42000600000000000000000B9
:10E4B000000000000000000000000000000000005C
:10E4C000000000000000000000000000000000004C
:10E4D000000000000000000000000000000000003C
:10E4E000000000000000000000000000000000002C
:10E4F000000000000000000000000000000000001C
:10E50000000000000000000000000000000000000B
:10E5100000000000000000000000000000000000FB
:10E5200000000000000000000000000000000000EB
:10E5300000000000000000000000000000000000DB
:10E5400000000000000000000000000000000000CB
:10E5500000000000000000000000000000000000BB
:10E5600000000000000000000000000000000000AB
:10E57000000000000000000000000000000000009B
:10E58000000000000000000000000000000000008B
:10E59000000000000000000000000000000000007B
:10E5A000000000000000000000000000000000006B
:10E5B000000000000000000000000000000000005B
:10E5C000000000000000000000000000000000004B
:10E5D00000000000000000007F000000FFFFFFFFC0
:10E5E00001000000FFFFFFFF000080BF05000000EA
:10E5F00030EF0020E02B212000000000430000004D
:10E60000000000000000000000000000000000000A
:10E6100000000000000000000000000043000000B7
:10E6200000000000000000000000000000000000EA
:10E630000000000000000000000000004300000097
:10E6400000000000000000000000000000000000CA
:10E650000000000000000000000000004300000077
:10E6600000000000000000000000000000000000AA
:10E670000000000000000000000000004300000057
:10E68000000000000000000000000000000000008A
:10E690000000000000000000000000004300000037
:10E6A000000000000000000000000000000000006A
:10E6B0000000000000000000000000004300000017
:10E6C000000000000000000000000000000000004A
:10E6D00000000000000000000000000015C702005C
:10E6E00051A1020000000000C0A50020742A0020F3
:10E6F000281E0020281E0020281E0020281E002082
:10E70000281E0020281E0020281E0020281E002071
:10E71000281E0020FFFFFFFFFFFFFFFFFFFFFFFF9F
:10E72000FFFF000001004153434949000000000081
:10E7300000000000000000000000000000000000D9
:10E740000000000000004153434949000000000060
:10E7500000000000000000000000000000000000B9
:10E7600000000000000000000000000000000000A9
:10E77000B8D30020B8D30020C0D30020C0D30020DD
:10E78000C8D30020C8D30020D0D30020D0D300208D
:10E79000D8D30020D8D30020E0D30020E0D300203D
:10E7A000E8D30020E8D30020F0D30020F0D30020ED
:10E7B000F8D30020F8D3002000D4002000D400209B
:10E7C00008D4002008D4002010D4002010D4002049
:10E7D00018D4002018D4002020D4002020D40020F9
:10E7E00028D4002028D4002030D4002030D40020A9
:10E7F00038D4002038D4002040D4002040D4002059
:10E8000048D4002048D4002050D4002050D4002008
:10E8100058D4002058D4002060D4002060D40020B8
:10E8200068D4002068D4002070D4002070D4002068
:10E8300078D4002078D4002080D4002080D4002018
:10E8400088D4002088D4002090D4002090D40020C8
:10E8500098D4002098D40020A0D40020A0D4002078
:10E86000A8D40020A8D40020B0D40020B0D4002028
:10E87000B8D40020B8D40020C0D40020C0D40020D8
:10E88000C8D40020C8D40020D0D40020D0D4002088
:10E89000D8D40020D8D40020E0D40020E0D4002038
:10E8A000E8D40020E8D40020F0D40020F0D40020E8
:10E8B000F8D40020F8D4002000D5002000D5002096
:10E8C00008D5002008D5002010D5002010D5002044
:10E8D00018D5002018D5002020D5002020D50020F4
:10E8E00028D5002028D5002030D5002030D50020A4
:10E8F00038D5002038D5002040D5002040D5002054
:10E9000048D5002048D5002050D5002050D5002003
:10E9100058D5002058D5002060D5002060D50020B3
:10E9200068D5002068D5002070D5002070D5002063
:10E9300078D5002078D5002080D5002080D5002013
:10E9400088D5002088D5002090D5002090D50020C3
:10E9500098D5002098D50020A0D50020A0D5002073
:10E96000A8D50020A8D50020B0D50020B0D5002023
:10E97000B8D50020B8D50020C0D50020C0D50020D3
:10E98000C8D50020C8D50020D0D50020D0D5002083
:10E99000D8D50020D8D50020E0D50020E0D5002033
:10E9A000E8D50020E8D50020F0D50020F0D50020E3
:10E9B000F8D50020F8D5002000D6002000D6002091
:10E9C00008D6002008D6002010D6002010D600203F
:10E9D00018D6002018D6002020D6002020D60020EF
:10E9E00028D6002028D6002030D6002030D600209F
:10E9F00038D6002038D6002040D6002040D600204F
:10EA000048D6002048D6002050D6002050D60020FE
:10EA100058D6002058D6002060D6002060D60020AE
:10EA200068D6002068D6002070D6002070D600205E
:10EA300078D6002078D6002080D6002080D600200E
:10EA400088D6002088D6002090D6002090D60020BE
:10EA500098D6002098D60020A0D60020A0D600206E
:10EA6000A8D60020A8D60020B0D60020B0D600201E
:10EA7000B8D60020B8D60020C0D60020C0D60020CE
:10EA8000C8D60020C8D60020D0D60020D0D600207E
:10EA9000D8D60020D8D60020E0D60020E0D600202E
:10EAA000E8D60020E8D60020F0D60020F0D60020DE
:10EAB000F8D60020F8D6002000D7002000D700208C
:10EAC00008D7002008D7002010D7002010D700203A
:10EAD00018D7002018D7002020D7002020D70020EA
:10EAE00028D7002028D7002030D7002030D700209A
:10EAF00038D7002038D7002040D7002040D700204A
:10EB000048D7002048D7002050D7002050D70020F9
:10EB100058D7002058D7002060D7002060D70020A9
:10EB200068D7002068D7002070D7002070D7002059
:10EB300078D7002078D7002080D7002080D7002009
:10EB400088D7002088D7002090D7002090D70020B9
:10EB500098D7002098D70020A0D70020A0D7002069
:10EB6000A8D70020A8D70020B0D70020B0D7002019
:10EB7000FFFFFFFF00000200000000000300000094
:10EB800070EF002028CD002003000000CDCCCC3E4B
:10EB90009A99993E009F2400040000007D00000027
:10EBA0002800000012010002EF020140C0168A0492
:10EBB0007902010203010000F4010000B80B00001B
:10EBC000401F00000200000004000000C0190020E7
:10EBD00000000000320000003E0000003C00000089
:10EBE00010EC002050EB00202DAE0000D1AF000053
:10EBF00004B6002058B60020C8190020000000000C
:10EC000000000000080000000000000011EC0020DF
:10EC100054EB002039AE0000DDAF000060B60020EC
:10EC200058B60020D019002000000000FA000000B3
:10EC3000B80B0000F401000012EC002058EB00209B
:10EC4000E9B30000E9AF0000D8B6002058B60020B4
:10EC5000D8190020000000000000000003000000A0
:10EC60000000000013EC00205CEB002005B5000064
:10EC7000D5B00000F0B60020C4B50020E81900208F
:10EC80000000000000000000020000000000000082
:10EC900014EC002060EB002045AE0000E1B0000065
:10ECA00018B70020C4B50020F019002000000000B3
:10ECB00000000000070000000000000015EC00202C
:10ECC00064EB002051AE0000EDB0000038B700202A
:10ECD000C4B50020F819002000000000000000006A
:10ECE000010000000000000016EC002068EB00208E
:10ECF0005DAE0000F9B0000098B70020C4B5002058
:10ED0000ACB7002000000000000000000000000080
:10ED10000000000017EC00206CEB00209DB5000007
:10ED200005B10000B4B70020C4B50020E4B700204E
:10ED300000000000000000000D00000000000000C6
:10ED400018EC002070EB0020E1B4000025B10000B9
:10ED5000F4B70020C4B5002094B8002000000000E3
:10ED600000000000050000000000000019EC002079
:10ED700074EB0020CDB4000031B10000A0B8002039
:10ED8000C4B50020F4B8002000000000000000001E
:10ED9000C8000000640000001AEC002078EB00209E
:10EDA00069AE000049B1000000B90020C4B50020E0
:10EDB00088B90020000000000000000004000000EE
:10EDC000000000001BEC00207CEB002079AE00006E
:10EDD00065B1000094B90020C4B50020E4B900205A
:10EDE0000000000000000000640000003700000088
:10EDF0001CEC002080EB002089AE0000C1B50000B3
:10EE0000F0B90020C4B5002050BA00200000000076
:10EE10000000000064000000000000001DEC002065
:10EE200084EB002029B7000049B6000060BA00203A
:10EE3000C4B50020CCBA0020000000000100000092
:10EE4000640000000C0000001EEC002088EB002095
:10EE5000ADB4000031B30000E4BA0020C4B5002016
:10EE60009CBB00200000000014000000E80300002C
:10EE7000C80000001FEC00208CEB002099B40000BB
:10EE80004DB30000B0BB0020C4B500200CBC002076
:10EE9000000000000000000005000000000000006D
:10EEA00020EC002090EB002085B4000081B1000030
:10EEB00018BC00207CBC002084BC002000000000A6
:10EEC00000000000C80000006400000021EC0020E9
:10EED00094EB002099AE00009DB1000094BC00208E
:10EEE0007CBC00203CBD00204CBD00200000000088
:10EEF000050000000100000022EC002098EB00203B
:10EF0000A9AE0000B9B100005CBD0020E4B400204F
:10EF1000B4BD002000000000000000000000000060
:10EF20000000000023EC00209CEB00207DB40000DA
:10EF3000E9B10000C4BD0020E4B40020E0BD002021
:10EF400000000000000000000100000000000000C0
:10EF500024EC0020A0EB002071B40000F5B100000B
:10EF6000F8BD0020E4B4002018BE0020000000001E
:10EF700000000000010000000000000025EC00205F
:10EF8000A4EB0020CDAE000001B2000028BE00209E
:10EF9000E4B4002074BE002084BE00200000000005
:10EFA000040000000100000026EC0020A8EB002077
:10EFB000B5AE0000C5B1000094BE0020D4BE002054
:10EFC000DCBE0020ECBE00200000000003000000BA
:10EFD0000100000027EC0020ACEB0020C1AE0000D7
:10EFE000D1B10000FCBE0020D4BE002034BF002000
:10EFF0000000000000000000640000002800000085
:10F0000028EC0020B0EB002099B60000F9B5000014
:10F0100044BF0020D4BE0020BCBF00200000000080
:10F0200000000000640000002800000029EC00201F
:10F03000B4EB0020C9B6000009B30000CCBF00202B
:10F04000D4BE0020F0BF002000000000000000003F
:10F0500064000000280000002AEC0020B8EB00202B
:10F06000F9B6000021B6000000C00020FCB400206A
:10F0700068C0002000000000000000000500000043
:10F08000000000002BEC0020BCEB002055B4000079
:10F09000DDB1000074C00020ECB50020A8C0002045
:10F0A0000000000000000000640000000F000000ED
:10F0B0002CEC0020C0EB0020DDAE00001DB20000F3
:10F0C000B4C00020ECB5002024C1002000000000E6
:10F0D0000000000064000000230000002DEC002070
:10F0E000C4EB002059B7000071B6000030C1002009
:10F0F000ECB5002090C100200000000000000000DE
:10F1000003000000000000002EEC0020C8EB0020EF
:10F1100031B4000039B200009CC10020ECB50020E1
:10F12000C4C1002000000000000000000100000039
:10F13000010000002FEC0020CCEB002019B40000EF
:10F140000DB20000D4C10020E0C10020E8C10020C1
:10F1500000000000000000000400000004000000A7
:10F1600030EC0020D0EB0020EDAE00005DB20000DE
:10F17000F8C10020E0C1002038C2002000000000DB
:10F1800000000000020000000000000031EC002040
:10F19000D4EB002005AF000081B2000044C2002083
:10F1A000E0C1002064C20020000000000000000058
:10F1B000090000000000000032EC0020D8EB002025
:10F1C00029AF0000B1B2000074C20020E0C10020ED
:10F1D000C4C200200000000028000000A0000000C1
:10F1E0005000000033EC0020DCEB0020C5B3000031
:10F1F000F5AF0000C8C2002058B60020C4C30020EC
:10F2000000000000030000000700000004000000F0
:10F2100034EC0020E0EB0020ADB3000015B000009E
:10F22000D4C3002058B6002020C4002000000000F5
:10F2300000000000020000000000000035EC00208B
:10F24000E4EB002099B3000029B000002CC400209A
:10F2500058B600204CC40020000000000000000050
:10F26000010000000100000036EC0020E8EB002067
:10F2700045AF000039B000005CC4002058B6002043
:10F2800090C4002000000000000000000100000009
:10F290000100000037EC0020ECEB002059AF00002B
:10F2A0004DB00000A0C4002058B60020D0C40020FB
:10F2B000000000000000000001000000010000004C
:10F2C00038EC0020F0EB00206DAF000061B00000D2
:10F2D000DCC4002058B6002010C50020000000004B
:10F2E00000000000010000000100000039EC0020D7
:10F2F000F4EB002081AF000075B000001CC50020B9
:10F3000058B6002050C5002000000000000000009A
:10F3100001000000010000003AEC0020F8EB0020A2
:10F3200095AF000089B000005CC5002058B60020F1
:10F330008CC500200000000000000000010000005B
:10F34000010000003BEC0020FCEB0020A9AF000016
:10F350009DB000009CC5002058B60020DCC50020F0
:10F36000000000000000000001000000010000009B
:10F370003CEC002000EC0020BDAF0000B1B000006C
:10F38000E8C5002034C6002040C600200000000070
:10F39000000000000B000000000000003DEC002019
:10F3A00004EC002085B30000C1B0000050C600206E
:10F3B00034C60020D4C60020000000000000000079
:10F3C00064000000000000003EEC002008EC00207B
:10F3D00071B30000D5B20000E4C6002034C600209E
:10F3E00034C7002000000000000000002C010000D5
:10F3F000000000003FEC00200CEC00205DB300009A
:10F40000F5B2000048C7002034C60020009F240049
:10F41000FFFFFFFF0000003F64000000CDCC4C3F29
:10F420000000803F3C00000009D0024159970A418A
:10F4300013D5124138901B4114D02441E09C2E4139
:10F440002EFF38412EFF4341B5A64F4100005C41DD
:10F45000E4146941D8F07641DFCF824159978A415F
:10F46000FED492412E909B4148D0A441159DAE41BF
:10F470002EFFB84163FFC341E9A6CF410000DC4144
:10F48000E414E9410DF1F641F9CF024259970A42DD
:10F49000FED412422E901B4248D024422F9D2E4271
:10F4A00048FF384263FF4342E9A64F4200005C42F6
:10F4B000E41469420DF1764207D0824259978A429C
:10F4C0000BD592423B909B4248D0A4422F9DAE4226
:10F4D00048FFB84263FFC342E9A6CF420000DC42C6
:10F4E0007B14E942A4F0F642DFCF02434C970A4373
:10F4F000FED4124321901B4321D024432F9D2E4341
:10F500003BFF38433BFF4343E9A64F4300005C43C6
:10F51000BC146943E5F0764300D082434C978A439C
:10F52000FED4924321909B4342D0A4432F9DAE43EF
:10F530003BFFB8435CFFC343E9A6CF430000DC4375
:10F54000DD14E94306F1F64310D002445C970A4407
:10F550000ED5124431901B4452D024442F9D2E448A
:10F560003BFF38445CFF4344FAA64F4400005C4430
:10F57000EE14694406F1764400D082445C978A44D4
:10F58000CDD4924400909B4452D0A4441F9DAE44DD
:10F590000AFFB8445CFFC344B8A6CF440000DC4473
:10F5A000CD14E944F6F0F64400D002455C970A45D4
:10F5B000F6D4124529901B4552D024451F9D2E4557
:10F5C00033FF38455CFF4345E1A64F4500005C45ED
:10F5D000F6146945F6F0764500D082455C978A4579
:10F5E0000AD592453D909B4552D0A445339DAE45EA
:10F5F00048FFB8455CFFC345F6A6CF450000DC4593
:10F60000F614E9450AF1F6450AD002465C970A4627
:10F6100014D512463D901B4600D02446339D2E46FD
:10F6200033FF384633FF43460000003E0000803E73
:10F630000000003F0000803FFFFFFFFF3C00000094
:10F64000009F2400E8030000009F24001E035400D4
:10F65000610068006900670061006D0069002000BA
:10F66000440031002D003400300000000C03000085
:10F67000000000000000000000000000000000008A
:10F6800000000000C4B50020CCB50020D4B5002097
:10F69000E0B50020ECB50020FCB40020701A00207A
:10F6A000F0B50020F8B50020640000000108080152
:10F6B000010101FFFFFFFF01010100000000000048
:10F6C000000000000000000000000000000000003A
:10F6D000000000000000000000000000000000002A
:10F6E000000000000000000000000000000000001A
:10F6F000000000000000000000000000000000000A
:10F7000000000000000000000000000000000000F9
:10F7100000000000000000000000000000000000E9
:10F7200000000000000000000000000000000000D9
:10F7300000000000000000000000000000000000C9
:10F7400000000000000000000000000000000000B9
:10F7500000000000000000000000000000000000A9
:10F760000000000000000000000000000000000099
:10F770000000000000000000000000000000000089
:10F780000000000000000000000000000000000079
:10F790000000000000000000000000000000000069
:10F7A0000000000000000000000000000000000059
:10F7B0000000000000000000000000000000000049
:10F7C0000000000000000000000000000000000039
:10F7D0000000000000000000000000000000000029
:10F7E0000000000000000000000000000000000019
:10F7F0000000000000000000000000000000000009
:10F8000000000000000000000000000000000000F8
:10F8100000000000000000000000000000000000E8
:10F8200000000000000000000000000000000000D8
:10F8300000000000000000000000000000000000C8
:10F8400000000000000000000000000000000000B8
:10F8500000000000000000000000000000000000A8
:10F860000000000000000000000000000000000098
:10F870000000000000000000000000000000000088
:10F880000000000000000000000000000000000078
:10F890000000000000000000000000000000000068
:10F8A0000000000000000000000000000000000058
:10F8B0000000000000000000000000000000000048
:10F8C0000000000000000000000000000000000038
:10F8D0000000000000000000000000000000000028
:10F8E0000000000000000000000000000000000018
:10F8F0000000000000000000000000000000000008
:10F9000000000000000000000000000000000000F7
:10F9100000000000000000000000000000000000E7
:10F9200000000000000000000000000000000000D7
:10F9300000000000000000000000000000000000C7
:10F9400000000000000000000000000000000000B7
:10F9500000000000000000000000000000000000A7
:10F960000000000000000000000000000000000097
:10F970000000000000000000000000000000000087
:10F980000000000000000000000000000000000077
:10F990000000000000000000000000000000000067
:10F9A0000000000000000000000000000000000057
:10F9B0000000000000000000000000000000000047
:10F9C0000000000000000000000000000000000037
:10F9D0000000000000000000000000000000000027
:10F9E0000000000000000000000000000000000017
:10F9F0000000000000000000000000000000000007
:10FA000000000000000000000000000000000000F6
:10FA100000000000000000000000000000000000E6
:10FA200000000000000000000000000000000000D6
:10FA300000000000000000000000000000000000C6
:10FA400000000000000000000000000000000000B6
:10FA500000000000000000000000000000000000A6
:10FA60000000000000000000000000000000000096
:10FA7000FFFFFFFFFFFFFFFFFFFFFFFFFFFFFFFF96
:10FA8000FFFFFFFFFFFFFFFFFFFFFFFFFFFFFFFF86
:10FA9000FFFFFFFFFFFFFFFFFFFFFFFFFFFFFFFF76
:10FAA000FFFFFFFFFFFFFFFFFFFFFFFFFFFFFFFF66
:10FAB000FFFFFFFFFFFFFFFFFFFFFFFFFFFFFFFF56
:10FAC000FFFFFFFFFFFFFFFFFFFFFFFFFFFFFFFF46
:10FAD000FFFFFFFFFFFFFFFFFFFFFFFFFFFFFFFF36
:10FAE000FFFFFFFFFFFFFFFFFFFFFFFFFFFFFFFF26
:10FAF000FFFFFFFFFFFFFFFFFFFFFFFFFFFFFFFF16
:10FB0000FFFFFFFFFFFFFFFFFFFFFFFFFFFFFFFF05
:10FB1000FFFFFFFFFFFFFFFFFFFFFFFFFFFFFFFFF5
:10FB2000FFFFFFFFFFFFFFFFFFFFFFFFFFFFFFFFE5
:10FB3000FFFFFFFFFFFFFFFFFFFFFFFFFFFFFFFFD5
:10FB4000FFFFFFFFFFFFFFFFFFFFFFFFFFFFFFFFC5
:10FB5000FFFFFFFFFFFFFFFFFFFFFFFFFFFFFFFFB5
:10FB6000FFFFFFFFFFFFFFFFFFFFFFFFFFFFFFFFA5
:10FB7000FFFFFFFFFFFFFFFFFFFFFFFFFFFFFFFF95
:10FB8000FFFFFFFFFFFFFFFFFFFFFFFFFFFFFFFF85
:10FB9000FFFFFFFFFFFFFFFFFFFFFFFFFFFFFFFF75
:10FBA000FFFFFFFFFFFFFFFFFFFFFFFFFFFFFFFF65
:10FBB000FFFFFFFFFFFFFFFFFFFFFFFFFFFFFFFF55
:10FBC000FFFFFFFFFFFFFFFFFFFFFFFFFFFFFFFF45
:10FBD000FFFFFFFFFFFFFFFFFFFFFFFFFFFFFFFF35
:10FBE000FFFFFFFFFFFFFFFFFFFFFFFFFFFFFFFF25
:10FBF000FFFFFFFFFFFFFFFFFFFFFFFFFFFFFFFF15
:10FC000000000000000000000000000000000000F4
:10FC100000000000000000000000000000000000E4
:10FC200000000000000000000000000000000000D4
:10FC300000000000000000000000000000000000C4
:10FC400000000000000000000000000000000000B4
:10FC500000000000000000000000000000000000A4
:10FC60000000000000000000000000000000000094
:10FC70000000000000000000000000000000000084
:10FC80000000000000000000000000000000000074
:10FC90000000000000000000000000000000000064
:10FCA0000000000000000000000000000000000054
:10FCB0000000000000000000000000000000000044
:10FCC0000000000000000000000000000000000034
:10FCD0000000000000000000000000000000000024
:10FCE0000000000000000000000000000000000014
:10FCF0000000000000000000000000000000000004
:10FD000000000000000000000000000000000000F3
:10FD100000000000000000000000000000000000E3
:10FD200000000000000000000000000000000000D3
:10FD300000000000000000000000000000000000C3
:10FD400000000000000000000000000000000000B3
:10FD500000000000000000000000000000000000A3
:10FD60000000000000000000000000000000000093
:10FD70000000000000000000000000000000000083
:10FD80000000000000000000000000000000000073
:10FD90000000000000000000000000000000000063
:10FDA0000000000000000000000000000000000053
:10FDB0000000000000000000000000000000000043
:10FDC0000000000000000000000000000000000033
:10FDD0000000000000000000000000000000000023
:10FDE0000000000000000000000000000000000013
:10FDF0000000000000000000000000000000000003
:10FE000000000000000000000000000000000000F2
:10FE100000000000000000000000000000000000E2
:10FE200000000000000000000000000000000000D2
:10FE300000000000000000000000000000000000C2
:10FE400000000000000000000000000000000000B2
:10FE500000000000000000000000000000000000A2
:10FE60000000000000000000000000000000000092
:10FE70000000000000000000000000000000000082
:10FE80000000000000000000000000000000000072
:10FE90000000000000000000000000000000000062
:10FEA0000000000000000000000000000000000052
:10FEB0000000000000000000000000000000000042
:10FEC0000000000000000000000000000000000032
:10FED0000000000000000000000000000000000022
:10FEE0000000000000000000000000000000000012
:10FEF0000000000000000000000000000000000002
:10FF000000000000000000000000000000000000F1
:10FF100000000000000000000000000000000000E1
:10FF200000000000000000000000000000000000D1
:10FF300000000000000000000000000000000000C1
:10FF400000000000000000000000000000000000B1
:10FF500000000000000000000000000000000000A1
:10FF60000000000000000000000000000000000091
:10FF70000000000000000000000000000000000081
:10FF80000000000000000000000000000000000071
:10FF90000000000000000000000000000000000061
:10FFA0000000000000000000000000000000000051
:10FFB0000000000000000000000000000000000041
:10FFC0000000000000000000000000000000000031
:10FFD0000000000000000000000000000000000021
:10FFE0000000000000000000000000000000000011
:10FFF0000000000000000000000000000000000001
:02000004600496
:1000000000000000000000000000000000000000F0
:1000100000000000000000000000000000000000E0
:1000200000000000000000000000000000000000D0
:1000300000000000000000000000000000000000C0
:1000400000000000000000000000000000000000B0
:1000500000000000000000000000000000000000A0
:100060000000000000000000000000000000000090
:100070000000000000000000000000000000000080
:100080000000000000000000000000000000000070
:100090000000000000000000000000000000000060
:1000A0000000000000000000000000000000000050
:1000B0000000000000000000000000000000000040
:1000C0000000000000000000000000000000000030
:1000D0000000000000000000000000000000000020
:1000E0000000000000000000000000000000000010
:1000F0000000000000000000000000000000000000
:1001000000000000000000000000000000000000EF
:1001100000000000000000000000000000000000DF
:1001200000000000000000000000000000000000CF
:1001300000000000000000000000000000000000BF
:1001400000000000000000000000000000000000AF
:10015000000000000000000000000000000000009F
:10016000000000000000000000000000000000008F
:10017000000000000000000000000000000000007F
:10018000000000000000000000000000000000006F
:10019000000000000000000000000000000000005F
:1001A000000000000000000000000000000000004F
:1001B000000000000000000000000000000000003F
:1001C000000000000000000000000000000000002F
:1001D000000000000000000000000000000000001F
:1001E000000000000000000000000000000000000F
:1001F00000000000000000000000000000000000FF
:1002000000000000000000000000000000000000EE
:1002100000000000000000000000000000000000DE
:1002200000000000000000000000000000000000CE
:1002300000000000000000000000000000000000BE
:1002400000000000000000000000000000000000AE
:10025000000000000000000000000000000000009E
:10026000000000000000000000000000000000008E
:10027000000000000000000000000000000000007E
:10028000000000000000000000000000000000006E
:10029000000000000000000000000000000000005E
:1002A000000000000000000000000000000000004E
:1002B000000000000000000000000000000000003E
:1002C000000000000000000000000000000000002E
:1002D000000000000000000000000000000000001E
:1002E000000000000000000000000000000000000E
:1002F00000000000000000000000000000000000FE
:1003000000000000000000000000000000000000ED
:1003100000000000000000000000000000000000DD
:1003200000000000000000000000000000000000CD
:1003300000000000000000000000000000000000BD
:1003400000000000000000000000000000000000AD
:10035000000000000000000000000000000000009D
:10036000000000000000000000000000000000008D
:10037000000000000000000000000000000000007D
:10038000000000000000000000000000000000006D
:10039000000000000000000000000000000000005D
:1003A000000000000000000000000000000000004D
:1003B000000000000000000000000000000000003D
:1003C000000000000000000000000000000000002D
:1003D000000000000000000000000000000000001D
:1003E000000000000000000000000000000000000D
:1003F00000000000000000000000000000000000FD
:1004000000000000000000000000000000000000EC
:1004100000000000000000000000000000000000DC
:1004200000000000000000000000000000000000CC
:1004300000000000000000000000000000000000BC
:1004400000000000000000000000000000000000AC
:10045000000000000000000000000000000000009C
:10046000000000000000000000000000000000008C
:10047000000000000000000000000000000000007C
:10048000000000000000000000000000000000006C
:10049000000000000000000000000000000000005C
:1004A000000000000000000000000000000000004C
:1004B000000000000000000000000000000000003C
:1004C000000000000000000000000000000000002C
:1004D000000000000000000000000000000000001C
:1004E000000000000000000000000000000000000C
:1004F00000000000000000000000000000000000FC
:1005000000000000000000000000000000000000EB
:1005100000000000000000000000000000000000DB
:1005200000000000000000000000000000000000CB
:1005300000000000000000000000000000000000BB
:1005400000000000000000000000000000000000AB
:10055000000000000000000000000000000000009B
:10056000000000000000000000000000000000008B
:10057000000000000000000000000000000000007B
:10058000000000000000000000000000000000006B
:10059000000000000000000000000000000000005B
:1005A000000000000000000000000000000000004B
:1005B000000000000000000000000000000000003B
:1005C000000000000000000000000000000000002B
:1005D000000000000000000000000000000000001B
:1005E000000000000000000000000000000000000B
:1005F00000000000000000000000000000000000FB
:1006000000000000000000000000000000000000EA
:1006100000000000000000000000000000000000DA
:1006200000000000000000000000000000000000CA
:1006300000000000000000000000000000000000BA
:1006400000000000000000000000000000000000AA
:10065000000000000000000000000000000000009A
:10066000000000000000000000000000000000008A
:10067000000000000000000000000000000000007A
:10068000000000000000000000000000000000006A
:10069000000000000000000000000000000000005A
:1006A000000000000000000000000000000000004A
:1006B000000000000000000000000000000000003A
:1006C000000000000000000000000000000000002A
:1006D000000000000000000000000000000000001A
:1006E000000000000000000000000000000000000A
:1006F00000000000000000000000000000000000FA
:1007000000000000000000000000000000000000E9
:1007100000000000000000000000000000000000D9
:1007200000000000000000000000000000000000C9
:1007300000000000000000000000000000000000B9
:1007400000000000000000000000000000000000A9
:100750000000000000000000000000000000000099
:100760000000000000000000000000000000000089
:100770000000000000000000000000000000000079
:100780000000000000000000000000000000000069
:100790000000000000000000000000000000000059
:1007A0000000000000000000000000000000000049
:1007B0000000000000000000000000000000000039
:1007C0000000000000000000000000000000000029
:1007D0000000000000000000000000000000000019
:1007E0000000000000000000000000000000000009
:1007F00000000000000000000000000000000000F9
:040000056000100087
:00000001FF
