:0200000460009A
:100000004643464200000156000000000103030081
:1000100000000000000000000000000000000000E0
:1000200000000000000000000000000000000000D0
:1000300000000000000000000000000000000000C0
:1000400000000000010408000000000000000000A3
:100050000000200000000000000000000000000080
:100060000000000000000000000000000000000090
:100070000000000000000000000000000000000080
:10008000EB04180A063204260000000000000000FD
:10009000050404240000000000000000000000002F
:1000A0000000000000000000000000000000000050
:1000B0000604000000000000000000000000000036
:1000C0000000000000000000000000000000000030
:1000D00020041808000000000000000000000000DC
:1000E0000000000000000000000000000000000010
:1000F0000000000000000000000000000000000000
:10010000D8041808000000000000000000000000F3
:100110000204180804200000000000000000000095
:1001200000000000000000000000000000000000CF
:10013000600400000000000000000000000000005B
:1001400000000000000000000000000000000000AF
:10015000000000000000000000000000000000009F
:10016000000000000000000000000000000000008F
:10017000000000000000000000000000000000007F
:10018000000000000000000000000000000000006F
:10019000000000000000000000000000000000005F
:1001A000000000000000000000000000000000004F
:1001B000000000000000000000000000000000003F
:1001C000000100000010000001000000000000001D
:1001D000000001000000000000000000000000001E
:1001E000000000000000000000000000000000000F
:1001F00000000000000000000000000000000000FF
:10020000FFFFFFFFFFFFFFFFFFFFFFFFFFFFFFFFFE
:10021000FFFFFFFFFFFFFFFFFFFFFFFFFFFFFFFFEE
:10022000FFFFFFFFFFFFFFFFFFFFFFFFFFFFFFFFDE
:10023000FFFFFFFFFFFFFFFFFFFFFFFFFFFFFFFFCE
:10024000FFFFFFFFFFFFFFFFFFFFFFFFFFFFFFFFBE
:10025000FFFFFFFFFFFFFFFFFFFFFFFFFFFFFFFFAE
:10026000FFFFFFFFFFFFFFFFFFFFFFFFFFFFFFFF9E
:10027000FFFFFFFFFFFFFFFFFFFFFFFFFFFFFFFF8E
:10028000FFFFFFFFFFFFFFFFFFFFFFFFFFFFFFFF7E
:10029000FFFFFFFFFFFFFFFFFFFFFFFFFFFFFFFF6E
:1002A000FFFFFFFFFFFFFFFFFFFFFFFFFFFFFFFF5E
:1002B000FFFFFFFFFFFFFFFFFFFFFFFFFFFFFFFF4E
:1002C000FFFFFFFFFFFFFFFFFFFFFFFFFFFFFFFF3E
:1002D000FFFFFFFFFFFFFFFFFFFFFFFFFFFFFFFF2E
:1002E000FFFFFFFFFFFFFFFFFFFFFFFFFFFFFFFF1E
:1002F000FFFFFFFFFFFFFFFFFFFFFFFFFFFFFFFF0E
:10030000FFFFFFFFFFFFFFFFFFFFFFFFFFFFFFFFFD
:10031000FFFFFFFFFFFFFFFFFFFFFFFFFFFFFFFFED
:10032000FFFFFFFFFFFFFFFFFFFFFFFFFFFFFFFFDD
:10033000FFFFFFFFFFFFFFFFFFFFFFFFFFFFFFFFCD
:10034000FFFFFFFFFFFFFFFFFFFFFFFFFFFFFFFFBD
:10035000FFFFFFFFFFFFFFFFFFFFFFFFFFFFFFFFAD
:10036000FFFFFFFFFFFFFFFFFFFFFFFFFFFFFFFF9D
:10037000FFFFFFFFFFFFFFFFFFFFFFFFFFFFFFFF8D
:10038000FFFFFFFFFFFFFFFFFFFFFFFFFFFFFFFF7D
:10039000FFFFFFFFFFFFFFFFFFFFFFFFFFFFFFFF6D
:1003A000FFFFFFFFFFFFFFFFFFFFFFFFFFFFFFFF5D
:1003B000FFFFFFFFFFFFFFFFFFFFFFFFFFFFFFFF4D
:1003C000FFFFFFFFFFFFFFFFFFFFFFFFFFFFFFFF3D
:1003D000FFFFFFFFFFFFFFFFFFFFFFFFFFFFFFFF2D
:1003E000FFFFFFFFFFFFFFFFFFFFFFFFFFFFFFFF1D
:1003F000FFFFFFFFFFFFFFFFFFFFFFFFFFFFFFFF0D
:10040000FFFFFFFFFFFFFFFFFFFFFFFFFFFFFFFFFC
:10041000FFFFFFFFFFFFFFFFFFFFFFFFFFFFFFFFEC
:10042000FFFFFFFFFFFFFFFFFFFFFFFFFFFFFFFFDC
:10043000FFFFFFFFFFFFFFFFFFFFFFFFFFFFFFFFCC
:10044000FFFFFFFFFFFFFFFFFFFFFFFFFFFFFFFFBC
:10045000FFFFFFFFFFFFFFFFFFFFFFFFFFFFFFFFAC
:10046000FFFFFFFFFFFFFFFFFFFFFFFFFFFFFFFF9C
:10047000FFFFFFFFFFFFFFFFFFFFFFFFFFFFFFFF8C
:10048000FFFFFFFFFFFFFFFFFFFFFFFFFFFFFFFF7C
:10049000FFFFFFFFFFFFFFFFFFFFFFFFFFFFFFFF6C
:1004A000FFFFFFFFFFFFFFFFFFFFFFFFFFFFFFFF5C
:1004B000FFFFFFFFFFFFFFFFFFFFFFFFFFFFFFFF4C
:1004C000FFFFFFFFFFFFFFFFFFFFFFFFFFFFFFFF3C
:1004D000FFFFFFFFFFFFFFFFFFFFFFFFFFFFFFFF2C
:1004E000FFFFFFFFFFFFFFFFFFFFFFFFFFFFFFFF1C
:1004F000FFFFFFFFFFFFFFFFFFFFFFFFFFFFFFFF0C
:10050000FFFFFFFFFFFFFFFFFFFFFFFFFFFFFFFFFB
:10051000FFFFFFFFFFFFFFFFFFFFFFFFFFFFFFFFEB
:10052000FFFFFFFFFFFFFFFFFFFFFFFFFFFFFFFFDB
:10053000FFFFFFFFFFFFFFFFFFFFFFFFFFFFFFFFCB
:10054000FFFFFFFFFFFFFFFFFFFFFFFFFFFFFFFFBB
:10055000FFFFFFFFFFFFFFFFFFFFFFFFFFFFFFFFAB
:10056000FFFFFFFFFFFFFFFFFFFFFFFFFFFFFFFF9B
:10057000FFFFFFFFFFFFFFFFFFFFFFFFFFFFFFFF8B
:10058000FFFFFFFFFFFFFFFFFFFFFFFFFFFFFFFF7B
:10059000FFFFFFFFFFFFFFFFFFFFFFFFFFFFFFFF6B
:1005A000FFFFFFFFFFFFFFFFFFFFFFFFFFFFFFFF5B
:1005B000FFFFFFFFFFFFFFFFFFFFFFFFFFFFFFFF4B
:1005C000FFFFFFFFFFFFFFFFFFFFFFFFFFFFFFFF3B
:1005D000FFFFFFFFFFFFFFFFFFFFFFFFFFFFFFFF2B
:1005E000FFFFFFFFFFFFFFFFFFFFFFFFFFFFFFFF1B
:1005F000FFFFFFFFFFFFFFFFFFFFFFFFFFFFFFFF0B
:10060000FFFFFFFFFFFFFFFFFFFFFFFFFFFFFFFFFA
:10061000FFFFFFFFFFFFFFFFFFFFFFFFFFFFFFFFEA
:10062000FFFFFFFFFFFFFFFFFFFFFFFFFFFFFFFFDA
:10063000FFFFFFFFFFFFFFFFFFFFFFFFFFFFFFFFCA
:10064000FFFFFFFFFFFFFFFFFFFFFFFFFFFFFFFFBA
:10065000FFFFFFFFFFFFFFFFFFFFFFFFFFFFFFFFAA
:10066000FFFFFFFFFFFFFFFFFFFFFFFFFFFFFFFF9A
:10067000FFFFFFFFFFFFFFFFFFFFFFFFFFFFFFFF8A
:10068000FFFFFFFFFFFFFFFFFFFFFFFFFFFFFFFF7A
:10069000FFFFFFFFFFFFFFFFFFFFFFFFFFFFFFFF6A
:1006A000FFFFFFFFFFFFFFFFFFFFFFFFFFFFFFFF5A
:1006B000FFFFFFFFFFFFFFFFFFFFFFFFFFFFFFFF4A
:1006C000FFFFFFFFFFFFFFFFFFFFFFFFFFFFFFFF3A
:1006D000FFFFFFFFFFFFFFFFFFFFFFFFFFFFFFFF2A
:1006E000FFFFFFFFFFFFFFFFFFFFFFFFFFFFFFFF1A
:1006F000FFFFFFFFFFFFFFFFFFFFFFFFFFFFFFFF0A
:10070000FFFFFFFFFFFFFFFFFFFFFFFFFFFFFFFFF9
:10071000FFFFFFFFFFFFFFFFFFFFFFFFFFFFFFFFE9
:10072000FFFFFFFFFFFFFFFFFFFFFFFFFFFFFFFFD9
:10073000FFFFFFFFFFFFFFFFFFFFFFFFFFFFFFFFC9
:10074000FFFFFFFFFFFFFFFFFFFFFFFFFFFFFFFFB9
:10075000FFFFFFFFFFFFFFFFFFFFFFFFFFFFFFFFA9
:10076000FFFFFFFFFFFFFFFFFFFFFFFFFFFFFFFF99
:10077000FFFFFFFFFFFFFFFFFFFFFFFFFFFFFFFF89
:10078000FFFFFFFFFFFFFFFFFFFFFFFFFFFFFFFF79
:10079000FFFFFFFFFFFFFFFFFFFFFFFFFFFFFFFF69
:1007A000FFFFFFFFFFFFFFFFFFFFFFFFFFFFFFFF59
:1007B000FFFFFFFFFFFFFFFFFFFFFFFFFFFFFFFF49
:1007C000FFFFFFFFFFFFFFFFFFFFFFFFFFFFFFFF39
:1007D000FFFFFFFFFFFFFFFFFFFFFFFFFFFFFFFF29
:1007E000FFFFFFFFFFFFFFFFFFFFFFFFFFFFFFFF19
:1007F000FFFFFFFFFFFFFFFFFFFFFFFFFFFFFFFF09
:10080000FFFFFFFFFFFFFFFFFFFFFFFFFFFFFFFFF8
:10081000FFFFFFFFFFFFFFFFFFFFFFFFFFFFFFFFE8
:10082000FFFFFFFFFFFFFFFFFFFFFFFFFFFFFFFFD8
:10083000FFFFFFFFFFFFFFFFFFFFFFFFFFFFFFFFC8
:10084000FFFFFFFFFFFFFFFFFFFFFFFFFFFFFFFFB8
:10085000FFFFFFFFFFFFFFFFFFFFFFFFFFFFFFFFA8
:10086000FFFFFFFFFFFFFFFFFFFFFFFFFFFFFFFF98
:10087000FFFFFFFFFFFFFFFFFFFFFFFFFFFFFFFF88
:10088000FFFFFFFFFFFFFFFFFFFFFFFFFFFFFFFF78
:10089000FFFFFFFFFFFFFFFFFFFFFFFFFFFFFFFF68
:1008A000FFFFFFFFFFFFFFFFFFFFFFFFFFFFFFFF58
:1008B000FFFFFFFFFFFFFFFFFFFFFFFFFFFFFFFF48
:1008C000FFFFFFFFFFFFFFFFFFFFFFFFFFFFFFFF38
:1008D000FFFFFFFFFFFFFFFFFFFFFFFFFFFFFFFF28
:1008E000FFFFFFFFFFFFFFFFFFFFFFFFFFFFFFFF18
:1008F000FFFFFFFFFFFFFFFFFFFFFFFFFFFFFFFF08
:10090000FFFFFFFFFFFFFFFFFFFFFFFFFFFFFFFFF7
:10091000FFFFFFFFFFFFFFFFFFFFFFFFFFFFFFFFE7
:10092000FFFFFFFFFFFFFFFFFFFFFFFFFFFFFFFFD7
:10093000FFFFFFFFFFFFFFFFFFFFFFFFFFFFFFFFC7
:10094000FFFFFFFFFFFFFFFFFFFFFFFFFFFFFFFFB7
:10095000FFFFFFFFFFFFFFFFFFFFFFFFFFFFFFFFA7
:10096000FFFFFFFFFFFFFFFFFFFFFFFFFFFFFFFF97
:10097000FFFFFFFFFFFFFFFFFFFFFFFFFFFFFFFF87
:10098000FFFFFFFFFFFFFFFFFFFFFFFFFFFFFFFF77
:10099000FFFFFFFFFFFFFFFFFFFFFFFFFFFFFFFF67
:1009A000FFFFFFFFFFFFFFFFFFFFFFFFFFFFFFFF57
:1009B000FFFFFFFFFFFFFFFFFFFFFFFFFFFFFFFF47
:1009C000FFFFFFFFFFFFFFFFFFFFFFFFFFFFFFFF37
:1009D000FFFFFFFFFFFFFFFFFFFFFFFFFFFFFFFF27
:1009E000FFFFFFFFFFFFFFFFFFFFFFFFFFFFFFFF17
:1009F000FFFFFFFFFFFFFFFFFFFFFFFFFFFFFFFF07
:100A0000FFFFFFFFFFFFFFFFFFFFFFFFFFFFFFFFF6
:100A1000FFFFFFFFFFFFFFFFFFFFFFFFFFFFFFFFE6
:100A2000FFFFFFFFFFFFFFFFFFFFFFFFFFFFFFFFD6
:100A3000FFFFFFFFFFFFFFFFFFFFFFFFFFFFFFFFC6
:100A4000FFFFFFFFFFFFFFFFFFFFFFFFFFFFFFFFB6
:100A5000FFFFFFFFFFFFFFFFFFFFFFFFFFFFFFFFA6
:100A6000FFFFFFFFFFFFFFFFFFFFFFFFFFFFFFFF96
:100A7000FFFFFFFFFFFFFFFFFFFFFFFFFFFFFFFF86
:100A8000FFFFFFFFFFFFFFFFFFFFFFFFFFFFFFFF76
:100A9000FFFFFFFFFFFFFFFFFFFFFFFFFFFFFFFF66
:100AA000FFFFFFFFFFFFFFFFFFFFFFFFFFFFFFFF56
:100AB000FFFFFFFFFFFFFFFFFFFFFFFFFFFFFFFF46
:100AC000FFFFFFFFFFFFFFFFFFFFFFFFFFFFFFFF36
:100AD000FFFFFFFFFFFFFFFFFFFFFFFFFFFFFFFF26
:100AE000FFFFFFFFFFFFFFFFFFFFFFFFFFFFFFFF16
:100AF000FFFFFFFFFFFFFFFFFFFFFFFFFFFFFFFF06
:100B0000FFFFFFFFFFFFFFFFFFFFFFFFFFFFFFFFF5
:100B1000FFFFFFFFFFFFFFFFFFFFFFFFFFFFFFFFE5
:100B2000FFFFFFFFFFFFFFFFFFFFFFFFFFFFFFFFD5
:100B3000FFFFFFFFFFFFFFFFFFFFFFFFFFFFFFFFC5
:100B4000FFFFFFFFFFFFFFFFFFFFFFFFFFFFFFFFB5
:100B5000FFFFFFFFFFFFFFFFFFFFFFFFFFFFFFFFA5
:100B6000FFFFFFFFFFFFFFFFFFFFFFFFFFFFFFFF95
:100B7000FFFFFFFFFFFFFFFFFFFFFFFFFFFFFFFF85
:100B8000FFFFFFFFFFFFFFFFFFFFFFFFFFFFFFFF75
:100B9000FFFFFFFFFFFFFFFFFFFFFFFFFFFFFFFF65
:100BA000FFFFFFFFFFFFFFFFFFFFFFFFFFFFFFFF55
:100BB000FFFFFFFFFFFFFFFFFFFFFFFFFFFFFFFF45
:100BC000FFFFFFFFFFFFFFFFFFFFFFFFFFFFFFFF35
:100BD000FFFFFFFFFFFFFFFFFFFFFFFFFFFFFFFF25
:100BE000FFFFFFFFFFFFFFFFFFFFFFFFFFFFFFFF15
:100BF000FFFFFFFFFFFFFFFFFFFFFFFFFFFFFFFF05
:100C0000FFFFFFFFFFFFFFFFFFFFFFFFFFFFFFFFF4
:100C1000FFFFFFFFFFFFFFFFFFFFFFFFFFFFFFFFE4
:100C2000FFFFFFFFFFFFFFFFFFFFFFFFFFFFFFFFD4
:100C3000FFFFFFFFFFFFFFFFFFFFFFFFFFFFFFFFC4
:100C4000FFFFFFFFFFFFFFFFFFFFFFFFFFFFFFFFB4
:100C5000FFFFFFFFFFFFFFFFFFFFFFFFFFFFFFFFA4
:100C6000FFFFFFFFFFFFFFFFFFFFFFFFFFFFFFFF94
:100C7000FFFFFFFFFFFFFFFFFFFFFFFFFFFFFFFF84
:100C8000FFFFFFFFFFFFFFFFFFFFFFFFFFFFFFFF74
:100C9000FFFFFFFFFFFFFFFFFFFFFFFFFFFFFFFF64
:100CA000FFFFFFFFFFFFFFFFFFFFFFFFFFFFFFFF54
:100CB000FFFFFFFFFFFFFFFFFFFFFFFFFFFFFFFF44
:100CC000FFFFFFFFFFFFFFFFFFFFFFFFFFFFFFFF34
:100CD000FFFFFFFFFFFFFFFFFFFFFFFFFFFFFFFF24
:100CE000FFFFFFFFFFFFFFFFFFFFFFFFFFFFFFFF14
:100CF000FFFFFFFFFFFFFFFFFFFFFFFFFFFFFFFF04
:100D0000FFFFFFFFFFFFFFFFFFFFFFFFFFFFFFFFF3
:100D1000FFFFFFFFFFFFFFFFFFFFFFFFFFFFFFFFE3
:100D2000FFFFFFFFFFFFFFFFFFFFFFFFFFFFFFFFD3
:100D3000FFFFFFFFFFFFFFFFFFFFFFFFFFFFFFFFC3
:100D4000FFFFFFFFFFFFFFFFFFFFFFFFFFFFFFFFB3
:100D5000FFFFFFFFFFFFFFFFFFFFFFFFFFFFFFFFA3
:100D6000FFFFFFFFFFFFFFFFFFFFFFFFFFFFFFFF93
:100D7000FFFFFFFFFFFFFFFFFFFFFFFFFFFFFFFF83
:100D8000FFFFFFFFFFFFFFFFFFFFFFFFFFFFFFFF73
:100D9000FFFFFFFFFFFFFFFFFFFFFFFFFFFFFFFF63
:100DA000FFFFFFFFFFFFFFFFFFFFFFFFFFFFFFFF53
:100DB000FFFFFFFFFFFFFFFFFFFFFFFFFFFFFFFF43
:100DC000FFFFFFFFFFFFFFFFFFFFFFFFFFFFFFFF33
:100DD000FFFFFFFFFFFFFFFFFFFFFFFFFFFFFFFF23
:100DE000FFFFFFFFFFFFFFFFFFFFFFFFFFFFFFFF13
:100DF000FFFFFFFFFFFFFFFFFFFFFFFFFFFFFFFF03
:100E0000FFFFFFFFFFFFFFFFFFFFFFFFFFFFFFFFF2
:100E1000FFFFFFFFFFFFFFFFFFFFFFFFFFFFFFFFE2
:100E2000FFFFFFFFFFFFFFFFFFFFFFFFFFFFFFFFD2
:100E3000FFFFFFFFFFFFFFFFFFFFFFFFFFFFFFFFC2
:100E4000FFFFFFFFFFFFFFFFFFFFFFFFFFFFFFFFB2
:100E5000FFFFFFFFFFFFFFFFFFFFFFFFFFFFFFFFA2
:100E6000FFFFFFFFFFFFFFFFFFFFFFFFFFFFFFFF92
:100E7000FFFFFFFFFFFFFFFFFFFFFFFFFFFFFFFF82
:100E8000FFFFFFFFFFFFFFFFFFFFFFFFFFFFFFFF72
:100E9000FFFFFFFFFFFFFFFFFFFFFFFFFFFFFFFF62
:100EA000FFFFFFFFFFFFFFFFFFFFFFFFFFFFFFFF52
:100EB000FFFFFFFFFFFFFFFFFFFFFFFFFFFFFFFF42
:100EC000FFFFFFFFFFFFFFFFFFFFFFFFFFFFFFFF32
:100ED000FFFFFFFFFFFFFFFFFFFFFFFFFFFFFFFF22
:100EE000FFFFFFFFFFFFFFFFFFFFFFFFFFFFFFFF12
:100EF000FFFFFFFFFFFFFFFFFFFFFFFFFFFFFFFF02
:100F0000FFFFFFFFFFFFFFFFFFFFFFFFFFFFFFFFF1
:100F1000FFFFFFFFFFFFFFFFFFFFFFFFFFFFFFFFE1
:100F2000FFFFFFFFFFFFFFFFFFFFFFFFFFFFFFFFD1
:100F3000FFFFFFFFFFFFFFFFFFFFFFFFFFFFFFFFC1
:100F4000FFFFFFFFFFFFFFFFFFFFFFFFFFFFFFFFB1
:100F5000FFFFFFFFFFFFFFFFFFFFFFFFFFFFFFFFA1
:100F6000FFFFFFFFFFFFFFFFFFFFFFFFFFFFFFFF91
:100F7000FFFFFFFFFFFFFFFFFFFFFFFFFFFFFFFF81
:100F8000FFFFFFFFFFFFFFFFFFFFFFFFFFFFFFFF71
:100F9000FFFFFFFFFFFFFFFFFFFFFFFFFFFFFFFF61
:100FA000FFFFFFFFFFFFFFFFFFFFFFFFFFFFFFFF51
:100FB000FFFFFFFFFFFFFFFFFFFFFFFFFFFFFFFF41
:100FC000FFFFFFFFFFFFFFFFFFFFFFFFFFFFFFFF31
:100FD000FFFFFFFFFFFFFFFFFFFFFFFFFFFFFFFF21
:100FE000FFFFFFFFFFFFFFFFFFFFFFFFFFFFFFFF11
:100FF000FFFFFFFFFFFFFFFFFFFFFFFFFFFFFFFF01
:10100000D1002043491600600000000000000000ED
:10101000201000600010006000140160000000005B
:10102000000000600020010000000000FFFFFFFF43
:10103000FFFFFFFFFFFFFFFFFFFFFFFFFFFFFFFFC0
:10104000FFFFFFFFFFFFFFFFFFFFFFFFFFFFFFFFB0
:10105000FFFFFFFFFFFFFFFFFFFFFFFFFFFFFFFFA0
:10106000FFFFFFFFFFFFFFFFFFFFFFFFFFFFFFFF90
:10107000FFFFFFFFFFFFFFFFFFFFFFFFFFFFFFFF80
:10108000FFFFFFFFFFFFFFFFFFFFFFFFFFFFFFFF70
:10109000FFFFFFFFFFFFFFFFFFFFFFFFFFFFFFFF60
:1010A000FFFFFFFFFFFFFFFFFFFFFFFFFFFFFFFF50
:1010B000FFFFFFFFFFFFFFFFFFFFFFFFFFFFFFFF40
:1010C000FFFFFFFFFFFFFFFFFFFFFFFFFFFFFFFF30
:1010D000FFFFFFFFFFFFFFFFFFFFFFFFFFFFFFFF20
:1010E000FFFFFFFFFFFFFFFFFFFFFFFFFFFFFFFF10
:1010F000FFFFFFFFFFFFFFFFFFFFFFFFFFFFFFFF00
:10110000FFFFFFFFFFFFFFFFFFFFFFFFFFFFFFFFEF
:10111000FFFFFFFFFFFFFFFFFFFFFFFFFFFFFFFFDF
:10112000FFFFFFFFFFFFFFFFFFFFFFFFFFFFFFFFCF
:10113000FFFFFFFFFFFFFFFFFFFFFFFFFFFFFFFFBF
:10114000FFFFFFFFFFFFFFFFFFFFFFFFFFFFFFFFAF
:10115000FFFFFFFFFFFFFFFFFFFFFFFFFFFFFFFF9F
:10116000FFFFFFFFFFFFFFFFFFFFFFFFFFFFFFFF8F
:10117000FFFFFFFFFFFFFFFFFFFFFFFFFFFFFFFF7F
:10118000FFFFFFFFFFFFFFFFFFFFFFFFFFFFFFFF6F
:10119000FFFFFFFFFFFFFFFFFFFFFFFFFFFFFFFF5F
:1011A000FFFFFFFFFFFFFFFFFFFFFFFFFFFFFFFF4F
:1011B000FFFFFFFFFFFFFFFFFFFFFFFFFFFFFFFF3F
:1011C000FFFFFFFFFFFFFFFFFFFFFFFFFFFFFFFF2F
:1011D000FFFFFFFFFFFFFFFFFFFFFFFFFFFFFFFF1F
:1011E000FFFFFFFFFFFFFFFFFFFFFFFFFFFFFFFF0F
:1011F000FFFFFFFFFFFFFFFFFFFFFFFFFFFFFFFFFF
:10120000FFFFFFFFFFFFFFFFFFFFFFFFFFFFFFFFEE
:10121000FFFFFFFFFFFFFFFFFFFFFFFFFFFFFFFFDE
:10122000FFFFFFFFFFFFFFFFFFFFFFFFFFFFFFFFCE
:10123000FFFFFFFFFFFFFFFFFFFFFFFFFFFFFFFFBE
:10124000FFFFFFFFFFFFFFFFFFFFFFFFFFFFFFFFAE
:10125000FFFFFFFFFFFFFFFFFFFFFFFFFFFFFFFF9E
:10126000FFFFFFFFFFFFFFFFFFFFFFFFFFFFFFFF8E
:10127000FFFFFFFFFFFFFFFFFFFFFFFFFFFFFFFF7E
:10128000FFFFFFFFFFFFFFFFFFFFFFFFFFFFFFFF6E
:10129000FFFFFFFFFFFFFFFFFFFFFFFFFFFFFFFF5E
:1012A000FFFFFFFFFFFFFFFFFFFFFFFFFFFFFFFF4E
:1012B000FFFFFFFFFFFFFFFFFFFFFFFFFFFFFFFF3E
:1012C000FFFFFFFFFFFFFFFFFFFFFFFFFFFFFFFF2E
:1012D000FFFFFFFFFFFFFFFFFFFFFFFFFFFFFFFF1E
:1012E000FFFFFFFFFFFFFFFFFFFFFFFFFFFFFFFF0E
:1012F000FFFFFFFFFFFFFFFFFFFFFFFFFFFFFFFFFE
:10130000FFFFFFFFFFFFFFFFFFFFFFFFFFFFFFFFED
:10131000FFFFFFFFFFFFFFFFFFFFFFFFFFFFFFFFDD
:10132000FFFFFFFFFFFFFFFFFFFFFFFFFFFFFFFFCD
:10133000FFFFFFFFFFFFFFFFFFFFFFFFFFFFFFFFBD
:10134000FFFFFFFFFFFFFFFFFFFFFFFFFFFFFFFFAD
:10135000FFFFFFFFFFFFFFFFFFFFFFFFFFFFFFFF9D
:10136000FFFFFFFFFFFFFFFFFFFFFFFFFFFFFFFF8D
:10137000FFFFFFFFFFFFFFFFFFFFFFFFFFFFFFFF7D
:10138000FFFFFFFFFFFFFFFFFFFFFFFFFFFFFFFF6D
:10139000FFFFFFFFFFFFFFFFFFFFFFFFFFFFFFFF5D
:1013A000FFFFFFFFFFFFFFFFFFFFFFFFFFFFFFFF4D
:1013B000FFFFFFFFFFFFFFFFFFFFFFFFFFFFFFFF3D
:1013C000FFFFFFFFFFFFFFFFFFFFFFFFFFFFFFFF2D
:1013D000FFFFFFFFFFFFFFFFFFFFFFFFFFFFFFFF1D
:1013E000FFFFFFFFFFFFFFFFFFFFFFFFFFFFFFFF0D
:1013F000FFFFFFFFFFFFFFFFFFFFFFFFFFFFFFFFFD
:10140000814205D051F8043B40F8043B8242F9D8B0
:10141000704700BF044A05494FF0000342F8043BFF
:101420009142FBD8704700BFC036002080CD00201D
:101430002DE98848BFF34F8F00BF00BF00BF00BF3A
:1014400000F0E6F9674B0822C3F8542100BF00BF43
:1014500000BF00BF00BF00BF00BF00BF00BF00BF94
:1014600000BF00BF00BF00BF00BF00BF5E4A5F49B2
:101470005F48FFF7C5FF5F4A5F496048FFF7C0FF5D
:101480005F4CFFF7C7FF4FF470004FF0E0210023DF
:101490005C4AC1F8880D44F823200133B02BFAD1FF
:1014A000594B8021594A03F8011B9342FBD14FF05D
:1014B000E0254C4E4FF08039DFF880B1DFF880A195
:1014C0004FF0FF31C5F8084D0027C6F80491C6F863
:1014D00000B1C6F8F490C6F8F0A0D5F8243DDFF8C6
:1014E000648143F4E0234A4AC5F8243DD8F81C300F
:1014F00023F07F0343F04003C8F81C30D8F82430B1
:1015000023F07F0343F04003C8F824309166D1668E
:101510001167516700F084F93E4B3F49A3633F4B8D
:10152000E36363236B610323AF612B613C4BC5F81D
:10153000203DD5F8FC3D43F08073C5F8FC3D394BA8
:101540001A6842F001021A605B680B6000F0F0F963
:10155000C6F804913448C6F800B1C6F8F490C6F84D
:10156000F0A000F01DFCD8F86C10304B304A41F46C
:101570004051C8F86C101F60C3F80871C3F81871A7
:10158000C3F82871C3F83871936BDB0708D442F6AF
:101590001563284951651365936B43F00103936309
:1015A000234A254C936843F00113936000F006F939
:1015B00000F00AFC00F0EAF900F02CF92368132B84
:1015C000FCD900F07BFA2368B3F5967FFBD300F0DB
:1015D00025F900F021F900F0DFFB00F0D9FB30BF66
:1015E000FDE700BF00800D4038BB0000CC2100604B
:1015F00000000000C036002008DD00600000002070
:10160000003400206180000000E400E0A0E400E07D
:1016100000C00A40F59F000050BA0020F99F00006A
:1016200000002020001000E00046C32300400840D6
:1016300000400D400000C05654BA00201B10182076
:101640000C0D111300C00F40054B4FF42A01054A41
:1016500005485A641864054A99639546FFF7E8FE01
:1016600000C00A40AFAAAAAA070020000000072075
:101670001BB9124B1B6F9B041ED400F03F000F4B95
:1016800022F0604221F0604140F489101867C3F8ED
:101690008010C3F890201A6F22F480521A671A6FD4
:1016A000002AFCDAD3F87011054A0A40C3F8702109
:1016B0001A6F22F480321A67704700BF00800D4015
:1016C000FF7F7FFFB1F5607FF0B50E468DB028BF7C
:1016D0004FF460760F46054672B62E4B00247022FA
:1016E000186021462C4B2D481C8000F049FBCFB1DF
:1016F00021462A484FF0010C4A0901F01F0301312D
:1017000050F822400CFA03F38E4243EA040340F8F7
:101710002230F1D8284600234380013300F582703F
:101720009E42F9D81E4C257815B162B60DB0F0BDB9
:10173000082000F045FB1B4B80220646009302A9BF
:101740000693194B0271056008A8029300F034FB60
:1017500006A9164A304600F017FB069B08A8DB686E
:101760009847009B02A8DB6898472378002BDCD1C0
:101770000F4B104AC3F858210F49D0204FF0E023F7
:10178000402281F84600C3F808210123237062B685
:101790000DB0F0BD003F002010CD0020083F00201C
:1017A0002ACD0020BC1D00205D7000001B10010030
:1017B000003400206970000000E400E0104BA0201D
:1017C000104AD96E41F4403110B4D96640F2376402
:1017D000D96E41F44071D96654649064936C1B06D1
:1017E000FCD4094A40F23761A02351649364936C9E
:1017F00013F08003FBD1054A13705DF8044B70476A
:1018000000C00F4000400C4000800C4032CD002052
:10181000704700BF704700BF704700BF00BF7047F0
:1018200010B44FF0E023002110243148C3F8941D78
:10183000C3F89C4D1124C3F8A00D2E48C3F89C4D4D
:101840001224C3F8A00D2C48C3F89C4D2B4AC3F8B2
:10185000A00D2B4C42F015022A48C3F89C4DC3F84A
:10186000A00D294C2948C3F89C4DC3F8A00D284C65
:10187000C3F89C2D2748284AC3F8A04DC3F89C0DF7
:10188000C3F8A02D02F5A022244C0C322448C3F842
:101890009C4DC3F8A02D234AC3F89C0D224CC3F8DD
:1018A000A02D02F14062C3F89C4D2048C3F8A02D42
:1018B0000C32C3F89C0DC3F8A02D00BF00BF00BFC1
:1018C00000BF00BF0122C3F8942DBFF34F8FBFF3B9
:1018D0006F8FC3F8501FBFF34F8FBFF36F8FD3F8D5
:1018E000142D5DF8044B42F44032C3F8142D7047B8
:1018F0003F000010250008070900100080CD0020DF
:101900001300200021000207140000202500081306
:10191000090000101600202027000B1317000040BC
:10192000180000602F000B07190000701A000080DB
:10193000F0B4154A40274FF480314FF480564FF4ED
:1019400000554FF4404443F24200136913F0020F74
:101950000ED113F4005F0FD013F4805F0ED0002B74
:10196000F3DA13F4803F0BD15B060BD5F0BC704764
:10197000946151619061E8E75561E6E75661E4E7FB
:101980009161E2E75761E0E700800D403F4A0320A4
:101990003F49F3EE095AD2F880304FF0000C9FED2A
:1019A0003D6A23F001039FED3C5A30B4C2F8803009
:1019B000C2F89000D1F8E010384DCBB2384C39481D
:1019C0002B6007EE903A0B0DC1F30B21F8EEE77A8E
:1019D00006EE903A07EE101A334BB8EEC77A216044
:1019E000F8EEE66A314937EEC66A37EEC55A76EE4A
:1019F000C76A77EEE57A26EE266AC3ED006A25EE21
:101A0000265AD2F8803067EEA64AC0ED007AC6EEBC
:101A1000275A274885EE276AC4EEA76A75EE875ACB
:101A2000FCEEE55A36EE076A15EE904ABCEEC66A41
:101A300043EA045376EE877AC2F8803016EE103A05
:101A4000D2F89041FCEEE77A01EA0341214317EE18
:101A5000903AC2F89011C3F30B03D2F890110B43E4
:101A60001449C2F89031D2F8803043F00203C2F832
:101A70008030114B80F840C0C1F840314FF0E02376
:101A8000012230BCC3F80821704700BF00810D401F
:101A900000441F400000AA420000B44264B5002088
:101AA00060B5002068B500206CB500200000FF0F75
:101AB00000E400E00034002025820000314B40F6B5
:101AC000617210B5C3F8202140F2044400F06CF9B3
:101AD0002D4A2E49D2F880302D4843F00303C2F836
:101AE00080302C4BC1F8604102681A4203D1D1F812
:101AF000A8319A071BD0254A4FF00041244B596367
:101B0000D2F8403143F00203C2F84031D2F84031FC
:101B10009B07FBD44FF400304FF0E0211C4B4FF0FB
:101B20000042C1F88C0219209A6300F041F9184A6A
:101B30004FF08040154C002190630A20164B116035
:101B40004FF46072C4F8A801184600F019F94FF478
:101B5000800203464FF4810040F243111860C4F83C
:101B600058311A640D4B0E4AC4F84811C3F80422C8
:101B70004FF0E0224FF400310123C2F80C11C4F8F9
:101B8000403110BD00800D4000C00F4000002E40CD
:101B900000900D40001C1E000000002000340020BA
:101BA000D584000008B50E4B1B6E9B0700D4FBBE0E
:101BB00072B60C4B00200C4AC3F8400103F160439D
:101BC0000A49A3F55F2311649D46BFF34F8F4FF47D
:101BD00000130748074ADB6902609B68984700BF0B
:101BE00000441F4000002E4000C00A4003002000B7
:101BF00000802020000012EB43690A4A03EB011029
:101C000010B4037A084C02EB0313D3E901321460D9
:101C1000C2681A6003690BB142691A605DF8044B2F
:101C2000704700BF2C1E002061F801004369027E4E
:101C300003EB021292F808C08C451CD01A7AFF2AD6
:101C400019D0914210B5044616D01A7EFF2A06D04C
:101C50000121D3E9002312681A4201D1217610BD77
:101C6000064B0522204603EB0C135B681A60FFF756
:101C7000C3FF2176F3E770470021EAE72C1E00201E
:101C800043690A4A03EB011010B490F82830084C5D
:101C900002EB0313D3E901321460C26A1A60036BCA
:101CA0000BB1426B1A605DF8044B70472C1E00208C
:101CB00061F801004369427E03EB021292F828C0EA
:101CC0008C451ED093F82820FF2A1AD0914210B5D7
:101CD000044617D093F83820FF2A06D00121D3E913
:101CE000002312681A4201D1617610BD064B05220D
:101CF000204603EB0C135B681A60FFF7C1FF6176A7
:101D0000F3E770470021EAE72C1E002016494269DC
:101D10008B6B23F47C0343F4802370B58B63044600
:101D2000124DD2E900130A681A4303690A600222BD
:101D300000211A610E4A19619A6401225A629D6259
:101D40004FF43035DD624FF001159E6C1E6519624F
:101D50009D651A61017EFFF74FFF617E2046BDE859
:101D60007040FFF78DBF00BF00C00F40B80B0505E6
:101D70003B372819F8B500BFF8BC08BC9E46704731
:101D80005FF800F099B600005FF800F039760000C7
:101D90005FF800F0C57B00005FF800F079B7000045
:101DA0005FF800F019A000005FF800F0E194000077
:101DB0005FF800F0E17900005FF800F0D1700000FA
:101DC0005FF800F0097D00005FF800F06D7F000013
:101DD00045000000013D0000496400003D7700001F
:101DE00024035400650065006E0073007900200034
:101DF0004D004900440049002F0041007500640077
:101E000069006F0018035400650065006E007300E0
:101E100079006400750069006E006F000403090416
:101E200009025501060100C032080B00020202013E
:101E30000009040000010202010005240010010550
:101E4000240101010424020605240600010705827D
:101E50000310001009040100020A00000007050336
:101E6000024000000705830240000009040200024E
:101E700001030000072401000125000624020101DE
:101E800000062402020200092403010301020100EA
:101E900009240302040101010009050402400000B5
:101EA0000000052501010109058402400000000031
:101EB0000525010103080B030301010000090403C8
:101EC0000000010100000A240100013E0002040597
:101ED0000C24020102060002030000000924030290
:101EE00001010001000C24020301010002030000B3
:101EF000000A24063103010102020009240304023E
:101F00000600310009040400000102000009040475
:101F1000010101020000072401020301000B240259
:101F2000010202100144AC0009058509B40001005A
:101F3000000725010000000009040500000102005F
:101F40000009040501020102000007240103030146
:101F5000000B2402010202100144AC000905050532
:101F6000B400010086072501000000000905861164
:101F7000030001050000000009025501060100C030
:101F800032080B00020202010009040000010202F3
:101F900001000524001001052401010104240206AA
:101FA000052406000107058203100005090401004D
:101FB000020A000000070503020002000705830271
:101FC00000020009040200020103000007240100CE
:101FD0000125000624020101000624020202000974
:101FE0002403010301020100092403020401010189
:101FF0000009050402000200000005250101010995
:1020000005840200020000000525010103080B03FE
:1020100003010100000904030000010100000A247B
:102020000100013E000204050C2402010206000228
:10203000030000000924030201010001000C240236
:102040000301010002030000000A2406310301011C
:1020500002020009240304020600310009040400FE
:10206000000102000009040401010102000007242C
:1020700001020301000B2402010202100144AC0022
:1020800009058509B40004000007250100000000CF
:102090000904050000010200000904050102010213
:1020A0000000072401030301000B240201020210B7
:1020B0000144AC0009050505B400040086072501AC
:1020C000000000000905861104000407000000005C
:1020D0000A060002EF0201400100000080C00F402C
:1020E000000000031900000010000000E8841F40F9
:1020F00001000000FF000000FF00000000000000E1
:10210000000000001800000010000000E4841F40E0
:1021100001000000FF000000FF00000000000000C0
:10212000000000001F00000055A8000070C00F4014
:10213000000C00001100000011000000E0841F40AE
:10214000020000002400000012000000E0841F4094
:10215000010000001000000011000000DC841F409E
:10216000020000002500000012000000DC841F4077
:10217000010000001E00000049A8000070C00F40D0
:10218000C00000001200000013000000D0841F40B7
:1021900001000000FF000000FF0000000000000040
:1021A000000000001300000013000000CC841F405A
:1021B00001000000FF000000FF0000000000000020
:0C21C000000000001C0000003DA8000012
:1021CC000000000000000000000000000000000003
:1021DC0000000000000000000000000000000000F3
:1021EC000548064B1B1AD90F01EBA301491002D06D
:1021FC00034B03B118477047C0360020C03600208F
:10220C000000000008B5054B1BB105490548AFF3AC
:10221C000080BDE80840FFF7E3BF00BF00000000EE
:10222C0038AE00200020016010B500230446104693
:10223C000D4A617223722260C4E9033019B18A001D
:10224C0019460BF009FB094A136853B11A465B692E
:10225C00002BFBD154610023204663616360A372A1
:10226C0010BD1460F7E700BFC81C0020043F00201D
:10227C0003460022144910B4144C43F8344B4FF469
:10228C000074C0E903230B680481C0E90D22CBB1B3
:10229C001A465B69002BFBD150610D4900230D4A96
:1022AC000D4C01604FF4805182610C4A43614360D4
:1022BC008372C0E90741C0E909235DF8044BC0E90A
:1022CC000B3370470860E8E7043F0020C81C00206F
:1022DC00841D002090298F0460EA8E0480F9855AB1
:1022EC000022034613494FF4806C10B4124C43F88F
:1022FC00284BA0F808C0C0E903230B68C0E90A22E8
:10230C00C0E90C229BB11A465B69002BFBD15061D2
:10231C0000224FF4803309495DF8044B426142605E
:10232C0082720160C0E90633C0E908337047086067
:10233C00EEE700BF043F0020C81C0020BC1C00209E
:10234C001349002238B5134D04460B680560026131
:10235C000281C260D3B11A465B69002BFBD1546178
:10236C0000230D494FF0804204F138006360A372E2
:10237C002160A386C4E90533C4E90733C4E90932F3
:10238C00C4E90B3306F05EFE204638BD0860E7E773
:10239C00043F0020C81C0020141D00200D49002201
:1023AC0010B40B680C4C026104600281C2607BB1FA
:1023BC001A465B69002BFBD150610023074A5DF87C
:1023CC00044B43614360837202600376C3617047C0
:1023DC000860F2E7043F0020C81C0020601D0020AC
:1023EC000F49002210B40B680E4C0261046002818C
:1023FC00C2609BB11A465B69002BFBD150610A4944
:10240C0000220A4C0B88046001335DF8044B4261D6
:10241C00426082720B80C0E9062370470860EEE7C9
:10242C00043F0020C81C00201ACD0020541D0020A1
:10243C00484A2DE9F04F147883B0002C34D0DFF8E3
:10244C0040B1454BDFF83CA1DFF83C91434CDFF841
:10245C003C81434F434E444D0D210020019307F026
:10246C0013FB019B092153F820300020CBF80030DE
:10247C0007F00AFB40F6B831CAF80000FA2007F062
:10248C0003FB0223D8F80010C9F8000000202360D9
:10249C0007F0FAFA3168034600203B6007F0F4FAC3
:1024AC00286003B0BDE8F08F0D21204607F0ECFA50
:1024BC00294BDFF8CCB053F820102046DFF8C4A02D
:1024CC00CBF800100921DFF8C090019307F0DCFA7B
:1024DC0040F6B831CAF80000FA20DFF8B08007F0F7
:1024EC00D3FA0521C9F80000012007F0CDFA1F49E5
:1024FC001C4E086005210120194F07F0C5FA1C4934
:10250C00194D08600421012007F0BEFA1949086032
:10251C000521012007F0B8FA174908602046D8F8C1
:10252C00001007F0B1FA31683860204607F0ACFAB9
:10253C001249844620460968C5F800C007F0A4FA81
:10254C00044A064C1278019B2060002A84D103B007
:10255C00BDE8F08F37CD00206406002044430020F6
:10256C0040B40020442F002044B40020482F002009
:10257C00302F0020342F00203C2F0020182F00205B
:10258C0008B5002070B500205C310020142F00200D
:10259C0070B51E4C1E4923681E4D03EB83031E4A67
:1025AC002E6801EBC30102F1280C1C48043951F8C8
:1025BC00043F334400EB8303D3ED007AFDEEE77A5E
:1025CC00E2EC017A6245F2D11549164804F07EFD21
:1025DC0078B91349144804F079FD00B970BD002195
:1025EC00114804F069FD0921002007F04DFA206024
:1025FC0070BD00210B4804F05FFD0D21002007F099
:10260C0043FA0A4B53F820302B60E2E770B50020F8
:10261C00CC14002008B5002010AE00204C2F002058
:10262C00009F240050A7002074B5002064060020F1
:10263C000F4B93ED007A9FED0C6BB7EEC77AB4EEAF
:10264C00C67BF1EE10FA0DDD0A4B03F1280203F103
:10265C00140C52F8040D196843F8040B634511600F
:10266C00F7D17047FFF794BFCDCCCCCCCCCCEC3FA2
:10267C0060A7002010AE002010B547F2305113486F
:10268C0004F024FD00B910BD114C00210F4804F0DA
:10269C0013FD0221002007F0F7F90E4A04EB80032A
:1026AC00032100201B68136007F0EEF903460A4A69
:1026BC000621002004EB83031B68136007F0E4F988
:1026CC0004EB8000054B02681A6010BD38440020F2
:1026DC00980600202C440020304400203444002074
:1026EC0070B444F6CC431249124A4FF48040124D58
:1026FC00124C6B624B6253622362114EC2E9073378
:10270C00C1E907334FF40043F0618B6141F6991135
:10271C00EB61E36140F6CC43B1612B62636247F23B
:10272C0033339361074A084BD061D86170BC704752
:10273C0098B40020D0B4002068A7002048A800203E
:10274C00D8A70020A0A7002080A80020000000002F
:10275C000F2008B507F0CCF907EE900A9FED167A1A
:10276C00F8EEE77A9FED126B67EE877AB7EEE75AD1
:10277C00B4EEC65BF1EE10FA11D4DFED106A9FEDEA
:10278C00107A104BA7EEA67A0F48C3ED007ABDE87D
:10279C000840FCEEC77A17EE901A04F023BE094BE2
:1027AC000022002108481A60BDE8084004F01ABE57
:1027BC00B81E85EB51B89E3F0820803A00000143BB
:1027CC00EE7CFF3E64A70020E842002008B51C48C0
:1027DC0004F000FC00B908BDFFF72AFE00211948DF
:1027EC0004F06AFC0021184804F066FC002117482C
:1027FC0004F062FC0021164804F05EFC0021154830
:10280C0004F05AFC0021144804F056FC0021134833
:10281C0004F052FC0021124804F04EFC0021114837
:10282C0004F04AFC0021104804F046FC00210F483B
:10283C0004F042FC00210E48BDE8084004F03CBC0A
:10284C001444002050A7002074B500205CBA00206E
:10285C00384400204844002058440020684400209C
:10286C00344300200443002014430020F442002091
:10287C002443002008B51C4B186830B1012820D027
:10288C00022810D0032822D008BD0146032007F0EF
:10289C00A9FBFF21042007F0A5FB0A210520BDE8B8
:1028AC00084007F09FBB0021032007F09BFB0A2187
:1028BC00042007F097FBFF210520BDE8084007F036
:1028CC0091BBFF21032007F08DFB0021F0E7FF21D6
:1028DC0007F088FB0A21042007F084FB0021052067
:1028EC00BDE8084007F07EBB4443002010B500242F
:1028FC0002E0323407F054F9002007F0F9F90346EE
:10290C003220002BF5D02146034807F053F802483B
:10291C00BDE8104007F05AB8BC26002038B538483E
:10292C0004F058FB88B9374B1868012815D00228D9
:10293C0027D003283ED00023334C34483449354A41
:10294C00A36143628B61536238BD0521012007F0FE
:10295C009BF82C4B01281860E9D100222B4B45F633
:10296C0099102B4C5A86A2612B492C4CC3E9082098
:10297C00254A906141F205322948DA61C1E90640E5
:10298C0038BD244B00212048214C816119625986A5
:10299C0040F28F21234A2448A1614FF080542349EF
:1029AC005462C2E9060145F6991041F205315862AC
:1029BC00D96138BD154B0021164A45F69910124DB8
:1029CC00586250621962598611625186A861154984
:1029DC001548114C8861A0F59B305838C8614FF0F0
:1029EC008050486241F205310948D96140F28F2389
:1029FC00D1618361094A0A4BC4E9062338BD00BF83
:102A0C0014440020482F002038AA002058AA002087
:102A1C0024AC002044AC0020E8AB0020D8BAA503BD
:102A2C00809AA503D4AD0020082DC007B0F6BE07D0
:102A3C00BB4AB6EE006B4FF4804392ED007AB8EED1
:102A4C00C77B2DE9F04127EE066BB64C6362B7EEFF
:102A5C00C66BB5EEC06AF1EE10FA00F1A081DFEDA5
:102A6C00B26AB4EEE66AF1EE10FA40F3ED80AF4BC9
:102A7C00E361B5EE005BAE4D4FF4804327EE057B72
:102A8C006B62B7EEC77BB5EEC07AF1EE10FA00F1CF
:102A9C003A81DFEDA56AB4EEE67AF1EE10FA40F376
:102AAC00B980DFEDA17A40F63D23A049B4EEE77A78
:102ABC00A04AE9615362F1EE10FA40F3D4809B4BCB
:102ACC00D361B5EEC06A9C4940F63D23F1EE10FA95
:102ADC004B6200F16181DFED947AB4EEE76AF1EEBE
:102AEC0010FA40F38880914BCB6100234FF0010822
:102AFC00924F49F69910924E0B62A1F8328091498F
:102B0C001362B961B161A1F5AD518F4B0C39A2F8CB
:102B1C0032808E4AF961F1614FF080511062796216
:102B2C0071628B498B4F9961A1F57C518A4E30397A
:102B3C0038623062D96189498948596241F205335A
:102B4C00D36149F62C03FB61864BF36104F042FA26
:102B5C00002840F02781844B1868431E022B40F25A
:102B6C009080032800F03081002249F62C0122626B
:102B7C002A620322628601226A867A4A012BF96153
:102B8C00F26140F294806421002006F07DFF07EE94
:102B9C00900AF8EEE77AF5EEC07AF1EE10FA40F210
:102BAC0028819FED727A67EE877AFDEEE77A17EE51
:102BBC00903A002B00F0258172B66D4A6D49D069B0
:102BCC001162884200F08F8180FAA1F4EFF3008546
:102BDC002D0140F101815D1C022D04D991FBF3F113
:102BEC0090FBF3F3CC1A002C00F0FB805462012311
:102BFC00137662B676E0DFED607A4C4826EE276AF3
:102C0C00FCEEC67A17EE903AC1ED077A83423FF696
:102C1C006AAF6AE7DFED587A444A67EE277AFCEE32
:102C2C00E77A17EE903AC5ED077A93423FF639AF43
:102C3C00B4EEE67A3F4A40F63D21F1EE10FA5162CD
:102C4C003FF73DAFD3613CE7DFED4B6A374A66EEA9
:102C5C00266AFCEEE66A16EE903AC4ED076A9342D9
:102C6C003FF605AF05E7DFED447A27EE277AFCEE59
:102C7C00C77A17EE903AC2ED077A8B423FF61FAF38
:102C8C001FE70022012822622A624FF004026286AA
:102C9C006A8640F08E80394A012B3949E262394A02
:102CAC00F961EA6244F61642F2613FF66CAF364CBB
:102CBC003648216804F00AFA002840F0DA80D4ED96
:102CCC00007A334BF8EEE77A304893ED007A67EEF2
:102CDC00877AFCEEE77A17EE901A04F0F7F90028E1
:102CEC0040F096802B4B93ED007A9FED0B6BB7EE7B
:102CFC00C77AB4EEC67BF1EE10FA02DD194BFB611C
:102D0C00F361BDE8F08100230A4A40F63D21EB61F6
:102D1C00D3615162D5E600BF666666666666E63FBD
:102D2C0010AE002068BD00200044AC460000FE7FC1
:102D3C00F8BE002088C0002018C2002008BB00206C
:102D4C0068BB00207C033103A8BA0020E4BA002041
:102D5C0090298F0444BB0020A4BB0020D0CCCC0C09
:102D6C00144400205BDC0E00302F002066663042DD
:102D7C004C430020C0196626C637BE47C812002037
:102D8C002D6E0700C41000205C3100204844002048
:102D9C004C31002060A700200023CB61A5E6002366
:102DAC00E36166E64046052106F06EFE6C4B18604A
:102DBC00D3E602287FF4D5AE6A4A44F61641E262A5
:102DCC00694AEA62694AD9E6694A6A49E2626A4A28
:102DDC00EA6249F62C02D1E694FBF3F4002C7FF462
:102DEC0005AF664B9842B4BF01204FF0FF305062E4
:102DFC00FDE672B6624B002260491A76D96162B662
:102E0C0070E772B65E4A5D491376D16162B669E7C6
:102E1C004FF47A714FF4FA7006F036FE07EE900A12
:102E2C00F8EEE77AF5EEC07AF1EE10FA65D99FED7F
:102E3C00557A67EE877AFDEEE77A17EE903A002B1B
:102E4C006AD072B64E4A0021D0691162002800F097
:102E5C00848080FAA1F1EFF3008424014AD55C1C34
:102E6C00022C02D990FBF3F35942002962D0516233
:102E7C00BDE60021444804F01FF96421002006F04F
:102E8C0003FE07EE900AF8EEE77AF5EEC07AF1EE63
:102E9C0010FA39D99FED3B7A67EE877AFDEEE77A27
:102EAC0017EE903A002B3ED072B6354A3349D069B2
:102EBC00116288424DD080FAA1F5EFF3008C1CF022
:102ECC00006F14D003F1010CBCF1020F04D991FB7B
:102EDC00F3F190FBF3F3CD1A002D32D055620123A0
:102EEC00137662B6EBE60023137662B6FAE695FB30
:102EFC00F3F5F1E791FBF3F1B7E772B6204B002243
:102F0C00DA611A7662B6EDE672B61D4B1B4ADA61CF
:102F1C0000221A7662B6D2E672B6194AC2ED077A68
:102F2C00137662B6DEE672B6154A1376134BD3618E
:102F3C0062B6C4E60028B4BF01234FF0FF335362DE
:102F4C0055E60E4B9842B4BF01204FF0FF30506253
:102F5C00C5E70023137662B6B1E6107662B6C1E619
:102F6C00302F0020BC0C0020B80A00202D6E07006A
:102F7C00B00600205BDC0E00B4080020C0196626E9
:102F8C004C430020666630424844002070B58D4E9C
:102F9C0043F233318C4B32688C4D03EB8203696204
:102FAC00D3ED007AF8EEE77A2DED028BF5EEC07AD0
:102FBC00F1EE10FA00F1C3809FED857AF4EEC77A3A
:102FCC00F1EE10FA40F38580824BEB61824A43F2BA
:102FDC003333824C92ED007A636277EEC77AF5EE6A
:102FEC00C07AF1EE10FA00F18D809FED797AF4EE53
:102FFC00C77AF1EE10FA5EDD764BE361784803F0A8
:10300C00E9FF002840F08680764B1868431E012BA0
:10301C0040F28A8000232B626B8623626386724B9C
:10302C007248196804F052F8002840F08B80704BFD
:10303C00F6EE007A93ED008AB4EEE78AF1EE10FA20
:10304C0027DD9FED6C0AF3EE047A28EE000AB4EE4D
:10305C00E70AF1EE10FA4BD5674A684C38EE088A4D
:10306C00674B4FF08051B5EEC08A5962C3E90642F6
:10307C00F1EE10FA7FD4DFED567AB4EEE78AF1EE7A
:10308C0010FA7EDD4FF000435E4ABDEC028BD3613B
:10309C0070BD5B494FF000545B485C4B594A4C6225
:1030AC00C1E90603BDEC028B49F6991041F66F633A
:1030BC001062D36170BD9FED567A464A67EE877AEF
:1030CC00FCEEE77A17EE903AC4ED077A934293D868
:1030DC0094E79FED4F7A3F4A27EE877ABCEEC77A8A
:1030EC0017EE103A85ED077A93423FF66DAF6DE718
:1030FC00DFED487AB4EEE70AF1EE10FA4EDD464AFF
:10310C00464CABE700233648E36103F063FF00282D
:10311C003FF47AAF0421012006F0B6FC314B186065
:10312C00431E012B3FF676AF0023042201282362B5
:10313C00628618D12B623A4B6886E3626FE70023F4
:10314C00EB6143E70021294803F0B6FF052100207D
:10315C0006F09AFC306072B6324B002232491A7675
:10316C00D96162B663E702287FF454AF2C4A2B6214
:10317C006B86E26253E70023224ABDEC028BD361DB
:10318C0070BDDFED237A1F4A28EE278AFCEEC87A41
:10319C00BDEC028B17EE903AD36170BDDFED237A54
:1031AC0020EE270AF0EE407AFEEEE07A17EE904A17
:1031BC0009F036FCF0EE407AFEEEE07A17EE902A3B
:1031CC004CE700BF382F002010AE0020A8C3002011
:1031DC000044AC460000FE7F3044002038C500207F
:1031EC0014440020342F00205C310020584400206F
:1031FC0060A700200000FA44DE571700DF571700C5
:10320C0000BC00203CBC0020D8BAA503809AA503C2
:10321C00C637BE4700D08946008C3C4B00BE6C5074
:10322C00C00E002074430020C01966269365153823
:10323C0038B5634D63482C682DED028B03F0CAFE44
:10324C00002840F09780604B1868431E022B4BD827
:10325C0095ED007AB7EE086BB8EEC77B27EE067BD0
:10326C00FDEEC77B17EE901A584803F02FFF00288D
:10327C004DD1574B18684FF480425649564B01EBD1
:10328C0080015A62D1ED007AF8EEE77AF5EEC07A59
:10329C00F1EE10FA69D49FED517AF4EEC77AF1EEA3
:1032AC0010FA54DD4E4ADA614E4C00214E4A4FF46E
:1032BC00804094ED007A196277EEC77A5986506295
:1032CC00F5EEC07AF1EE10FA52D49FED447AF4EE9A
:1032DC00C77AF1EE10FA2CDD414BD3610023BDEC23
:1032EC00028B1362538638BD04284AD007EE904AED
:1032FC00B7EE086B3548B8EEE77B27EE067BFDEEA4
:10330C00C77B17EE901A03F0E1FE0028B1D0002124
:10331C002E4803F0D1FE0A21052006F0B5FB2C4BFC
:10332C00186072B6314A002131481176D06162B60C
:10333C00A0E79FED307A2A4967EE877AFCEEE77AB0
:10334C0017EE903AC2ED077A8B42C5D8C6E79FEDCF
:10335C00297A234927EE877ABCEEC77A17EE102A12
:10336C0083ED077A8A429DD89EE70022DA619BE7BB
:10337C00D161B3E70521012006F086FB124B1860E2
:10338C0063E70146002095ED008A06F07DFB1A4BA1
:10339C000246B8EEC88A052103EB82030120D3ED67
:1033AC00007A28EE278A06F06FFB07EE900AB8EE3B
:1033BC00E77A27EE087AFDEEC77A17EE901A53E7F4
:1033CC005C310020144400203C2F00206844002075
:1033DC00402F002010AE0020C8C600200044AC4690
:1033EC000000FE7F3444002058C800209C4300207D
:1033FC0060669919C637BE474C3100205B4B40F6CE
:10340C005C725B4810B59A6103F0EEFD002876D033
:10341C00584B4CF6CC41584A1B681162DB0007EE46
:10342C00903AF8EEE77AF5EEC07AF1EE10FA09D49C
:10343C009FED527AF4EEC77AF1EE10FA7BDD4FF085
:10344C00004300E00023D36172B64D4C00234D4A7B
:10345C002376E26162B6FFF749FA454803F0BAFDFC
:10346C0040B3444B4CF6CC41434A1B6811629B0061
:10347C0007EE903AF8EEE77AF5EEC07AF1EE10FA34
:10348C0016D49FED3E7AF4EEC77AF1EE10FA33DCE7
:10349C009FED3D7A67EE877AFCEEE77A17EE903A6D
:1034AC00D36172B6374A0023E261237662B610BD4F
:1034BC000023F5E73549364803F008FE0028D0D143
:1034CC0072B6E2692062002A4DD082FAA0F0EFF3C6
:1034DC0000831B012F4940D5D31781FB0201A3EBBD
:1034EC00E12323B9002AB4BF01234FF0FF336362F9
:1034FC000123237662B610BD4FF00043D0E772B6BD
:10350C001F4CE26920622AB382FAA0F0EFF3008329
:10351C001B01204918D5D31781FB0201A3EBE12332
:10352C0023B9002AB4BF01234FF0FF336362012398
:10353C00237662B691E79FED147A67EE877AFCEEFC
:10354C00E77A17EE903A7EE7C31781FB0010C3EBC6
:10355C00E023E5E7227662B67FE7C31781FB001014
:10356C00C3EBE023BDE7227662B610BD10A80020A5
:10357C001444002010AE002088B500200044AC4656
:10358C00EC4300200000FF7FC637BE47009F24009D
:10359C0050A70020F7F3A027124B1A6802605A6854
:1035AC0042609A688260D968C0E90C22C1605A698D
:1035BC0081630261DA69196942611A6AC1628261C6
:1035CC005A6AC163C26159691A6A0164026210B411
:1035DC009C69DB69846244644362C0E912325DF821
:1035EC00044B704710AE00201F4A204B116810B4DA
:1035FC00946819609C60C3E90C44D4695C615C629A
:10360C009C64146A9C611C62DC64D468DC609C63FE
:10361C0054691C611C6494699C625C641469DC626E
:10362C00DC635468526A5C60DA6101605A6842601B
:10363C009C68C0E90D218460DA685DF8044BC260B7
:10364C001A6902615A6942619A698261DA69C261D6
:10365C001A6A02625A6A42629A6A8262DA6AC262BE
:10366C001B6B0363704700BF10AE00207C3B002037
:10367C0038B5274D04462846FFF78EFF2A6822608E
:10368C00696861606B6BA360AB68E3606B6B236113
:10369C00EB6863616B6BA361EB6AE3616B6B236239
:1036AC002B6B63626B6BA362AB6BE3622B69236363
:1036BC00AB6B6363EB6BA363AB6AE363EB6B686B42
:1036CC002364C4F88830AB6BC4F88C302B6C636407
:1036DC00E364C4F884306B69A3646B6C2365A365E5
:1036EC002366C4F88030AB6C6366E366E367EB6C0F
:1036FC002367A367AB6963656B6AE3652B6AA36693
:10370C00EB696367C4E92401C4F8982038BD00BF95
:10371C007C3B00200F4B1A6902601A6842609A6861
:10372C0059688260DA684163C26002635A69026157
:10373C001A6A196942619A6982615A6A10B4C26143
:10374C005C69DB69C0E90A41C0E908335DF8044BE8
:10375C00704700BF10AE0020114B10B50446184640
:10376C00FFF7D8FF03682360436863608368A36036
:10377C00C368E36003692361436963618369A3617F
:10378C00C369E361036A2362436A6362836AA36267
:10379C00C36AE362036B2363436B636310BD00BFB7
:1037AC005C3D002038B5174B04461846FFF7B2FFB6
:1037BC00036823604268A360626082682361E260F0
:1037CC00A3612362A3622363A3632364A3642365BD
:1037DC00D0E903126161E261D0E905126162E26233
:1037EC00D0E907126163E263D0E90912E264616413
:1037FC00D0E90B51426BC4E91553C4E91713626647
:10380C0038BD00BF5C3D00200D4B1A68026082631E
:10381C005A68426042639A68826059690263C16067
:10382C00D3E9031202611A6A816242615A698261A8
:10383C00C2625A6A9969C261DB69C0E908137047B0
:10384C0010AE0020124B10B504461846FFF7DCFFF3
:10385C0003682360436863608368A360C368E360A4
:10386C0003692361436963618369A361C369E3618C
:10387C00036A2362436A6362836AA362C36AE36274
:10388C00036B2363436B6363836BA36310BD00BF44
:10389C00A43C0020124B10B504461846FFF7B4FFA9
:1038AC00C3682360D0E9003262600169E260A16004
:1038BC004269E361C4E904238369A361C369236298
:1038CC00826B036A6262A362426A836B816AC4E997
:1038DC000B32436BC26AC4E90D31C4E90F3210BD1F
:1038EC00A43C0020124B1A6802601A6942609A6864
:1038FC0082605A69C260D96801615A694164426147
:10390C00C164D969026281619969C262C161426311
:10391C001A6910B45C68826404641C6AC0E90914F6
:10392C005B6AC0E90E1203635DF8044B704700BF7D
:10393C0010AE0020174B10B504461846FFF7D2FF07
:10394C0003682360436863608368A360C368E360B3
:10395C0003692361436963618369A361C369E3619B
:10396C00036A2362436A6362836AA362C36AE36283
:10397C00036B2363436B6363836BA363C36BE3636B
:10398C00036C2364436C6364836CA364C36CE36453
:10399C0010BD00BF4C3E0020194B10B50446184614
:1039AC00FFF7A0FF03692360836901686360C26845
:1039BC00A162A260C16982684368C4E90312C2694A
:1039CC00C4E90523026AC4E90723436A6362E3621C
:1039DC00826AC16CC36AC4E90C12C26CC4E90E23BE
:1039EC00826CC4E91023436CD0E90C212365C4E933
:1039FC001232026C836BC4E91512E36510BD00BF73
:103A0C004C3E0020674A07EE900A67494FF0010CC4
:103A1C00664B674810B41278664C53F8223051F854
:103A2C002220654923600A60644980F800C0096857
:103A3C0059B907EE103AB8EEC77AB5EEC07AF1EE86
:103A4C0010FA0ED55E4BD96115E0022927D107EE8D
:103A5C00102AB8EEC77AB5EEC07AF1EE10FA00F182
:103A6C009280DFED586AB4EEE67AF1EE10FA64DD7E
:103A7C00534B554ADA61554BD3ED006A37EE667AF3
:103A8C00B5EEC07AF1EE10FA43D4DFED4E6AB4EE27
:103A9C00E67AF1EE10FA5FDD4D4A4B4BD361F8EE4E
:103AAC00E77AF5EEC07AF1EE10FA3CD99FED497A3F
:103ABC0067EE877AFDEEE77A17EE903A03B372B6AB
:103ACC004549464AC8690A62904265D080FAA2F418
:103ADC00EFF3008C1CF0006F59D003F1010CBCF11A
:103AEC00020F04D992FBF3F290FBF3F3D41A002CDF
:103AFC0041D04C6201230B7662B65DF8044B7047E3
:103B0C0072B6354A35491376D16162B65DF8044B0D
:103B1C007047F8EEE77A2E4B0022F5EEC07ADA61A8
:103B2C00F1EE10FAC2D872B62B4B00222B491A7642
:103B3C00D96162B65DF8044B7047DFED296A224902
:103B4C0067EE266A1E4BFCEEE66A16EE902AC3ED73
:103B5C00076A8A428DD88EE7DFED216A1A4927EE73
:103B6C00267A1B4ABCEEC77A17EE103A82ED077A1A
:103B7C008B4292D893E71B4B9842D4BF01204FF055
:103B8C00FF304862B6E70E4B0022DA6173E794FB14
:103B9C00F3F4002CEFD0ACE700230B7662B65DF8A3
:103BAC00044B704733CD0020FC3D00209C3E002090
:103BBC003ECD0020ACB500204843002040B400208E
:103BCC00E8C900200044AC460000FE7F2C440020D5
:103BDC0078CB002066663042C44300200080FF3F53
:103BEC00C637BE47FF7FFF3F07EE901A2C4B0022D3
:103BFC00F8EEE77A1A70F5EEC07AF1EE10FA38D9D1
:103C0C009FED287A67EE877AFDEEE77A17EE903A09
:103C1C0013B310B472B62449CC690A62002C3CD0A0
:103C2C0084FAA2F2EFF3008C1CF0006F30D003F199
:103C3C00010CBCF1020F02D994FBF3F35A4202B30C
:103C4C004A6201230B7662B618B1184A1378013315
:103C5C0013705DF8044B704772B6134AC2ED077AC5
:103C6C00137662B620B1114A137801331370704782
:103C7C00704772B60C4BDA611A7662B60028F7D030
:103C8C00F1E7002CB4BF01234FF0FF334B62D8E7B0
:103C9C0092FBF3F2002AF4D0D2E70C7662B6D3E7AB
:103CAC003ECD002066663042C443002033CD002058
:103CBC00F8B59C4D04462B6833B1012B47D0032B30
:103CCC0060D0022B22D0F8BD974A1846974F52F875
:103CDC0024103970C9B205F0D7FE132C00F24C85B4
:103CEC00DFE814F08000D0004801A80046029F01D4
:103CFC00C70170016E021702FE02F8009602EF0176
:103D0C002D03980126033F0234036D00884B0020DD
:103D1C00864A53F82430D9B2137005F0B5FE132C33
:103D2C00D1D8DFE814F09704A404A204A0049E04E4
:103D3C00B404B204B004AE04AC04AA04A804A604EF
:103D4C009C049A047F0479048B0485049104794BB8
:103D5C000020764F53F82430D9B23B7005F094FE16
:103D6C000D2C3DD8DFE814F0BF03AD039B03890392
:103D7C0077036503530341032F031D030B03F90260
:103D8C00E303D1036C4B0020684F53F82430D9B2B5
:103D9C003B7005F079FE0E2C00F2EB84DFE814F09A
:103DAC00F003F803F603F403F2033A043804360480
:103DBC0034040004FE03FC03FA03EE03D9035F4B47
:103DCC005F4E53F8203033702B68012B7FF477AFA4
:103DDC00584B002053F82430D9B23B7005F054FEF8
:103DEC002B686CE7574B564E53F8203033702B68CA
:103DFC00012B00F06684032B7FF463AF4E4B002045
:103E0C0019683970C9B205F03FFE2B684E4A022B77
:103E1C0052F8202032707FF456AF454B002053F8F7
:103E2C002430D9B23B7005F02FFE484B53F82030AC
:103E3C003370F8BD464B424E53F8203033702B682C
:103E4C00012B00F02E84032B7FF43BAF3A4B002068
:103E5C00D9683970C9B205F017FE2B683D4A022BA0
:103E6C0052F8202032707FF42EAF314B002053F8E3
:103E7C002430D9B23B7005F007FE374B53F8203095
:103E8C003370F8BD354B2E4E53F8203033702B6801
:103E9C00012B00F02684032B7FF413AF264B00205C
:103EAC0059683970C9B205F0EFFD2B682C4A022B0A
:103EBC0052F8202032707FF406AF1D4B002053F8CF
:103ECC002430D9B23B7005F0DFFD264B53F820307F
:103EDC003370F8BD244B1A4E53F8203033702B68D6
:103EEC00012B00F0E683032B7FF4EBAE124B00208A
:103EFC00D96A3970C9B205F0C7FD2B681B4A022B71
:103F0C0052F8202032707FF4DEAE094B002053F8BB
:103F1C002430D9B23B7005F0B7FD154B53F8203067
:103F2C003370F8BD444300203416002040CD0020EF
:103F3C00CC2600208426002048260020381A002099
:103F4C0034CD00208416002040170020A818002033
:103F5C00B01600207C170020E01800208C160020E2
:103F6C0058170020B8180020781900205C1A00207F
:103F7C00F41A0020BA4BBB4E53F8203033702B6828
:103F8C00012B00F0D683032B7FF49BAEB64B0020A5
:103F9C0099683970C9B205F077FD2B68B34A022BCA
:103FAC0052F8202032707FF48EAEB14B002053F8C3
:103FBC002430D9B23B7005F067FDAE4B53F820307E
:103FCC003370F8BDAC4BA74E53F8203033702B68D0
:103FDC00012B00F09E83032B7FF473AEA24B0020C9
:103FEC00D9693970C9B205F04FFD2B68A34A022B71
:103FFC0052F8202032707FF466AE9D4B002053F8AF
:10400C002430D9B23B7005F03FFD9D4B53F8203066
:10401C003370F8BD9B4B934E53F8203033702B68A4
:10402C00D3E6994B8F4E53F8203033702B68012B0D
:10403C0000F02F83032B7FF444AE8B4B0020596987
:10404C003970C9B205F020FD2B68904A022B52F84A
:10405C00202032707FF437AE854B002053F824308B
:10406C00D9B23B7005F010FD894B53F820303370FA
:10407C00F8BD884B7B4E53F8203033702B68012BE6
:10408C0000F02783032B7FF41CAE774B002099693B
:10409C003970C9B205F0F8FC2B687F4A022B52F834
:1040AC00202032707FF40FAE714B002053F8243077
:1040BC00D9B23B7005F0E8FC784B53F820303370E4
:1040CC00F8BD774B674E53F8203033702B68012BBB
:1040DC0000F03F83032B7FF4F4AD634B0020596B4E
:1040EC003970C9B205F0D0FC2B686E4A022B52F81D
:1040FC00202032707FF4E7AD5D4B002053F8243064
:10410C00D9B23B7005F0C0FC674B53F820303370CC
:10411C00F8BD664B534E53F8203033702B68012B8F
:10412C0000F0EF82032B7FF4CCAD4F4B0020596A8B
:10413C003970C9B205F0A8FC2B685D4A022B52F805
:10414C00202032707FF4BFAD494B002053F824304F
:10415C00D9B23B7005F098FC564B53F820303370B5
:10416C00F8BD554B3F4E53F8203033702B682CE67E
:10417C00524B3C4E53F8203033702B68012B00F01F
:10418C00E082032B7FF49DAD374B00201969397009
:10419C00C9B205F079FC2B68494A022B52F8202051
:1041AC0032707FF490AD324B002053F82430D9B2EA
:1041BC003B7005F069FC434B53F820303370F8BD6D
:1041CC00414B284E53F8203033702B68012B00F0F4
:1041DC009082032B7FF475AD234B0020196A397044
:1041EC00C9B205F051FC2B68384A022B52F820203A
:1041FC0032707FF468AD1E4B002053F82430D9B2D6
:10420C003B7005F041FC324B53F820303370F8BD55
:10421C00304B144E53F8203033702B68012B00F0C8
:10422C00A082032B7FF44DAD0F4B0020196B39701E
:10423C00C9B205F029FC2B68274A022B52F8202022
:10424C0032707FF440AD0A4B002053F82430D9B2C1
:10425C003B7005F019FC214B53F820303370F8BD3E
:10426C00A016002034CD0020482600207017002016
:10427C00CC260020D018002008170020B0170020F2
:10428C0024190020D4190020DC1600209C170020D3
:10429C0004190020F01600206818002010190020C6
:1042AC00A0190020781A00201C1B00202C170020BD
:1042BC00D41700204C190020041A0020C41600202A
:1042CC008C170020F418002018170020C4170020A9
:1042DC003C190020901900206C1A00200C1B0020A7
:1042EC00B04BB14E53F8203033702B68012B00F0DB
:1042FC001882032B7FF4E5ACAC4B0020996A397023
:10430C00C9B205F0C1FB2B68A94A022B52F8202038
:10431C0032707FF4D8ACA74B002053F82430D9B2BC
:10432C003B7005F0B1FBA44B53F820303370F8BD53
:10433C00A24B9D4E53F8203033702B6845E5A04BB3
:10434C00994E53F8203033702B683EE59D4B964EBA
:10435C0053F8203033702B6837E5934E9A4B53F853
:10436C00203033702B68032B7FF4ABAC8F4B0020C9
:10437C0053F824103970C9B205F086FBBDE58A4E9E
:10438C00924B53F8203033702B68032B7FF499AC8D
:10439C00864B002053F824103970C9B205F074FB19
:1043AC00B1E7814E8A4B53F8203033702B68032BC6
:1043BC007FF487AC7D4B002053F824103970C9B2C0
:1043CC0005F062FBB8E6784E824B53F82030337020
:1043DC002B68032B7FF475AC744B002053F824101E
:1043EC003970C9B205F050FBFDE66F4E7A4B53F8AD
:1043FC00203033702B68032B7FF463AC6B4B0020A5
:10440C0053F824103970C9B205F03EFBEDE5664E49
:10441C00724B53F8203033702B68032B7FF451AC64
:10442C00624B002053F824103970C9B205F02CFBF4
:10443C0032E65D4E6A4B53F8203033702B68032BF9
:10444C007FF43FAC594B002053F824103970C9B29B
:10445C0005F01AFBF8E5544E624B53F820303370DC
:10446C002B68032B7FF42DAC504B002053F82410F9
:10447C003970C9B205F008FB8DE64B4E5A4B53F818
:10448C00203033702B68032B7FF41BAC474B002080
:10449C0053F824103970C9B205F0F6FADDE4424E37
:1044AC00524B53F8203033702B68032B7FF409AC3C
:1044BC003E4B002053F824103970C9B205F0E4FAD1
:1044CC006BE5394E4A4B53F8203033702B68032B75
:1044DC007FF4F7AB354B002053F824103970C9B278
:1044EC0005F0D2FAE1E4304E424B53F820303370F1
:1044FC002B68032B7FF4E5AB2C4B002053F82410D6
:10450C003970C9B205F0C0FA7FE4274E3A4B53F824
:10451C00203033702B68032B7FF4D3AB234B00205C
:10452C0053F824103970C9B205F0AEFADCE51E4E12
:10453C00324B53F8203033702B68032B7FF4C1AB14
:10454C001A4B002053F824103970C9B205F09CFAAC
:10455C0071E62B4A2B68144E52F82020022B327035
:10456C007FF4B1AB134B00209B6BD9B23B7005F0C1
:10457C008BFA244B53F820303370F8BD0A4EB3E558
:10458C00094E42E4084E06E6074E66E4064E04E584
:10459C00054E8AE4044E4EE6034EAEE4024EB2E6FD
:1045AC00014EC9E56019002034CD002048260020BA
:1045BC004C1A0020CC260020E41A0020EC19002014
:1045CC00BC190020201A0020B81A0020A81A0020BC
:1045DC0098180020881800207818002068180020EF
:1045EC0058180020481800203818002028180020DF
:1045FC001C180020E4170020D81A0020C81A00202C
:10460C00901A0020301B00205D4EECE55C4EECE473
:10461C005B4E41E55A4E17E55A4A594B52F8202049
:10462C001A70F8BD584A564B52F820201A70F8BD33
:10463C00564A534B52F820201A70F8BD544A504B2E
:10464C0052F820201A70F8BD524A4D4B52F82020D7
:10465C001A70F8BD4A4EFFF7E8BB494E89E7484E41
:10466C0052E5474EA7E5464E07E4454EA5E4444EB9
:10467C002BE4434EEFE5424E4FE4414E53E6404EA1
:10468C006AE53F4EBFE53E4EBFE43D4E14E53C4E61
:10469C00EAE4414B002059693970C9B205F0F4F9CC
:1046AC00C8E63D4B0020D9683970C9B205F0ECF969
:1046BC00E4E6394B0020D96A3970C9B205F0E4F947
:1046CC004CE6354B002019683970C9B205F0DCF99D
:1046DC000AE7314B002099693970C9B205F0D4F959
:1046EC0096E62D4B002059683970C9B205F0CCF90B
:1046FC00E8E6294B0020196A3970C9B205F0C4F9F3
:10470C0062E6254B0020596A3970C9B205F0BCF934
:10471C0048E6214B0020D9693970C9B205F0B4F9CB
:10472C0064E61D4B0020996A3970C9B205F0ACF9EA
:10473C0026E6194B002099683970C9B205F0A4F926
:10474C00AEE6154B002019693970C9B205F09CF919
:10475C0082E6114B0020596B3970C9B205F094F9FF
:10476C00D4E60D4B0020196B3970C9B205F08CF9E9
:10477C00DEE62B68FFF7A5BA2B68FFF79EBA00BFE1
:10478C0034CD00204C1B0020401B0020781B002047
:10479C00601B0020881B0020842600202DE9F0419E
:1047AC00904C0F2582B007468F482570FEF71CFFF2
:1047BC000E238E488E4E2370FEF7CEFF8D4825704B
:1047CC00FFF740F814238C482370FFF7B3F83568D3
:1047DC006DB98A4B1B68022B58D002B0BDE8F08132
:1047EC00874A10780028F8D1FFF70CF93568012DAD
:1047FC0028D1824BD3F80080B8F1020FEDD1814B58
:10480C0081481B6807EE103ABAEEEF7BFCEEC77BD3
:10481C0017EE901A02F05AFC002868D17B4B1878DE
:10482C00002877D17A4A247811788C4298BF10707E
:10483C00012F00F0938027B9714A1078012800F0FD
:10484C00A6803568022DC8D16D4A0023137072B64C
:10485C00704AD1691362002946D081FAA3F3EFF3B1
:10486C00008000014FD56C48CB1780FB0140A3EBB7
:10487C00E02323B90029B4BF01234FF0FF33536267
:10488C000123137662B602B0BDE8F081604B21784B
:10489C001A78914298BF1D70012FA1D0002F9CD186
:1048AC00574A1178012998D1177072B6594AD169B3
:1048BC001762002900F0848081FAA7F0EFF30085DD
:1048CC0015F0006F544D75D085FB0105C817A0EB92
:1048DC002530002867D050620121117662B61A7813
:1048EC00356801321A7082E7117662B675E7464870
:1048FC00002102F0E1FB4146002005F0C5F8434BD6
:10490C00C0B218708CE7444CD81784FB0343C0EB3F
:10491C00E323AEE7012894D1012F36D0002F90D19C
:10492C00374A1378012B8CD10023137072B6394A95
:10493C00D1691362002951D081FAA3F3EFF30080FF
:10494C00040146D545F2226391FBF3F35B42002B45
:10495C0039D053620123137662B672E7284A107875
:10496C0000287FF46EAFCDE90032FFF74BF8009BC7
:10497C00019A1B78012B7FF464AF107800287FF428
:10498C0060AFFFF73FF835685CE71D4AF5E74FF479
:10499C00FA71CDE90032FFF727F9009B019A1B78D9
:1049AC00012BBED04DE70029B4BF01214FF0FF31E0
:1049BC00516291E785FB00C5C017C0EB253088E735
:1049CC00177662B68BE70029A8BF4FF0FF3555620A
:1049DC00C0E745F2226093FBF0F3B8E7117662B6BC
:1049EC0035682FE731CD0020403B0020243D0020CE
:1049FC0044B40020683C0020FC3D002040B4002062
:104A0C003ECD00205C3100201443002035CD002029
:104A1C0033CD0020C44300208FF18D2F2DE9F041C0
:104A2C002723A44C82B00746A3482370FEF720FE30
:104A3C001A23A248A24E2370FEF7B4FE1123A148FC
:104A4C002370FEF727FF18239F482370FEF7A4FF5F
:104A5C003568D5B99D4B1B686BB99D4920780A7890
:104A6C00904298BF0B70012F08D027B9994A137840
:104A7C00012B00F0A78002B0BDE8F081954A1078B8
:104A8C000028F8D1FEF7BEFF3568012D4DD18F4BB4
:104A9C00D3F80080B8F1000FEDD18F4B8F481B6815
:104AAC0007EE103ABAEEEF7BFCEEC77B17EE901ACE
:104ABC0002F00CFB002840F0B780DFF82C8298F84D
:104ACC000000002855D1824922780B789A4298BF71
:104ADC000870012F00F0958037BB7E4A1378012BAC
:104AEC0022D1177072B67E4BD8691F62002800F075
:104AFC00D98080FAA7F4EFF300873F0140F1CD8015
:104B0C00784F87FB0047C417A4EB2734002C00F028
:104B1C00B2805C620120187662B60B7898F80000BF
:104B2C00013301280B702BD03568022DA3D1694BB2
:104B3C0000221A7072B66A4BD9691A6200293ED0EB
:104B4C0081FAA2F2EFF3008000017BD56548CA1709
:104B5C0080FB0140A2EBE02222B90029B4BF012264
:104B6C004FF0FF325A6201221A7662B602B0BDE8EB
:104B7C00F0810128D8D1012F6BD0002FD4D1554A08
:104B8C001378012BD0D10021117072B6544BD86917
:104B9C001962002800F0898080FAA1F2EFF30081FD
:104BAC000C0175D54F4981FB0021C217A2EB2132B4
:104BBC00002A67D05A6201221A7662B6B4E71976D7
:104BCC0062B658E7177072B6454BDA691F62002A55
:104BDC004ED082FAA7F0EFF3008515F0006F414D2F
:104BEC0040D085FB0205D017A0EB2530002832D031
:104BFC00586201221A7662B60B78356801330B7055
:104C0C0043E7344A107800288ED10192FEF7FAFE61
:104C1C0098F80030019A012B86D11078002883D1A6
:104C2C00FEF7F0FE356880E741462C4802F044FA66
:104C3C0040460221DFF8B08004F026FFC0B288F8AD
:104C4C0000003EE7274CD01784FB0242C0EBE22267
:104C5C0082E7204AE1E7002AB4BF01224FF0FF327D
:104C6C005A62C6E785FB00C5C017C0EB2530BDE70F
:104C7C001F7662B6C0E70028B4BF01204FF0FF30AA
:104C8C00586247E70028A8BF4FF0FF355D6292E7F6
:104C9C0045F2226192FBF1F28AE745F2226794FB1E
:104CAC00F7F433E71F7662B637E7187662B63568E5
:104CBC003BE700BF3DCD0020CC3B0020943D0020C5
:104CCC0044B40020E03C00209C3E002040B4002076
:104CDC0033CD00203ECD00205C3100201443002059
:104CEC00C44300208FF18D2F35CD00202DE9F84FD6
:104CFC00BE4D14240646BE48BE4F2DED048B2C70C1
:104D0C00FEF74AFC0E23BC482B70FEF703FD0F2365
:104D1C00BA482B70FEF778FDB9482C70FEF7E2FD0F
:104D2C003B68032B00D093B9B64A1268012A00F0F5
:104D3C008980012B02D0022B00F01E81BDEC048B6C
:104D4C00BDE8F88F3B68B04A127888F80020012B38
:104D5C00F1D1AC4BD3F80090B9F1010FEED1AB4BC4
:104D6C00AB481B6807EE103ABAEEEF7BFCEEC77B44
:104D7C0017EE901A02F0AAF9002840F06981DFF8CA
:104D8C00ACA29AF80030002B40F0B4812B78002BA9
:104D9C0000F0A8839FED9F9A0024DFED9F8A9FED82
:104DAC009F8ADFF88C8204E001342B78A34240F315
:104DBC009B8198F80030A342F6D1012E00F0B78108
:104DCC00002EF1D1964B1A78012AEDD14FF47A715D
:104DDC0030461E7004F058FE07EE900AF8EEE77AA3
:104DEC00F5EEC07AF1EE10FA40F25A8367EE897A4A
:104DFC00FDEEE77A17EE903A002B00F0518372B675
:104E0C00884AD1691662002900F0BC8381FAA6F0A9
:104E1C00EFF3008C1CF0006F00F0B18303F1010C78
:104E2C00BCF1020F02D991FBF3F35842002800F0B9
:104E3C007F8350620123137662B698F80000FEF768
:104E4C0037FFB1E72A78002A00F048820024DFF807
:104E5C00E081DFED708A9FED708A9FED709A04E01F
:104E6C0001342B78A3427FF76DAF98F80030A34242
:104E7C00F6D1012E3DD0002EF2D1694B1A78012AC1
:104E8C00EED14FF47A7130461E7004F0FDFD07EE42
:104E9C00900AF8EEE77AF5EEC07AF1EE10FA40F2ED
:104EAC00198167EEA87AFDEEE77A17EE903A002B9F
:104EBC0000F0108172B65B4AD1691662002900F0CD
:104ECC00D98281FAA6F0EFF3008C1CF0006F00F091
:104EDC00C68203F1010CBCF1020F02D991FBF3F372
:104EEC005842002800F03E8250620123137662B6CD
:104EFC00F5E04B4B93F80090B9F1000FB0D1642161
:104F0C0048461E7004F0C0FD07EE900AF8EEE77AF2
:104F1C00F5EEC07AF1EE10FA40F2EF8167EEA87A66
:104F2C00FDEEE77A17EE903A002B00F09F8072B6F8
:104F3C003C4A3D49D0691162884200F0938280FA64
:104F4C00A1FCEFF3008E1EF0006F00F0858203F1E0
:104F5C00010EBEF1020F05D991FBF3F190FBF3F3B7
:104F6C00A1EB030CBCF1000F00F0F481C2F824C0DB
:104F7C000123137662B67FE06421002004F084FDE7
:104F8C0007EE900AF8EEE77AF5EEC07AF1EE10FA39
:104F9C0025D99FED207A67EE877AFDEEE77A17EE3A
:104FAC00903A002B46D072B61E4A0021D06911628D
:104FBC00002800F09F8180FAA1F1EFF30084240116
:104FCC0040F186815C1C022C02D990FBF3F3594210
:104FDC00002936D051620123137662B6AEE672B662
:104FEC00104B0022DA611A7662B6A7E638CD0020A3
:104FFC007C3B002044B400205C3D0020A43C0020FD
:10500C004C3E002040B4002034CD00205C31002008
:10501C0014430020666630420044AC46C637BE4797
:10502C003ECD0020C44300200080FF3F35CD002042
:10503C0036CD002072B6B64AC2ED077A137662B648
:10504C007CE60028B4BF01234FF0FF335362C2E764
:10505C000021B04802F030F803210020DFF8ECA268
:10506C0004F012FDC3B28AF800308CE672B6A84A7E
:10507C001376A94BD36162B6A84B1B68002B43D1A6
:10508C00A74A02EB8402D2ED007AF8EEE77AF5EE4D
:10509C00C07AF1EE10FA00F13881F4EEC87AF1EE34
:1050AC0010FA40F3B7809F4A9F4BD3619F4B93ED0F
:1050BC00007A77EEC77AF5EEC07AF1EE10FA1FD4CB
:1050CC00F4EEC87AF1EE10FA40F3B280984A964B9F
:1050DC00D361C5E672B68E4BDE611E7662B698F869
:1050EC000000FEF7E5FDBBE69AF80030914A127815
:1050FC0088F80020013B012B40F2A8803B681AE69F
:10510C008B4A0023D361ABE6012B40F0EA808A4B3B
:10511C0003EB8403D3ED007AF8EEE77AF5EEC07A70
:10512C00F1EE10FAB9D57F4A0023D361BEE7834B69
:10513C0093F800B0BBF1000F7FF436AE64215846F3
:10514C001E7004F0A1FC07EE900AF8EEE77AF5EE7B
:10515C00C07AF1EE10FA40F2D18167EE897AFDEE59
:10516C00E77A17EE903A002B00F0D08172B6684ABD
:10517C006949D0691162884200F0398280FAA1FC39
:10518C00EFF3008E1EF0006F00F0EE8103F1010EC4
:10519C00BEF1020F05D991FBF3F190FBF3F3A1EBF8
:1051AC00030CBCF1000F00F0BB81C2F824C001233A
:1051BC00137662B6594B1B68002B40F05E81584A3F
:1051CC0002EB8402D2ED007AF8EEE77AF5EEC07AC3
:1051DC00F1EE10FA00F1A181F4EEE87AF1EE10FA9A
:1051EC0040F364814F4A504BD361504B93ED007A9E
:1051FC0077EEC77AF5EEC07AF1EE10FA00F136814F
:10520C00F4EEE87AF1EE10FA40F35E81484A464B30
:10521C00D361C9E527EE897A4349424ABCEEC77A85
:10522C0017EE103A82ED077A8B423FF63DAF3DE721
:10523C0067EE897A3C493E4AFCEEE77A17EE903AE3
:10524C00C2ED077A8B423FF642AF09E6012E00F021
:10525C009080002E7FF452AF384B1A78012A7FF4DD
:10526C004DAF4FF47A7130461E7004F00DFC07EE12
:10527C00900AF8EEE77AF5EEC07AF1EE10FA40F209
:10528C0076819FED2F7A67EE877AFDEEE77A17EE3F
:10529C00903A002B00F06B8172B61D4AD1691662F0
:1052AC00002900F0448281FAA6F6EFF30080050194
:1052BC0040F13782581C022802D991FBF3F35E426D
:1052CC00002E00F0248256620123137662B615E795
:1052DC0091FBF3F100293FF4B4AE7BE6DFF870806C
:1052EC0031E5022B01D1174B12E7032B7FF4B8AD3C
:1052FC00154B0DE7107662B620E572B6044B064AE4
:10530C0083F81890DA6162B6B6E6064AD361CDE648
:10531C00C4430020144300200080FF3F444300207E
:10532C007C3B0020E8C900200000FE7F2C440020BC
:10533C0078CB002034CD00205C3D00203ECD0020F9
:10534C00666630424C3E0020A43C002035CD002047
:10535C0036CD0020AF4B9842D4BF01204FF0FF3028
:10536C00506205E60029B4BF01234FF0FF335362AE
:10537C00BBE5A94B1C78002C7FF4C0AE6421204601
:10538C001E7004F081FB07EE900AF8EEE77AF5EE5A
:10539C00C07AF1EE10FA40F263819FEDA07A67EECD
:1053AC00877AFDEEE77A17EE903A002B00F06F81CA
:1053BC0072B69B4A9B49D56911628D4200F0B4814B
:1053CC0085FAA1F0EFF30084240140F1A7815C1C65
:1053DC00022C04D991FBF3F195FBF3F3C81A0028C6
:1053EC0000F08E8150620123137662B68E4B1B68DF
:1053FC00002B40F0A4808D498D4A097802EB810284
:10540C00D2ED007AF8EEE77AF5EEC07AF1EE10FA0A
:10541C0000F154819FED877AF4EEC77AF1EE10FA21
:10542C0040F33C81844A854BD361854B93ED007AE4
:10543C0077EEC77AF5EEC07AF1EE10FA00F1DB8068
:10544C009FED7C7AF4EEC77AF1EE10FA40F30F81FF
:10545C007C4A7A4BD36151E69CFBF3FC82E590FBD2
:10546C00F3F03EE582F8189062B605E6754A002323
:10547C00D36199E4167662B631E6012B35D1724BC5
:10548C0003EB8403D3ED007AF8EEE77AF5EEC07AFD
:10549C00F1EE10FA7FF5A0AE674A0023D361A4E6C3
:1054AC0072B65F4BDE611E7662B6C6E427EE887A72
:1054BC006249614ABCEEC77A17EE103A82ED077A60
:1054CC008B423FF690AE90E667EE887A5B495D4A78
:1054DC00FCEEE77A17EE903AC2ED077A8B423FF674
:1054EC0096AE61E4DFF8448100E6022B01D1574B04
:1054FC00C6E7032B7FF458AC554BC1E772B6484B4B
:10550C00484A83F818B0DA6162B653E672B6444A78
:10551C001376444BD36162B64CE6474AD36164E6DA
:10552C003C4B9842D4BF01204FF0FF3050623EE616
:10553C000029B4BF01234FF0FF3353627AE4012BEF
:10554C0023D13A4A404B127803EB8203D3ED007A15
:10555C00F8EEE77AF5EEC07AF1EE10FA7FF55AAF75
:10556C00354B0022DA6160E79CFBF3FC19E672B65E
:10557C002B4BDE611E7662B63B68FFF7DCBB90FB03
:10558C00F3F053E4167662B657E4022B37D1274A70
:10559C002E4B127803EB8203D3ED007AF8EEE77A08
:1055AC00F5EEC07AF1EE10FA2FD49FED227AF4EEDC
:1055BC00C77AF1EE10FA40F393801F4A1F4BD36168
:1055CC001F4B93ED007A77EEC77AF5EEC07AF1EEC9
:1055DC0010FA3FD49FED177AF4EEC77AF1EE10FA79
:1055EC006FDD184A15493B68D161FFF7A4BB82F8FF
:1055FC0018B062B6DEE5134B0022DA617EE5032BB0
:10560C007FF47CAD094A124BC3E70B4B0022DA61E5
:10561C00D6E700BFFF7FFF3F3ECD002066663042DD
:10562C00C44300200080FF3F4443002036CD0020BF
:10563C007C3B00200044AC46E8C900200000FE7F03
:10564C002C44002078CB00205C3D00204C3E0020F8
:10565C00A43C0020384A00213B68D161FFF76BBBAA
:10566C0072B6364B364A1C76DA6162B6BEE69FEDF0
:10567C00357A354967EE877A2F4AFCEEE77A17EED2
:10568C00903AC2ED077A8B423FF6E3AE36E572B63E
:10569C002A4A2B491376D16162B6A7E69FED297A87
:1056AC00294927EE877A294ABCEEC77A17EE103AB9
:1056BC0082ED077A8B423FF6B6AEB6E6234AD3614B
:1056CC00B3E69FED207A204967EE877A1A4AFCEE02
:1056DC00E77A17EE903AC2ED077A8B4282D80DE545
:1056EC009FED187A184927EE877A184ABCEEC77ACC
:1056FC0017EE103A82ED077A8B423FF65FAF5FE709
:10570C00134B9D42C8BF4FF0FF3656626BE6002923
:10571C00A8BF4FF0FF39C2F82490D5E590FBF3F009
:10572C005DE696FBF3F6CBE5147662B65EE616768E
:10573C0062B63B68FFF7FFBA78CB0020C443002069
:10574C000080FF3FC637BE470000FE7FE8C900203F
:10575C00FF7FFF3F38B5284A284B294D12781C682B
:10576C002848294924F0020450F8220055F8222038
:10577C00012C264D264B08602A602649264AC3E98F
:10578C00061200D038BD6421244801F09FFC48B9B2
:10579C005021224801F09AFC0028F3D0204B002223
:1057AC001A7638BD00211D4801F086FC1D4B1B6884
:1057BC00022BEDD11C4B1B68022BE9D095ED007A26
:1057CC00F6EE006A9FED196A0023B8EEC77A144A08
:1057DC0041F6FF719383C6EE077A1476116277EE69
:1057EC00A67AFDEEE77A17EE903AB3F5067FA8BFDE
:1057FC004FF406735383CBE733CD00204443002092
:10580C00FC3D00209C3E0020ACB50020484300200D
:10581C0004BA002090298F0460EA8E0440BA00205C
:10582C00B0B5002040B4002044B4002000442C4704
:10583C0038B54FF480415C4D5C4C5D4B69626162E4
:10584C005C495D4A9961A1F5AD515C480C39D9614F
:10585C005B49596241F2053349F69911C2E90731A6
:10586C0001F0C2FB002874D1564B1878431E022B52
:10587C0022D903287CD0002303222B626A86236260
:10588C006386514B1C7834B3504CFFF763FF21688F
:10589C004F4801F01BFC00284DD123684C4807EE03
:1058AC00103ABAEECF7BFCEEC77B17EE901A01F0E4
:1058BC000DFC002834D138BD0022042301282A62B3
:1058CC006B86226263864CD1424BE362EB623E4BA9
:1058DC001C78002CD8D14049404801F0F7FB002837
:1058EC0056D13A4C3E48216801EB8101890001F008
:1058FC00EDFB002840D121683A4801EB81014900B9
:10590C0001F0E4FB0028C0D00021364801F0D4FBA4
:10591C00354B0020196804F0B7F8344B1860B4E725
:10592C000020FEF73BFF0020FFF778F80020BDE8D1
:10593C003840FFF7DBB90021254801F0BDFB012001
:10594C00FEF72CFF0120FFF769F80120FFF7CEF9D5
:10595C00A3E70621012004F097F81A4BC0B2187087
:10596C0084E7022885D1224A224BEA62E36288E767
:10597C00204BEB62E36284E70021194801F09CFBA9
:10598C001D4B0020196804F07FF81C4B1860B2E71F
:10599C002146124801F090FB194B2046196804F07F
:1059AC0073F8184B18609CE7E8C9002078CB0020EE
:1059BC00D0BC00207C0331030CBD0020144400201B
:1059CC00605555159731002037CD00205C310020F3
:1059DC0034430020C4100020009F24000443002006
:1059EC00F442002024430020442F002044B4002023
:1059FC00C8120020C00E0020142F002040B400203C
:105A0C00182F0020444300202DE9F843464D40F266
:105A1C00EE28464C464FDFF828912E6806F03CFBEA
:105A2C002378002B4ED03B78DB074BD52B68D9F86D
:105A3C0000209B1A0E2B45D901210D2004F06AF988
:105A4C0000210D20022504F029F90121032004F086
:105A5C0061F90121042004F05DF90520012104F015
:105A6C0059F9322004F09CF800242146032004F05C
:105A7C00B9FA2146042004F0B5FA21460520013478
:105A8C0004F0B0FA082004F08BF8FF2CEDD1642060
:105A9C0004F086F82146032004F0A4FA21460420E1
:105AAC0004F0A0FA2146052004F09CFA082004F02A
:105ABC0077F8013CEED1642004F072F8012D0ED081
:105ACC000125D1E72B6822789B1B2AB1B3F5FA6F1D
:105ADC00B2D806F0E1FAA1E74345FAD9ACE7204683
:105AEC00022104F017F92146124801F093FA6421BF
:105AFC00104801F029FA32210F4808F0E9F80F4854
:105B0C0001F02AFC67210D4801F06CFC1D210B48AB
:105B1C0001F0E2FC1A2003F0EBFF03F079FFBDE883
:105B2C00F843FCF785BC00BF54BA00204CCD0020D4
:105B3C004BCD00201444002000002020E84200201F
:105B4C009CBA0020F8B5B04801F000FAFCF73EFE14
:105B5C00FCF7E4FEFCF76CFFFDF718FAFDF768FBA9
:105B6C00FFF766FEFDF74AFCFCF784FEA749A84840
:105B7C0001F0ACFA002840F0E080FCF7E9FD1020C1
:105B8C0003F0B6FF07EE900A9FEDA27AF8EEE77AE3
:105B9C00A14B67EE877AC3ED007AFCF7F9FCFCF7B2
:105BAC0047FDFCF769FDFCF79BFD9C4B47F24562FA
:105BBC00A3F8602672B69A4AC3F85C2662B6994B73
:105BCC001B7803B9F8BD984D9848296801F07EFA06
:105BDC00002800F0BA800021944801F06DFA944B33
:105BEC001B68002B00F0B880012B00F0CD80022B3D
:105BFC0000F0F280032B00F0FF808E4B1B68002B13
:105C0C0000F0BA80012B00F0CF80022B00F0D48082
:105C1C00894B1B68002B00F0A780012B00F0BC8087
:105C2C00022B00F0D180032B00F0DE80072183488B
:105C3C0006F0B4F98248834B0746834C196803F08D
:105C4C00B9FE384603F0C2FE0521804804F128064F
:105C5C0006F0A4F97E4B3846196803F0ABFE3846C3
:105C6C0003F0B4FE07217B4806F098F92968384602
:105C7C00794D03F09FFE384603F0A8FE0F217748BC
:105C8C0006F08CF9764B3846196803F093FE3846CB
:105C9C0003F09CFE0F21734806F080F9724B3846D6
:105CAC00196803F087FE384603F090FE0F216F4809
:105CBC0006F074F96E4B3846196803F07BFE3846D3
:105CCC0003F084FE0F216B4806F068F96A49002343
:105CDC000A220978384603F087FE384603F076FE30
:105CEC000721664806F05AF954F8041B384603F0AD
:105CFC0061FE0121284606F051F9B442F4D1504816
:105D0C0003F064FE0E215E4806F048F903215D485D
:105D1C0006F044F95C4B4A48196803F04BFE042129
:105D2C005A4806F03BF95A4B4548196803F042FEB5
:105D3C004348BDE8F84003F049BE40F6B831FA20BC
:105D4C0003F0A2FE384B186017E72F4801F042F918
:105D5C0000287FF440AF35E70C214E4806F01EF9C1
:105D6C00374803F033FE48E713214B4806F016F989
:105D7C00334803F02BFE59E71021484806F00EF982
:105D8C002F4803F023FE43E70E21454806F006F9A1
:105D9C002B4803F01BFE30E71221424806F0FEF8B8
:105DAC00274803F013FE41E70E213F4806F0F6F8B2
:105DBC00234803F00BFE2BE70F213C4806F0EEF8CE
:105DCC001F4803F003FE23E70F21394806F0E6F8DD
:105DDC001B4803F0FBFD29E70C21364806F0DEF8E2
:105DEC00174803F0F3FD08E71221334806F0D6F804
:105DFC00134803F0EBFD19E71021304806F0CEF8FC
:105E0C000F4803F0E3FDF8E614440020009F240043
:105E1C005CBA00200820803A60A7002090940020F3
:105E2C00B81E4861983100205C31002048B4002035
:105E3C004443002040B4002044B4002070210020D2
:105E4C00BC26002070B5002010AE00207821002068
:105E5C0008B5002080210020D021002088210020BE
:105E6C00302F002098210020342F0020A821002062
:105E7C003C2F0020B821002097310020C8210020A1
:105E8C00D4210020E421002048430020E8210020F8
:105E9C00ACB50020AC20002024210020F0200020F4
:105EAC00BC200020382100200421002014210020D7
:105EBC004C210020CC2000205C210020DC20002084
:105ECC002DE9F043002183B0C94801F0DBF8002133
:105EDC00C84801F0D7F80021C74801F0D3F80021D9
:105EEC00C64801F0CFF80021C54801F0CBF80021DD
:105EFC00C44801F0C7F80021C34801F0C3F80021E1
:105F0C00C24801F0BFF80021C14801F0BBF80021E4
:105F1C00C04801F0B7F80021BF4801F0B3F80021E8
:105F2C00BE4801F0AFF80021BD4801F0ABF80021EC
:105F3C00BC4801F0A7F8BC4801F05EF8BB48FCF780
:105F4C002DFABB48FCF7FCF9BA48FCF7F9F9BA484A
:105F5C00FCF7F6F9B948FCF7F3F9B948FCF7F0F996
:105F6C00B848FCF7EDF9B84EB848B94CFCF716FA3E
:105F7C00B84DB948FCF712FA06F118020221304666
:105F8C00FCF752F905F11802022128463460FCF79F
:105F9C004BF92C60B148FCF7D3F9B14EB148FCF782
:105FAC00CFF9B14DB148FCF7F9F906F1180202210D
:105FBC003046FCF739F905F1180202212846346005
:105FCC00AB4EFCF731F92C600221AA4D06F11802F8
:105FDC003046DFF84C83FCF727F905F11802022153
:105FEC0028463460FCF720F9A34E2C60A348FCF73C
:105FFC0077F9A34DA348FCF773F906F118020221B7
:10600C003046FCF711F905F11802022128463460DC
:10601C004FF48046FCF708F92C609B48FCF760F9BC
:10602C0000224046994F1146994DFCF7FDF800228D
:10603C00C8F8007028461146C8F82060FCF7F4F840
:10604C00DFF8E08200222F602E6240461146DFF816
:10605C00D892FCF7E9F8C8F80070C8F820608D48B1
:10606C00FCF79CF98C48FCF73BF900228B4D484619
:10607C001146DFF8B882FCF7D7F8C9F80070C9F8F8
:10608C0020608748FCF7F4F805F118020221284635
:10609C00FCF7CAF82C608348FCF7EAF8002240466B
:1060AC00DFF88C9211461546FCF7BEF87E4B88F84B
:1060BC001850C8F800307D48FCF7DAF87C48FCF73B
:1060CC00D7F87C48FCF70CF97B48FCF709F97B48BE
:1060DC00FCF706F97A48FCF733F97A48FCF780F9B3
:1060EC00DFF850827848FCF72BF97848FCF778F900
:1060FC0008F1180202214046FCF796F8C8F8004057
:10610C007348FCF7EDF87348FCF71AF97248FCF782
:10611C0017F9DFF824827148FCF7E2F82A46294681
:10612C004846FCF781F82A462946C9F80070C9F898
:10613C0020604046FCF778F8C8F80070C8F820607A
:10614C00674F6848FCF794F8674E6848FCF790F87E
:10615C0007F1180202213846FCF766F806F118021E
:10616C00022130463C60FCF75FF83460604801F077
:10617C00E3FD6048FCF77CF85F48FCF779F85F4872
:10618C00FCF7AEF85E48FCF7ABF85E48FCF7A8F8F5
:10619C005D48FCF7A5F85D4A5D4E4FF4007113465F
:1061AC005C4F118143F8186B13613B68D560C2E9F1
:1061BC000655002B00F0848619465B69002BFBD139
:1061CC004A610024544B51481360546154609472DA
:1061DC0005F0E2F8514A4FF400703B681146D46068
:1061EC00108141F8186B1161C2E90644A6E000BFAA
:1061FC0050A7002074B500205CBA00200443002096
:10620C0038440020484400205844002068440020B2
:10621C003443002014430020F44200202443002087
:10622C0040BA002048B40020144400204C43002005
:10623C00F8BE002068BD0020A8C3002038C500208F
:10624C00C8C6002058C80020D8A8002074430020DD
:10625C002C1D0020F8A800209C430020E8C9002039
:10626C0018A9002078CB002038A90020C4430020B6
:10627C0058A9002078A9002098A90020C8BB0020AC
:10628C00B8A9002060BC002098BC00206C1D002028
:10629C003CBC0020EC43002030BD0020B8A80020FE
:1062AC00A8BA002000BC0020781D002004BA0020F1
:1062BC00D0BC002010A8002098B40020D0B400203E
:1062CC0058AA002038AA002044AC002024AC00209E
:1062DC0060B4002088C0002018C20020D8A700207D
:1062EC00D8A90020D4AD0020F8A90020E8AB0020EC
:1062FC009044002008BB002068BB002048A8002068
:10630C0068A70020A0A7002080A800206CBA00205D
:10631C00C81C0020043F0020E01C002030A70020F7
:10632C00E4BA002088B500200CBD0020B0B50020D8
:10633C0044BB002018AA0020A4BB0020002B00F0B6
:10634C00C28519465B69002BFBD14A610024A64B20
:10635C000125A648546102265460032794721360E9
:10636C0002F0E4F8A24803F06FF8A24B2246A249CF
:10637C0000959F4803F0DCF8A04AA1499C4806F020
:10638C00B5F8A04803F060F89F4B22469A49009458
:10639C009C4803F0CDF8994A99499A4806F0A6F81A
:1063AC009A4803F051F89A4B224693490095974826
:1063BC0003F0BEF8914A9249944806F097F8954834
:1063CC0003F042F8944B22468B490094914803F019
:1063DC00AFF88A4A8A498F4806F088F88F4803F04C
:1063EC0033F8894B22468E4900958C4803F0A0F86F
:1063FC00824A8349894806F079F88A4803F024F8E0
:10640C007C4B224688490094864803F091F87B4ADD
:10641C007B49844806F06AF8844803F015F8844BED
:10642C00224684490094814803F082F8734A7449E7
:10643C007E4806F05BF8804803F006F87F4B224656
:10644C007F4900957C4803F073F86C4A6C497A4894
:10645C0006F04CF87B4802F0F7FF7B4B22467B4959
:10646C000094784803F064F8644A6549754806F06E
:10647C003DF8774802F0E8FF764B224676490095C6
:10648C00734803F055F85D4A5D49714806F02EF8E3
:10649C00724802F0D9FF664B2246714900956F484D
:1064AC0003F046F8554A56496C4806F01FF86D48FB
:1064BC0002F0CAFF614B224669490094694803F017
:1064CC0037F84E4A4E49674806F010F8664802F015
:1064DC00BBFF5D4B224665490095634803F028F8E5
:1064EC00464A4749604806F001F8614802F0ACFFA3
:1064FC00584B22465D4900945D4803F019F83F4A19
:10650C003F495B4805F0F2FF5A4802F09DFF5A4B99
:10651C00224638490094574803F00AF8374A38495C
:10652C00544805F0E3FF554802F08EFF524B2246CB
:10653C0035490095514802F0FBFF304A30494F482D
:10654C0005F0D4FF4E4802F07FFF4E4B22464E49D9
:10655C0000944B4802F0ECFF284A2949484805F0C2
:10656C00C5FF4A4802F070FF494B22464949009545
:10657C00464802F0DDFF214A2149444805F0B6FFA8
:10658C00454802F061FF3F4B224644490095424882
:10659C0002F0CEFF194A1A493F4805F0A7FF4048C0
:1065AC0002F052FF3A4B22463C4900943C4802F020
:1065BC00BFFF124A12493A4805F098FF394802F0D9
:1065CC0043FF394B22461A490094364802F0B0FF7B
:1065DC000A4A0B49334805F089FF344802F034FF6E
:1065EC00314B224664E000BFD41C002030A70020B1
:1065FC0050AE0020D8A800204C430020FC2A0020DC
:10660C00257400002CAF0020F8A8002008B0002052
:10661C00D8A90020E4B00020F8A90020C0B10020C7
:10662C00F8BE00209CB2002068BD002078B300208A
:10663C0018A90020A8C3002018B4002038A90020F5
:10664C0038C500202CB4002058A90020C8C6002052
:10665C0064AE002078A9002058C8002078AE002035
:10666C00744300208CAE0020A0AE00209C43002080
:10667C00B4AE0020C8AE0020C8BB0020DCAE0020A9
:10668C00F0AE002098A90020E8C9002004AF00203B
:10669C00B8A9002078CB002018AF0020C4430020FC
:1066AC0040AF002054AF002060BC002068AF002039
:1066BC00A5490095A54802F03BFFA54AA549A3486A
:1066CC0005F014FFA44802F0BFFEA44B2246A449D7
:1066DC000094A14802F02CFF9D4A9E499E4805F06B
:1066EC0005FFA04802F0B0FE9C4B22469E49009547
:1066FC009C4802F01DFF964A96499A4805F0F6FE12
:10670C009A4802F0A1FE9A4B22469A490094974867
:10671C0002F00EFF8E4A8F49944805F0E7FE96482A
:10672C0002F092FE954B224695490094924802F055
:10673C00FFFE874A8749904805F0D8FE914802F041
:10674C0083FE914B2246914900948E4802F0F0FE54
:10675C007F4A80498B4805F0C9FE8D4802F074FED3
:10676C00894B22468B490095894802F0E1FE784A14
:10677C007849874805F0BAFE874802F065FE874BDA
:10678C00224676490096844802F0D2FE704A71493E
:10679C00814805F0ABFE824802F056FE814B224642
:1067AC006E4900957E4802F0C3FE694A69497C48EF
:1067BC0005F09CFE7C4802F047FE6D4B22467B495F
:1067CC000095794802F0B4FE614A6249764805F0BA
:1067DC008DFE774802F038FE684B224675490095CD
:1067EC00734802F0A5FE5A4A5A49714805F07EFEDC
:1067FC00714802F029FE714B2246714900946E4893
:10680C0002F096FE524A53496B4805F06FFE6D48F4
:10681C0002F01AFE694B22466B490095694802F05A
:10682C0087FE4B4A4B49674805F060FE674802F00B
:10683C000BFE674B224654490094644802F078FEE4
:10684C00434A4449614805F051FE624802F0FCFDA0
:10685C005F4B2246604900955E4802F069FE3C4A57
:10686C003C495C4805F042FE5C4802F0EDFD4B4BA8
:10687C0022463F490094594802F05AFE344A3549A1
:10688C00564805F033FE564802F0DEFD554B2246C5
:10689C0037490094524802F04BFE2D4A2D4950487E
:1068AC0005F024FE504802F0CFFD504B22464349E0
:1068BC0000944D4802F03CFE254A26494A4805F012
:1068CC0015FE4B4802F0C0FD344B22462B49009577
:1068DC00474802F02DFE1E4A1E49454805F006FEAB
:1068EC00444802F0B1FD444B2246244900954148EE
:1068FC0002F01EFE164A17493E4805F0F7FD3F48C8
:10690C0002F0A2FD3E4B22463E4900943B4802F069
:10691C000FFE0F4A0F49394805F0E8FD3A4802F0DE
:10692C0093FD3A4B224636490094374802F000FE5C
:10693C00074A0849344805F0D9FD354802F084FD72
:10694C00284B224666E000BF38A9002068AF002023
:10695C00FC2A0020257400007CAF002098BC00208D
:10696C0058A9002090AF002078A90020A4AF0020E7
:10697C00A8BA0020C8BB0020B8AF002000BC002083
:10698C0060BC0020CCAF002030BD002098A90020B6
:10699C00E0AF0020B8A90020F4AF002098B400208C
:1069AC001CB0002080A8002030B00020E4BA0020E9
:1069BC0044B000203CBC002058B00020B8A80020F7
:1069CC0088B500206CB00020EC43002080B0002083
:1069DC00D0BC002094B000200CBD0020A8B000203A
:1069EC00BCB00020D8A70020D0B0002010A80020F8
:1069FC00F8B000200CB10020A0A7002020B100208E
:106A0C0004BA0020B0B5002034B10020D0B400206E
:106A1C0048B10020A5490095A54802F089FDA54A7A
:106A2C00A549A34805F062FDA44802F00DFDA44B56
:106A3C0022469E490097A14802F07AFD9D4A9E4944
:106A4C009E4805F053FD9F4802F0FEFC9E4B2246EB
:106A5C009E4900969B4802F06BFD964A96499948D0
:106A6C0005F044FD9A4802F0EFFC9A4B22469449FB
:106A7C000094974802F05CFD8E4A8F49944805F0CB
:106A8C0035FD954802F0E0FC924B22469349009567
:106A9C00914802F04DFD874A87498F4805F026FD45
:106AAC008F4802F0D1FC8F4B22468F4900958C48C1
:106ABC0002F03EFD7F4A8049894805F017FD8B485E
:106ACC0002F0C2FC874B224689490094874802F0A9
:106ADC002FFD784A7849854805F008FD854802F075
:106AEC00B3FC854B224685490095824802F020FD77
:106AFC00704A71497F4805F0F9FC814802F0A4FC0A
:106B0C007D4B22467F4900947D4802F011FD694A75
:106B1C0069497B4805F0EAFC7B4802F095FC7B4B0D
:106B2C00224670490094784802F002FD614A62499D
:106B3C00754805F0DBFC764802F086FC754B224666
:106B4C0064490094724802F0F3FC5A4A5A4970485E
:106B5C0005F0CCFC704802F077FC704B2246704973
:106B6C0000946D4802F0E4FC524A53496A4805F01F
:106B7C00BDFC6C4802F068FC6B4B22466B490095DF
:106B8C00684802F0D5FC4B4A4B49664805F0AEFC10
:106B9C00674802F059FC674B22464B490094644805
:106BAC0002F0C6FC434A4449614805F09FFC624828
:106BBC0002F04AFC614B2246434900945E4802F0C5
:106BCC00B7FC3C4A3C495C4805F090FC5C4802F040
:106BDC003BFC5C4B22465C490095594802F0A8FCF2
:106BEC00344A3549564805F081FC584802F02CFCD3
:106BFC00574B224657490095544802F099FC2D4AB0
:106C0C002D49524805F072FC534802F01DFC4B4BC9
:106C1C00224639490097504802F08AFC254A2649F9
:106C2C004D4805F063FC4D4802F00EFC414B2246EA
:106C3C0031490097494802F07BFC1E4A1E494748DF
:106C4C0005F054FC464802F0FFFB3C4B22462F4912
:106C5C000096434802F06CFC164A1749404805F070
:106C6C0045FC404802F0F0FB324B22462749009687
:106C7C003C4802F05DFC0F4A0F493A4805F036FCDF
:106C8C00394802F0E1FB2F4B224624490094364848
:106C9C0002F04EFC074A0849334805F027FC3348FC
:106CAC0002F0D2FB2A4B224662E000BFD0BC00208F
:106CBC0048B10020FC2A0020257400005CB10020A3
:106CCC0098B4002070B10020D8A7002010A8002094
:106CDC0084B1002060B4002098B10020D0B4002012
:106CEC00ACB1002018AA002058AA0020D4B1002072
:106CFC0038AA0020E8B10020D4AD002044AC00201C
:106D0C00FCB1002024AC002010B20020E8AB002025
:106D1C0024B200209044002038B20020D8A90020D2
:106D2C0088C000204CB20020F8A9002018C2002016
:106D3C0060B2002068A7002074B2002048A8002090
:106D4C0088B2002008BB002044BB0020B0B2002059
:106D5C0068BB0020A4BB0020C4B20020D8B2002025
:106D6C00ECB2002000B3002014B3002028B30020A4
:106D7C0056490094564802F0DBFB564A5649544893
:106D8C0005F0B4FB554802F05FFB554B22465549C4
:106D9C000095524802F0CCFB4E4A4F494F4805F043
:106DAC00A5FB514802F050FB504B22464D49009533
:106DBC004D4802F0BDFB474A47494B4805F096FB4E
:106DCC004B4802F041FB4B4B22464B49009648483E
:106DDC0002F0AEFB3F4A4049454805F087FB474867
:106DEC0002F032FB464B224646490096434802F0DD
:106DFC009FFB384A3849414805F078FB424802F07D
:106E0C0023FB3F4B2246394900943F4802F090FB4C
:106E1C00304A31493C4805F069FB3C4802F014FB10
:106E2C00344B22462E490094384802F081FB294A03
:106E3C002949364805F05AFB354802F005FB354B1D
:106E4C0022462C490094324802F072FB214A224916
:106E5C002F4805F04BFB304802F0F6FA2F4B224638
:106E6C00244900942C4802F063FB1A4A1A492A4818
:106E7C0005F03CFB2A4802F0E7FA264B2246204953
:106E8C000095274802F054FB124A1349244805F098
:106E9C002DFB244802F0D8FA204B224618490095C5
:106EAC00204802F045FB0B4A0B491E4805F01EFB1F
:106EBC001D4B1E490A2219601A7203B0BDE8F083FB
:106ECC003A60FFF77EB93A60FFF740BAF8A90020A4
:106EDC0028B30020FC2A0020257400003CB30020BD
:106EEC0068A700209044002050B3002048A8002040
:106EFC0064B30020A0A7002008BB00208CB30020A6
:106F0C0080A8002068BB0020A0B30020B4B30020F0
:106F1C00C8B3002030A70020DCB300206CBA0020DE
:106F2C00F0B3002004B40020E8420020381D0020FB
:106F3C0008B5007D02F0DCFE003818BF012008BD4A
:106F4C00C8B2D1B202F0E6BE0181704738B5837A7F
:106F5C000446016823F004031C4A83720B689342B5
:106F6C0031D1007D02F0C4FE003818BF0120A37A95
:106F7C00C3F34002904208D0154A83F00203126812
:106F8C00C3F38000A372626038BD114965680A685A
:106F9C00B4F808C0521B624512D303F001029042B0
:106FAC000ED0086883F001030A68E56843F0040317
:106FBC000968521B6060E16001202261A37238BD38
:106FCC00C3F3800038BD9847D1E700BF714D000076
:106FDC0054BA0020807A00F00500A0F10500B0FA48
:106FEC0080F04009704700BF807AC30754BFC0F3DC
:106FFC0080000020704700BF00224FF00A0C0449AB
:10700C004260A0F808C0827201600275704700BF30
:10701C00901D00204FF0000CC9B203680E4A10B549
:10702C000175044680F80AC01B6893420BD10846D0
:10703C0002F05EFE18B1A37A43F00303A372074B70
:10704C001B68636010BD98470028F8D0A37A43F002
:10705C000303A372F3E700BF714D000054BA002084
:10706C00014B1868704700BF54BA0020034A044B08
:10707C001068A3FB00308009704700BF54BA002091
:10708C00D34D6210012910B504460DD0074B084AA8
:10709C00022908BF1346A3609847002201232060F1
:1070AC0062602046237310BD024BF4E7A14E000032
:1070BC00AD4E0000897A000038B5836804460D4651
:1070CC0098470123C4E90005237338BD037B70B5D1
:1070DC000D4646682BB10446836898472368F61A18
:1070EC000644AE4234BF0020012070BD0020704722
:1070FC0000207047F8B50127027A1E4C0D46BA40A5
:10710C00C1F307210646204684F8A52084F8307187
:10711C0084F82F7105F014FAE9B2204605F010FA44
:10712C000021204605F0E4FA08B10020F8BD3B46EA
:10713C000222317A204605F05BFB0128F5D994F840
:10714C00A22094F8A300824210D2531CA118DBB2E7
:10715C00897E98424FEA012184F8A23006D9234453
:10716C000232987E84F8A2200843F8BD4FF0FF301D
:10717C00F8BD00BF1C270020F8B50127037A144C7A
:10718C00242903FA07F30D4608BFC2801646C1F343
:10719C000721204684F8A53084F8307184F82F71CB
:1071AC0005F0CEF9E9B2204605F0CAF9C6F307217D
:1071BC00204605F0C5F92046F1B205F0C1F9394673
:1071CC00204605F095FAB0FA80F04009F8BD00BFF2
:1071DC001C2700202DE9F0414FF001080F46154601
:1071EC00302144F2600280F804800446FFF7C4FFAB
:1071FC00064610B93046BDE8F0816C2226212046A7
:10720C00FFF7BAFF4FF4F97228212046FFF7B4FFBD
:10721C0040F622722C212046FFF7AEFF44F2464284
:10722C003C212046FFF7A8FF40F2371224212046CC
:10723C00FFF7A2FF002F6BD0454B342120469F4215
:10724C008CBF42460022FFF797FF07EE905A9FED46
:10725C00417A3221B8EE676A07EE907A2046F8EE52
:10726C00676AB5FBF7F2C6EE267A02F01F0206EE4D
:10727C00902AF8EEE66A77EEE67A67EE877AFCEE0D
:10728C00E77A17EE903AC3F30A0343EAC222FFF7F8
:10729C0073FF44F2FF5230212046FFF76DFF73223B
:1072AC0002212046FFF768FF4FF4C87002F078FC0B
:1072BC0041F61D522E212046FFF75EFF07220421C6
:1072CC002046FFF759FFB02206212046FFF754FF56
:1072DC0010220A212046FFF74FFF00220E212046E4
:1072EC00FFF74AFF43F63C4210212046FFF744FFCC
:1072FC0047F67F7222212046FFF73EFF36222421DB
:10730C002046FFF739FF012330466372BDE8F08158
:10731C0044F2FF0230212046FFF72EFF7322022198
:10732C002046FFF729FF4FF4C87002F039FC41F6F4
:10733C001D522E212046FFF71FFF04222046114626
:10734C00FFF71AFF302206212046FFF715FFBFE793
:10735C00406603010000004510B50446084806F0DD
:10736C00BBFC052002F01CFC06212046FFF7C2FEE8
:10737C002046044A0021BDE81040FFF72BBF00BF98
:10738C001C2700200040C40A10B50446D1B10129C5
:10739C0001D0002010BD40F273122A21FFF7ECFE41
:1073AC000028F6D0882220212046FFF7E5FE002891
:1073BC00EFD0E2882046242122F00402BDE81040E0
:1073CC00FFF7DABE55222021FFF7D6FE0028E0D0C9
:1073DC00E2882046242142F00402BDE81040FFF769
:1073EC00CBBE00BF38B5054611B380290CD8C1F10E
:1073FC0080042B7944EA042453B9224628462221DE
:10740C00BDE83840FFF7B8BE2B790024002BF4D030
:10741C00EA8800232421284622F010022B71FFF762
:10742C00ABFE224628462221BDE83840FFF7A4BE19
:10743C00012347F67F7222210371FFF79DFEEA8834
:10744C002846242142F01002BDE83840FFF794BED4
:10745C009FED1F7ADFED1F7AE0EE077A38B505460F
:10746C00FCEEE77A17EE904A14B3802C0CD8C4F1DA
:10747C0080042B7944EA042453B92246284622215D
:10748C00BDE83840FFF778BE2B790024002BF4D0F0
:10749C00EA8800232421284622F010022B71FFF7E2
:1074AC006BFE224628462221BDE83840FFF764BE19
:1074BC00012347F67F7222210371FFF75DFEEA88F4
:1074CC002846242142F01002BDE83840FFF754BE94
:1074DC0000000143EE7CFF3E38B50C462E210546DC
:1074EC000D2C38BF0D241F2C28BF1F24FFF702FEC4
:1074FC00074B2E2144EA0424034028461C43224611
:10750C00FFF73AFE002808BF0024A0B238BD00BF28
:10751C00E0E0FFFF2DE9F04F87B0044601F0C2FE1A
:10752C000490002800F0F8830021204601F05CFF55
:10753C000390002800F0F9830C4BB0F9042005935C
:10754C00039904F5A04304F5C045DFF82490081D09
:10755C0001F58171B3F95E7601900498B3F95C661C
:10756C0002300291009047F6FF7070E2A01B0020E1
:10757C000080FFFFB1F1804F4FEAE13C80F2A28323
:10758C00CC45B3F96016B8BFCC46A3F84CC60CFB7F
:10759C0001FCBCF1000FC0F2E8824FEAEC3CBCF5F8
:1075AC00004F00F0F0829444BCF5004F80F2F18261
:1075BC000FFA8CFC0EF1010EA8F81CC040F25B4CCB
:1075CC00B3F84EB61FFA8EFE1BFB06FBE64588BFD2
:1075DC004FF0000EA3F83CE6B3F83EE604EB4E0881
:1075EC00B8F9D4C807FB0CBBE244BBF1000FC0F2E6
:1075FC00C582BBF1804F4FEAEB3C80F2CD82CC458B
:10760C00B8BFCC46A3F84EC601FB0CFCBCF1000F76
:10761C00C0F2A2824FEAEC3CBCF5004F00F0E282D3
:10762C009444BCF5004F80F2C6820FFA8CFC0EF12C
:10763C00010EA8F8D4C840F2A34CB3F850861FFA38
:10764C008EFE18FB06F8E64588BF4FF0000EA3F837
:10765C003EE6B3F840E604EB4E0B0BF5805BBBF952
:10766C001CC207FB0C88E244B8F1000FC0F26F8219
:10767C00B8F1804F4FEAE83C80F2A982CC45B8BF04
:10768C00CC46A3F850C601FB0CFCBCF1000FC0F2B9
:10769C0055824FEAEC3CBCF5004F00F08F829444CD
:1076AC00BCF5004F80F290820FFA8CFC0EF1010EAB
:1076BC00ABF81CC240F2FC4CB3F852861FFA8EFE9B
:1076CC0018FB06F8E64588BF4FF0000EA3F840E61D
:1076DC00B3F842E604EB4E0B0BF5805BBBF916CC12
:1076EC0007FB0C88E244B8F1000FC0F22282B8F11B
:1076FC00804F4FEAE83C80F28782CC45B8BFCC463D
:10770C00A3F852C601FB0CFCBCF1000FC0F20882BE
:10771C004FEAEC3CBCF5004F00F06D829444BCF594
:10772C00004F80F26E820FFA8CFC0EF1010EABF85A
:10773C0016CC40F24B5CB3F854861FFA8EFE18FB45
:10774C0006F8E64588BF4FF0000EA3F842E6B3F802
:10775C0044E604EB4E0B0BF5005BBBF9AEC607FB26
:10776C000C88E244B8F1000FC0F2D581B8F1804F1B
:10777C004FEAE83C80F28682CC45B8BFCC46A3F8F1
:10778C0054C601FB0CFCBCF1000FC0F2BB814FEAEC
:10779C00EC3CBCF5004F00F060829444BCF5004F0B
:1077AC0080F261820FFA8CFC0EF1010EABF8AEC6C2
:1077BC0040F28D5CB3F856861FFA8EFE18FB06F865
:1077CC00E64588BF4FF0000EA3F844E6B3F846E652
:1077DC0004EB4E0B0BF5405BBBF9CAC107FB0C88E5
:1077EC00E244B8F1000FC0F28881B8F1804F4FEA43
:1077FC00E83C80F23B82CC45B8BFCC46A3F856C6D9
:10780C000CFB01FCBCF1000FC0F26E814FEAEC3CAA
:10781C00BCF5004F00F018829444BCF5004F80F288
:10782C0019820FFA8CFC0EF1010EABF8CAC140F2B2
:10783C00D25CB3F858861FFA8EFE18FB06F8E645A4
:10784C0088BF4FF0000EA3F846E6B3F848E604EB09
:10785C004E0B0BF5405BBBF970CD07FB0C88E2447B
:10786C00B8F1000FC0F23B81B8F1804F4FEAE83C11
:10787C0080F2DE81CC45B8BFCC46A3F858C601FBDC
:10788C000CFCBCF1000FC0F221814FEAEC3CBCF5C2
:10789C00004F00F0C4819444BCF5004F80F2C581C8
:1078AC000FFA8CFC0EF1010EABF870CD40F214689F
:1078BC00B3F84AC61FFA8EFE04EB4C0BC64588BFC4
:1078CC004FF0000E0BF5804BA3F848E6B3F85AE6E0
:1078DC00BBF99A891EFB06FE07FB08EED044BEF1ED
:1078EC00000FC0F2EE80BEF1804F4FEAEE3A80F20C
:1078FC00DD81CA45B8BFCA460AFB01F1A3F85AA6F6
:10790C000029C0F2D580C913B1F5004F00F0C68133
:10791C001144B1F5004F80F2C68109B20CF1010C93
:10792C00ABF89A191FFA8CFCBCF5CA6F88BF4FF0E4
:10793C00000CA3F84AC647F6E12C0CFB08FCBCF182
:10794C00000F03DA0CF5FF3C0CF2FF1CB5F8982283
:10795C0004EB420E01320EF5A04E92B2BEF9621645
:10796C004FEA6108B1EB6C4108EB6C4848BF013140
:10797C00B2F50B7FAEF8628628BF0022A5F89822DC
:10798C00B5F89A2204EB420C01320CF5A04C92B2E1
:10799C00BCF9BAEA4FEA6E08BEEB610E08EB61085F
:1079AC0048BF0EF1010EB2F5DC7FACF8BA8A88BF85
:1079BC000022B5F89C12A5F89A2204EB4102013181
:1079CC0002F5A04289B2B2F92CCE4FEA6C08BCEB9E
:1079DC006E0C08EB6E0848BF0CF1010CB1F5AA7FD8
:1079EC00A2F82C8E88BF0021A5F89C12B5F89E1227
:1079FC0004EB410E01310EF5C04EBEF9D6204FEA14
:107A0C006208B2EB6C0208EB6C08AEF8D6803DD481
:107A1C0089B25210E029A5F89E12C2EB02124FEA6D
:107A2C00420202D90021A5F89E12B2F5004F80F255
:107A3C00578112B2009921F8022F0091DDE9012142
:107A4C00914200F05681114631F9022F019102EB5F
:107A5C00021202EB0222520003D502F5FF3202F2AF
:107A6C00FF12B3F83CE65214B3F84C1604EB4E0874
:107A7C0011FB06F1B8F91CA00AFB07110029BFF68F
:107A8C0079AD01EB000C4FEAEC3C79E589B201329F
:107A9C00E0294FEA620240F22681C2EB0212002179
:107AAC005200A5F89E1212F5004FC2DA4A46C1E701
:107ABC00014402EBE13111F5004FBFF62EAF494600
:107ACC002CE70EEB000A4FEAEA3A12E7844402EB89
:107ADC00EC3C1CF5004FBFF6E3AECC46E2E608EBFF
:107AEC00000C4FEAEC3CC5E6844402EBEC3C1CF584
:107AFC00004FBFF696AECC4695E608EB000C4FEA6D
:107B0C00EC3C78E6844402EBEC3C1CF5004FBFF6F1
:107B1C0049AECC4648E608EB000C4FEAEC3C2BE6B1
:107B2C00844402EBEC3C1CF5004FBFF6FCADCC469C
:107B3C00FBE508EB000C4FEAEC3CDEE5844402EB81
:107B4C00EC3C1CF5004FBFF6AFADCC46AEE508EBF8
:107B5C00000C4FEAEC3C91E5844402EBEC3C1CF548
:107B6C00004FBFF662ADCC4661E5844402EBEC3CC1
:107B7C001CF5004FBFF61CADCC461BE50BEB000C07
:107B8C004FEAEC3C3BE502EB000CBCF5004FFFF67A
:107B9C000FAD47F6FF7C0DE5C1EBC13BA3F84E06DC
:107BAC00BBF1000FDC46D7DB4FEAEB3C9444BCF551
:107BBC00004FFFF63AAD47F6FF7C38E502EB000CC0
:107BCC00BCF5004FFFF670AD47F6FF7C6EE5C1EBE0
:107BDC00C138A3F85006B8F1000FC446AEDB4FEA2B
:107BEC00E83C5CE502EB000CBCF5004FFFF61DAD6C
:107BFC0047F6FF7C1BE502EB000CBCF5004FFFF6D3
:107C0C0092AD47F6FF7C90E5C1EBC138A3F8520664
:107C1C00B8F1000FC44683DB4FEAE83C7EE502EB8B
:107C2C00000CBCF5004FFFF63BAE47F6FF7C39E687
:107C3C00C1EBC138A3F85806B8F1000FC446FFF6E3
:107C4C0045AF4FEAE83C26E602EB000CBCF5004FD2
:107C5C00FFF6E7AD47F6FF7CE5E502EB000CBCF563
:107C6C00004FFFF69FAD47F6FF7C9DE5C1EBC13899
:107C7C00A3F85606B8F1000FC446FFF635AF4FEA2D
:107C8C00E83CC9E5C1EBC138A3F85406B8F1000FC4
:107C9C00C446FFF637AF4FEAE83C7EE51118B1F564
:107CAC00004FFFF63AAE47F6FF7137E6C1EBC13E27
:107CBC00A3F85A06BEF1000F7146FFF6F9AE4FEA73
:107CCC00EE3125E6B3F96016A3F84C06C1EBC13BC7
:107CDC00BBF1000FDC46FFF648AF4FEAEB3C62E429
:107CEC0047F6FF72A6E6C2EB0212A5F89E125200EE
:107CFC00D9E62046049C0022214601F051FB204687
:107D0C0001F026FB039B059A93420BD0184607B053
:107D1C00BDE8F04F01F01CBB0146204601F064FBAE
:107D2C000028F4D107B0BDE8F08F024B039A0593FD
:107D3C00039305E4A01B002038B50022044603463B
:107D4C004B494C4D4FF4807043F8185B2081A26175
:107D5C00C4E903230B68002B00F088801A465B698A
:107D6C00002BFBD154610025434B204640F6B80252
:107D7C00294665616560A57240F81C3B05F06CFDF9
:107D8C00294640F6481204F6D40005F065FD41F290
:107D9C001C20294640F6FA12204405F05DFD41F600
:107DAC001640294640F69822204405F055FD42F233
:107DBC00AE60294640F61C32204405F04DFD43F2DE
:107DCC00CA10294640F6A632204405F045FD43F67C
:107DDC007050294640F62A42204405F03DFD44F6F9
:107DEC009A10294640F6A242204405F035FD04F5D0
:107DFC00A043224946F6843245F26260C3F83C56F1
:107E0C00C3F84056C3F844562044C3F84856C3F848
:107E1C004C56C3F85056C3F85456C3F85856C3F8CA
:107E2C005C162946A3F860264FF48B6205F014FD0E
:107E3C0045F6BA20294640F27232204405F00CFD7A
:107E4C0045F62C60294640F2AA22204405F004FD98
:107E5C0046F2D6004FF4E1722946204405F0FCFCB2
:107E6C0004F5C0432046C3E9A65538BD0C607AE73B
:107E7C00043F0020C81C0020201D002099196766B3
:107E8C002DE9F0410021804601F0BAFA04460121A7
:107E9C00404601F0A9FA05468CB3A0B30C3004F1AE
:107EAC000C0105F5867C51E9022350E9026712FBAF
:107EBC0036FE2EF3CF3E12FB06F222F3CF32C2EA8D
:107ECC000E4213FB37FE2EF3CF3E13FB07F323F3C7
:107EDC00CF33C3EA0E430830604541E9022301F178
:107EEC000801E0D100222146404601F059FA204613
:107EFC0001F02EFA2846BDE8F04101F029BA00281D
:107F0C00F9D1BDE8F0812046BDE8F04101F020BA7E
:107F1C002DE9F04F83B0984601F5807BC369DDF8FD
:107F2C0030A00190D0E90997D0E90B5431F9026BDC
:107F3C003846370353FB14FC05EB8C0C59FB14F53A
:107F4C003844CCEB6000A0EB850053FB10F604EB3F
:107F5C00860653FB16F50CEB850559FB16F4A7EBBF
:107F6C00050EAEEB840E53FB1EF406EB8404AC44FE
:107F7C002CF34F3C264426F34F36704420F34F30FD
:107F8C008B4522F802CB28F8026B2AF8020BCDD1D4
:107F9C00019BC3E90A751C6303B0BDE8F08F00BFF9
:107FAC002DE9F04F01F5807487B002948469059037
:107FBC000394046A01930494DDE910BAD0E909979B
:107FCC00D0E90B64049832F9025B00FB05F525F04F
:107FDC00784000F10060C00050FB10F0264B50FBC5
:107FEC0013F0013BED1603EBC000C5F10605039B36
:107FFC00284153FB10F0214B3D4631F9027B98424E
:10800C004FEA0737A8BF1846000250FB14FE06EBD8
:10801C008E0E59FB14F63D44CEEB6505A5EB86059B
:10802C0050FB15FC04EB8C0C50FB1CF60EEB86067F
:10803C0059FB1CF8BC1BA4EB880850FB18F00CEB8C
:10804C008004B6442EF34F3EA4442CF34F3C4544DD
:10805C0025F34F35019B23F802EB0193029B2BF880
:10806C0002CB8B422AF8025BACD1059BC3E90A76A2
:10807C001C6307B0BDE8F08FABAAAA2AE710520028
:10808C002DE9F043002183B0044601F0ADF905461B
:10809C000121204601F0A8F90646002D3CD001F044
:1080AC0001F90746002853D001F0FCF8804600285F
:1080BC0037D001F0F7F88146002850D0031D002E70
:1080CC003DD0019308F104032046321D0093291D75
:1080DC003B1DFFF765FF304601F03AF9284601F0E9
:1080EC0037F900223946204601F05AF9384601F09A
:1080FC002FF901224146204601F052F9404601F089
:10810C0027F920460222494601F04AF9484603B0B5
:10811C00BDE8F04301F01CB90028F8D103B0BDE86C
:10812C00F083284601F014F9384601F011F9002EBD
:10813C00F4D0304603B0BDE8F04301F009B9009328
:10814C003A1D08F10403291D2046FFF7E1FEC5E79F
:10815C00284601F0FDF8002EE0D03046EAE728462C
:10816C0001F0F6F8384601F0F3F8404601F0F0F86B
:10817C00002ED3D03046DDE7F8B5002705463C4647
:10818C00B4B33946284601F02FF908B3BB1D04F1EE
:10819C00040E00F1040C55F82360B6F5803F47D06F
:1081AC0000F582715CF8042B36FB02F336FB12F2FD
:1081BC0003F30F0302F30F02C3EA0243DEF80020BD
:1081CC0093FA12F38C454EF8043BEBD101F0C0F856
:1081DC000137042FD4D128462146002201F0E0F8C3
:1081EC002046BDE8F84001F0B3B80137042F3AD06F
:1081FC003946284601F004F904460028F5D0BB1D89
:10820C0055F82300B0F5803FE2D0211D04F58276AD
:10821C000B6830FB03F230FB13F302F30F0203F392
:10822C000F03C2EA034341F8043BB142F0D1CFE75C
:10823C0000F10C0204F10C0300F5867C53F8081CC9
:10824C0052F8086C91FA16F143F8081C53F8041C08
:10825C0052F8046C91FA16F1083243F8041C0833F6
:10826C009445EBD1B2E7F8BD2DE9F84F454B464CA0
:10827C001868197904F580750368444AAB42D177C4
:10828C000BD2434B1B78002B4BD04FF0E0234022FA
:10829C002C4605F58075C3F808223E4BDFF804A187
:1082AC00D3F80080DFF800913B4BBAF80060D3F8AC
:1082BC0000B0B9F80070B8F1000F4FD0BBF1000F4F
:1082CC0021D1B8F1000F49D008F10401204601EB8F
:1082DC004601403600F045FFBFF34F8F4FF0E022D0
:1082EC00C2F8704F2034AC42FAD3BFF34F8FBFF3B8
:1082FC006F8F7F2E26D8AAF800607F2F15D8A9F88B
:10830C000070BDE8F88F0BF1040208F1040120465F
:10831C0002EB4702403701EB4601403600F002FF0A
:10832C00DAE72C4605F58075B7E700245846A9F81E
:10833C00004001F00DF8194B1A681C60164B1A60BE
:10834C00BDE8F88F00244046AAF8004001F000F880
:10835C00134A104B116814601960CEE7BBF1000F83
:10836C0008D00BF10401204601EB4701403700F027
:10837C0018FFB1E74FF480725946204605F06CFAAD
:10838C00AAE700BF9C3F0020E032202000800E4076
:10839C002CCD00208C3F0020943F0020983F0020E3
:1083AC00903F002014CD002016CD002038B50021C0
:1083BC00044601F019F888B172B61C4A1368002BF8
:1083CC002BD01B490D68002D2CD0156008600021A6
:1083DC00184A118062B6184600F0BAFF01212046F7
:1083EC0001F002F898B172B6134A136883B11349BD
:1083FC000C6854B114600024114A0860148062B6F1
:10840C001846BDE8384000F0A3BF086062B638BD1E
:10841C000B4910600B8062B638BD064910600B80AA
:10842C0062B6DBE7086062B6D8E700BF8C3F00207D
:10843C00903F002014CD0020943F0020983F002056
:10844C0016CD002010B5044601F062F9204610BD8F
:10845C00F8B52D4C05462D4AE36F43F44023E367F2
:10846C009368002B46DBD2F88830002B42DB0023CC
:10847C0042F210724FF40C611C2005F031FCE369E0
:10848C00234A23F44063234943F40063E361A36A62
:10849C001A40214B42F0CE02A2624A68134043F4C8
:1084AC0000234B602DB91D4B0322C3F82021C3F8C8
:1084BC0024211A4E0327154B0124C6F828710025D8
:1084CC004FF480301649174A174E1D66DC601E614A
:1084DC0058619961DA61C3F8E050C3F88C4004F13B
:1084EC00E064C3F89040C3F89400C3F89810C3F844
:1084FC009C20F8BD002DFCD1084B0322C3F8202191
:10850C00C3F82421F8BD00BF00C00F400040384024
:10851C0000FEFFFF00C00A40F8FFF7FF00801F407D
:10852C001B1F0100001F1F1F0100004770B5264DC7
:10853C0000240121254E284601F090F8244A254BB1
:10854C00204614601C60FFF783FF234B0321234A52
:10855C000220C3F880112B6821491A604FF48072F5
:10856C009C61DA82DA8306229C829A831D4ADE6041
:10857C001A61C3E9011029791B480FFA81FC1B4BC6
:10858C0040F82C4040F82C30194B1A48D976D2F8C8
:10859C006630194C43F01043C2F8663042F81A0C9E
:1085AC0001F03AF82A79154B0121207002F11000E4
:1085BC0003EB521302F01F02114C91409B00114A25
:1085CC0042F82040196070BD9C3F002000FEFFFF68
:1085DC008C3F0020943F002000801F40E032202080
:1085EC00020001012240384000C00E4014000080FF
:1085FC0000800E40010000902CCD00204038003847
:10860C00A960000000340020024A0349034803F02B
:10861C006DBF00BFFC2A0020856200009C3F00203B
:10862C002DE9F041044600F03DFE002800F0968054
:10863C000546237E043005F5827CDBB9E269C2EA8B
:10864C00224205F1240305F5927143E9082243E91E
:10865C00062243E9042243E9022220338B42F4D15F
:10866C0020462946002200F09BFE2846BDE8F0413A
:10867C0000F06EBED4E90731626A83FAA1F6EFF31B
:10868C0000873F016CD5002A58D0571C022F04D903
:10869C0091FBF2F693FBF2F7F61B7F2E24DD05F12E
:1086AC00140105F58A7C01E0E369626A9F1803EB0B
:1086BC004203C3EA274703EB020E03EB4203C3EA70
:1086CC002E4E9E1803EB4203C3EA264603EB4200F0
:1086DC001344E061C0EA234041E9047E41E90260B1
:1086EC0010316145E0D1BBE7012E3CDDB71E0646DB
:1086FC004FEA570808F1020E05EB8E0E01E0E36914
:10870C00626A03EB42011344E161C1EA234146F87A
:10871C00041B7645F3D1C8EBC87308F10108216A34
:10872C0007EB430600EB8808FEB1E369626A134469
:10873C00C1EA2343404640F8043B216A0023E1612F
:10874C002376C1EA214160458AD240F8041B844556
:10875C0086D940F8041B8445F7D881E7BDE8F08141
:10876C0096FBF2F699E78046DEE74046E6E700BF67
:10877C00F8B5037E002B69D0012B04463AD000F0EB
:10878C0091FD0546002860D0A38B73BB628B04EB74
:10879C004202B2F92200291D05F5827647F6AE7E1B
:1087AC0004EB43030246B3F9240002440EFB02F22D
:1087BC00121421F8022BB4F81CC0678B0CF10103C6
:1087CC0004EB4C0C9BB2ACF824209F4298BF0023C6
:1087DC00B142A383E4D120462946002200F0E0FDFB
:1087EC002846BDE8F84000F0B3BD04EB4302B2F9F3
:1087FC002200D0E7DFF85CC0458BDCF80030DDB13F
:10880C0000F12201076A124E44F2A71001EB450554
:10881C0010FB13F24FEAD23E9BB206EA024200FB77
:10882C0003E31A4422F0004303EBD27337FB03F249
:10883C0021F8022F8D42EBD10222CCF800302276A7
:10884C0000F030FD054600289ED12076F8BD00BF13
:10885C000000FF7FEC2A0020036A2DE9F047054653
:10886C0033B9D5E9063203EBC213AB61BDE8F0872F
:10887C0000F018FD06460028F3D000F1020C2F6A18
:10888C0000F58170134CD5E9068142464FEA126916
:10889C00C2F30F2E09F1010ACEF5803334F9199089
:1088AC0009FB03F334F91A900EFB093353FB07F35E
:1088BC002CF8023F60450A44E8D108EBC113284666
:1088CC0031460022AB6100F06BFD3046BDE8F0474D
:1088DC0000F03EBD60040020B1F5803F4FEA21233B
:1088EC005FFA81FC11DA0F495A1C023331F912205C
:1088FC0031F91300CCF580730CFB00F002FB030084
:10890C008030001200F5C040704740F2FF1105485E
:10891C00C3F50072C91A30F9122030F91100524215
:10892C004042E7E7AC220020B1F5704F2DE9F04151
:10893C000F460646904627DC1D460C4605E004F51E
:10894C0080540135B4F5704F17DC002CF7DB214651
:10895C003046B8F1000F25D0FFF7BEFF05F00F032E
:10896C0004F58054013506EB8303B4F5704FD3F84E
:10897C0010211044C3F81001E7DDC7F570420B4B12
:10898C0007F5805713401F44D6F8083106EBC30295
:10899C00013303F01F03976082F80C80C6F808318E
:1089AC00BDE8F081FFF798FF4042D7E700F0FFFFEA
:1089BC002DE9F04FD0F8084183B0D0F80C81D0F8F5
:1089CC0004A0A4EB08020194D3063DD00646DFF8C0
:1089DC008090013C304604F01F0406EBC407BD68D0
:1089EC0097F80CB0294605F58055FFF775FFB5F5DE
:1089FC00003FBD6008DBBBF1000F726814BF4FF481
:108A0C00404149460A447260BBF1000F00D140421C
:108A1C00A0458244DDD108F1010856F83820B2F5A2
:108A2C00003F11DB08F01F02019B9342C6F80C219A
:108A3C000AD002F1010856F83820B2F5003F03DBEA
:108A4C0008F01F02C6F80C21504603B0BDE8F08FA9
:108A5C000040FFFF002938B50446154603DB0268C9
:108A6C00002A20DB38BD0368002BFBDBD0F8540157
:108A7C00CA1AC11A00230803090D04F0ABFA40F618
:108A8C00FF7194F85031B0F5805F18BF0146002B90
:108A9C00E8D02B46002249422046FFF745FF002331
:108AAC0084F8503138BDC2F1000C00238A1A4FEA09
:108ABC000C304FEA1C5104F08DFA40F6FF7194F81B
:108ACC005031B0F5805F18BF0146002BCAD12B4640
:108ADC00012249422046FFF727FF012384F8503139
:108AEC0038BD00BF2DE9F8430D4690F850110446EF
:108AFC0017461E46E9B10268D0F854118A4251D289
:108B0C00AA4201D8A9424DD8891A0023AA1A0803EF
:108B1C00090D04F05FFAB0F5805F33464FF00002A8
:108B2C0014BF414220492046FFF7FEFE002384F883
:108B3C005031D4F80080B8F1000F33DA002D31DB5E
:108B4C00C8F10001A5EB08090023C4F8547108030F
:108B5C004A46090D04F03EFAB0F5805F33464FF0FB
:108B6C00010214BF414210492046FFF7DDFE0123EC
:108B7C00BD4284F8503115D3A7EB08014A460023B7
:108B8C000803090D04F026FAB0F5805F33464FF068
:108B9C00000214BF414204492046FFF7C5FE0023E2
:108BAC0084F85031BDE8F88301F0FFFF70B50E1E5C
:108BBC00054614461BDBFFF7FBFE2A684FF44043C7
:108BCC00002AA2FB0313A3F5C04300FA83F309DBCD
:108BDC0004F00F0405EB8404B4F91001C4F810314F
:108BEC002E6070BD6A6802F540426A60F0E7026868
:108BFC00002A12DBC2F100410023B21A0803090D4E
:108C0C0004F0E8F9B0F5805F23464FF0000214BF82
:108C1C00414209492846FFF787FE31462846FFF7AF
:108C2C00C7FE2A684FF44043A2FB0323A3F5C043BD
:108C3C0000FA83F3CCE700BF01F0FFFF436A2DE994
:108C4C00F04F054685B0076AD0E906462BB904EB10
:108C5C00C614846105B0BDE8F08F00F023FB0090D2
:108C6C00002858D0E3190193009B1C1DB5F9323034
:108C7C000C2B2AD8DFE813F088007A000D00A60030
:108C8C00C600EB00050114012D01540054006D01C8
:108C9C009301686A20F34F00009AC0F1000C00B2F7
:108CAC00931D02F5837E0FFA8CFC019A002A03F1C6
:108CBC0002033244ACBF0146614623F8041C9E45B6
:108CCC00F4D1019B03EBC61301932B6A019AD21AC0
:108CDC00B5F93430AA617BB1009A02F582711A465B
:108CEC0001E0B5F93420B4F90030134403F30F0359
:108CFC0024F8023BA142F4D1009C284600222146D4
:108D0C0000F04EFB204605B0BDE8F04F00F020BB54
:108D1C00009800F01DFBAB6903EBC613AB6199E740
:108D2C00009B05F13809DDF804B04FF0000803F1A1
:108D3C00060A0BE002FB00F0031408F101080AF12B
:108D4C00020A2AF8043CB8F1800FBAD0B344424668
:108D5C0048465946FFF72AFFB5F932306A6A0A2BA2
:108D6C00E8D1524200FB02F21314E6E7009B6F6A53
:108D7C0003F58270019A234637FB12F123F8021B8C
:108D8C0098423244F8D19CE7009B21466F6A03F568
:108D9C00827C019AA948130EC2F30F2E30F913905E
:108DAC0003F10108CEF5803330F9188009FB03F389
:108DBC000EFB083353FB07F321F8023B8C4532447E
:108DCC00E9D17EE7009B4FF6FF78019803F1060E80
:108DDC0003F58379D5F824C0820F0EF1020EC3136C
:108DEC00A8EBD031013A0CFB03F33044012A0CFB05
:108DFC0001F14FEA234398BF0B142EF8043CF145C4
:108E0C00EAD15EE7E86A002882D0009B21466F6AAF
:108E1C0003F5827C019A130EC2F30F2803F1010EA5
:108E2C00FF2B30F9139014BF00EB4E0E8646BEF9A3
:108E3C000030C8F5803E08FB03F30EFB093353FBEF
:108E4C0007F321F8023B8C453244E4D139E7686AD8
:108E5C0020F34F00009AC0F1000CAF6A00B2931DD2
:108E6C0002F5837E0FFA8CFC019A974203F1020300
:108E7C00324494BF614601469E4523F8041CF4D14C
:108E8C001FE7009B686A03F5827C019AC043234666
:108E9C0030FB12F123F8021B9C453244F8D110E749
:108EAC00009BA146DDF8048003F5827A02E0CA45F6
:108EBC003FF407AFB5F9303018EB060829F8023B40
:108ECC00F5D3686A00F0AAFD6B6AA0EB63002886F4
:108EDC00EDE7AB6A4FF6FF724FF0FF3B00984FEA9D
:108EEC0013490394811D4FEA5308A2EB090200F5C4
:108EFC00837AD5F824C06FF00047BBFBF9F9BBFBB4
:108F0C00F2FB6FEA53020292019A029CA2EB530EFF
:108F1C000BE01B0C0CFB03F31B1421F8023C02317D
:108F2C003244B644514500F08280130C904509FB45
:108F3C0003F3EED808EB02034FEA1E4094424FEACB
:108F4C0013430BFB107069D900140CFB00F00314D5
:108F5C00E3E705F1380A019FA3464FF000083744B8
:108F6C00424650463946FFF775FD39465046FFF7E5
:108F7C001FFD08F00F0208F1010805EB8202B8F1A1
:108F8C00800FB2F94831C2F84801696AAF6301FB3E
:108F9C0003F34FEA23432BF8023BE0D191E605F1B2
:108FAC003809019FA0464FF0000B0294AC6A37447D
:108FBC005B46484622463946FFF794FD39464846FB
:108FCC00FFF7F6FC1E4BA3FB043C0BF00F030BF15D
:108FDC00010BA4EB0C0A05EB8303BBF1800F0CEB2C
:108FEC005A0CD3F848114FEA1C4CCCF5405C604449
:108FFC00C3F848014FEA61136A6AC3EB6103AF63BC
:10900C001BB202FB03F34FEA234328F8023BCDD1FA
:10901C00DDE9013403EBC613019356E609FB03F3B8
:10902C0003F100431B140CFB03F31B1475E7019BAA
:10903C00039C03EBC613019347E600BF60040020BA
:10904C000160008000224FF4C041C0E94222C0E917
:10905C00002170472DE9F84386690EB9BDE8F88305
:10906C00044600F01FF905460028F7D000F10C016A
:10907C0000F5867CE36944F2A712294812FB13FE23
:10908C009BB200EA0E4702FB03F303EBDE331F44F3
:10909C0027F0004303EBD77336FB03F712FB13F8EF
:1090AC0000EA084E9BB20EEBD83E02FB03EE2EF00C
:1090BC00004303EBDE7336FB03FEC7EA0E4712FBDD
:1090CC0013F800EA084E9BB20EEBD83E02FB03EEFF
:1090DC002EF0004303EBDE7336FB03F812FB13F99F
:1090EC0000EA094E9BB20EEBD93E02FB03EE2EF0CA
:1090FC00004303EBDE7336FB03FEC8EA0E4841E97E
:10910C00027808316145B9D120462946E361002235
:10911C0000F046F92846BDE8F84300F019B900BF45
:10912C000000FF7F2DE9F04F00F5807EB1E8A00A2A
:10913C00B2E84015C5EA0643C6EA2544C7EA084525
:10914C00C8EA2746C9EA0A47CAEA2948CBEA0C49C1
:10915C00CCEA2B4AA0E8F8078645E7D1BDE8F04FEA
:10916C0070474FF000022DE9F00F00F5807C00BF36
:10917C00B1E8A00AC5EA0203C2EA2544C7EA02051F
:10918C00C2EA2746C9EA0207C2EA2948CBEA020921
:10919C00C2EA2B4AA0E8F8078445E9D1BDE8F00FF4
:1091AC0070474FF000022DE9F00F00F5807C00BFF6
:1091BC00B1E8A00AC2EA0543C2EA0504C2EA0745BF
:1091CC00C2EA0706C2EA0947C2EA0908C2EA0B4921
:1091DC00C2EA0B0AA0E8F8078445E9D1BDE8F00F14
:1091EC0070472DE9F00F089C00F5007B51F8045BEB
:1091FC0053F8046BC5EA0647C6EA254952F8045BE6
:10920C0054F8046BC5EA0648C6EA254AA0E880076C
:10921C008345EBD1BDE8F00F704700BF4FF0E02362
:10922C004022C3F808227047F8B5144B144D1C6843
:10923C006E689CB1237A20466BB123686F681B68FB
:10924C0098476B68E188DB1BC3F38F12B1EB931F5C
:10925C00A28038BFE2806469002CEBD1084B094A2C
:10926C005B6810889B1B084CC3F38F11B0EB931FEA
:10927C00218038BF1180BFF34F8FF8BD043F002011
:10928C00001000E00ECD00200CCD00200368184724
:10929C000B680360704700BF0B680360704700BF2A
:1092AC00704700BF30B472B6244D254C2A8804F1A7
:1092BC00700104EB82038B423CD204F16F01501C11
:1092CC00C91A00EB910002E00132824232D09C4676
:1092DC0053F8041B0029F7D0B1FA81F04FF000438A
:1092EC00C34021EA0301CCF8001001B90132154B3F
:1092FC002A801A88013291B2198062B6ACEB040C48
:10930C0041F67C73C0EB00644FEAAC0CC0EB8410EC
:10931C0001240CEB8C1C03EBCC1303EB80030A48ED
:10932C000068C4541844094B1C88944230BC38BFA4
:10933C001980704762B6002030BC704710CD0020F9
:10934C00083F002008CD0020003F00200ACD00205F
:10935C00428872B60378012B03D9013B037062B6C5
:10936C007047D14353090B484FF0004201F01F01E5
:10937C00CA4050F823100A430749B1F800C040F81E
:10938C0023209C45054A88BF0B801388013B138022
:10939C0062B67047083F002010CD002008CD002099
:1093AC00C36813B91DE0DB68E3B1187A9042FAD1B7
:1093BC0010B4586893F809C0006950F82C4054B1A7
:1093CC00DB682BB1187A9042F3D0DB68002BF9D113
:1093DC005DF8044B704740F82C1008780130087089
:1093EC00EEE77047704700BF437A8B4206D903699A
:1093FC00002253F8210043F82120704700207047C9
:10940C0038B5437A8B421BD90369002253F82140AB
:10941C0043F82120A4B12378012B01D8204638BD74
:10942C00FFF740FF054628B14FF48072211D043030
:10943C0000F0B0FC2378013B23702C46204638BD4D
:10944C000024204638BD00BF00220449C0E9002298
:10945C00028102740A680860C2607047783F00207D
:10946C00037CFBB903680146FBB14368EBB1427A5C
:10947C005B7A9A421CD230B472B62B4B1C68ECB19E
:10948C00E368C3B1486801E0DB68A3B15A68824263
:10949C00FAD193F809C04A7A9445F5D162B6042002
:1094AC0030BC7047012062B67047032062B670472B
:1094BC00022062B670476469002CE1D11B4C236812
:1094CC0043B1994202D10BE0994207D01A46DB68AE
:1094DC00002BF9D1052062B630BC704702F10C04A8
:1094EC000D68E868E8B1C3681BB908E0DA683AB1FE
:1094FC00134681421846F9D162B60620D0E70346DE
:10950C00D960CB68002023600123C860AA7A2B7233
:10951C001A44AA724A68947A13721C4494720B749B
:10952C00D9E7E960EDE700BF043F0020783F002059
:10953C0010B5047C9DF808E00CB1012010BD02723E
:10954C0080F809E0C0E90013BDE81040FFF788BFC0
:10955C0038B5037C002B36D043680446427A5B7ADC
:10956C009A4238D272B60168CB68002B2DD0984243
:10957C0033D01A46DB689C422AD0002BF9D16268A2
:10958C00607A136953F8200048B1FFF7E1FE72B618
:10959C0062680025607A1369216843F820508B7A41
:1095AC00013BDBB28B7203B90B72937A013BDBB2DA
:1095BC00937203B913720A4B00201A6820741C6052
:1095CC00E26062B638BD012038BD62B6032038BDFA
:1095DC00E368D360D3E7022038BDC368CB60CEE725
:1095EC00783F002010B50446FFF7B2FF094A136814
:1095FC0043B19C4202D108E09C4205D01A46DB687C
:10960C00002BF9D1204610BD0C32E36820461360C4
:10961C0010BD00BF783F00200C4B1A789AB90C4A49
:10962C000C4910B4C2F858110B48D02401224FF049
:10963C00E02180F8464040241046C1F808415DF80E
:10964C00044B1A7070470020704700BF2ACD0020D1
:10965C00003400206970000000E400E030B472B601
:10966C0021B9036813B102790F2A3BD9244C218804
:10967C00002341FA03F212F0010208D00133102B3F
:10968C00F7D162B600220371026030BC70474FF014
:10969C00010C0CFA03FC41EA0C01218062B6194959
:1096AC005FFA83FC184C194480F804C04B01E16F3D
:1096BC0041F0C001E16740F2824414490C6081F82A
:1096CC001AC081F81EC081F818C081F81FC0036051
:1096DC0030BCC3E90022C3E90222C3E90422C3E976
:1096EC0006227047064C218841FA02F5ED07BFD5DA
:1096FC00044D1544B3EB451FBAD162B6C5E700BFA4
:10970C001CCD00208074000200C00F4000800E4071
:10971C0003790F2B11D8094A937672B608490122A6
:10972C0090F804C00B8802FA0CF223EA02030B80B7
:10973C0062B61022002302710360704700800E4055
:10974C001CCD0020704700BF704700BF704700BFA2
:10975C00704700BF70B51A4C1A4D2368AB4202D04B
:10976C00194AD16829BBA369AB4202D0164AD16908
:10977C00C9B9236BAB4202D0134AD16A69B9A36C45
:10978C00AB4209D0104AD16B31B101211B680F4893
:10979C00D163BDE87040184770BD01211B680C48AF
:1097AC00D1629847EBE701211B680A48D1619847C1
:1097BC00DFE701211B6804F10800D1609847D2E76C
:1097CC00C0360020A41C00200041084010370020A7
:1097DC00F8360020E036002038B5064CA4F16005C0
:1097EC0054F8083C2046183CDB689847AC42F7D14B
:1097FC0038BD00BF1037002003682DE9F041044646
:10980C0088B01746002B4BD000229A600122DA60F8
:10981C00304D04A8DFF8E0801D4451F8083B2D11B1
:10982C0002935B6805EB45069847F60006F10800C5
:10983C0058F806304044DB6801909847264A04A942
:10984C00DDE90103029248F806309B689847029BB9
:10985C0004A8DB6898472368032220481F609A609D
:10986C001F4A23791F4C535513785178C0F828425E
:10987C008B4228BF0B469178D2788B4228BF0B467F
:10988C00934228BF1346184C4FF0E0224FF08061F2
:10989C00012084F87A30C2F80C1108B0BDE8F081D0
:1098AC00124AD36E43F44053D3660122104B1A6014
:1098BC00104A13460260403298680028A8D0103332
:1098CC0093422360F8D100231846236008B0BDE80A
:1098DC00F08100BF00BFF7BFA41C002000340020A3
:1098EC00E82A00209575000000E400E000C00F405D
:1098FC000040084000410840C036002010B4064B20
:10990C000020064C064A1C609C611C639C64054943
:10991C005DF8044B02F0EABDC0360020A41C002008
:10992C00FC2A00201976000000207047084602F03F
:10993C001FBB00BF012A70B508BF0A228AB091B3C1
:10994C004FF0210E01E05FFA86FE0EF1FF36B1FBFF
:10995C00F2F502FB15145FFA84FC092C0CF13704A8
:10996C000CF1300C98BF5FFA8CF40EF1280C88BF08
:10997C00E4B29142EC4429460CF8244CE3D24BB1AE
:10998C000EF1FF3E2D225FFA8EFE0EF128036B4482
:10999C0003F8242C036801A9CEF122025B68714400
:1099AC0098470AB070BD30224FF0210E8DF825205B
:1099BC00E5E700BF002903DB00230A22FFF7BABF4B
:1099CC0049422D230A22FFF7B5BF00BF00B503683B
:1099DC0083B040F60D2C022201A95B68ADF804C0DF
:1099EC00984703B05DF804FB5AB90368C9B2074A3B
:1099FC001B68934200B506D108465DF804EB02F0F3
:109A0C00B7BAFFF797BF5DF804EB18476D77000006
:109A1C0008B1014B18607047FC3E002000B970473C
:109A2C0014490A68EAB1D31730B4134C134D84FBB4
:109A3C00024C134C9444C3EB2C4304FB132244F20E
:109A4C00A71405FB03F304FB0233002B10DA6FF0B1
:109A5C0000421A440A60B2FBF0F330BC00FB132046
:109A6C007047084AB2FBF0F30A6000FB1320704702
:109A7C001A46EFE7FC3E00205F0B4E83ECF4FFFF31
:109A8C001DF3010042CE0C1F884200DB704730B43E
:109A9C00124C091A2368EBB1114A124D82FB032CAC
:109AAC00DA179C44C2EB2C4244F2A71C05FB123380
:109ABC000D4D05FB02F20CFB0322002A0CDA6FF0B1
:109ACC00004313442360B3FBF1F201FB123330BCAF
:109ADC0018447047054BF5E71346F3E7FC3E0020AE
:109AEC005F0B4E831DF30100ECF4FFFF42CE0C1F05
:109AFC001C2849D8F8B5254F04463B78E3B9244BCC
:109B0C001B5DFF2B29D0234A02EB041291680A68D3
:109B1C0002F44050B0F5805F30D01C061FD41E4CB0
:109B2C002360236AD80704D402F0B6FA236AD90753
:109B3C00FAD5194B586AF8BD174D184E01E002F0D2
:109B4C00ABFAAB6C1B06FAD4B36C13F08003F6D1F2
:109B5C003B700F4B1B5DFF2BD5D10020F8BD0F4C7C
:109B6C0003F07F032360236ADA0704D402F094FA2B
:109B7C00236ADB07FAD5094B586AF8BD22F48052E8
:109B8C001C060A60EBD4CAE70020704732CD0020D7
:109B9C00F02100202C1E002000400C4000800C40C6
:109BAC0000B970472DE9F84F01218146214C224D17
:109BBC00224E54E8003F2A68306844E80013002B1A
:109BCC00F7D11F494B684FF47A7BDFF878A01B1A4A
:109BDC0001270BFB02F8DAF80020A3FB02325A45EE
:109BEC0094BF9044D84454E8003F2A68306844E855
:109BFC000073002BF7D14B68DAF800C01B1A0BFB73
:109C0C0002F2A3FB0C3CBCF57A7F94BF624402F5D4
:109C1C007A72A2EB0802B2F57A7F06D3B9F1010988
:109C2C0008F57A78DFD1BDE8F88F02F035FA0449EF
:109C3C00D9E700BF58BA002054BA002050BA00200F
:109C4C00001000E084B5002030B40F4B4FF0010C35
:109C5C000E4D0F4C53E8002F2868216843E800C2D2
:109C6C00002AF7D10B4B5B680B4A5B1A4FF47A71E5
:109C7C00126801FB00F0A3FB023230BC8A4294BF95
:109C8C0080184018704700BF58BA002054BA002002
:109C9C0050BA0020001000E084B50020272816D808
:109CAC000201104B03EB00109B5810B4C2685C68A7
:109CBC00144205D061B95DF8044BC3F88820704795
:109CCC00836851B1084A5DF8044B1A6070477047BD
:109CDC005DF8044BC3F884207047044A5DF8044BCC
:109CEC001A6070472C1E002038F00100383001003B
:109CFC0027280BD8064B020103EB00109A58C368B7
:109D0C0092681A4214BF012000207047002070474F
:109D1C002C1E0020272829D8164B0201012903EB01
:109D2C0000109A5810B45368C4680ED004290CD093
:109D3C0023EA040353608368A9B1022917D00329CD
:109D4C000CBF0D4A0D4A1A6007E0234301295360EA
:109D5C00836808D040F638021A60436815225DF813
:109D6C00044B1A60704738221A60F6E77047044AB1
:109D7C001A60F2E72C1E0020383001003800010078
:109D8C0038F0010008B5FBF73FFEFBF7DBFE02F0F5
:109D9C0083F9FAE7844641EA000313F003036DD11B
:109DAC00403A41D351F8043B40F8043B51F8043B92
:109DBC0040F8043B51F8043B40F8043B51F8043B99
:109DCC0040F8043B51F8043B40F8043B51F8043B89
:109DDC0040F8043B51F8043B40F8043B51F8043B79
:109DEC0040F8043B51F8043B40F8043B51F8043B69
:109DFC0040F8043B51F8043B40F8043B51F8043B59
:109E0C0040F8043B51F8043B40F8043B51F8043B48
:109E1C0040F8043B51F8043B40F8043B51F8043B38
:109E2C0040F8043B403ABDD2303211D351F8043BD8
:109E3C0040F8043B51F8043B40F8043B51F8043B18
:109E4C0040F8043B51F8043B40F8043B103AEDD287
:109E5C000C3205D351F8043B40F8043B043AF9D2D8
:109E6C00043208D0D2071CBF11F8013B00F8013BAB
:109E7C0001D30B8803806046704700BF082A13D3B8
:109E8C008B078DD010F003038AD0C3F10403D21AD0
:109E9C00DB071CBF11F8013B00F8013B80D331F804
:109EAC00023B20F8023B7BE7043AD9D3013A11F884
:109EBC00013B00F8013BF9D20B7803704B784370EF
:109ECC008B7883706046704703F002BA01F1FF3C57
:109EDC0070B56646002400E00134B0FBF2F502FBDD
:109EEC001503092B03F1370E03F130035FFA8EFED5
:109EFC0098BF5FFA83FE9042284606F801EFEBD23A
:109F0C00631C0022C818CA547CB162461CF8015F5D
:109F1C0010F8016DA1EB0C0302328CF80060013BD0
:109F2C00521A057023449A42EFDB084670BD00BFFD
:109F3C004FF0010C0CFA01FC01EB410100EB41115B
:109F4C0070B5B1F80EE01FFA8CF5254C1FFA8EFE99
:109F5C0024782E010EFB033306F0F006E340B0F834
:109F6C0088417345A4B228BF73463443012AA0F834
:109F7C0088410DD0022A28D0C2B10CF00F02B0F8E3
:109F8C0088C11FFA8CFC4CEA020CA0F888C170BD89
:109F9C009BB20CF00F022D02CB82B0F8803105F48D
:109FAC0070659BB22B43A0F88031E8E7AEEB030E53
:109FBC000CF00F021FFA8EFEA1F80AE0B0F8803107
:109FCC009BB21343A0F88031D9E79BB20CF00F027F
:109FDC00CB83B0F880319BB21E43A0F88061CEE7F2
:109FEC009631002027284BD8F8B52A4D044615F891
:109FFC00202005EB8005012A2DD0022A3FD16B7859
:10A00C00C3F3011003283ED0234A02EB803203F045
:10A01C00030C224889B2634602EB4C1C0678BCF850
:10A02C0006E05801BCF810301FFA8EFECEF1011E6E
:10A03C001EFA83F303F1FF3E0EFB01F1F1408E4556
:10A04C0023D95B1AC3F101039BB289B20244ACF869
:10A05C00063011820DE06A78C2F30113032B10D085
:10A06C000F4800EB83308BB202F00301AA78FFF7A4
:10A07C005FFF0C4BEA7803EB04135B681A60F8BDC6
:10A08C0070470948EFE7094AC1E7991E4FF6FF737D
:10A09C00DBE700BF0C22002000C01D4096310020E1
:10A0AC0000C03D402C1E002000803E4000801E4021
:10A0BC0000230F2248F2B82C194610B54FF4704407
:10A0CC004FF4806EA0F88C414FF46044A0F88E21C0
:10A0DC000A46A0F89031B0F888319BB243F0F003F7
:10A0EC00A0F8883101EB4103013100EB4313042943
:10A0FC009C80A3F806E05A841A865A805A81A3F8E9
:10A10C000EC05A82DA825A83DA83EBD1B0F88831E6
:10A11C009BB243F00F03A0F88831B0F888319BB2A2
:10A12C0043F47063A0F8883110BD00BF374B384A38
:10A13C00996F384841F47F0170B5996741F2010677
:10A14C00D3F8801045F6C05543F226040A43C3F8F1
:10A15C008020FFF7ADFF00F58040FFF7A9FF00F569
:10A16C008040FFF7A5FF00F58040FFF7A1FF00221C
:10A17C00A0F503104FF00F0E114600EB42134FEAFF
:10A18C00421C01329981042A5981A3F80EE09E8267
:10A19C00DD8020F80C1019829C81EED100221E4823
:10A1AC004FF00F0E41F20106114645F6C05543F231
:10A1BC00260400EB42134FEA421C01329981042A17
:10A1CC005981A3F80EE09E82DD8020F80C101982D4
:10A1DC009C81EED1002211480F2641F20105114657
:10A1EC0045F6C05443F2260E00EB42134FEA421CD4
:10A1FC0001329981042A5981DE819D82DC8020F80C
:10A20C000C101982A3F80CE0EED170BD00C00F4009
:10A21C00000003FC00C03D4000001E4000401E40FA
:10A22C0072B6EFF30583524CC4F884301EF0040F61
:10A23C000CBFEFF30882EFF309824FF0E0234D4E91
:10A24C004D4DD3F8280DD3F82C1DC4E92201D3F8B9
:10A25C00341DD3F8383DC4E924139369C4F89830FD
:10A26C00D369C4F89C3000F0BFF884ED280A02F0E2
:10A27C002BF90B214FF0FF32C4F8A4000B46C4F8A5
:10A28C0080103E49301D5A40202402F00103013C4D
:10A29C0001FB03F383EA5202F7D1A84202D07368A0
:10A2AC000646EFE7324BC3F8A820BFF34F8F4FF0B1
:10A2BC00E0233049324AC3F8701FC3F8702FBFF344
:10A2CC004F8FBFF36F8F2F4A02252F48D36E2F4924
:10A2DC0043F44053D3660560D3692D4823F07F03C4
:10A2EC0043F04003D3610B6883423DD8264D0021D7
:10A2FC004FF0E0234FF0FF3229600126C5F808111A
:10A30C002449C5F80011C5F80861C3F88021C3F8C9
:10A31C008421C3F88821C3F88C21C3F8902101E073
:10A32C0000F0B8F9D5F80C31002BF9D00134C5F890
:10A33C000C614F2CF4D9184B022018494FF00042F5
:10A34C00C1F840015A63D5F80C313BB91448154992
:10A35C000D4A0163D2F80C31002BFAD04FF0E023F8
:10A36C00114AC3F80C2DFEE701F036FFBEE700BF23
:10A37C0000FF272080FF2720A8FF27202083B8ED8F
:10A38C00A0FF272000C00F400040084044260020BA
:10A39C00803DCD0B009F240000900D4000002E400E
:10A3AC0000800F40F100AD0B0400FA050A490A6861
:10A3BC0038B108B513180948834204D810460B600D
:10A3CC0008BD1046704703F0B1FA0C234FF0FF3272
:10A3DC000360104608BD00BFF82A002000002820AA
:10A3EC0030BFFDE7FFF71CBF124AD2F880305B0785
:10A3FC00FBD5D2F880301048C3F30B230F4990EDF6
:10A40C00007A07EE903A91ED006AB8EE477A0C4A62
:10A41C00F8EEE77A0B4BD2ED006A77EEC77A93ED44
:10A42C00007AB8EE477A67EE867A87EEA60A37EEA0
:10A43C00400A704700810D4060B5002068B50020CF
:10A44C006CB5002064B5002030B4002931D12B4C00
:10A45C002B4B01211960DAB12A49002248F2800500
:10A46C004FF001109A605D60C4E91232C1F8BC0172
:10A47C004FF48032D1F8B0311343C1F8B031224BD4
:10A48C0020491A60D1F8B031002BFBD130BC704799
:10A49C001C4980254FF001109A605D60C4E91232AE
:10A4AC00C1F8BC01D1F8B03143F48033C1F8B031FC
:10A4BC00E5E70904154B0124002541F08001986063
:10A4CC001C60596000F580510C4CD96000F50051AE
:10A4DC00E560196100F5405100F58040A3605961B9
:10A4EC0008499861D1F8B03143F00103C1F8B0319B
:10A4FC00D1F8B031002BFBD1AAE700BF000000203F
:10A50C002037002000002E408044002040370020DF
:10A51C00836BF0B41BB1536843F40043536072B6C1
:10A52C00446B3CB31A4B2260D3F8B0410C421DD1A2
:10A53C00184E776804E07468E41BB4F5166F0BD200
:10A54C00D3F8404144F48044C3F84041D3F8B851A7
:10A55C00D3F840416404EED50D4007D10C4CC0E952
:10A56C000225D4F8B0310B43C4F8B031426362B663
:10A57C00F0BC7047064DC0E90224D5F8B0310B434E
:10A58C00C5F8B0310263426362B6F0BC704700BFDD
:10A59C0000002E40001000E070B5056B9DB1064622
:10A5AC002A46002403E012680134012A0CD05368B7
:10A5BC0013F08003F7D032632CB12846B36B2D68AF
:10A5CC009847013CF9D170BDC6E90C33F4E700BFE4
:10A5DC0030B4D9B91F4C204B0021204A01254FF033
:10A5EC00011099601D60C4E9023180245C60C2F8DE
:10A5FC00BC01D2F8B0311A482B43C2F8B03101601B
:10A60C00D2F8B031002BFBD130BC70470904154B8C
:10A61C00104C012541F080019860104A596000F5FA
:10A62C0080511D60D96000F50051A364196100F5DB
:10A63C00405100F58040596100219861E164D2F8E5
:10A64C00B03143F48033C2F8B031D2F8B031002BC2
:10A65C00FBD1C0E7000000202037002000002E4076
:10A66C008044002040370020084901220B7802FA70
:10A67C0000F023EA0000087030B9054AD2F84831DE
:10A68C0023F08003C2F84831704700BF3FCD002053
:10A69C0000002E402DE9F04FA84C87B0D4F844614F
:10A6AC00F107C4F8446140F19C80D4F8AC31002B24
:10A6BC0063D0A34DDFF89092DFF8ACB2DFF8AC8238
:10A6CC00C4F8AC31D5E90A70D4F8403143F40053E6
:10A6DC00C4F84031D4F840319B04F5D5D4F840315E
:10A6EC004FF0011223F40053C4F84031C4F8B421E4
:10A6FC00D4F8B43113F00113FAD1BAB2C9F800305E
:10A70C00B2F5106FCDE9047000F0B28100F2C38095
:10A71C0040F202318A4200F0268240F2DD8040F2A3
:10A72C0081618A4200F2AC80B2F5D06F80F0D581A5
:10A73C00B2F5A06F40F09E80824AEB6493600123D7
:10A74C00AA641360802353604FF00113C4F8BC312A
:10A75C00D4F8B03143F48033C4F8B031D4F8B0310C
:10A76C00002BFBD1BDF812305B0643F08073C4F8AC
:10A77C005431D4F8AC31002BA2D1704BD3F8BC417E
:10A78C007CB3714AC3F8BC4111680C4240F088821A
:10A79C006E4B1B681C4024D05FEA144810D0684DE7
:10A7AC004FF0010998FAA8F7B7FA87F705EBC7102D
:10A7BC0009FA07F74030FFF7EFFE38EA0708F1D146
:10A7CC00A4B274B15E4D4FF0010894FAA4F7B7FA35
:10A7DC0087F705EBC71008FA07F7FFF7DDFEBC4358
:10A7EC00F3D1720616D5554BD3F8AC21C3F8AC2176
:10A7FC00D3F8BC21C3F8BC21D3F8B041002CFBD159
:10A80C004FF0FF32C3F8B421D3F8843101F048FA89
:10A81C004E4B1C60F40103D54D4B1B6803B198479C
:10A82C00B00103D54B4B1B6803B19847710709D591
:10A83C00424BD3F8843113F4007300F01081464B73
:10A84C0001221A703D4BD3F848311A060FD5330646
:10A85C000DD5424A13782BB1013BDBB21370002BA0
:10A86C0000F0998207B0BDE8F04F01F019B807B0BD
:10A87C00BDE8F08F7CD94FF00113C4F8C03178E7F4
:10A88C00B2F5086FF7D1364801219BF80030037000
:10A89C00FFF79EFE6DE742F221218A4200F0D38140
:10A8AC0040F2998048F2A2118A4200F0BF8176D919
:10A8BC0048F2A1439A4240F0B680B0F5102FDAD29C
:10A8CC0003AA284904A800F09BFE0028D3D00399C2
:10A8DC002448FFF77DFE4CE7822A00F0918140F27C
:10A8EC00B580B2F5817F40F0A68010F0780F83B26E
:10A8FC00C1D103F07F0213F0800F58F8223014BF3F
:10A90C0023F4803323F0010348F8223000220D4B4E
:10A91C00EA649A600122AB641A6080225A604FF09C
:10A92C000113C4F8BC31D4F8B03143F48033C4F80B
:10A93C00B031D4F8B031002BFBD11AE700002E4017
:10A94C000000002020370020804400208444002098
:10A95C00A0BA0020A4BA00204DCD00204ECD00207E
:10A96C0058B40020784400204CCD0020C0012E406B
:10A97C0040F221339A4204D040F221439A427FF4B0
:10A98C007AAFB0F5102F4FEA1041BFF474AFB54B4E
:10A99C000122C3E90070B448FFF756FDE9E642F224
:10A9AC0021339A4225D1B14B00229A60EA640122EC
:10A9BC00AB641A6080225A604FF00113C4F8BC31AA
:10A9CC00D4F8B03143F48033C4F8B031D4F8B0319A
:10A9DC00002BFBD1CDE640F601318A4200F0ED8030
:10A9EC0042F221039A420AD1010C07297FF443AFAA
:10A9FC00CDE748F2A1139A423FF45FAF3BE740F634
:10AA0C0081239A427FF437AF80B2042800F0BA81D8
:10AA1C0005287FF430AF964B1B78012192480370C8
:10AA2C00FFF7D6FDA5E622F4807248F2A1239A42E4
:10AA3C003FF443AF1FE7FFF41EAF40F221139A42DD
:10AA4C009FD040F221239A429BD014E7802A7FF4B6
:10AA5C0012AF884802210380FFF7BAFD89E6864AC7
:10AA6C001370864BD3F848311A067FF500AFEEE62B
:10AA7C008349C7F3074C4FF0C81201938BF800C001
:10AA8C00C4F8C811C4F8CC21C4F8D0214FF0C412BA
:10AA9C00C4F8D421C23AC4F8D82101F003F900F06B
:10AAAC009DFE00F039FD714A0121019BAA641160E1
:10AABC008021936051604FF00112EB64C4F8BC210B
:10AACC00D4F8B02142F48032C4F8B021C9F8003077
:10AADC00D4F8B031002BFBD14BE66A4B59680029F6
:10AAEC003FF4C9AE4FEA174C1FFA80FE04E0196917
:10AAFC000C3300293FF4BFAE1A886245F7D15A884F
:10AB0C007245F4D14FEA1C22032A00F0E2801A8924
:10AB1C00000C824228BF0246BCF5007F174640F06D
:10AB2C00DE80554B58491878584BDFF864A1002843
:10AB3C0018BF19465648FFF72DF92AF01F030AEBE8
:10AB4C000701BFF34F8F4FF0E020C0F8703F203368
:10AB5C009942FAD8BFF34F8FBFF36F8F4C483946E9
:10AB6C00FFF736FD05E610F0780F83B27FF483AE65
:10AB7C0003F07F0213F0800F58F8223014BF43F417
:10AB8C00803343F0010348F822300022374BEA644B
:10AB9C009A600122AB641A6080225A604FF0011354
:10ABAC00C4F8BC31D4F8B03143F48033C4F8B031BC
:10ABBC00D4F8B031002BFBD1DBE580B2042800F0D7
:10ABCC00C58005287FF457AE284AC7F30F4CEB64B9
:10ABDC009360274BAA6483F800C001231360802381
:10ABEC0053604FF00113C4F8BC31D4F8B03143F4C6
:10ABFC008033C4F8B031D4F8B031002BFBD1B8E5B8
:10AC0C0083B210F078007FF436AE03F07F0258F870
:10AC1C002210184A1080180658D4CF0701D50123EA
:10AC2C00137002211348FFF7D3FCA2E5B0F5403FA7
:10AC3C00FFF421AE0C48032183704AF64443038091
:10AC4C00FFF7C6FC95E580B200287FF4ACAE114B43
:10AC5C00C7F3074C1A68104B1A60104B83F800C0EE
:10AC6C00A1E600BF383B00207844002020370020AC
:10AC7C0047CD002058B400204DCD002000002E40C0
:10AC8C000200CC00B0240020201E0060781F006061
:10AC9C008036202054BA00209CBA00204BCD0020D6
:10ACAC00002142F2210011603D49D1E9002195B209
:10ACBC00854228D03B4B9A4203D03B4B9A427FF4BF
:10ACCC0067AD3A49364800F0CDFC61E5CB03A6D41C
:10ACDC00A7E70A78000C824228BF02461746BCF54B
:10ACEC00E06F51D1324B3A46DFF8E4A01878314985
:10ACFC00314B002818BF19465046FFF74BF8072375
:10AD0C008AF8013019E789B20029D3D127492B4D94
:10AD1C0003C9A98086284FEA11412860A971C9D1BD
:10AD2C0072B62748017841F040010170D3F8481100
:10AD3C000D0606D441F080018020C3F84401C3F80D
:10AD4C00481162B61F4B50211970B3E71E4AC7F366
:10AD5C000F4CEB6493601D4BAA6483F800C0012375
:10AD6C001360802353604FF00113C4F8BC31D4F846
:10AD7C00B03143F48033C4F8B031D4F8B031002B87
:10AD8C00FBD1F6E4114B47E6DFF844A03A465046B7
:10AD9C00FFF700F8D1E60620FFF766FC02F090FF03
:10ADAC00383B0020210101022101000178440020E0
:10ADBC004DCD0020781F0060201E006094BA00204A
:10ADCC003FCD00204ECD0020203700204ACD002062
:10ADDC00803620202DE9F0471F46831E042B01D915
:10ADEC00BDE8F087DFF84C9015460C463C2209EB89
:10ADFC00C01806464FEAC01A002108F104002404CA
:10AE0C0002F02AFDB5FA85F20123520944EA427494
:10AE1C0049F80A40C8F83870C8F80830002FDFD05D
:10AE2C00034AB34011680B431360BDE8F08700BFC1
:10AE3C0084440020000000202DE9F0470D46811EBF
:10AE4C00042901D9BDE8F087C701DFF84C90924680
:10AE5C00044640373C2200211E4609EB07082D040E
:10AE6C0008F1040002F0F8FCBAFA8AF2520945EA39
:10AE7C00427249F807200122C8F83860C8F8082047
:10AE8C00002EDFD0034B10341968A2400A431A601D
:10AE9C00BDE8F08784440020000000202DE9F04735
:10AEAC001446013A022A04D81D46831E0746042B79
:10AEBC0001D9BDE8F087DFF844900E46A4073C2288
:10AECC0009EBC01800214FEAC01A08F1040044EA4B
:10AEDC00064402F0C1FC012349F80A40C8F8385076
:10AEEC00C8F80830002DE4D0034ABB4011680B436E
:10AEFC001360BDE8F08700BF8444002000000020F0
:10AF0C002DE9F0471446013A022A04D81D46831E47
:10AF1C000746042B01D9BDE8F0874FEAC018DFF8CB
:10AF2C0048A00E46A40708F140083C22002144EA40
:10AF3C0006440AEB080909F1040002F08DFC012318
:10AF4C004AF80840C9F83850C9F80830002DE2D04A
:10AF5C00044A07F11000116883400B431360BDE8ED
:10AF6C00F08700BF844400200000002012048160A0
:10AF7C00C36101F5405342F0800210B401244260D9
:10AF8C0001F50052046001F5805401F58041C46064
:10AF9C0081615DF8044BC0E904237047831E0A46A7
:10AFAC00042B00D97047064B00F110014FF0010C37
:10AFBC0003EBC0100CFA01F14030FFF7A9BA00BF47
:10AFCC0000000020831E0A46042B00D97047012183
:10AFDC00024B814003EBC010FFF79ABA000000202F
:10AFEC004068704700EB830398422DE9F04709D382
:10AFFC000AE050F8044B250C834221F8024B22F84E
:10B00C00025B01D98C07F4D4A3F10804A04230D21E
:10B01C00A3F1090800F1080C9646174FA8EB00089D
:10B02C004FEAD80808F101084FEA880901EB8806B5
:10B03C005CE902A40CF1080C1FFA8AF545EA0445F8
:10B04C003C4041F8045B44EA1A44B1424EF8044BCC
:10B05C00EED100EBC8004A44834208D950F8041BD7
:10B06C000C0C834226F8021B22F8024BF6D8BDE8E2
:10B07C00F0870E46F0E700BF0000FFFF38B5114A1D
:10B08C00114B11781A680023104C114DCA4011480D
:10B09C00214622602A78FFF769FF2B782344BFF3FF
:10B0AC004F8F4FF0E022C2F8684F2034A342FAD8F9
:10B0BC00BFF34F8FBFF36F8F06490620BDE83840B2
:10B0CC00FFF76CBF49CD00208C440020E0342020D9
:10B0DC0048CD00204039002038B505460021FEF748
:10B0EC008FF9012104462846FEF78AF93B4B0546A9
:10B0FC001B78F3B1002C4AD0002D54D072B6384BCB
:10B10C00186800283DD0374A1168002956D01960BC
:10B11C003549364B146000240A680D6034490C80A4
:10B12C001C681A60FEF714F92046FEF711F962B696
:10B13C0038BD14B12046FEF70BF915B12846FEF7C1
:10B14C0007F9274C206818B1FEF702F90023236099
:10B15C00244C206818B1FEF7FBF800232360234C25
:10B16C00206818B1FEF7F4F8002323601E4C206809
:10B17C0018B1FEF7EDF8002323601D4B00221A8056
:10B18C0038BD1C60194A1A4B15601880CFE7FEF7C2
:10B19C0089F80446B0B14FF480720021043002F0FB
:10B1AC005BFB002DAAD1FEF77DF8054688B14FF464
:10B1BC0080720021043002F04FFB9FE70A4B1460B1
:10B1CC001D60B4E7002DB3D02846BDE83840FEF72B
:10B1DC00BFB82046BDE83840FEF7BAB84ACD0020CB
:10B1EC00A43F0020A83F0020B03F0020AC3F00202F
:10B1FC0018CD00202DE9F84F01224A4BDFF838A179
:10B20C0086081A70484BDAF800401F88474BB9463D
:10B21C001D68002C4AD0002D51D0002E58D0C7F1FB
:10B22C0080039E427AD3DFF814B1414FDFF81081CE
:10B23C00FBB93B68002B37D1D8F80030002B33D149
:10B24C003C60C8F80050FEF72DF80446002843D0A7
:10B25C00FEF728F80546002846D0344BCAF80040C3
:10B26C001860002E33D07F2E4FF000094FF0800372
:10B27C0045D92A1D211D58464E4402EB490201EBCB
:10B28C004901803E0BEB830BFFF7ACFE3B681BB90F
:10B29C00D8F80030002BD3D08023234A13801EB162
:10B2AC00244A136801331360BDE8F88FFDF7FAFFE9
:10B2BC0004460028F8D0CAF80000002DADD1FDF7E7
:10B2CC00F1FF05460028EFD0184B1860A5E737466C
:10B2DC00154B1F80BDE8F88F144BCAF8000018609E
:10B2EC00114B1880BDE8F88F2046FEF731F80F4B54
:10B2FC00CAF800501D600C4B1D80BDE8F88F4F46FE
:10B30C004B462A1D211D584637441A4419443346CE
:10B31C00FFF768FE044B1F80BDE8F88F7B00DFF859
:10B32C001CB0EEE72BCD002012CD0020883F002072
:10B33C007C3F00208CBA0020843F00200035202068
:10B34C00803F002008B538B1114B5868C0F30E404F
:10B35C00C0F1B400FFF74EFF0023B4220D490C4896
:10B36C00FFF704FE0B4B03F1B401BFF34F8F4FF00B
:10B37C00E022C2F85C3F20339942FAD8BFF34F8FDA
:10B38C00BFF36F8F02490520BDE80840FFF71ABED6
:10B39C006037002000352020002303480349044A6D
:10B3AC0003700B60136070472DCD0020A43F00206C
:10B3BC00AC3F0020394A2DE9F84F13680133092BB3
:10B3CC002DED028B55D9B42100234FF02D0908EE39
:10B3DC00101A13600027DFF8D8B0DFF8D8A0DBF81C
:10B3EC000000A9EB070200284AD0BAF800C0051DDE
:10B3FC002B4B05EB4C05D3F80080CCF180039A4223
:10B40C0008F1040428BF1A46264B04EB4C0403EB4A
:10B41C0087065AB1114635F9023B013934F902EB72
:10B42C009BB243EA0E4346F8043BF4D194441744D0
:10B43C00BCF17F0F0BD81FFA8CFC4F45AAF800C04B
:10B44C00CDD318EE100ABDEC028BBDE8F88FFDF7DA
:10B45C007FFF4046FDF77CFF1348144B0022016828
:10B46C0094460260CBF8001019681A600C4B1960F6
:10B47C00E3E7B0214FF02C09136008EE101AA9E78E
:10B48C00084B0146920003EB470002F0E5F918EE79
:10B49C00100ABDEC028BBDE8F88F00BFF02A00202B
:10B4AC00AC3F0020803A0020A83F0020B03F002095
:10B4BC00A43F002018CD002038B5FFF77BFF114AC0
:10B4CC00114B054612681B78104CDA4010490023CA
:10B4DC000A60024621460F48FFF748FD6019BFF38A
:10B4EC004F8F4FF0E023C3F8704F2034A042FAD8AE
:10B4FC00BFF34F8FBFF36F8F06490520BDE838406F
:10B50C00FFF74CBD8C44002049CD0020803A002030
:10B51C00E03420206039002038B52B4900242B4B17
:10B52C002B4A1C600C6011782A4BA1422A4A2B4DE5
:10B53C0021461A600BBF032304230A200820202273
:10B54C002B70274B1870274802F086F90122B42182
:10B55C000520254BFFF7A2FC2346B42223492148A2
:10B56C00FFF704FD214B03F1B401BFF34F8F4FF0F4
:10B57C00E022C2F85C3F20339942FAD8BFF34F8FD8
:10B58C00BFF36F8F17490520FFF71CFD2022002108
:10B59C00174802F061F9174B297801220620FFF7B2
:10B5AC00AFFC0020FFF76AFD20220021124802F0B8
:10B5BC0053F90520114B0122B421FFF7A1FC002007
:10B5CC00BDE83840FFF778BF8CBA002090BA002055
:10B5DC004DCD00208C4400209A99192C48CD002088
:10B5EC0049CD0020603700208591000000352020D7
:10B5FC0040390020BD8E000060390020F992000017
:10B60C000378A12B01D000207047C3784078012B20
:10B61C0008D0022BF7D181380328F4D8DFE800F0EA
:10B62C001B17130B10B40E4C184664680C705DF8A5
:10B63C00044B13607047012300200B7002234870E9
:10B64C00012013607047FF2300200B70F6E70023E6
:10B65C0018460B70F2E7024B98680870587AEDE7C1
:10B66C00DC2A00200378212B01D000207047C378FE
:10B67C004278012B09D0022BF7D1012AF5D1074BC7
:10B68C00104609781A6099607047012AEDD1034B76
:10B69C0010460978C3E90021704700BFDC2A00205E
:10B6AC00124A134BD2F8200220F07F40984210B57A
:10B6BC0084B002D200EB800040000E4C01A90A229B
:10B6CC00FEF704FC01A90023204611F8012B0133DD
:10B6DC003AB10A2B20F8022FF7D11623237004B0AD
:10B6EC0010BD5B00DBB2237004B010BD00441F40E2
:10B6FC00809698008031002000F0F2BB00F0C2BBB5
:10B70C0000F026BC00F0E0BB00F07CBC00F052BCAA
:10B71C000846114600F042BCF8B5144C4FF0E02539
:10B72C00134E4FF4003204EB4024124F06EB40163C
:10B73C000346C5F88C2121463A883046FFF716FCA3
:10B74C003B882344BFF34F8FC5F85C4F2034A34292
:10B75C00FAD8BFF34F8FBFF36F8F04203146FFF73A
:10B76C0031FC4FF40033C5F80C31F8BDE037202024
:10B77C00803700201ECD002042684FF6FC71114B23
:10B78C00C2F30E42C0691B889B1A0B4017D00E499E
:10B79C0030B40E4C0E4D227821F8103000210132BD
:10B7AC0025F81010062A94BFD1B20A462170094917
:10B7BC000C6823440B60084B985430BC7047FFF75F
:10B7CC00ABBF00BF1ECD002014B5002039CD00202A
:10B7DC0030B500200CB500204CB50020214B70B5C5
:10B7EC001B78002B3BD04FF400731E461E49802261
:10B7FC001E4D00240B8000211D482B8002F02CF8DC
:10B80C001C4A21461C4B1470C0221C481C8002F0A0
:10B81C0023F81B4A31461B4B042094609C60C2E900
:10B82C000044194AC3E900441470184B184A1C70A0
:10B83C00184B14602246FFF7CDFA2346224629887E
:10B84C000420FFF7F9FA20460134FFF765FF062CB8
:10B85C00F9D100231049114A0B70137070BD4023AD
:10B86C001E46C3E74DCD00201ECD002026CD002066
:10B87C008039002043CD002022CD002080370020CD
:10B88C0014B5002030B5002039CD00203BCD002070
:10B89C000CB50020B995000041CD002045CD00200D
:10B8AC002DE9F843214B1D7815B9214E33880BB97E
:10B8BC00BDE8F883DFF888801E4A98F800701E4CAB
:10B8CC0002EB47191D4A04EB4724128848462146CF
:10B8DC00D21A2B46FFF74AFBBFF34F8F04F120021D
:10B8EC0004F50073934234BF012310234FF0E02280
:10B8FC0004EB4313C2F8704F20349C42FAD1BFF3CF
:10B90C004F8FBFF36F8F013749460420FFF746FB7B
:10B91C00032F4FF000034FF0020098BFFDB23380AD
:10B92C0088F80050BDE8F843FEF79EBE45CD0020D8
:10B93C0022CD002080390020E043202026CD00209D
:10B94C0043CD0020F8B5144C4FF0E025134E4FF4C6
:10B95C00003204EB4024124F06EB40160346C5F8A8
:10B96C008C2121463A883046FFF700FB3B88234464
:10B97C00BFF34F8FC5F85C4F2034A342FAD8BFF306
:10B98C004F8FBFF36F8F03203146FFF71BFB4FF434
:10B99C000033C5F80C31F8BDE04B202040380020B6
:10B9AC0020CD0020244B2DE9F0411C884368C5694B
:10B9BC00C3F30E43E41A002C24DD204920480A78F6
:10B9CC000078D3B21F4E82421F4807D010F8038074
:10B9DC0036F81870C7F50072944218D9013300225A
:10B9EC0026F81540082B194E88BF134626F815204B
:10B9FC0098BFDAB2C554164B0A701A6814441C600E
:10BA0C00BDE8F0812846BDE8F041FFF79BBF07EB8E
:10BA1C004820104922462744084401EB4521FEF7F3
:10BA2C00B9F90B4A284626F8187013682344BDE868
:10BA3C00F0411360FFF786BF20CD00203ACD0020E7
:10BA4C003CCD002020B5002054B500203CB5002092
:10BA5C0010B50020E04B20201D4B1A78002A36D15F
:10BA6C0002F0FF031B4A12788AB32DE9F0411A4DFC
:10BA7C002A8852B3194EC2F50068194F3278194C06
:10BA8C0007EB421704EBC224424638462146FFF727
:10BA9C006DFA04EB0802BFF34F8F4FF0E023C3F8AD
:10BAAC00704F2034A242FAD8BFF34F8FBFF36F8F81
:10BABC0003203946FFF772FA33780133DBB2032BDC
:10BACC0088BF0023337000232B80BDE8F0817047C2
:10BADC0046CD00204CCD002024CD002044CD0020AC
:10BAEC00003A0020E05B20202DE9F04F85B0CDE935
:10BAFC000110002900F0BF800023604CDFF8988112
:10BB0C00DFF898A15E4F009301235E4A23705E4BD1
:10BB1C001978B8F8003002EB4119002B40F0A780DF
:10BB2C001E461D469B464846FFF75AFA10F0800009
:10BB3C0000F08C80BFF34F8F9AF8003084F800B07F
:10BB4C0005B93E68002B7DD13B689B1B782B00F21E
:10BB5C0087804E4B1B78002B74D000F09DFA01228D
:10BB6C00B8F8003015462270002BDCD0464AC3F5DD
:10BB7C00006011781A4600EBC120454DC9022844DB
:10BB8C00019D954217D20393DDE901512A46FEF738
:10BB9C0001F9039B4FF040425B1BA8F800303D4B72
:10BBAC00C3F88420BFF34F8F0098002328442370E0
:10BBBC0005B0BDE8F08F364BCD180299FEF7EAF8C8
:10BBCC0000234FF4006229464846FFF7CFF9BFF334
:10BBDC004F8F05F1200205F50063934234BF01231A
:10BBEC0040234FF0E02205EB4313C2F8705F203581
:10BBFC00AB42FAD1BFF34F8FBFF36F8F032049468F
:10BC0C00FFF7CCF9204A13780133DBB2032B84BF46
:10BC1C0000231D4A1370B8F80030019AD11A009A0B
:10BC2C001A4401910092029A1A4400230292194A72
:10BC3C00A8F80030C2F88430BFF34F8F237000296E
:10BC4C007FF462AF009805B0BDE8F08F4FF400624E
:10BC5C000D4B8AF8000019781346A8F800208AE7E3
:10BC6C00012300988AF8003005B0BDE8F08F1A4621
:10BC7C00C3F500607FE70198E5E700BF46CD0020E3
:10BC8C0054BA0020003A002044CD00204CCD0020B6
:10BC9C00E05B202000002E4024CD002042CD00206F
:10BCAC00704700BF2D4B002180222D4870B51B78AA
:10BCBC0000242C4D8B422C4E0CBF40234FF40073B0
:10BCCC002B80338001F0C8FD284A2146284B147084
:10BCDC004FF4807227481C8001F0BEFD264A1021CB
:10BCEC00264B0220C2E90044C2E90244244AC3E9BB
:10BCFC0000441470234AC3E90244234B1C702346AE
:10BD0C0014602246FFF798F82246318803201F4B17
:10BD1C00FFF760F82346012229880320FFF78CF8EF
:10BD2C0020460134FFF70EFE082CF9D1184B0021E8
:10BD3C004A221848184C0460C3F88410C3F88020B9
:10BD4C00D3F84821154942F08072C3F8482121B13B
:10BD5C00134A137843F00103137070BD4DCD0020CE
:10BD6C00003A002028CD002020CD002044CD00201A
:10BD7C0024CD00204038002020B500203CB5002008
:10BD8C003ACD002010B500203CCD0020E5970000F6
:10BD9C0000002E40A0BA002099980000000000007E
:10BDAC004FCD00202DE9F04F4FF0E0234FF400323F
:10BDBC00DFF8C8A083B0C3F88C218B469AF80040FA
:10BDCC0000294FD08046E4B20027DFF8B490264B10
:10BDDC00ABEB070225491B78A34204F101043FD0C9
:10BDEC00092C234B404628BF00241E5D39F816C091
:10BDFC000CEB462319441F4B33F81650A5EB0C05DE
:10BE0C00AA421CD20CEB462C18491B4C61440192E3
:10BE1C00FDF7C0FF216839F816505846019AA1EB7E
:10BE2C000B012A44394429F8162021604FF0E023F5
:10BE3C004FF40032C3F80C2103B0BDE8F08F2A4652
:10BE4C002F44FDF7A7FF0C49E3B230460A68A8441B
:10BE5C00521B0A608AF80030FFF774FDBB45B6D858
:10BE6C003846E3E70846E1E73ACD0020E04B2020D6
:10BE7C0054B5002020B5002010B500203CCD00208A
:10BE8C003CB500200B4B0C4A12781978D3B28A427D
:10BE9C000DD0013309480A4A092B0A4928BF00234F
:10BEAC00C35C31F8131002EB4323585C70474FF01E
:10BEBC00FF3070473ACD00203CCD002054B5002017
:10BECC00E04B20203CB50020044B10B51C680CB195
:10BEDC00204610BD00F0E0F8204610BD10B5002043
:10BEEC002DE9F84F144E154D33782A78934221D012
:10BEFC00DCB2DFF85090DFF850B0DFF85080104F14
:10BF0C000134082C5FFA84FA01D90024A24619F8EE
:10BF1C000400DBF8003038F8102037F81010521AF3
:10BF2C009B1ACBF80030FFF70DFD86F800A02B789C
:10BF3C00A342E5D1BDE8F88F3CCD00203ACD0020DE
:10BF4C003CB5002054B5002010B5002020B50020D1
:10BF5C0000B583B001210DF10700FFF723FF20B1DD
:10BF6C009DF8070003B05DF804FB4FF0FF30F9E7D4
:10BF7C00094B00B583B01B788DF807003BB101214C
:10BF8C000DF10700FFF7B0FD03B05DF804FB03F003
:10BF9C00FF0003B05DF804FB4CCD0020044B1B7874
:10BFAC0003F0FF020BB1FFF79FBD1046704700BFB7
:10BFBC004CCD00202DE9F0410024DFF84480012312
:10BFCC000D4D27460D4E88F8003033782846203525
:10BFDC00A34204F1010405D0FFF702F8030658BF91
:10BFEC0007F50067042CF0D1BFF34F8F00233846C0
:10BFFC0088F80030BDE8F081003A002044CD0020E4
:10C00C0046CD00202DE9F8431D4B1B7813B11D4D77
:10C01C002A880AB9BDE8F8831B4EC2F500691B4992
:10C02C0033784A461A4C01EB43181A4F04EBC324DD
:10C03C00012340463B7021460023FEF797FF04EB9B
:10C04C000902BFF34F8F4FF0E023C3F8704F203439
:10C05C00A242FAD8BFF34F8FBFF36F8F0320414634
:10C06C00FEF79CFF33780133DBB2032B88BF002330
:10C07C00337000232B80BFF34F8F3B70BDE8F883E8
:10C08C004CCD002024CD002044CD0020003A0020CF
:10C09C00E05B202046CD00202DE9F8432D4B1E7887
:10C0AC0066B12D4F3B784BB90123F1073B7043D45C
:10C0BC00B20726D400233B70730701D4BDE8F88384
:10C0CC00264B1A68002AF9D0EFF30582002AF5D125
:10C0DC00EFF3108572B61868002834D0204C217804
:10C0EC00002930D10122227042691A60002A2ED018
:10C0FC00916105B962B6002583684577984725702C
:10C10C00DCE7DFF8648098F80030002BD2D00025F3
:10C11C00DFF858902B4659F8234001352368204608
:10C12C001B69984710B163699B68984798F8002081
:10C13C00EBB29A42EFD8BDE7FFF7C6FE0028B7D0A6
:10C14C00AFF30080B4E7002DB8D162B6B6E7054B6B
:10C15C001A60CEE74FCD002030CD0020B43F002038
:10C16C002ECD0020C03F00202FCD0020C43F00204A
:10C17C0070B5EFF3108272B60C4C206880B10C4E87
:10C18C0000254369236073B19D6102B962B683686F
:10C19C0045779847EFF3108272B620680028F0D1EB
:10C1AC0002B962B670BD3360EFE700BFBC3F002040
:10C1BC00B83F0020FFF7DCBF0449054A4968054B2E
:10C1CC001960136801331360704700BF001000E062
:10C1DC0054BA002050BA0020A249A34B88422DE942
:10C1EC00F047A24C5E699A69D4F80C801BD9A04B1D
:10C1FC00984240F20281C31A9E491B0AA1FB031309
:10C20C0040F22761DB0903EB830303EB830303F2A7
:10C21C00E2438B4228BF0B46A3F54877964BA3FB12
:10C22C000737FF0804E0954FB8428CBF0E2706274E
:10C23C008D4908F01F09D1F88030B94543F0C0038F
:10C24C00C1F880300CD228F01F08A1F5F82148EA7B
:10C25C000708C1F80C800B68002BFCDA08F01F09EA
:10C26C0016F0007324D186490C698649A14300F06D
:10C27C00EA8082F4805134464FF4805514F0605FAC
:10C28C0004D026F060561E43774B5E6111F4405F7C
:10C29C0007D022F4405274492A438A618B6C1A07E6
:10C2AC00FCD446F00076704A5661936C9B06FCD425
:10C2BC00754CA04200F2CE804FF0010C0146634653
:10C2CC0003FB011203F1010E0CF10105A24218D877
:10C2DC00BEF1080F4FF0010340F08D80BCF1040F4C
:10C2EC0000F291800A18A24200F2A48005FB00F132
:10C2FC00AC4603F1010E03FB01120CF10105A24245
:10C30C00E6D90CF1FF318C0286EA81215F4810449A
:10C31C005F4A90427FD9DFF8A4A16C225D48584D4A
:10C32C00B0FBFEF0D5F800E0B0FBFCF0DFF890C1FC
:10C33C000EEA0C0CD44509D042F400524FF4805C48
:10C34C00C5F800C02A602A68002AFCDA464A15693A
:10C35C0005F007059D4203D01361936CDD03FCD4FB
:10C36C0011F4E05F09D026F4E05604F4E0543E4AA0
:10C37C0026435661936C9907FCD44749474A0144BC
:10C38C0091423CD8464BC909A3FB0131090B4B1E0A
:10C39C001B0286EA030212F4407F06D026F4407694
:10C3AC0003F44073304A334353612F4A536923F0EB
:10C3BC0000735361936C9B06FCD43A4B4F45A3FB23
:10C3CC0000234FF0FF324FEA9343B0FBF1F1B2FB85
:10C3DC00F3F3354A1060354A1160354A136008D2C0
:10C3EC0028F01F08214A48EA0707D7601368002B7A
:10C3FC00FCDABDE8F087734662E7122718E74FF4C2
:10C40C0040730421C5E70CF1FF31204807238C024F
:10C41C00104486EA8121274ADFF8A8A0A2FB00205D
:10C42C00020D2548362A38BF362202FB00F042EABC
:10C43C000A0A74E74FEA8C24002386EA8C214FF019
:10C44C00010EAC4662E71D4686F0C05411464FF013
:10C45C00C05313E700244FF0010C0246314623462B
:10C46C00E64653E700A4781F00C00F4000000840C8
:10C47C000046C32323B24C001F85EB5100366E01DE
:10C48C0000800D4040300080FFB19F26808D5B0006
:10C49C00FF7EF64D00643F4D7FD1F0087F17B42C22
:10C4AC009F10E50083DE1B4344260020402600201D
:10C4BC0084B50020819F5E16001BB7006C200080A5
:10C4CC007F30018000200080074A506A936A194629
:10C4DC008446506A936A9942F9D18445F7D1DB0BB3
:10C4EC0043EA4040704700BF00400D4003460846F9
:10C4FC00194601F003BA00BF90F8A32090F8A200EF
:10C50C00101A704790F8A23090F8A3209A4205D9DF
:10C51C005A1C034480F8A220987E70474FF0FF30DD
:10C52C00704700BF90F8A23090F8A3209A4202D92D
:10C53C001844807E70474FF0FF307047704700BF43
:10C54C000346B0F8300178B193F82F21882A03D92B
:10C55C00012200205A60704702F1010C01201A449C
:10C56C0083F82FC182F8A510704700BF38B5B0F81A
:10C57C0030410CB9204638BD90F82F310546C3F137
:10C58C008904A2420DD8144605F1A5002246184490
:10C59C00FDF700FC95F82F312046234485F82F3108
:10C5AC0038BD01224260EFE72DE9F04FD0F814A01E
:10C5BC001524017E8146437E83B00AEB0111384A73
:10C5CC000AEB0313374F097A93F8283002EB011565
:10C5DC000901E86852F8018002EB0311D5F804B0A8
:10C5EC001B01CE68D558CBF80040C8F88400D8F8A9
:10C5FC0004304A6803432C490192C8F80430146093
:10C60C00C5F884606B6833436B60284B4C683A68A0
:10C61C00A3FB0232920C02EB820252004B681B1BF2
:10C62C009A42FBD84FF0090C1F4ADFF880E0D8F88B
:10C63C000830034202D0AB6833422FD1C5F8886072
:10C64C0054683968AEFB0131890C01EB81015368E8
:10C65C001B1B9942FBD8C5F8846054683968AEFB43
:10C66C000131890C01EB810153681B1B9942FBD8EA
:10C67C00BCF1010CDBD1604699F81830019A0AEB39
:10C68C000313DB68CBF8003099F819300AEB031A66
:10C69C00DAF82C30136003B0BDE8F08F0120EBE723
:10C6AC002C1E002044260020001000E083DE1B43DB
:10C6BC000E4A10B51168046905E0DB0107D4136854
:10C6CC005B1A102B08D8636913F0007FF5D14FF477
:10C6DC00FE430120636110BDFFF766FF0028FAD00E
:10C6EC004FF4FE4301206361F5E700BF54BA00200C
:10C6FC002DE9F04790F82FA10569BAF1000F4FD042
:10C70C0081468846FFF7D4FF002849D0374E0024D5
:10C71C00376818E06B69190551D4DA0455D45805FB
:10C72C0059D4990441D43268D21B322A3DD854458D
:10C73C0007D9EA6D520704D19B0555D4B8F1000F07
:10C74C0052D0FFF7A9FC5445E4D8EA6D500702F02B
:10C75C000703DFD413E099F8A5200133022442F437
:10C76C008062042B2A661ED08A4503F1010309EB73
:10C77C0001020ED992F8A520042B2A66CAD00121F9
:10C78C00002CE8D02146013301348A4509EB010223
:10C79C00F0D8B8F1000FBDD04FF400732B66B9E799
:10C7AC000420BDE8F0870124B4E72B694FF4007234
:10C7BC00042043F440732B612A66BDE8F0872B6993
:10C7CC00042043F440732B61EBE72B69052043F401
:10C7DC0040732B61E5E72B694FF40072022043F4A0
:10C7EC0040732B612A66DCE70020DAE754BA00209C
:10C7FC002DE9F84F83460C4615461F46D0F810A07D
:10C80C00FFF756FF002800F09E806100012DDFF835
:10C81C003C8140F20146CBB24FF0000138BF0125FC
:10C82C00D8F800900C461E43ABF8A21020E09BF801
:10C83C00A330872B3FD9DAF8142010055AD412F400
:10C84C00105F70D1D8F80030A3EB0903322B6AD8F3
:10C85C009BF8A330AB4209D3022C07D9DAF85C3031
:10C86C00590703D193054BD4002F49D0FFF714FC83
:10C87C00022CDCD8DAF85C3003F007025B07D6D464
:10C88C00681E224440F480704CB9CAF860600134D0
:10C89C00131B032BCBD8022CC9D8002CF5D0012CA0
:10C8AC0037D01FB14FF40073CAF860309BF8A33037
:10C8BC000324872BBFD8DAF85C2012F4E02FC2F3E4
:10C8CC00024CB8D0591C9C441933C9B25FFA8CFC89
:10C8DC005BFA83F3DAF870004A1C61458BF8A310FD
:10C8EC00D1B203F8010FA6D08929F3D1DAF81420BC
:10C8FC001005A4D5DAF8103043F44073CAF81030A0
:10C90C00DAF85C3013F4E02F06D19BF8A300BDE8F5
:10C91C00F88FCAF86000BAE7DAF8103043F4007305
:10C92C00CAF81030F1E7DAF810304FF4007243F423
:10C93C004073CAF81030CAF86020DAF85C3013F48F
:10C94C00E02FE2D0E8E70420BDE8F88F54BA0020CD
:10C95C00F8B506690446D6F8145115F4706301D085
:10C96C00C6F81431A8070BD5D6F8702111043DD5A3
:10C97C000023012184F8A230234484F8A3109A7672
:10C98C00EA0710D594F83071F7B194F82E7194F839
:10C99C002F31BB4226D97B1C274484F82E3197F8C3
:10C9AC00A530C6F86031AB050DD594F8A30018B1CD
:10C9BC00D4F83C3103B198470023A4F8A230A4F872
:10C9CC002E3184F83031F8BDD4F8383103B19847A2
:10C9DC00002384F82E31012384F8303194F82F3160
:10C9EC00BB42D8D80023C6F86031DCE794F8A330FA
:10C9FC00872BC5D8591CC9B2BEE700BF0148FFF749
:10CA0C00A7BF00BF1C2700200148FFF7A1BF00BF34
:10CA1C005C2800200148FFF79BBF00BF9C29002029
:10CA2C0030B510EE104AC4F30A53B3F57D7FB7EE60
:10CA3C00C06A83B01BD226EE065BB3F5667F6ED35D
:10CA4C0026EE052B25EE021B734B93ED1A3B93ED53
:10CA5C00187B93ED164BA5EE037BA2EE046BB0EEA8
:10CA6C00460BA7EE010BB7EEC00B03B030BD40F286
:10CA7C002E4293425ED8684991ED087B26EE077BE7
:10CA8C00FDEEC77B91ED0A5B17EE903A03F50003C0
:10CA9C001B1613F0020F07EE903A01F1700208BF5B
:10CAAC000A46D807B8EEE77BA7EE456B26EE067B69
:10CABC001BD403F0030301EBC30192ED1A4B91ED70
:10CACC00002B92ED185B26EE026B92ED163BA7EE57
:10CADC00045B26EE074B27EE047BA4EE036BA5EE5E
:10CAEC00076BB7EEC60B03B030BD92ED142B27EEDF
:10CAFC00075B92ED126B92ED0E3BA7EE026B92ED83
:10CB0C000C0B92ED104BA7EE030B27EE057BA5EE5D
:10CB1C00040BA6EE070BB7EEC00B03B030BD220D15
:10CB2C0012F4FF6FDFD1B7EEC55B00EE104A8DED4E
:10CB3C00015AD8E7B3F5FF6F4BD2384BC4F383627D
:10CB4C0003EB820053F822200569C4F31603C4F3E7
:10CB5C00C25143F400038B40016A03FB02F2A3FBB6
:10CB6C000110E3FB050202F100518D0F01F0404171
:10CB7C00511A00F001FA2A4B9FED257B05EBD4747A
:10CB8C0041EC160B14F0020FA3F1700208BF134610
:10CB9C00E90726EE077B27EE076B1FD404F003048E
:10CBAC0002EBC40293ED1A4B92ED002B93ED185B44
:10CBBC0027EE027B93ED163BA6EE045B27EE064BAD
:10CBCC0026EE046BA4EE037BA5EE067BB7EEC70B3B
:10CBDC0089E703B0BDE8304000F030B893ED142B7A
:10CBEC0026EE065B93ED127B93ED0E3BA6EE027BDD
:10CBFC0093ED0C0B93ED104BA6EE030B26EE056B91
:10CC0C00A5EE040BA7EE060BB7EEC00B6BE700BF4F
:10CC1C00182D4454FB21193C80030020CC1D00200E
:10CC2C00F003002010B582B08DED010A044600F02F
:10CC3C007DFE9DED010A046002B010BD70EE407ADD
:10CC4C00B4EE400A87EEA77AF1EE10FAB0EE470A7E
:10CC5C0002D62120FFF7E6BF704700BF81F00041EC
:10CC6C0002E000BF83F0004330B54FEA41044FEAC5
:10CC7C00430594EA050F08BF90EA020F1FBF54EA60
:10CC8C00000C55EA020C7FEA645C7FEA655C00F0FC
:10CC9C00E2804FEA5454D4EB5555B8BF6D420CDDCD
:10CCAC002C4480EA020281EA030382EA000083EA50
:10CCBC00010180EA020281EA0303362D88BF30BDF0
:10CCCC0011F0004F4FEA01314FF4801C4CEA113146
:10CCDC0002D0404261EB410113F0004F4FEA0333A5
:10CCEC004CEA133302D0524263EB430394EA050F30
:10CCFC0000F0A780A4F10104D5F1200E0DDB02FA9F
:10CD0C000EFC22FA05F2801841F1000103FA0EF232
:10CD1C00801843FA05F359410EE0A5F120050EF1F8
:10CD2C00200E012A03FA0EFC28BF4CF0020C43FA29
:10CD3C0005F3C01851EBE37101F0004507D54FF036
:10CD4C00000EDCF1000C7EEB00006EEB0101B1F586
:10CD5C00801F1BD3B1F5001F0CD349085FEA3000CC
:10CD6C004FEA3C0C04F101044FEA445212F5800FD7
:10CD7C0080F09A80BCF1004F08BF5FEA500C50F174
:10CD8C00000041EB045141EA050130BD5FEA4C0C57
:10CD9C00404141EB0101013C28BFB1F5801FE9D2B4
:10CDAC0091F0000F04BF01460020B1FA81F308BFD7
:10CDBC002033A3F10B03B3F120020CDA0C3208DDA3
:10CDCC0002F1140CC2F10C0201FA0CF021FA02F17E
:10CDDC000CE002F11402D8BFC2F1200C01FA02F1EE
:10CDEC0020FA0CFCDCBF41EA0C019040E41AA2BF13
:10CDFC0001EB0451294330BD6FEA04041F3C1CDADB
:10CE0C000C340EDC04F11404C4F1200220FA04F0FA
:10CE1C0001FA02F340EA030021FA04F345EA0301A4
:10CE2C0030BDC4F10C04C4F1200220FA02F001FA66
:10CE3C0004F340EA0300294630BD21FA04F02946E8
:10CE4C0030BD94F0000F83F4801306BF81F4801181
:10CE5C000134013D4EE77FEA645C18BF7FEA655CF4
:10CE6C0029D094EA050F08BF90EA020F05D054EAC6
:10CE7C00000C04BF1946104630BD91EA030F1EBFCB
:10CE8C000021002030BD5FEA545C05D140004941CF
:10CE9C0028BF41F0004130BD14F580043CBF01F5C2
:10CEAC00801130BD01F0004545F0FE4141F47001A8
:10CEBC004FF0000030BD7FEA645C1ABF1946104683
:10CECC007FEA655C1CBF0B46024650EA013406BF84
:10CEDC0052EA033591EA030F41F4002130BD00BF43
:10CEEC0090F0000F04BF0021704730B54FF4806400
:10CEFC0004F132044FF000054FF0000150E700BF81
:10CF0C0090F0000F04BF0021704730B54FF48064DF
:10CF1C0004F1320410F0004548BF40424FF00001CC
:10CF2C003EE700BF42004FEAE2014FEA31014FEA0F
:10CF3C0002701FBF12F07F4393F07F4F81F060515E
:10CF4C00704732F07F4208BF704793F07F4F04BFA9
:10CF5C0041F40021704730B54FF4607401F0004586
:10CF6C0021F000411CE700BF50EA010208BF7047E6
:10CF7C0030B54FF000050AE050EA010208BF7047D7
:10CF8C0030B511F0004502D5404261EB41014FF440
:10CF9C00806404F132045FEA915C3FF4D8AE4FF048
:10CFAC0003025FEADC0C18BF03325FEADC0C18BF2B
:10CFBC00033202EBDC02C2F1200300FA03FC20FA7C
:10CFCC0002F001FA03FE40EA0E0021FA02F11444C9
:10CFDC00BDE600BF53B94AB9002908BF00281CBFE1
:10CFEC004FF0FF314FF0FF3000F070B9ADF1080C8D
:10CFFC006DE904CE00F006F8DDF804E0DDE902236B
:10D00C0004B070472DE9F047089E0D4604460F46C4
:10D01C00002B4AD18A42944665D9B2FA82F343B1C5
:10D02C0002FA03FCC3F120029F4020FA02F21743DC
:10D03C009C404FEA1C4E1FFA8CF5B7FBFEF1220CFC
:10D04C000EFB117742EA074201FB05F090420AD928
:10D05C001CEB020201F1FF3780F01C81904240F280
:10D06C00198102396244121AA4B2B2FBFEF00EFB13
:10D07C00102244EA024400FB05F5A5420AD91CEB38
:10D08C00040400F1FF3280F00781A54240F20481D4
:10D09C006444023840EA0140641B00211EB1DC40AC
:10D0AC000023C6E90043BDE8F0878B4208D9002E67
:10D0BC0000F0ED800021C6E900050846BDE8F087C8
:10D0CC00B3FA83F1002949D1AB4202D3824200F278
:10D0DC00F880841A65EB030201201746002EE2D07B
:10D0EC00C6E90047DFE702B9FFDEB2FA82F3002B94
:10D0FC0040F090808A1A4FEA1C471FFA8CFE0121DF
:10D10C00B2FBF7F507FB1520220C42EA00420EFB9E
:10D11C0005F0904208D91CEB020205F1FF3802D24F
:10D12C00904200F2CB804546121AA4B2B2FBF7F043
:10D13C0007FB102244EA02440EFB00FEA64508D968
:10D14C001CEB040400F1FF3202D2A64500F2BB80B6
:10D15C001046A4EB0E0440EA05409FE7C1F12007FE
:10D16C008B4022FA07FC4CEA030C05FA01F420FA76
:10D17C0007F3FD404FEA1C492343B5FBF9F81FFAAE
:10D18C008CFE09FB18551C0C44EA054408FB0EF5F3
:10D19C00A54202FA01F200FA01F00BD91CEB0404CF
:10D1AC0008F1FF3A80F08880A54240F28580A8F112
:10D1BC0002086444641B9DB2B4FBF9F309FB1344ED
:10D1CC0045EA044403FB0EFEA64508D91CEB0404F7
:10D1DC0003F1FF356CD2A6456AD9023B644443EA9D
:10D1EC000843A3FB0295A4EB0E04AC42C846AE4622
:10D1FC0056D353D056B1B0EB080264EB0E0404FACC
:10D20C0007F7CA40CC401743C6E900741846002102
:10D21C00BDE8F087C3F1200102FA03FC20FA01F209
:10D22C0025FA01F19D402A434FEA1C471FFA8CFE58
:10D23C00B1FBF7F007FB1015110C41EA054100FB9F
:10D24C000EF58D4204FA03F408D91CEB010100F130
:10D25C00FF382FD28D422DD902386144491B92B22E
:10D26C00B1FBF7F507FB151142EA014205FB0EF184
:10D27C00914208D91CEB020205F1FF3816D29142FB
:10D28C0014D9023D6244521A45EA004138E731464E
:10D29C00304608E73946E6E61046FBE64845A9D293
:10D2AC00B9EB020865EB0C0E013BA3E74546EAE738
:10D2BC002B4694E74046D1E7D0467BE7023D6244DB
:10D2CC0032E708460AE76444023842E7704700BF79
:10D2DC00024B0146186800F003B800BF102F002065
:10D2EC002DE9F04F01F10B06162E83B0044624D81D
:10D2FC00102900F2BA8000F0A3FA1026182202209E
:10D30C00B54F3A44A2F1080153688B4200F0BA8041
:10D31C005A68D96822F003021A449D68E9608D604E
:10D32C00516841F001012046516003F1080500F0FD
:10D33C008DFA284603B0BDE8F08F36F0070600F1F1
:10D34C009480B14200F2918000F07AFAB6F5FC7F3D
:10D35C00C0F09A81730A00F08F80042B00F26F8169
:10D36C00B30903F1390003F1380CC3009A4F3B4465
:10D37C00A3F108055B689D4206D10CE0002980F200
:10D38C002781DB689D4206D05A6822F00302911B6C
:10D39C000F29F3DD60463D69DFF850C265457CD04E
:10D3AC006A6822F00302931B0F2B00F37B81002B86
:10D3BC00C7E904CC80F26C81B2F5007F80F01A8151
:10D3CC00D308796801334FEA521E012202FA0EF299
:10D3DC000A4357F833E0C5F808E007EBC3010839F6
:10D3EC00E9607A6047F83350CEF80C508310012175
:10D3FC009940914257D8114206D120F003004900C0
:10D40C00114200F10400FAD007EBC0094D468646E4
:10D41C00D5F80C80454508D11DE1002B80F2248104
:10D42C00D8F80C80454500F01681D8F8042022F07D
:10D43C000302931B0F2BF0DD2046D8E9025408EBB6
:10D44C00060146F00106C8F80460EC60A56043F0E4
:10D45C000104C7E90411C1E902CC4C6048F8023060
:10D46C0000F0F4F908F1080502E00C232360002514
:10D47C00284603B0BDE8F08F4FF4007340204FF006
:10D48C003F0C73E7D3689A4208BF02307FF440AF79
:10D49C003D69DFF858C1654582D17A688310012156
:10D4AC0099409142A7D9BD686B6823F003094E459A
:10D4BC0003D8A9EB06030F2B7ADCDFF834B1474B0A
:10D4CC00DBF800201B680132334405EB090A00F03D
:10D4DC00338103F580530F3323F47F6828F00F0852
:10D4EC004146204600F010FA411C024600F0F38041
:10D4FC00824500F2EE803A4B1968414419600846A7
:10D50C0000F04E81DBF80010019301311BBFA2EB40
:10D51C000A010918CBF80020196012F0070B00F073
:10D52C001781CBF108010A44CBF5805190440831A6
:10D53C00A1EB0801C1F30B0A51462046009200F002
:10D54C00E3F9421CDDE9002300F04F81801A00EB67
:10D55C000A081968BA6048F001005144BD42506095
:10D56C00196000F02981B9F10F0F40F2278168682A
:10D57C00A9F10C0C2CF0070C00F0010040EA0C0097
:10D58C0068604FF0050E05EB0C00BCF10F0FC0E905
:10D59C0001EE00F2328150681546124B1A688A422D
:10D5AC0038BF1960104B1A688A4238BF196094E072
:10D5BC00AA1943F0010346F001066E602046BA60DA
:10D5CC00536000F043F90835284603B0BDE8F08FEE
:10D5DC00D9681A44A1E600BF002B0020AC41002002
:10D5EC007C410020A4410020A8410020082B0020F1
:10D5FC00082F0020B2F5206F4FEA522363D3142B6F
:10D60C0000F2B78003F15C01C9005B3307EB010E3C
:10D61C007958AEF1080E8E4500F091804B6823F0DE
:10D62C000303934202D989688E45F7D1D1F80CE0F7
:10D63C007A68C5E9021ECEF80850CD60D6E6142BE8
:10D64C0059D9542B00F29D80330B03F16F0003F179
:10D65C006E0CC3008AE60EF1010E1EF0030F05F1ED
:10D66C0008057FF4D5AE51E0424445465368D8F8DE
:10D67C000C1043F00103536055F8083F2046D96065
:10D68C008B6000F0E3F8F3E6F00806F1080237E6E9
:10D69C002A442046536843F001035360083500F0D8
:10D6AC00D5F8E5E6A919204646F0010643F0010439
:10D6BC006E60C7E90411C1E902CC4C60AB5000F0BC
:10D6CC00C5F80835D4E6930903F13901C90038339C
:10D6DC009CE7BD425FD0BD68686820F003084645F2
:10D6EC00A8EB060302D80F2B3FF762AF204600F0E1
:10D6FC00ADF80025BCE603F15C0003F15B0CC30044
:10D70C0034E659F808394B4540F0968010F0030F79
:10D71C0000F1FF30F5D17B6823EA01037B604900FF
:10D72C0099423FF6C0AE19B9BDE649000EF1040EA0
:10D73C001942FAD0704667E603F11008D0E69A1049
:10D74C004FF001087B6808FA02F21A437A6070E71E
:10D75C0002EB08014942C1F30B0A514620460092E4
:10D76C0000F0D2F8431CDDE900237FF4EFAEDA467B
:10D77C00EFE6542B25D8130B03F16F01C9006E3360
:10D78C0044E7B3F5AA7F25D8F30B03F1780003F136
:10D79C00770CC300EAE5294B186840441860B1E6E1
:10D7AC00CAF30B0CBCF1000F7FF4ACAEBD68C844DF
:10D7BC0048F001006860F0E61546EEE60123536080
:10D7CC0094E7B3F5AA7F23D8D30B03F17801C900F2
:10D7DC0077331BE740F25452934223D8B30C03F136
:10D7EC007D0003F17C0CC300C0E5ABF1080BD84401
:10D7FC00A8EB02084FF0000AABE605F10801204641
:10D80C00009300F055F9BD68009B68681968C4E680
:10D81C0040F254518B420BD8930C03F17D01C9009B
:10D82C007C33F3E64FF47E737F204FF07E0C9DE546
:10D83C004FF47E717E23E9E67B6870E77C41002023
:10D84C00014800F09DB800BF78410020014800F06D
:10D85C0099B800BF78410020830730B548D0541EDA
:10D86C00002A3FD0CAB2034601E0013C3AD303F888
:10D87C00012B9D07F9D1032C2DD9CDB245EA0525F5
:10D88C000F2C45EA054536D9A4F1100222F00F0CF5
:10D89C0003F1200EE6444FEA121C03F1100242E998
:10D8AC00045542E9025510327245F8D10CF10102CF
:10D8BC0014F00C0F03EB021204F00F0C13D0ACF1AC
:10D8CC00040323F003030433134442F8045B934230
:10D8DC00FBD10CF003042CB1C9B21C4403F8011B9E
:10D8EC009C42FBD130BD64461346002CF4D1F9E7C1
:10D8FC0003461446BFE71A46A446E0E713460A4619
:10D90C000146022000F040B838B5074D002204460D
:10D91C0008462A60FCF74AFD431C00D038BD2B6832
:10D92C00002BFBD0236038BD88440020014B1868C5
:10D93C00704700BF102F002070B50D4E0D4D761B9B
:10D94C00B61006D0002455F8043B01349847A64283
:10D95C00F9D1094E094D761B00F0B6F9B61006D078
:10D96C00002455F8043B01349847A642F9D170BD08
:10D97C00D01D0060D01D0060E01D0060D01D006057
:10D98C00704700BF704700BF2DE9F047DFF87CA05F
:10D99C000646DAF8000098460F469146FFF7F0FF6E
:10D9AC00184B1C6824B365681F2D24DC5EB96B1CF6
:10D9BC000235DAF80000636044F82570FFF7E2FFE7
:10D9CC000020BDE8F08704EB85010123C1F88890A5
:10D9DC00D4F88821AB401A43022EC4F88821C1F830
:10D9EC000881E4D1D4F88C211A43C4F88C21DEE7E9
:10D9FC00054C1C60D7E7DAF80000FFF7C3FF4FF0C7
:10DA0C00FF30DEE7E03F0020E43F0020F42A002056
:10DA1C00F8B5244F0C460646FFF712FFBB685D684D
:10DA2C00C4F57E610F3125F003054B1923F47F6398
:10DA3C0023F00F03A3F58054B4F5805F07DB0021BE
:10DA4C003046FFF761FFBB682B44984204D0304648
:10DA5C00FFF7FCFE0020F8BD61423046FFF754FF93
:10DA6C0001300DD0104ABB682D1B45F001055D60DF
:10DA7C00136830461B1B1360FFF7E8FE0120F8BD4E
:10DA8C0000213046FFF740FFBA68831A0F2BDEDD0A
:10DA9C0043F001035360054B03491B68C01A08602F
:10DAAC00D5E700BF002B00207C410020082F002070
:10DABC00002961D0F8B50C460646FFF7C1FE54F8B4
:10DACC00042C7B4FA4F1080522F0010105EB010C9D
:10DADC00B868DCF80430604523F0030300F08B8059
:10DAEC00D207CCF8043032D454F8082CAD1A1144B7
:10DAFC00AA6807F1080082426AD00CEB0304D4F840
:10DB0C0004E0EC68D4601EF0010FA26000F0978076
:10DB1C0041F001036B60CCF80010B1F5007F35D2F9
:10DB2C007868CB080122490901338A40024357F82F
:10DB3C0033107A6007EBC302083AC5E9021247F8C2
:10DB4C003350CD603046BDE8F840FFF77FBE0CEB9C
:10DB5C0003025268D00710D4194407F10800DCF80E
:10DB6C000830834273D0DCF80C20DA60936041F00B
:10DB7C0001036B606950D0E7704741F00103B1F5C8
:10DB8C00007F44F8043CCCF80010C9D3B1F5206FE9
:10DB9C004FEA512348D28B0903F1390003F13802C3
:10DBAC00C300F818FB580838984259D05A6822F02C
:10DBBC0003028A4202D99B689842F7D1D868C5E91A
:10DBCC0002308560DD603046BDE8F840FFF73EBEB0
:10DBDC000CEB03025268D20763D40B44DCE902124B
:10DBEC00CA60916043F001026A603046EB50BDE8B8
:10DBFC00F840FFF72BBE0B44D10707D454F8082C80
:10DC0C00AD1A1344D5E90212CA60916043F00102C7
:10DC1C006A60284ABD6012689A4293D8264B3046F7
:10DC2C001968FFF7F5FE8DE7142B0AD9542B1FD872
:10DC3C000B0B03F16F0003F16E02C300B1E7194443
:10DC4C008DE703F15C0003F15B02C300A9E741F02F
:10DC5C000103C7E90455C5E902006B60695071E71F
:10DC6C0079689210012404FA02F20A437A60A6E75A
:10DC7C00B3F5AA7F06D8CB0B03F1780003F177023A
:10DC8C00C3008EE740F25452934206D88B0C03F13A
:10DC9C007D0003F17C02C30083E74FF47E737E2288
:10DCAC007FE741F001036B60CCF800104AE700BF3E
:10DCBC00002B00200C2F0020AC41002000000000A5
:10DCCC005FF800F0A51B00605FF800F0751D0060A8
:10DCDC005FF800F0C51600605FF800F00D1D0060E5
:10DCEC005FF800F0711600600000000000000000FA
:04DCFC00F8B500BFB8
:08DD0000F8E7FF7F01000000BD
:10DD0800000000000000000000000000000000000B
:10DD180000000000000000000000000000000000FB
:10DD280000000000000000000000000000000000EB
:10DD380000000000000000000000000000000000DB
:10DD480000000000000000000000000000000000CB
:10DD580000000000000000000000000000000000BB
:10DD680000000000000000000000000000000000AB
:10DD7800000000000000000000000000000000009B
:10DD8800000000000000000000000000000000008B
:10DD9800000000000000000000000000000000007B
:10DDA800000000000000000000000000000000006B
:10DDB800000000000000000000000000000000005B
:10DDC800000000000000000000000000000000004B
:10DDD800000000000000000000000000000000003B
:10DDE800000000000000000000000000000000002B
:10DDF800000000000000000000000000000000001B
:10DE0800000000000000000000000000000000000A
:10DE180000000000000000000000000000000000FA
:10DE280000000000000000000000000000000000EA
:10DE380000000000000000000000000000000000DA
:10DE480000000000000000000000000000000000CA
:10DE580000000000000000000000000000000000BA
:10DE680000000000000000000000000000000000AA
:10DE7800000000000000000000000000000000009A
:10DE8800000000000000000000000000000000008A
:10DE9800000000000000000000000000000000007A
:10DEA800000000000000000000000000000000006A
:10DEB800000000000000000000000000000000005A
:10DEC800000000000000000000000000000000004A
:10DED800000000000000000000000000000000003A
:10DEE800000000000000000000000000000000002A
:10DEF800000000000000000000000000000000001A
:10DF08000000000000000000000000000000000009
:10DF180000000000000000000000000000000000F9
:10DF280000000000000000000000000000000000E9
:10DF380000000000000000000000000000000000D9
:10DF480000000000000000000000000000000000C9
:10DF580000000000000000000000000000000000B9
:10DF680000000000000000000000000000000000A9
:10DF78000000000000000000000000000000000099
:10DF88000000000000000000000000000000000089
:10DF98000000000000000000000000000000000079
:10DFA8000000000000000000000000000000000069
:10DFB8000000000000000000000000000000000059
:10DFC8000000000000000000000000000000000049
:10DFD8000000000000000000000000000000000039
:10DFE8000000000000000000000000000000000029
:10DFF8000000000000000000000000000000000019
:10E008000000000000000000000000000000000008
:10E0180000000000000000000000000000000000F8
:10E0280000000000000000000000000000000000E8
:10E0380000000000000000000000000000000000D8
:10E0480000000000000000000000000000000000C8
:10E0580000000000000000000000000000000000B8
:10E0680000000000000000000000000000000000A8
:10E078000000000000000000000000000000000098
:10E08800000000000000F03F000000000000F0BFAA
:10E09800000000000000F0BF000000000000F03F9A
:10E0A80083C8C96D305F6441182D4454FB21F93F82
:10E0B800000000000000F03F1C620CFDFFFFDFBF06
:10E0C800198F06E15355A53F9D359AE887C056BF7D
:10E0D800C3F87B024393F93E03A695595455C5BF2F
:10E0E800C40B23057610813F24CF7437EB9429BFE6
:10E0F800000000000000F03F000000000000F0BF3A
:10E10800000000000000F0BF000000000000F03F29
:10E1180083C8C96D305F6441182D4454FB21F93F11
:10E12800000000000000F0BF1C620CFDFFFFDF3F95
:10E13800198F06E15355A5BF9D359AE887C0563F0C
:10E14800C3F87B024393F9BE03A695595455C5BF3E
:10E15800C40B23057610813F24CF7437EB9429BF75
:10E168000000240348066A098C0CAB0FC812E2159C
:10E17800F9180B1C1A1F2322282526281F2B112EBD
:10E18800FB30DF33BA368C39563C173FCE417A44E0
:10E198001C47B4493F4CBF4E33519B53F555425829
:10E1A800825AB35CD75EEB60F162E864CF66A6681A
:10E1B8006D6A236CC96D5E6FE2705472B573047535
:10E1C80041766B77847889797C7A5C7B297CE37CDF
:10E1D800897D1D7E9C7E097F617FA67FD87FF57F24
:10E1E800FF7FF57FD87FA67F617F097F9C7E1D7E9C
:10E1F800897DE37C297C5C7B7C7A897984786B7760
:10E2080041760475B5735472E2705E6FC96D236C04
:10E218006D6AA668CF66E864F162EB60D75EB35CAE
:10E22800825A4258F5559B533351BF4E3F4CB4491F
:10E238001C477A44CE41173F563C8C39BA36DF33F7
:10E24800FB30112E1F2B2628282523221A1F0B1CD2
:10E25800F918E215C812AB0F8C0C6A09480624039A
:10E268000000DCFCB8F996F674F355F038ED1EEAB8
:10E2780007E7F5E3E6E0DDDDD8DADAD7E1D4EFD178
:10E2880005CF21CC46C974C6AAC3E9C032BE86BB35
:10E29800E4B84CB6C1B341B1CDAE65AC0BAABEA7CC
:10E2A8007EA54DA329A1159F0F9D189B31995A97BB
:10E2B8009395DD933792A2901E8FAC8D4B8CFC8A80
:10E2C800BF8995887C8777868485A484D7831D83B6
:10E2D8007782E3816481F7809F805A8028800B8051
:10E2E80001800B8028805A809F80F7806481E381B9
:10E2F80077821D83D783A484848577867C879588D5
:10E30800BF89FC8A4B8CAC8D1E8FA2903792DD930F
:10E3180093955A973199189B0F9D159F29A14DA345
:10E328007EA5BEA70BAA65ACCDAE41B1C1B34CB6B4
:10E33800E4B886BB32BEE9C0AAC374C646C921CCBC
:10E3480005CFEFD1E1D4DAD7D8DADDDDE6E0F5E3C1
:10E3580007E71EEA38ED55F074F396F6B8F9DCFCD9
:10E36800000000003200000033000000340000000C
:10E3780035000000360000003700000038000000BB
:10E38800390000003A0000003B0000003C0000009B
:10E398003D0000003E0000000000003F00000000BB
:10E3A80000000040000080400000C0400000004124
:10E3B8004D004B0CB118FE25D332993F2F4BD85541
:10E3C800F05EBB66956CE56F20710970A76C1767E6
:10E3D800945F4F568B4BC23F8B332927E71A3B0F6D
:10E3E8006D04FFFA0EF391ECBAE7DAE4A9E3A6E4C8
:10E3F800ABE750EC63F254F9C4001508EB0E57155F
:10E408002F1B13209524E428542DF831D7362F3CA0
:10E41800D342904A6253E25C31667E6F7177277D02
:10E42800E57F9E7F5F7C6376446E87647559404EB6
:10E438009C426137B42CCD21AD17C20E69071EFF6F
:10E4480065F806F2BAEB3AE675DEAAD697CC5DC354
:10E458009DBB14B327AE61AA9BA880A8EFA82EABDA
:10E46800B5AD64B081B481B9E1BD98C3EACA0DD332
:10E478008FDCB1E7B1F229FFAD0A9A13C01BC720A0
:10E488005F235024AF2063194810CB05E4FBC2F189
:10E498002EE8F1DF42DB23DAE6DA5ADCB1DD34E0DC
:10E4A80055E254E346E394E1B3DE66DA1CD373C95C
:10E4B80008C023B9A1B447B112AFABAF77B414BD4C
:10E4C8001BC87CD3B4DE1BEACEF2BAF728FAFAF9F5
:10E4D8009FF744F488EFE2EA87EAB7EE80F68D000A
:10E4E800DE0BDD17D423932D833408396B3A6F394B
:10E4F800FD35223082295F23DD1D00199513B10EE9
:10E508004F0CD20B3E0CE00C620D530F1F12F61489
:10E51800DA17C21AAB1E7F23BD27A52AB02CBA2D45
:10E52800A12D792BF626AD1FB216990C210135F5D0
:10E5380062E98EDEFBD4FDCC79C784C5C8C7FFCCA1
:10E54800F0D36FDC0CE680F0BCFAA6031F0BFA10C0
:10E55800FB15041ACA1C011F5420FB20A1201E1EF3
:10E56800101A3E157D0FD9095A047AFFE7FB51F9B5
:10E57800F8F74FF77AF722F815F8DDF64DF489F039
:10E5880022ECA6E711E399DE0FDB5FD8EDD6CDD6F6
:10E5980041D794D8DEDA1BDE57E169E4EBE612E9ED
:10E5A8007BEA14EBB2EA4EEACCEA6BEC45F0E7F50D
:10E5B8004D0000004A009E02A2059208F30B620F6C
:10E5C800EA1275164A1A4F1E80223026AE29092DE6
:10E5D800DE2FA9321F3542371C39A33A443C8A3D05
:10E5E800C23E25407241ED42F9448947544A414DA3
:10E5F800F24FE952EC55BE58655B715D845E695E09
:10E60800475D505B675888549F4FE849FB43003E7D
:10E618008F38D533E32FD42C6B2AF3287728B328E7
:10E628003C299829B529E629442A662AFE29C328BF
:10E638000D27B92430217A1CCF1653100609120170
:10E648005AF878EFBFE65DDE9DD68BCF6DC94DC415
:10E658002FC02CBD82BBEABA5CBBDBBC4ABF6EC212
:10E66800ECC5A3C994CD8FD126D565D81CDB1FDD99
:10E678006ADEDADE89DE48DDF3DA78D7DAD265CD0C
:10E6880024C707C048B83CB062A8E5A0DC998D93C0
:10E698000A8E7C89BA85C882DC800B802B804281F7
:10E6A8002F83CE850C89398C728FD6922C9631990E
:10E6B800FB9B929E18A1AEA334A6D9A8D4AB47AFB2
:10E6C80048B3DCB7EEBC76C278C8D4CE50D5D2DB1E
:10E6D8006DE21DE9C5EF84F627FD9C03E7090810E4
:10E6E8001016F51B8E21C726C82B9D30FF340A391A
:10E6F800A33CBF3F9A42B244414628474A4709478C
:10E708001E46F044A6434B421F4104409A3FD93F5E
:10E7180056405741C44297448A4679484E4AA14BCD
:10E728006B4C9C4CE04B164AAF475744FF3FF43ABA
:10E738005335E12E1A286921411B0316BE10D50B4B
:10E748009D0710046B0186FFE3FD26FCAFFA96F9DE
:10E758009BF87CF7ADF61AF640F5A2F424F4BEF364
:10E768004EF3A3F272F233F2CAF17BF154F120F2C4
:10E778000AF211F26EF3D6F494F609F8FFF976FC72
:10E7880073FE5400C501D402830378031103000209
:10E7980058006CFE74FC43FA10F807F6A6F41EF451
:10E7A800FCF326F4DCF4DBF5C0F614F861F9E5FABD
:10E7B800EAFCE7FE4A00000078003F06430C2C12F2
:10E7C8001718DD1D8A230429602E8E33AB38A83D27
:10E7D80098426D47334CD450505594599F5D6161B0
:10E7E800D9640968FA6AB66D4770BF721D7561779A
:10E7F80083796D7B0F7D5E7E497FD47FFF7FDA7FD3
:10E80800707FD87E237E637D9F7CCF7BE57AD1792C
:10E818008078E8760875E0727470CC6DF56AFD67EB
:10E82800EE64CE619C5E505BE4574E548D50A54C0F
:10E838009F4888446940533C4C385A347E30B52C44
:10E84800F4282B254B21461D1819C3145410D80B36
:10E8580067070A03D5FED3FA09F782F342F04AEDB7
:10E8680095EA1EE8E0E5D5E3FCE156E0E0DE97DD59
:10E8780078DC80DBACDAF9D967D9F8D8ABD884D89A
:10E8880089D8C0D834D9E5D9D9DA08DC72DD0BDFEC
:10E89800C3E087E23EE4D2E525E727E8C1E8E9E8F6
:10E8A80098E8CAE781E6C1E49AE211E03CDD27DA9C
:10E8B800DAD65FD3BDCFF2CBFFC7E7C3ABBF50BB40
:10E8C800DCB656B2C5AD36A9B6A459A0329C569846
:10E8D800DB94D691588F768D408CC88B1C8C478DD5
:10E8E8004D8F3392F5958F9AF29F18A6EEAC64B4CB
:10E8F80068BCE3C4C1CDECD651E0D9E973F30BFD94
:10E908008A06E10FF718B5210D2AE7313E39034091
:10E918002D46B74B9850CD545258255B435DAD5E9C
:10E92800615F625FB15E565D565BBB588E55D451D0
:10E938009A4DE148B643233E3138F1316C2BAD2472
:10E94800C01DAE16810F4108FA00B6F97EF25EEBE3
:10E9580060E48CDDE5D672D035CA35C470BEEFB838
:10E96800B0B3BBAE11AABCA5BDA11D9EDC9AFB9796
:10E978007B955D939E913E90378F898E378E408E22
:10E98800A68E6C8F8F900D92E29303966D98199BCB
:10E99800079E31A19AA441A831AC60B0D9B48BB913
:10E9A8007BBE90C3CDC81BCE80D3EBD870DE00E40D
:10E9B800B0E974EF5CF53DFB780000003D00D3083A
:10E9C8008112DF1B3125602E873790405F49B9518E
:10E9D80074596D609A66106CD470F3746278217BF8
:10E9E8002C7D947E6F7FE47FFE7FBE7FFB7E967DCD
:10E9F800457BEC7787732E6E10687161955AC35307
:10EA0800344D0A476341413C8F372933D82E532A66
:10EA18005F25D61FBE194813C00C7A06BB00A6FB9B
:10EA28003AF75FF3F2EFD7ECFEE943E783E495E1C9
:10EA380068DE09DBA8D788D4EED10FD0E6CE55CE54
:10EA480012CEC1CD1DCDFBCB4CCA28C8B0C515C34D
:10EA58009BC081BE17BD94BC1ABD99BECBC042C332
:10EA68007FC515C7BEC778C770C6F5C465C321C2C0
:10EA780072C188C179C231C479C6F7C841CBEDCC1F
:10EA8800A7CD4DCDFBCB04CADBC7F7C5C5C48AC427
:10EA980062C535C7B5C96FCCE4CEA8D060D1EBD07C
:10EAA80066CF25CD94CA1FC815C6B9C438C4A7C433
:10EAB800FCC502C85DCA97CC55CE4DCF73CFFACEF0
:10EAC80033CE8CCD6FCD24CECECF67D2CED5D5D98F
:10EAD8002ADE6FE23DE649E960EB87ECEAECE5EC1B
:10EAE800EEEC67ED94EE83F01CF346F6E7F9EBFDE8
:10EAF80030029206E00AF50EBD122A163819E81BF4
:10EB08002D1EF21F3521F82148222F22C3211E2154
:10EB18005220821FD01E6C1E781E051F0B207921E3
:10EB280033232225362754296E2B752D5B2F073169
:10EB38005B32393388333B335132C3309C2EEA2B56
:10EB4800DA28BA25F9221E219920B02155243D281A
:10EB5800DA2C9D310C36C439833C193E6E3E803D1B
:10EB6800713B7B38F8343D31812DD1290726F121BD
:10EB7800631D4F18C712F80C1907490181FBF4F5FA
:10EB8800D2F027EC0FE88EE490E1C4DED1DB44D864
:10EB9800E8D3A1CEA2C837C2BBBB95B53EB017AC6F
:10EBA8006FA97DA85EA912AC66B016B6C0BC1FC41A
:10EBB800EACB1DD486DC56E53AEE8BF73D00000023
:10EBC800E4008703AC06A5093E0C3D0EB20FD31036
:10EBD8001612B0134F157F160917211709171317A7
:10EBE8008917451803199919311AFF1A2C1CDB1DAE
:10EBF800F01F22221124BE254E27E728822AFE2B49
:10EC0800302D032E7B2EBF2E0F2FAD2FA230A23119
:10EC18005532A332C5322233EA3302354936BB377F
:10EC28005339E13A5C3CC93D4D3FFE4005436045E0
:10EC3800F047824A054D8F4F1D528654A1569C5865
:10EC4800B65AFE5C225FF6609F626E649D661F691D
:10EC5800AF6B1D6E54704C722674FA75F377047A94
:10EC6800FA7B8D7D887E1B7F8B7FED7FEB7F4C7FD2
:10EC7800257EB97C087BF378A8768774E4729B714B
:10EC88009770AC6FB66E8F6D536C336B3F6A436988
:10EC9800E7671266B963F560D05D4B5A43569451E5
:10ECA800524CB046EB402B3B93354530452B5E2606
:10ECB8006421401CF9169E11350CE206DA0132FD7A
:10ECC800FDF845F50AF25BEF31ED72EB0DEA03E969
:10ECD8006DE84CE86EE85BE8B7E79FE682E5AEE4EE
:10ECE800E7E3E7E286E1DADFEFDDCDDB7AD906D7C5
:10ECF80078D4F2D1ABCFC8CD69CC7ECB01CBBDCA1D
:10ED080077CAF2C93CC97DC8B9C7D0C6B6C59EC4C2
:10ED1800A2C3B1C296C14CC0E8BE9BBD74BC72BB55
:10ED280076BA61B934B819B731B637B5D2B3F5B1D7
:10ED38000CB06DAEF7AC0FAB75A878A5BBA271A0EF
:10ED48005E9E259C9799B696BE9326910D8F788DD9
:10ED58004E8C9A8B528B4D8B6B8B868B7C8B228B3C
:10ED6800778A95899E889987828669857084C78302
:10ED780078837583A9831A84DD840D86CA87268AD9
:10ED8800FA8C13905993A296D699E19CD09FA4A28D
:10ED980065A516A8A5AAF1ACF1AEC9B0C6B22AB548
:10EDA800DEB7DCBA36BE12C25BC6DACA7ECF68D41A
:10EDB8009ED908DF87E4FEE977EFB3F489F9DEFD31
:10EDC800E4000000D00097093612321B4224922D2D
:10EDD800EF36E23FCF48345138597E6031671C6DB9
:10EDE8004E729576207ACC7C987EA17FFF7F447FF7
:10EDF8003F7E297DBE7AA178E575CD7200706E6C74
:10EE08004D69C9658D62305FDF5B91580755FF51C9
:10EE1800A94EB34B7C488F45A142EF3F203D843A31
:10EE2800013866351A33C830AB2E7F2C762A6A280B
:10EE38008C268324CA22F420281F891DBD1BFE1995
:10EE48007118A116E31450137511D40F1E0E5F0C20
:10EE5800AD0ADE08220755058C03DC01F4FF1DFE10
:10EE68006EFC8FFAABF8E9F6EBF42AF369F18BEF55
:10EE7800B6EDE8EB2FEA64E89FE6BDE410E331E184
:10EE880072DFC9DDECDB3BDA5AD88FD6C3D4FCD2AB
:10EE98002BD16ACF74CDA8CBE2C9E2C72FC633C441
:10EEA8006EC28EC0ADBED3BC01BB19B955B77CB517
:10EEB80099B3F7B10BB080AED6AC31ABD0A94BA8A3
:10EEC800E4A6A3A545A435A329A22BA181A0DF9F71
:10EED8004E9FF89ED59ED49E139F809F3AA047A12F
:10EEE8008EA23FA440A6B1A8D4AB45AF89B339B828
:10EEF80068BD4BC3D3C9D4D066D875E0E6E8C3F182
:10EF0800A5FAF003DE0CB215611E9426522E533575
:10EF1800AD3B544127461A4A354D704FE050B55124
:10EF28009D51EE50AA4FD04D924BBB48A9454F4238
:10EF3800C23E1B3B4A373433632F4F2B4B279B234F
:10EF4800AA1FE21B3D188A144E11FA0DB20AB9071E
:10EF5800A804DE0126FFB4FC47FACEF765F55CF39A
:10EF680013F109EF34ED11EB6EE960E7A7E5FCE377
:10EF780027E2A8E0E4DE53DD92DBFAD96AD8D0D6DE
:10EF880042D5A3D336D286D014CFB8CD30CCEECA72
:10EF9800ADC95DC836C71DC632C56AC4B2C337C35A
:10EFA800E4C2DFC222C38CC34EC479C51EC7FDC8E4
:10EFB8005ACB1DCE97D182D5FAD911DF9EE4ECEA5F
:10EFC80099F1DDF8D000000070008C05EA0AD00F36
:10EFD800B013D316F1199B1DE0215B266B2A802DF7
:10EFE800772FA4307C314F326033FE34A737DA3BB9
:10EFF800E9418A49CD516C59625F5E63D065996772
:10F008009269196C066FF0717E74A2768978617ABC
:10F01800277CA67DB77E637FD87FFE7F367F457CC1
:10F02800DB75656BA85DB54E224111376A31B82F83
:10F0380097306E32FD338534C333C431BE2EFA2A7D
:10F04800BC262522061DE6162F0FA105BBFAC8EF20
:10F058007FE636E024DD52DC2ADC4FDB3CD925D6BE
:10F0680089D2A1CE58CA98C5A6C027BCD7B82EB792
:10F078002BB75FB810BA6DBBA9BB1FBA7FB6F5B086
:10F088002BAA47A3B39DB79A009B5B9ED7A33EAA22
:10F09800BBB015B765BD91C312C937CD9CCF61D040
:10F0A800EFCF90CE45CCF6C8E4C4E7C027BEACBDD0
:10F0B800FBBFD1C422CB6FD148D6E2D868D9D0D80B
:10F0C8004FD8D0D8D1DA7DDEDEE3B5EA45F27DF956
:10F0D80073FFF2038F07120BCD0E5612F21435167A
:10F0E8005A163116A7167E18021C0521CF26562C53
:10F0F800A5305833B4345535BD351A366C36C1365B
:10F108005B3775381F3A393CA13E4C412F442247A2
:10F11800CB49C74BCA4CA34C414BBD487B453742F2
:10F12800BA3F793E6A3E213F2F404041194266422C
:10F13800C8410640433DE6395436BF32232F722B6F
:10F148009B276E23B51E4A1962138E0D6A081D048B
:10F158003A0007FCFDF618F1C5EA95E4EFDE00DA9F
:10F16800BAD5D7D1EACD87C98DC43FBF25BAC2B5B4
:10F178004CB2A3AF71AD63AB55A95EA7C8A5E3A414
:10F18800B8A4C7A41FA4DDA1BD9D629819932F8FB1
:10F19800738D198ED9901D950D9ACA9ECEA249A637
:10F1A80021AA3FAFC8B5BFBC9CC254C615C820C968
:10F1B800F3CA73CE92D39AD9A2DF03E570E90FEDB3
:10F1C80064F0EFF3CCF7E2FB7000000000000000F1
:10F1D8000200000004000000060000000700000014
:10F1E800090000000B0000000C0000000E000000E9
:10F1F80010000000000000000200000004000000F1
:10F208000500000007000000090000000A000000D7
:10F218000C0000000E0000001000000000000000BC
:10F228000200000004000000060000000B000000BF
:10F238000C0000000E00000010000000120000008A
:10F248001700000000000000040000000500000096
:10F25800070000000A0000000C0000001000000079
:10F26800110000001300000016000000000000005C
:10F278000200000005000000070000000A0000006E
:10F288000C0000000E000000110000001300000038
:10F29800160000000000000002000000040000004A
:10F2A8000500000007000000090000000B00000036
:10F2B8000C0000000E00000010000000000000001C
:10F2C8000200000004000000070000000900000020
:10F2D8000C0000000E0000001000000013000000E9
:10F2E80015000000000000000300000005000000F9
:10F2F800070000000A0000000C0000000F000000DA
:10F3080011000000130000001600000000000000BB
:10F3180002000000030000000500000007000000D4
:10F32800090000000A0000000C0000000E000000A8
:10F338000F000000020000000500000004000000AB
:10F34800050000000600000005000000060000009F
:10F358000400000005000000050000000600000091
:10F36800060000000400000007000000060000007E
:10F37800060000000600000007000000060000006C
:10F38800050000000000000001000000010000006E
:10F3980000000000020000000C0000000D0000004A
:10F3A8000200000001000000030000000D00000042
:10F3B8000300000002000000040000000D0000002F
:10F3C8000E0000000400000003000000050000001B
:10F3D8000E0000000F0000001000000005000000F3
:10F3E80004000000060000001000000011000000EA
:10F3F80006000000050000000700000011000000E2
:10F4080012000000130000000700000006000000C2
:10F4180008000000130000000800000007000000BA
:10F42800090000001200000013000000090000009D
:10F43800080000000A00000011000000120000008F
:10F4480000000000010000000500000006000000A8
:10F45800070000000E00000001000000000000008E
:10F468000200000003000000040000000500000086
:10F47800020000000100000003000000030000007B
:10F488000100000002000000040000000400000069
:10F498000100000003000000050000000500000056
:10F4A8000000000001000000040000000600000049
:10F4B800070000000000000006000000080000002F
:10F4C8000E0000000800000007000000090000000E
:10F4D8000E00000009000000080000000A000000FB
:10F4E8000E00000000000000010000000200000003
:10F4F80003000000040000000500000006000000F2
:10F508000700000008000000090000000A000000D1
:10F518000B0000000C0000000D00000001000000BE
:10F5280000000000020000000200000000000000CF
:10F5380001000000030000000300000000000000BC
:10F5480002000000040000000400000000000000A9
:10F558000300000005000000050000000000000096
:10F568000400000006000000060000000000000083
:10F578000500000007000000070000000000000070
:10F58800060000000800000008000000000000005D
:10F59800070000000900000009000000000000004A
:10F5A800080000000A000000000000000100000040
:10F5B8000900000013000000000000000100000026
:10F5C8000200000007000000080000000900000019
:10F5D8000100000002000000030000000700000016
:10F5E8000200000003000000040000000600000004
:10F5F80007000000030000000400000005000000F0
:10F6080006000000040000000500000006000000DD
:10F6180003000000040000000500000006000000D0
:10F6280007000000010000000200000003000000C5
:10F6380006000000070000000800000001000000AC
:10F64800070000000800000009000000000000009A
:10F658000100000008000000090000000A00000086
:10F668000A000000090000000B0000000F00000065
:10F6780010000000110000000B0000000A0000004C
:10F688000C0000000D0000000E0000000F0000003C
:10F698000C000000010000000B0000000D0000003D
:10F6A8000D0000000100000002000000030000003F
:10F6B8000B0000000C0000000E0000000E0000000F
:10F6C80003000000040000000B0000000D00000013
:10F6D8000F0000000F000000040000000A000000F6
:10F6E8000B0000000E0000001000000010000000D9
:10F6F80004000000050000000A0000000F000000E0
:10F7080011000000110000000500000006000000C4
:10F71800090000000A0000001000000012000000AC
:10F7280012000000060000000800000009000000A8
:10F738001100000013000000130000000600000084
:10F748000700000008000000120000000A00000086
:10F75800090000000B0000000D0000000B00000075
:10F768000A0000000C0000000D0000000C00000062
:10F778000B0000000D0000000D0000000900000053
:10F788000A0000000B0000000C0000000E00000042
:10F798000E00000000000000070000000800000044
:10F7A800090000000D0000000A0000000000000031
:10F7B800090000000B0000000B0000000000000022
:10F7C8000A0000000C0000000C000000000000000F
:10F7D8000B0000000D0000000D00000000000000FC
:10F7E8000C000000090000000A0000000B000000E7
:10F7F800130000000A0000000B0000000C000000CD
:10F808001100000012000000130000000B000000AF
:10F818000C0000000D000000110000000C000000AA
:10F828000D0000000E000000100000001100000094
:10F838000D0000000E0000000F0000001000000086
:10F848000E0000000F000000100000000D00000076
:10F858000E0000000F000000100000001100000062
:10F868000B0000000C0000000D000000100000005C
:10F8780011000000120000000B0000001100000041
:10F888001200000013000000000000000900000042
:10F898000A0000000B000000120000001300000026
:10F8A8000000000000000000000000000000000050
:10F8B8000000000000000000000000000000000040
:10F8C8000000000000000000000000000000000030
:10F8D8000000000000000000000000000000000020
:10F8E8000000000000000000000000000000000010
:10F8F8000000000000000000000000000000000000
:10F9080000000000000000000000000000000000EF
:10F9180000000000000000000000000000000000DF
:10F9280000000000000000000000000000000000CF
:10F9380000000000000000000000000000000000BF
:10F9480000000000000000000000000000000000AF
:10F95800000000000000000000000000000000009F
:10F96800000000000000000000000000000000008F
:10F97800000000000000000000000000000000007F
:10F98800000000000000000000000000000000006F
:10F99800000000000000000000000000000000005F
:10F9A8000000000085750000897500008D75000055
:10F9B800917500000000000000000000B95F000021
:10F9C800000000000000000021820000000000008C
:10F9D80000000000ED6100000000000000000000D1
:10F9E800198F000000000000000000006D77000083
:10F9F800519500004D95000049950000459500007F
:10FA0800419500003D950000399500000000000078
:10FA1800000000007D6A00000000000000000000F7
:10FA2800555300000000000000000000C15C000009
:10FA38000000000000000000995100002D4F000058
:10FA480091520000314F0000C95100000000000031
:10FA580000000000956E000000000000000000009B
:10FA680061640000000000000000000099660000CA
:10FA78000000000000000000B16500000000000068
:10FA880000000000C15E000000000000000000004F
:10FA9800714D0000814D00000000000000000000D2
:10FAA80081A30000ADA30000697700007DA30000DA
:10FAB80039A3000045A3000065A30000CD70000035
:10FAC800D1700000D9700000E1700000A2000000B1
:10FAD800F9A2000083F9A2006E83F9A24E6E83F9A1
:10FAE800444E6E8315444E6E2915444EFC29154428
:10FAF80027FC29155727FC29D15727FCF5D157276B
:10FB080034F5D157DD34F5D1C0DD34F5DBC0DD3453
:10FB180062DBC0DD9562DBC0999562DB3C9995623A
:10FB2800433C999590433C994190433C00000042E6
:10FB3800C8801F40B8821F40080000000000004233
:10FB4800C4801F40B4821F400400000000C000426F
:10FB580024801F4014821F401000000000C0004293
:10FB680028801F4018821F402000000000C000426B
:10FB78002C801F401C821F404000000000C0004233
:10FB880034801F4024821F400001000000400042D2
:10FB980064811F4054831F4000040000004000425D
:10FBA80080811F4070831F40000002000040004217
:10FBB8007C811F406C831F40000001000040004210
:10FBC80068811F4058831F40000800000040004221
:10FBD8003C811F402C831F40010000000040004270
:10FBE80044811F4034831F4004000000004000424D
:10FBF80040811F4030831F40020000000040004247
:10FC080048811F4038831F40080000000000004260
:10FC180004811F40F4821F400000040000000042DD
:10FC280008811F40F8821F400000080000000042C1
:10FC380018811F4008831F40000080000000004218
:10FC480014811F4004831F40000040000000004250
:10FC580000811F40F0821F400000020000000042A7
:10FC6800FC801F40EC821F400000010000000042A1
:10FC780024811F4014831F4000000004000000423C
:10FC880028811F4018831F40000000080000004220
:10FC98001C811F400C831F4000000001000000422F
:10FCA80020811F4010831F40000000020000004216
:10FCB800EC801F40DC821F40001000000000004262
:10FCC800F0801F40E0821F4000200000000000423A
:10FCD80034811F4024831F40000000400000004280
:10FCE80038811F4028831F400000008000800042A8
:10FCF80094801F4084821F400000040000C000421E
:10FD080090801F4080821F400000008000800042D9
:10FD1800A8801F4098821F40000080000080004299
:10FD2800A4801F4094821F40000040000040004211
:10FD38006C811F405C831F400010000000C000421F
:10FD480030801F4020821F40800000000080004259
:10FD5800C8811F40B8831F40008000000080004217
:10FD6800C4811F40B4831F4000400000008000424F
:10FD7800C0811F40B0831F40002000000080004267
:10FD8800BC811F40AC831F4000100000008000426F
:10FD9800D0811F40C0831F40000002000080004245
:10FDA800CC811F40BC831F40000001003D3D3D2029
:10FDB8004C454146203D3D3D000000003D3D3D2075
:10FDC80052414449414C203D3D3D00003D3D3D20D0
:10FDD80057415645203D3D3D000000003D3D3D203A
:10FDE8004D4F554E5441494E203D3D3D00000000C9
:10FDF800414C474F20303A20536B656C6574616CF9
:10FE080000000000414C474F20313A2052616E6497
:10FE18006F6D0000414C474F20323A20436F6E749B
:10FE28006F7572004D4F444520303A20537472610B
:10FE380069676874202D3E004D4F444520313A20B3
:10FE480042726F6B656E202D2A2D00004D4F444580
:10FE580020323A2052657374202F2F004D4F4445AD
:10FE680020333A2052657665727365203C2D000078
:10FE78005363616C653A20004B65793A20000000B5
:10FE880054656D706F3A200044726F6E65203120A2
:10FE9800536F756E643A200044726F6E652032208D
:10FEA800536F756E643A200044726F6E652033207C
:10FEB800536F756E643A2000426C6F73736F6D20D8
:10FEC800536F756E643A20004E4F5445533A2000E4
:10FED8002C00000043757272656E74206E6F746535
:10FEE8003A200000433A200020533A200000000046
:10FEF80007080C0B06050F000D0E01028384070886
:10FF08000C0B06050F000D0E01028384010100048D
:10FF18000100000401320101013202010110010156
:10FF28000111010101120102010302060103010688
:10FF38000112020202000001020200010201000196
:10FF4800021000010222000102230001000000004B
:10FF58000000000002210001022000010000000052
:10FF6800000000000130010101310101010200041B
:10FF7800010300040000000000000000012102014C
:10FF88000121010100000000000000000000000045
:10FF98000110020101010201010101010100020138
:10FFA80001000101010202010102010100A019A0E2
:10FFB8001AA01BA01CA01EA020A022A024A026A03E
:10FFC80027A027A027A025A021A01DA017A010A02A
:10FFD80007A0FD9FF29FE69FDA9FCD9FC19FB59F27
:10FFE800A99F9F9F969F8F9F8B9F899F8A9F8D9F79
:08FFF800949F9E9FAB9FBA9FEE
:02000004600199
:10000000CD9FE19FF79F0FA028A041A05AA071A00B
:1000100087A09BA0ADA0BAA0C4A0CAA0CBA0C7A037
:10002000BEA0B0A09EA087A06BA04DA02BA007A053
:10003000E19FBB9F959F709F4D9F2E9F129FFC9E9F
:10004000EA9EDF9EDA9EDD9EE69EF69E0D9F2B9F2A
:100050004F9F789FA69FD79F0AA03FA074A0A8A0FB
:10006000D9A006A12EA151A16CA17FA18AA18BA12B
:1000700083A172A157A134A108A1D4A09AA05BA02A
:1000800018A0D39F8D9F489F069FC79E8F9E5E9E00
:10009000369E189E049EFD9D019E129E2F9E589E88
:1000A0008C9ECA9E119F609FB49F0CA067A0C1A0A8
:1000B00018A16BA1B8A1FCA135A263A282A294A24F
:1000C00096A288A26AA23DA200A2B7A160A100A147
:1000D00096A027A0B39F3F9FCC9E5E9EF79D9A9DC2
:1000E000499D079DD59CB69CAA9CB29CCE9CFF9C2A
:1000F000449D9C9D049E7C9E009F8D9F22A0B9A044
:1001000050A1E4A16FA2F0A262A3C3A30FA444A4D0
:1001100060A462A44AA415A4C6A35EA3DDA247A25C
:100120009EA1E5A022A0579F8A9EBF9DFC9C459C56
:100130009F9B0F9B989A409A089AF399049A3A9A2F
:10014000979A199BBF9B869C6A9D689E7A9F9AA0EE
:10015000C3A1ECA211A428A52AA612A7D6A772A80B
:10016000E0A81AA91CA9E4A86FA8BEA7D1A6AAA5B1
:100170004DA4C0A209A12F9F3D9D3D9B3999409759
:100180005C959D931192C490C58F228FE78E208F2E
:10019000D98F1A91ED9257955E98049C4BA032A589
:1001A000B4AACEB077B7A7BE52C66DCEE7D6B3DF3E
:1001B000BFE8F9F150FBB004000100001C2F002043
:1001C0001200000000060000D02000600A000000BD
:1001D00000020000781F00605501000000070000C9
:1001E000201E006055010000000300001C1E00607E
:1001F0000000000001030904041E0060000000006C
:100200000203090460310020000000000303090418
:10021000803100200000000000000000000000000D
:10022000000000000000000000000000B0410020BD
:100230001842002080420020000000000000000062
:1002400000000000000000000000000000000000AE
:10025000000000000000000000000000000000009E
:10026000000000000000000000000000000000008E
:10027000000000000000000000000000000000007E
:10028000000000000000000000000000000000006E
:10029000000000000000000000000000000000005E
:1002A000000000000000000000000000000000004E
:1002B000000000000000000000000000000000003E
:1002C00001000000000000000E33CDAB34126DE6DB
:1002D000ECDE05000B000000000000000000000044
:1002E000000000000000000000000000000000000E
:1002F00000000000000000000000000000000000FE
:1003000000000000000000000000000000000000ED
:1003100000000000000000000000000000000000DD
:1003200000000000000000000000000000000000CD
:1003300000000000000000000000000000000000BD
:1003400000000000000000000029DE07007B9A1773
:10035000060000000600000003000000040000008A
:10036000040000000500000004000000050000007B
:10037000040000000500000004000000040000006C
:100380000300000006000000060000000E00000050
:10039000030000000400000004000000040000004E
:1003A000040000000400000004000000040000003D
:1003B000040000000400000004000000040000002D
:1003C00003000000EC1C002000000000E803000017
:1003D000000000000400000006000000040000000F
:1003E00005000000040000000300000005000000FC
:1003F00006000000040000000500000004000000EA
:1004000006000000040000000500000004000000D9
:1004100003000000050000000600000004000000CA
:1004200006000000A01D002000000000E8030000FE
:100430000000000000003F407C2100600000000040
:1004400000000000000000000000000000000000AC
:10045000000000000000000000000000000000009C
:10046000000000000000000000000000000000008C
:10047000000000000000000000000000000000007C
:10048000000000000000000000000000000000006C
:10049000000000000000000000000000000000005C
:1004A000000000000000000000000000000000004C
:1004B000000000000000000000000000000000003C
:1004C000000000000000000000000000000000002C
:1004D000000000000000000000000000000000001C
:1004E000000000000000000000000000000000000C
:1004F00000000000000000000000000000000000FC
:1005000000000000000000000000000000000000EB
:1005100000000000000000000000000000000000DB
:1005200000000000000000000000000000000000CB
:1005300000000000000000000000000000000000BB
:1005400000000000000000000000000000000000AB
:10055000000000000000000000000000000000009B
:1005600000000000A01D002000000000E8030000C3
:100570000000000000803F402C21006000000000CF
:10058000000000000000000000000000000000006B
:10059000000000000000000000000000000000005B
:1005A000000000000000000000000000000000004B
:1005B000000000000000000000000000000000003B
:1005C000000000000000000000000000000000002B
:1005D000000000000000000000000000000000001B
:1005E000000000000000000000000000000000000B
:1005F00000000000000000000000000000000000FB
:1006000000000000000000000000000000000000EA
:1006100000000000000000000000000000000000DA
:1006200000000000000000000000000000000000CA
:1006300000000000000000000000000000000000BA
:1006400000000000000000000000000000000000AA
:10065000000000000000000000000000000000009A
:10066000000000000000000000000000000000008A
:10067000000000000000000000000000000000007A
:10068000000000000000000000000000000000006A
:10069000000000000000000000000000000000005A
:1006A00000000000A01D002000000000E803000082
:1006B0000000000000C03F40DC200060000000009F
:1006C000000000000000000000000000000000002A
:1006D000000000000000000000000000000000001A
:1006E000000000000000000000000000000000000A
:1006F00000000000000000000000000000000000FA
:1007000000000000000000000000000000000000E9
:1007100000000000000000000000000000000000D9
:1007200000000000000000000000000000000000C9
:1007300000000000000000000000000000000000B9
:1007400000000000000000000000000000000000A9
:100750000000000000000000000000000000000099
:100760000000000000000000000000000000000089
:100770000000000000000000000000000000000079
:100780000000000000000000000000000000000069
:100790000000000000000000000000000000000059
:1007A0000000000000000000000000000000000049
:1007B0000000000000000000000000000000000039
:1007C0000000000000000000000000000000000029
:1007D0000000000000000000000000000000000019
:1007E0000000000000000000000000007F0000008A
:1007F000FFFFFFFF01000000050000007441002022
:10080000E07B20200000000000000000000000004D
:10081000002B0020002B0020082B0020082B00209C
:10082000102B0020102B0020182B0020182B00204C
:10083000202B0020202B0020282B0020282B0020FC
:10084000302B0020302B0020382B0020382B0020AC
:10085000402B0020402B0020482B0020482B00205C
:10086000502B0020502B0020582B0020582B00200C
:10087000602B0020602B0020682B0020682B0020BC
:10088000702B0020702B0020782B0020782B00206C
:10089000802B0020802B0020882B0020882B00201C
:1008A000902B0020902B0020982B0020982B0020CC
:1008B000A02B0020A02B0020A82B0020A82B00207C
:1008C000B02B0020B02B0020B82B0020B82B00202C
:1008D000C02B0020C02B0020C82B0020C82B0020DC
:1008E000D02B0020D02B0020D82B0020D82B00208C
:1008F000E02B0020E02B0020E82B0020E82B00203C
:10090000F02B0020F02B0020F82B0020F82B0020EB
:10091000002C0020002C0020082C0020082C002097
:10092000102C0020102C0020182C0020182C002047
:10093000202C0020202C0020282C0020282C0020F7
:10094000302C0020302C0020382C0020382C0020A7
:10095000402C0020402C0020482C0020482C002057
:10096000502C0020502C0020582C0020582C002007
:10097000602C0020602C0020682C0020682C0020B7
:10098000702C0020702C0020782C0020782C002067
:10099000802C0020802C0020882C0020882C002017
:1009A000902C0020902C0020982C0020982C0020C7
:1009B000A02C0020A02C0020A82C0020A82C002077
:1009C000B02C0020B02C0020B82C0020B82C002027
:1009D000C02C0020C02C0020C82C0020C82C0020D7
:1009E000D02C0020D02C0020D82C0020D82C002087
:1009F000E02C0020E02C0020E82C0020E82C002037
:100A0000F02C0020F02C0020F82C0020F82C0020E6
:100A1000002D0020002D0020082D0020082D002092
:100A2000102D0020102D0020182D0020182D002042
:100A3000202D0020202D0020282D0020282D0020F2
:100A4000302D0020302D0020382D0020382D0020A2
:100A5000402D0020402D0020482D0020482D002052
:100A6000502D0020502D0020582D0020582D002002
:100A7000602D0020602D0020682D0020682D0020B2
:100A8000702D0020702D0020782D0020782D002062
:100A9000802D0020802D0020882D0020882D002012
:100AA000902D0020902D0020982D0020982D0020C2
:100AB000A02D0020A02D0020A82D0020A82D002072
:100AC000B02D0020B02D0020B82D0020B82D002022
:100AD000C02D0020C02D0020C82D0020C82D0020D2
:100AE000D02D0020D02D0020D82D0020D82D002082
:100AF000E02D0020E02D0020E82D0020E82D002032
:100B0000F02D0020F02D0020F82D0020F82D0020E1
:100B1000002E0020002E0020082E0020082E00208D
:100B2000102E0020102E0020182E0020182E00203D
:100B3000202E0020202E0020282E0020282E0020ED
:100B4000302E0020302E0020382E0020382E00209D
:100B5000402E0020402E0020482E0020482E00204D
:100B6000502E0020502E0020582E0020582E0020FD
:100B7000602E0020602E0020682E0020682E0020AD
:100B8000702E0020702E0020782E0020782E00205D
:100B9000802E0020802E0020882E0020882E00200D
:100BA000902E0020902E0020982E0020982E0020BD
:100BB000A02E0020A02E0020A82E0020A82E00206D
:100BC000B02E0020B02E0020B82E0020B82E00201D
:100BD000C02E0020C02E0020C82E0020C82E0020CD
:100BE000D02E0020D02E0020D82E0020D82E00207D
:100BF000E02E0020E02E0020E82E0020E82E00202D
:100C0000F02E0020F02E0020F82E0020F82E0020DC
:100C1000FFFFFFFF0000020020250020030000006E
:100C20000400000012010002EF020140C0168A0415
:100C30007902010203010000010000000100000030
:100C4000020000000100000004000000030000009A
:100C50000100000009D0024159970A4113D5124101
:100C600038901B4114D02441E09C2E412EFF384186
:100C70002EFF4341B5A64F4100005C41E414694199
:100C8000D8F07641DFCF824159978A41FED4924114
:100C90002E909B4148D0A441159DAE412EFFB841F6
:100CA00063FFC341E9A6CF410000DC41E414E94100
:100CB0000DF1F641F9CF024259970A42FED4124291
:100CC0002E901B4248D024422F9D2E4248FF38428E
:100CD00063FF4342E9A64F4200005C42E4146942CC
:100CE0000DF1764207D0824259978A420BD5924243
:100CF0003B909B4248D0A4422F9DAE4248FFB84251
:100D000063FFC342E9A6CF420000DC427B14E94204
:100D1000A4F0F642DFCF02434C970A43FED41243BD
:100D200021901B4321D024432F9D2E433BFF38436A
:100D30003BFF4343E9A64F4300005C43BC146943B7
:100D4000E5F0764300D082434C978A43FED4924329
:100D500021909B4342D0A4432F9DAE433BFFB84319
:100D60005CFFC343E9A6CF430000DC43DD14E94345
:100D700006F1F64310D002445C970A440ED51244A3
:100D800031901B4452D024442F9D2E443BFF3844C5
:100D90005CFF4344FAA64F4400005C44EE146944EF
:100DA00006F1764400D082445C978A44CDD49244C4
:100DB00000909B4452D0A4441F9DAE440AFFB84407
:100DC0005CFFC344B8A6CF440000DC44CD14E94422
:100DD000F6F0F64400D002455C970A45F6D4124579
:100DE00029901B4552D024451F9D2E4533FF384581
:100DF0005CFF4345E1A64F4500005C45F61469459C
:100E0000F6F0764500D082455C978A450AD5924532
:100E10003D909B4552D0A445339DAE4548FFB84513
:100E20005CFFC345F6A6CF450000DC45F614E94556
:100E30000AF1F6450AD002465C970A4614D51246D6
:100E40003D901B4600D02446339D2E4633FF384646
:100E500033FF43460000003E0000803E0000003F9C
:100E60000000803FE80300001E035400610068009A
:100E70006900670061006D006900200044003100D6
:100E80002D003400300000000C03000000000000C2
:100E90000000000000000000000000000000080149
:100EA0000100000000000000000000000000000041
:100EB0000000000000000000000000000000000032
:100EC0000000000000000000000000000000000022
:100ED0000000000000000000000000000000000012
:100EE0000000000000000000000000000000000002
:100EF00000000000000000000000000000000000F2
:100F000000000000000000000000000000000000E1
:100F100000000000000000000000000000000000D1
:100F200000000000000000000000000000000000C1
:100F300000000000000000000000000000000000B1
:100F400000000000000000000000000000000000A1
:100F50000000000000000000000000000000000091
:100F60000000000000000000000000000000000081
:100F70000000000000000000000000000000000071
:100F80000000000000000000000000000000000061
:100F90000000000000000000000000000000000051
:100FA0000000000000000000000000000000000041
:100FB0000000000000000000000000000000000031
:100FC0000000000000000000000000000000000021
:100FD0000000000000000000000000000000000011
:100FE0000000000000000000000000000000000001
:100FF00000000000000000000000000000000000F1
:1010000000000000000000000000000000000000E0
:1010100000000000000000000000000000000000D0
:1010200000000000000000000000000000000000C0
:1010300000000000000000000000000000000000B0
:1010400000000000000000000000000000000000A0
:101050000000000000000000000000000000000090
:101060000000000000000000000000000000000080
:101070000000000000000000000000000000000070
:101080000000000000000000000000000000000060
:101090000000000000000000000000000000000050
:1010A0000000000000000000000000000000000040
:1010B0000000000000000000000000000000000030
:1010C0000000000000000000000000000000000020
:1010D0000000000000000000000000000000000010
:1010E0000000000000000000000000000000000000
:1010F00000000000000000000000000000000000F0
:1011000000000000000000000000000000000000DF
:1011100000000000000000000000000000000000CF
:1011200000000000000000000000000000000000BF
:1011300000000000000000000000000000000000AF
:10114000000000000000000000000000000000009F
:10115000000000000000000000000000000000008F
:10116000000000000000000000000000000000007F
:10117000000000000000000000000000000000006F
:10118000000000000000000000000000000000005F
:10119000000000000000000000000000000000004F
:1011A000000000000000000000000000000000003F
:1011B000000000000000000000000000000000002F
:1011C000000000000000000000000000000000001F
:1011D000000000000000000000000000000000000F
:1011E00000000000000000000000000000000000FF
:1011F00000000000000000000000000000000000EF
:1012000000000000000000000000000000000000DE
:1012100000000000000000000000000000000000CE
:1012200000000000000000000000000000000000BE
:1012300000000000000000000000000000000000AE
:10124000000000000000000000000000000000009E
:10125000000000000000000000000000000000008E
:10126000000000000000000000000000000000007E
:10127000000000000000000000000000000000006E
:10128000000000000000000000000000000000005E
:10129000000000000000000000000000000000004E
:1012A000000000000000000000000000000000003E
:1012B000000000000000000000000000000000002E
:1012C000000000000000000000000000000000001E
:1012D000000000000000000000000000000000000E
:1012E00000000000000000000000000000000000FE
:1012F00000000000000000000000000000000000EE
:1013000000000000000000000000000000000000DD
:1013100000000000000000000000000000000000CD
:1013200000000000000000000000000000000000BD
:1013300000000000000000000000000000000000AD
:10134000000000000000000000000000000000009D
:10135000000000000000000000000000000000008D
:10136000000000000000000000000000000000007D
:10137000000000000000000000000000000000006D
:10138000000000000000000000000000000000005D
:10139000000000000000000000000000000000004D
:1013A000000000000000000000000000000000003D
:1013B000000000000000000000000000000000002D
:0813C000000000000000000025
:1013C800FFFFFFFFFFFFFFFFFFFFFFFFFFFFFFFF25
:1013D800FFFFFFFFFFFFFFFFFFFFFFFFFFFFFFFF15
:1013E800FFFFFFFFFFFFFFFFFFFFFFFFFFFFFFFF05
:1013F800FFFFFFFFFFFFFFFF0000000000000000ED
:1014080000000000000000000000000000000000D4
:1014180000000000000000000000000000000000C4
:1014280000000000000000000000000000000000B4
:1014380000000000000000000000000000000000A4
:101448000000000000000000000000000000000094
:101458000000000000000000000000000000000084
:101468000000000000000000000000000000000074
:101478000000000000000000000000000000000064
:101488000000000000000000000000000000000054
:101498000000000000000000000000000000000044
:1014A8000000000000000000000000000000000034
:1014B8000000000000000000000000000000000024
:1014C8000000000000000000000000000000000014
:1014D8000000000000000000000000000000000004
:1014E80000000000000000000000000000000000F4
:1014F80000000000000000000000000000000000E4
:1015080000000000000000000000000000000000D3
:1015180000000000000000000000000000000000C3
:1015280000000000000000000000000000000000B3
:1015380000000000000000000000000000000000A3
:101548000000000000000000000000000000000093
:101558000000000000000000000000000000000083
:101568000000000000000000000000000000000073
:101578000000000000000000000000000000000063
:101588000000000000000000000000000000000053
:101598000000000000000000000000000000000043
:1015A8000000000000000000000000000000000033
:1015B8000000000000000000000000000000000023
:1015C8000000000000000000000000000000000013
:1015D8000000000000000000000000000000000003
:1015E80000000000000000000000000000000000F3
:1015F80000000000000000000000000000000000E3
:1016080000000000000000000000000000000000D2
:1016180000000000000000000000000000000000C2
:1016280000000000000000000000000000000000B2
:1016380000000000000000000000000000000000A2
:101648000000000000000000000000000000000092
:101658000000000000000000000000000000000082
:101668000000000000000000000000000000000072
:101678000000000000000000000000000000000062
:101688000000000000000000000000000000000052
:101698000000000000000000000000000000000042
:1016A8000000000000000000000000000000000032
:1016B8000000000000000000000000000000000022
:1016C8000000000000000000000000000000000012
:1016D8000000000000000000000000000000000002
:1016E80000000000000000000000000000000000F2
:1016F80000000000000000000000000000000000E2
:1017080000000000000000000000000000000000D1
:1017180000000000000000000000000000000000C1
:1017280000000000000000000000000000000000B1
:1017380000000000000000000000000000000000A1
:101748000000000000000000000000000000000091
:101758000000000000000000000000000000000081
:101768000000000000000000000000000000000071
:101778000000000000000000000000000000000061
:101788000000000000000000000000000000000051
:101798000000000000000000000000000000000041
:1017A8000000000000000000000000000000000031
:1017B8000000000000000000000000000000000021
:1017C8000000000000000000000000000000000011
:1017D8000000000000000000000000000000000001
:1017E80000000000000000000000000000000000F1
:1017F80000000000000000000000000000000000E1
:1018080000000000000000000000000000000000D0
:1018180000000000000000000000000000000000C0
:1018280000000000000000000000000000000000B0
:1018380000000000000000000000000000000000A0
:101848000000000000000000000000000000000090
:101858000000000000000000000000000000000080
:101868000000000000000000000000000000000070
:101878000000000000000000000000000000000060
:101888000000000000000000000000000000000050
:101898000000000000000000000000000000000040
:1018A8000000000000000000000000000000000030
:1018B8000000000000000000000000000000000020
:1018C8000000000000000000000000000000000010
:1018D8000000000000000000000000000000000000
:1018E80000000000000000000000000000000000F0
:1018F80000000000000000000000000000000000E0
:1019080000000000000000000000000000000000CF
:1019180000000000000000000000000000000000BF
:1019280000000000000000000000000000000000AF
:10193800000000000000000000000000000000009F
:10194800000000000000000000000000000000008F
:10195800000000000000000000000000000000007F
:10196800000000000000000000000000000000006F
:10197800000000000000000000000000000000005F
:10198800000000000000000000000000000000004F
:10199800000000000000000000000000000000003F
:1019A800000000000000000000000000000000002F
:1019B800000000000000000000000000000000001F
:1019C800000000000000000000000000000000000F
:1019D80000000000000000000000000000000000FF
:1019E80000000000000000000000000000000000EF
:1019F80000000000000000000000000000000000DF
:101A080000000000000000000000000000000000CE
:101A180000000000000000000000000000000000BE
:101A280000000000000000000000000000000000AE
:101A3800000000000000000000000000000000009E
:101A4800000000000000000000000000000000008E
:101A5800000000000000000000000000000000007E
:101A6800000000000000000000000000000000006E
:101A7800000000000000000000000000000000005E
:101A8800000000000000000000000000000000004E
:101A9800000000000000000000000000000000003E
:101AA800000000000000000000000000000000002E
:101AB800000000000000000000000000000000001E
:101AC800000000000000000000000000000000000E
:101AD80000000000000000000000000000000000FE
:101AE80000000000000000000000000000000000EE
:101AF80000000000000000000000000000000000DE
:101B080000000000000000000000000000000000CD
:101B180000000000000000000000000000000000BD
:101B280000000000000000000000000000000000AD
:101B3800000000000000000000000000000000009D
:101B4800000000000000000000000000000000008D
:101B5800000000000000000000000000000000007D
:101B6800000000000000000000000000000000006D
:101B7800000000000000000000000000000000005D
:101B8800000000000000000000000000000000004D
:101B9800000000000000000000000000000000003D
:101BA800000000000000000000000000000000002D
:101BB800000000000000000000000000000000001D
:101BC800000000000000000000000000000000000D
:101BD80000000000000000000000000000000000FD
:101BE80000000000000000000000000000000000ED
:101BF80000000000000000000000000000000000DD
:101C080000000000000000000000000000000000CC
:101C180000000000000000000000000000000000BC
:101C280000000000000000000000000000000000AC
:101C3800000000000000000000000000000000009C
:101C4800000000000000000000000000000000008C
:101C5800000000000000000000000000000000007C
:101C6800000000000000000000000000000000006C
:101C7800000000000000000000000000000000005C
:101C8800000000000000000000000000000000004C
:101C9800000000000000000000000000000000003C
:101CA800000000000000000000000000000000002C
:101CB800000000000000000000000000000000001C
:101CC800000000000000000000000000000000000C
:101CD80000000000000000000000000000000000FC
:101CE80000000000000000000000000000000000EC
:101CF80000000000000000000000000000000000DC
:101D080000000000000000000000000000000000CB
:101D180000000000000000000000000000000000BB
:101D280000000000000000000000000000000000AB
:101D3800000000000000000000000000000000009B
:101D4800000000000000000000000000000000008B
:101D5800000000000000000000000000000000007B
:101D6800000000000000000000000000000000006B
:101D7800000000000000000000000000000000005B
:101D8800000000000000000000000000000000004B
:101D9800000000000000000000000000000000003B
:101DA800000000000000000000000000000000002B
:101DB800000000000000000000000000000000001B
:101DC800000000000000000000000000000000000B
:101DD80000000000000000000000000000000000FB
:101DE80000000000000000000000000000000000EB
:101DF80000000000000000000000000000000000DB
:101E080000000000000000000000000000000000CA
:101E180000000000000000000000000000000000BA
:101E280000000000000000000000000000000000AA
:101E3800000000000000000000000000000000009A
:101E4800000000000000000000000000000000008A
:101E5800000000000000000000000000000000007A
:101E6800000000000000000000000000000000006A
:101E7800000000000000000000000000000000005A
:101E8800000000000000000000000000000000004A
:101E9800000000000000000000000000000000003A
:101EA800000000000000000000000000000000002A
:101EB800000000000000000000000000000000001A
:101EC800000000000000000000000000000000000A
:101ED80000000000000000000000000000000000FA
:101EE80000000000000000000000000000000000EA
:101EF80000000000000000000000000000000000DA
:101F080000000000000000000000000000000000C9
:101F180000000000000000000000000000000000B9
:101F280000000000000000000000000000000000A9
:101F38000000000000000000000000000000000099
:101F48000000000000000000000000000000000089
:101F58000000000000000000000000000000000079
:101F68000000000000000000000000000000000069
:101F78000000000000000000000000000000000059
:101F88000000000000000000000000000000000049
:101F98000000000000000000000000000000000039
:101FA8000000000000000000000000000000000029
:101FB8000000000000000000000000000000000019
:101FC8000000000000000000000000000000000009
:101FD80000000000000000000000000000000000F9
:101FE80000000000000000000000000000000000E9
:081FF8000000000000000000E1
:040000056000100087
:00000001FF
