:0200000460009A
:100000004643464200000156000000000103030081
:1000100000000000000000000000000000000000E0
:1000200000000000000000000000000000000000D0
:1000300000000000000000000000000000000000C0
:1000400000000000010408000000000000000000A3
:100050000000200000000000000000000000000080
:100060000000000000000000000000000000000090
:100070000000000000000000000000000000000080
:10008000EB04180A063204260000000000000000FD
:10009000050404240000000000000000000000002F
:1000A0000000000000000000000000000000000050
:1000B0000604000000000000000000000000000036
:1000C0000000000000000000000000000000000030
:1000D00020041808000000000000000000000000DC
:1000E0000000000000000000000000000000000010
:1000F0000000000000000000000000000000000000
:10010000D8041808000000000000000000000000F3
:100110000204180804200000000000000000000095
:1001200000000000000000000000000000000000CF
:10013000600400000000000000000000000000005B
:1001400000000000000000000000000000000000AF
:10015000000000000000000000000000000000009F
:10016000000000000000000000000000000000008F
:10017000000000000000000000000000000000007F
:10018000000000000000000000000000000000006F
:10019000000000000000000000000000000000005F
:1001A000000000000000000000000000000000004F
:1001B000000000000000000000000000000000003F
:1001C000000100000010000001000000000000001D
:1001D000000001000000000000000000000000001E
:1001E000000000000000000000000000000000000F
:1001F00000000000000000000000000000000000FF
:10020000FFFFFFFFFFFFFFFFFFFFFFFFFFFFFFFFFE
:10021000FFFFFFFFFFFFFFFFFFFFFFFFFFFFFFFFEE
:10022000FFFFFFFFFFFFFFFFFFFFFFFFFFFFFFFFDE
:10023000FFFFFFFFFFFFFFFFFFFFFFFFFFFFFFFFCE
:10024000FFFFFFFFFFFFFFFFFFFFFFFFFFFFFFFFBE
:10025000FFFFFFFFFFFFFFFFFFFFFFFFFFFFFFFFAE
:10026000FFFFFFFFFFFFFFFFFFFFFFFFFFFFFFFF9E
:10027000FFFFFFFFFFFFFFFFFFFFFFFFFFFFFFFF8E
:10028000FFFFFFFFFFFFFFFFFFFFFFFFFFFFFFFF7E
:10029000FFFFFFFFFFFFFFFFFFFFFFFFFFFFFFFF6E
:1002A000FFFFFFFFFFFFFFFFFFFFFFFFFFFFFFFF5E
:1002B000FFFFFFFFFFFFFFFFFFFFFFFFFFFFFFFF4E
:1002C000FFFFFFFFFFFFFFFFFFFFFFFFFFFFFFFF3E
:1002D000FFFFFFFFFFFFFFFFFFFFFFFFFFFFFFFF2E
:1002E000FFFFFFFFFFFFFFFFFFFFFFFFFFFFFFFF1E
:1002F000FFFFFFFFFFFFFFFFFFFFFFFFFFFFFFFF0E
:10030000FFFFFFFFFFFFFFFFFFFFFFFFFFFFFFFFFD
:10031000FFFFFFFFFFFFFFFFFFFFFFFFFFFFFFFFED
:10032000FFFFFFFFFFFFFFFFFFFFFFFFFFFFFFFFDD
:10033000FFFFFFFFFFFFFFFFFFFFFFFFFFFFFFFFCD
:10034000FFFFFFFFFFFFFFFFFFFFFFFFFFFFFFFFBD
:10035000FFFFFFFFFFFFFFFFFFFFFFFFFFFFFFFFAD
:10036000FFFFFFFFFFFFFFFFFFFFFFFFFFFFFFFF9D
:10037000FFFFFFFFFFFFFFFFFFFFFFFFFFFFFFFF8D
:10038000FFFFFFFFFFFFFFFFFFFFFFFFFFFFFFFF7D
:10039000FFFFFFFFFFFFFFFFFFFFFFFFFFFFFFFF6D
:1003A000FFFFFFFFFFFFFFFFFFFFFFFFFFFFFFFF5D
:1003B000FFFFFFFFFFFFFFFFFFFFFFFFFFFFFFFF4D
:1003C000FFFFFFFFFFFFFFFFFFFFFFFFFFFFFFFF3D
:1003D000FFFFFFFFFFFFFFFFFFFFFFFFFFFFFFFF2D
:1003E000FFFFFFFFFFFFFFFFFFFFFFFFFFFFFFFF1D
:1003F000FFFFFFFFFFFFFFFFFFFFFFFFFFFFFFFF0D
:10040000FFFFFFFFFFFFFFFFFFFFFFFFFFFFFFFFFC
:10041000FFFFFFFFFFFFFFFFFFFFFFFFFFFFFFFFEC
:10042000FFFFFFFFFFFFFFFFFFFFFFFFFFFFFFFFDC
:10043000FFFFFFFFFFFFFFFFFFFFFFFFFFFFFFFFCC
:10044000FFFFFFFFFFFFFFFFFFFFFFFFFFFFFFFFBC
:10045000FFFFFFFFFFFFFFFFFFFFFFFFFFFFFFFFAC
:10046000FFFFFFFFFFFFFFFFFFFFFFFFFFFFFFFF9C
:10047000FFFFFFFFFFFFFFFFFFFFFFFFFFFFFFFF8C
:10048000FFFFFFFFFFFFFFFFFFFFFFFFFFFFFFFF7C
:10049000FFFFFFFFFFFFFFFFFFFFFFFFFFFFFFFF6C
:1004A000FFFFFFFFFFFFFFFFFFFFFFFFFFFFFFFF5C
:1004B000FFFFFFFFFFFFFFFFFFFFFFFFFFFFFFFF4C
:1004C000FFFFFFFFFFFFFFFFFFFFFFFFFFFFFFFF3C
:1004D000FFFFFFFFFFFFFFFFFFFFFFFFFFFFFFFF2C
:1004E000FFFFFFFFFFFFFFFFFFFFFFFFFFFFFFFF1C
:1004F000FFFFFFFFFFFFFFFFFFFFFFFFFFFFFFFF0C
:10050000FFFFFFFFFFFFFFFFFFFFFFFFFFFFFFFFFB
:10051000FFFFFFFFFFFFFFFFFFFFFFFFFFFFFFFFEB
:10052000FFFFFFFFFFFFFFFFFFFFFFFFFFFFFFFFDB
:10053000FFFFFFFFFFFFFFFFFFFFFFFFFFFFFFFFCB
:10054000FFFFFFFFFFFFFFFFFFFFFFFFFFFFFFFFBB
:10055000FFFFFFFFFFFFFFFFFFFFFFFFFFFFFFFFAB
:10056000FFFFFFFFFFFFFFFFFFFFFFFFFFFFFFFF9B
:10057000FFFFFFFFFFFFFFFFFFFFFFFFFFFFFFFF8B
:10058000FFFFFFFFFFFFFFFFFFFFFFFFFFFFFFFF7B
:10059000FFFFFFFFFFFFFFFFFFFFFFFFFFFFFFFF6B
:1005A000FFFFFFFFFFFFFFFFFFFFFFFFFFFFFFFF5B
:1005B000FFFFFFFFFFFFFFFFFFFFFFFFFFFFFFFF4B
:1005C000FFFFFFFFFFFFFFFFFFFFFFFFFFFFFFFF3B
:1005D000FFFFFFFFFFFFFFFFFFFFFFFFFFFFFFFF2B
:1005E000FFFFFFFFFFFFFFFFFFFFFFFFFFFFFFFF1B
:1005F000FFFFFFFFFFFFFFFFFFFFFFFFFFFFFFFF0B
:10060000FFFFFFFFFFFFFFFFFFFFFFFFFFFFFFFFFA
:10061000FFFFFFFFFFFFFFFFFFFFFFFFFFFFFFFFEA
:10062000FFFFFFFFFFFFFFFFFFFFFFFFFFFFFFFFDA
:10063000FFFFFFFFFFFFFFFFFFFFFFFFFFFFFFFFCA
:10064000FFFFFFFFFFFFFFFFFFFFFFFFFFFFFFFFBA
:10065000FFFFFFFFFFFFFFFFFFFFFFFFFFFFFFFFAA
:10066000FFFFFFFFFFFFFFFFFFFFFFFFFFFFFFFF9A
:10067000FFFFFFFFFFFFFFFFFFFFFFFFFFFFFFFF8A
:10068000FFFFFFFFFFFFFFFFFFFFFFFFFFFFFFFF7A
:10069000FFFFFFFFFFFFFFFFFFFFFFFFFFFFFFFF6A
:1006A000FFFFFFFFFFFFFFFFFFFFFFFFFFFFFFFF5A
:1006B000FFFFFFFFFFFFFFFFFFFFFFFFFFFFFFFF4A
:1006C000FFFFFFFFFFFFFFFFFFFFFFFFFFFFFFFF3A
:1006D000FFFFFFFFFFFFFFFFFFFFFFFFFFFFFFFF2A
:1006E000FFFFFFFFFFFFFFFFFFFFFFFFFFFFFFFF1A
:1006F000FFFFFFFFFFFFFFFFFFFFFFFFFFFFFFFF0A
:10070000FFFFFFFFFFFFFFFFFFFFFFFFFFFFFFFFF9
:10071000FFFFFFFFFFFFFFFFFFFFFFFFFFFFFFFFE9
:10072000FFFFFFFFFFFFFFFFFFFFFFFFFFFFFFFFD9
:10073000FFFFFFFFFFFFFFFFFFFFFFFFFFFFFFFFC9
:10074000FFFFFFFFFFFFFFFFFFFFFFFFFFFFFFFFB9
:10075000FFFFFFFFFFFFFFFFFFFFFFFFFFFFFFFFA9
:10076000FFFFFFFFFFFFFFFFFFFFFFFFFFFFFFFF99
:10077000FFFFFFFFFFFFFFFFFFFFFFFFFFFFFFFF89
:10078000FFFFFFFFFFFFFFFFFFFFFFFFFFFFFFFF79
:10079000FFFFFFFFFFFFFFFFFFFFFFFFFFFFFFFF69
:1007A000FFFFFFFFFFFFFFFFFFFFFFFFFFFFFFFF59
:1007B000FFFFFFFFFFFFFFFFFFFFFFFFFFFFFFFF49
:1007C000FFFFFFFFFFFFFFFFFFFFFFFFFFFFFFFF39
:1007D000FFFFFFFFFFFFFFFFFFFFFFFFFFFFFFFF29
:1007E000FFFFFFFFFFFFFFFFFFFFFFFFFFFFFFFF19
:1007F000FFFFFFFFFFFFFFFFFFFFFFFFFFFFFFFF09
:10080000FFFFFFFFFFFFFFFFFFFFFFFFFFFFFFFFF8
:10081000FFFFFFFFFFFFFFFFFFFFFFFFFFFFFFFFE8
:10082000FFFFFFFFFFFFFFFFFFFFFFFFFFFFFFFFD8
:10083000FFFFFFFFFFFFFFFFFFFFFFFFFFFFFFFFC8
:10084000FFFFFFFFFFFFFFFFFFFFFFFFFFFFFFFFB8
:10085000FFFFFFFFFFFFFFFFFFFFFFFFFFFFFFFFA8
:10086000FFFFFFFFFFFFFFFFFFFFFFFFFFFFFFFF98
:10087000FFFFFFFFFFFFFFFFFFFFFFFFFFFFFFFF88
:10088000FFFFFFFFFFFFFFFFFFFFFFFFFFFFFFFF78
:10089000FFFFFFFFFFFFFFFFFFFFFFFFFFFFFFFF68
:1008A000FFFFFFFFFFFFFFFFFFFFFFFFFFFFFFFF58
:1008B000FFFFFFFFFFFFFFFFFFFFFFFFFFFFFFFF48
:1008C000FFFFFFFFFFFFFFFFFFFFFFFFFFFFFFFF38
:1008D000FFFFFFFFFFFFFFFFFFFFFFFFFFFFFFFF28
:1008E000FFFFFFFFFFFFFFFFFFFFFFFFFFFFFFFF18
:1008F000FFFFFFFFFFFFFFFFFFFFFFFFFFFFFFFF08
:10090000FFFFFFFFFFFFFFFFFFFFFFFFFFFFFFFFF7
:10091000FFFFFFFFFFFFFFFFFFFFFFFFFFFFFFFFE7
:10092000FFFFFFFFFFFFFFFFFFFFFFFFFFFFFFFFD7
:10093000FFFFFFFFFFFFFFFFFFFFFFFFFFFFFFFFC7
:10094000FFFFFFFFFFFFFFFFFFFFFFFFFFFFFFFFB7
:10095000FFFFFFFFFFFFFFFFFFFFFFFFFFFFFFFFA7
:10096000FFFFFFFFFFFFFFFFFFFFFFFFFFFFFFFF97
:10097000FFFFFFFFFFFFFFFFFFFFFFFFFFFFFFFF87
:10098000FFFFFFFFFFFFFFFFFFFFFFFFFFFFFFFF77
:10099000FFFFFFFFFFFFFFFFFFFFFFFFFFFFFFFF67
:1009A000FFFFFFFFFFFFFFFFFFFFFFFFFFFFFFFF57
:1009B000FFFFFFFFFFFFFFFFFFFFFFFFFFFFFFFF47
:1009C000FFFFFFFFFFFFFFFFFFFFFFFFFFFFFFFF37
:1009D000FFFFFFFFFFFFFFFFFFFFFFFFFFFFFFFF27
:1009E000FFFFFFFFFFFFFFFFFFFFFFFFFFFFFFFF17
:1009F000FFFFFFFFFFFFFFFFFFFFFFFFFFFFFFFF07
:100A0000FFFFFFFFFFFFFFFFFFFFFFFFFFFFFFFFF6
:100A1000FFFFFFFFFFFFFFFFFFFFFFFFFFFFFFFFE6
:100A2000FFFFFFFFFFFFFFFFFFFFFFFFFFFFFFFFD6
:100A3000FFFFFFFFFFFFFFFFFFFFFFFFFFFFFFFFC6
:100A4000FFFFFFFFFFFFFFFFFFFFFFFFFFFFFFFFB6
:100A5000FFFFFFFFFFFFFFFFFFFFFFFFFFFFFFFFA6
:100A6000FFFFFFFFFFFFFFFFFFFFFFFFFFFFFFFF96
:100A7000FFFFFFFFFFFFFFFFFFFFFFFFFFFFFFFF86
:100A8000FFFFFFFFFFFFFFFFFFFFFFFFFFFFFFFF76
:100A9000FFFFFFFFFFFFFFFFFFFFFFFFFFFFFFFF66
:100AA000FFFFFFFFFFFFFFFFFFFFFFFFFFFFFFFF56
:100AB000FFFFFFFFFFFFFFFFFFFFFFFFFFFFFFFF46
:100AC000FFFFFFFFFFFFFFFFFFFFFFFFFFFFFFFF36
:100AD000FFFFFFFFFFFFFFFFFFFFFFFFFFFFFFFF26
:100AE000FFFFFFFFFFFFFFFFFFFFFFFFFFFFFFFF16
:100AF000FFFFFFFFFFFFFFFFFFFFFFFFFFFFFFFF06
:100B0000FFFFFFFFFFFFFFFFFFFFFFFFFFFFFFFFF5
:100B1000FFFFFFFFFFFFFFFFFFFFFFFFFFFFFFFFE5
:100B2000FFFFFFFFFFFFFFFFFFFFFFFFFFFFFFFFD5
:100B3000FFFFFFFFFFFFFFFFFFFFFFFFFFFFFFFFC5
:100B4000FFFFFFFFFFFFFFFFFFFFFFFFFFFFFFFFB5
:100B5000FFFFFFFFFFFFFFFFFFFFFFFFFFFFFFFFA5
:100B6000FFFFFFFFFFFFFFFFFFFFFFFFFFFFFFFF95
:100B7000FFFFFFFFFFFFFFFFFFFFFFFFFFFFFFFF85
:100B8000FFFFFFFFFFFFFFFFFFFFFFFFFFFFFFFF75
:100B9000FFFFFFFFFFFFFFFFFFFFFFFFFFFFFFFF65
:100BA000FFFFFFFFFFFFFFFFFFFFFFFFFFFFFFFF55
:100BB000FFFFFFFFFFFFFFFFFFFFFFFFFFFFFFFF45
:100BC000FFFFFFFFFFFFFFFFFFFFFFFFFFFFFFFF35
:100BD000FFFFFFFFFFFFFFFFFFFFFFFFFFFFFFFF25
:100BE000FFFFFFFFFFFFFFFFFFFFFFFFFFFFFFFF15
:100BF000FFFFFFFFFFFFFFFFFFFFFFFFFFFFFFFF05
:100C0000FFFFFFFFFFFFFFFFFFFFFFFFFFFFFFFFF4
:100C1000FFFFFFFFFFFFFFFFFFFFFFFFFFFFFFFFE4
:100C2000FFFFFFFFFFFFFFFFFFFFFFFFFFFFFFFFD4
:100C3000FFFFFFFFFFFFFFFFFFFFFFFFFFFFFFFFC4
:100C4000FFFFFFFFFFFFFFFFFFFFFFFFFFFFFFFFB4
:100C5000FFFFFFFFFFFFFFFFFFFFFFFFFFFFFFFFA4
:100C6000FFFFFFFFFFFFFFFFFFFFFFFFFFFFFFFF94
:100C7000FFFFFFFFFFFFFFFFFFFFFFFFFFFFFFFF84
:100C8000FFFFFFFFFFFFFFFFFFFFFFFFFFFFFFFF74
:100C9000FFFFFFFFFFFFFFFFFFFFFFFFFFFFFFFF64
:100CA000FFFFFFFFFFFFFFFFFFFFFFFFFFFFFFFF54
:100CB000FFFFFFFFFFFFFFFFFFFFFFFFFFFFFFFF44
:100CC000FFFFFFFFFFFFFFFFFFFFFFFFFFFFFFFF34
:100CD000FFFFFFFFFFFFFFFFFFFFFFFFFFFFFFFF24
:100CE000FFFFFFFFFFFFFFFFFFFFFFFFFFFFFFFF14
:100CF000FFFFFFFFFFFFFFFFFFFFFFFFFFFFFFFF04
:100D0000FFFFFFFFFFFFFFFFFFFFFFFFFFFFFFFFF3
:100D1000FFFFFFFFFFFFFFFFFFFFFFFFFFFFFFFFE3
:100D2000FFFFFFFFFFFFFFFFFFFFFFFFFFFFFFFFD3
:100D3000FFFFFFFFFFFFFFFFFFFFFFFFFFFFFFFFC3
:100D4000FFFFFFFFFFFFFFFFFFFFFFFFFFFFFFFFB3
:100D5000FFFFFFFFFFFFFFFFFFFFFFFFFFFFFFFFA3
:100D6000FFFFFFFFFFFFFFFFFFFFFFFFFFFFFFFF93
:100D7000FFFFFFFFFFFFFFFFFFFFFFFFFFFFFFFF83
:100D8000FFFFFFFFFFFFFFFFFFFFFFFFFFFFFFFF73
:100D9000FFFFFFFFFFFFFFFFFFFFFFFFFFFFFFFF63
:100DA000FFFFFFFFFFFFFFFFFFFFFFFFFFFFFFFF53
:100DB000FFFFFFFFFFFFFFFFFFFFFFFFFFFFFFFF43
:100DC000FFFFFFFFFFFFFFFFFFFFFFFFFFFFFFFF33
:100DD000FFFFFFFFFFFFFFFFFFFFFFFFFFFFFFFF23
:100DE000FFFFFFFFFFFFFFFFFFFFFFFFFFFFFFFF13
:100DF000FFFFFFFFFFFFFFFFFFFFFFFFFFFFFFFF03
:100E0000FFFFFFFFFFFFFFFFFFFFFFFFFFFFFFFFF2
:100E1000FFFFFFFFFFFFFFFFFFFFFFFFFFFFFFFFE2
:100E2000FFFFFFFFFFFFFFFFFFFFFFFFFFFFFFFFD2
:100E3000FFFFFFFFFFFFFFFFFFFFFFFFFFFFFFFFC2
:100E4000FFFFFFFFFFFFFFFFFFFFFFFFFFFFFFFFB2
:100E5000FFFFFFFFFFFFFFFFFFFFFFFFFFFFFFFFA2
:100E6000FFFFFFFFFFFFFFFFFFFFFFFFFFFFFFFF92
:100E7000FFFFFFFFFFFFFFFFFFFFFFFFFFFFFFFF82
:100E8000FFFFFFFFFFFFFFFFFFFFFFFFFFFFFFFF72
:100E9000FFFFFFFFFFFFFFFFFFFFFFFFFFFFFFFF62
:100EA000FFFFFFFFFFFFFFFFFFFFFFFFFFFFFFFF52
:100EB000FFFFFFFFFFFFFFFFFFFFFFFFFFFFFFFF42
:100EC000FFFFFFFFFFFFFFFFFFFFFFFFFFFFFFFF32
:100ED000FFFFFFFFFFFFFFFFFFFFFFFFFFFFFFFF22
:100EE000FFFFFFFFFFFFFFFFFFFFFFFFFFFFFFFF12
:100EF000FFFFFFFFFFFFFFFFFFFFFFFFFFFFFFFF02
:100F0000FFFFFFFFFFFFFFFFFFFFFFFFFFFFFFFFF1
:100F1000FFFFFFFFFFFFFFFFFFFFFFFFFFFFFFFFE1
:100F2000FFFFFFFFFFFFFFFFFFFFFFFFFFFFFFFFD1
:100F3000FFFFFFFFFFFFFFFFFFFFFFFFFFFFFFFFC1
:100F4000FFFFFFFFFFFFFFFFFFFFFFFFFFFFFFFFB1
:100F5000FFFFFFFFFFFFFFFFFFFFFFFFFFFFFFFFA1
:100F6000FFFFFFFFFFFFFFFFFFFFFFFFFFFFFFFF91
:100F7000FFFFFFFFFFFFFFFFFFFFFFFFFFFFFFFF81
:100F8000FFFFFFFFFFFFFFFFFFFFFFFFFFFFFFFF71
:100F9000FFFFFFFFFFFFFFFFFFFFFFFFFFFFFFFF61
:100FA000FFFFFFFFFFFFFFFFFFFFFFFFFFFFFFFF51
:100FB000FFFFFFFFFFFFFFFFFFFFFFFFFFFFFFFF41
:100FC000FFFFFFFFFFFFFFFFFFFFFFFFFFFFFFFF31
:100FD000FFFFFFFFFFFFFFFFFFFFFFFFFFFFFFFF21
:100FE000FFFFFFFFFFFFFFFFFFFFFFFFFFFFFFFF11
:100FF000FFFFFFFFFFFFFFFFFFFFFFFFFFFFFFFF01
:10100000D1002043491600600000000000000000ED
:10101000201000600010006000540260000000001A
:10102000000000600060020000000000FFFFFFFF02
:10103000FFFFFFFFFFFFFFFFFFFFFFFFFFFFFFFFC0
:10104000FFFFFFFFFFFFFFFFFFFFFFFFFFFFFFFFB0
:10105000FFFFFFFFFFFFFFFFFFFFFFFFFFFFFFFFA0
:10106000FFFFFFFFFFFFFFFFFFFFFFFFFFFFFFFF90
:10107000FFFFFFFFFFFFFFFFFFFFFFFFFFFFFFFF80
:10108000FFFFFFFFFFFFFFFFFFFFFFFFFFFFFFFF70
:10109000FFFFFFFFFFFFFFFFFFFFFFFFFFFFFFFF60
:1010A000FFFFFFFFFFFFFFFFFFFFFFFFFFFFFFFF50
:1010B000FFFFFFFFFFFFFFFFFFFFFFFFFFFFFFFF40
:1010C000FFFFFFFFFFFFFFFFFFFFFFFFFFFFFFFF30
:1010D000FFFFFFFFFFFFFFFFFFFFFFFFFFFFFFFF20
:1010E000FFFFFFFFFFFFFFFFFFFFFFFFFFFFFFFF10
:1010F000FFFFFFFFFFFFFFFFFFFFFFFFFFFFFFFF00
:10110000FFFFFFFFFFFFFFFFFFFFFFFFFFFFFFFFEF
:10111000FFFFFFFFFFFFFFFFFFFFFFFFFFFFFFFFDF
:10112000FFFFFFFFFFFFFFFFFFFFFFFFFFFFFFFFCF
:10113000FFFFFFFFFFFFFFFFFFFFFFFFFFFFFFFFBF
:10114000FFFFFFFFFFFFFFFFFFFFFFFFFFFFFFFFAF
:10115000FFFFFFFFFFFFFFFFFFFFFFFFFFFFFFFF9F
:10116000FFFFFFFFFFFFFFFFFFFFFFFFFFFFFFFF8F
:10117000FFFFFFFFFFFFFFFFFFFFFFFFFFFFFFFF7F
:10118000FFFFFFFFFFFFFFFFFFFFFFFFFFFFFFFF6F
:10119000FFFFFFFFFFFFFFFFFFFFFFFFFFFFFFFF5F
:1011A000FFFFFFFFFFFFFFFFFFFFFFFFFFFFFFFF4F
:1011B000FFFFFFFFFFFFFFFFFFFFFFFFFFFFFFFF3F
:1011C000FFFFFFFFFFFFFFFFFFFFFFFFFFFFFFFF2F
:1011D000FFFFFFFFFFFFFFFFFFFFFFFFFFFFFFFF1F
:1011E000FFFFFFFFFFFFFFFFFFFFFFFFFFFFFFFF0F
:1011F000FFFFFFFFFFFFFFFFFFFFFFFFFFFFFFFFFF
:10120000FFFFFFFFFFFFFFFFFFFFFFFFFFFFFFFFEE
:10121000FFFFFFFFFFFFFFFFFFFFFFFFFFFFFFFFDE
:10122000FFFFFFFFFFFFFFFFFFFFFFFFFFFFFFFFCE
:10123000FFFFFFFFFFFFFFFFFFFFFFFFFFFFFFFFBE
:10124000FFFFFFFFFFFFFFFFFFFFFFFFFFFFFFFFAE
:10125000FFFFFFFFFFFFFFFFFFFFFFFFFFFFFFFF9E
:10126000FFFFFFFFFFFFFFFFFFFFFFFFFFFFFFFF8E
:10127000FFFFFFFFFFFFFFFFFFFFFFFFFFFFFFFF7E
:10128000FFFFFFFFFFFFFFFFFFFFFFFFFFFFFFFF6E
:10129000FFFFFFFFFFFFFFFFFFFFFFFFFFFFFFFF5E
:1012A000FFFFFFFFFFFFFFFFFFFFFFFFFFFFFFFF4E
:1012B000FFFFFFFFFFFFFFFFFFFFFFFFFFFFFFFF3E
:1012C000FFFFFFFFFFFFFFFFFFFFFFFFFFFFFFFF2E
:1012D000FFFFFFFFFFFFFFFFFFFFFFFFFFFFFFFF1E
:1012E000FFFFFFFFFFFFFFFFFFFFFFFFFFFFFFFF0E
:1012F000FFFFFFFFFFFFFFFFFFFFFFFFFFFFFFFFFE
:10130000FFFFFFFFFFFFFFFFFFFFFFFFFFFFFFFFED
:10131000FFFFFFFFFFFFFFFFFFFFFFFFFFFFFFFFDD
:10132000FFFFFFFFFFFFFFFFFFFFFFFFFFFFFFFFCD
:10133000FFFFFFFFFFFFFFFFFFFFFFFFFFFFFFFFBD
:10134000FFFFFFFFFFFFFFFFFFFFFFFFFFFFFFFFAD
:10135000FFFFFFFFFFFFFFFFFFFFFFFFFFFFFFFF9D
:10136000FFFFFFFFFFFFFFFFFFFFFFFFFFFFFFFF8D
:10137000FFFFFFFFFFFFFFFFFFFFFFFFFFFFFFFF7D
:10138000FFFFFFFFFFFFFFFFFFFFFFFFFFFFFFFF6D
:10139000FFFFFFFFFFFFFFFFFFFFFFFFFFFFFFFF5D
:1013A000FFFFFFFFFFFFFFFFFFFFFFFFFFFFFFFF4D
:1013B000FFFFFFFFFFFFFFFFFFFFFFFFFFFFFFFF3D
:1013C000FFFFFFFFFFFFFFFFFFFFFFFFFFFFFFFF2D
:1013D000FFFFFFFFFFFFFFFFFFFFFFFFFFFFFFFF1D
:1013E000FFFFFFFFFFFFFFFFFFFFFFFFFFFFFFFF0D
:1013F000FFFFFFFFFFFFFFFFFFFFFFFFFFFFFFFFFD
:10140000814205D051F8043B40F8043B8242F9D8B0
:10141000704700BF044A05494FF0000342F8043BFF
:101420009142FBD8704700BFC08E0020605B012056
:101430002DE98848BFF34F8F00BF00BF00BF00BF3A
:1014400000F0E6F9674B0822C3F8542100BF00BF43
:1014500000BF00BF00BF00BF00BF00BF00BF00BF94
:1014600000BF00BF00BF00BF00BF00BF5E4A5F49B2
:101470005F48FFF7C5FF5F4A5F496048FFF7C0FF5D
:101480005F4CFFF7C7FF4FF470004FF0E0210023DF
:101490005C4AC1F8880D44F823200133B02BFAD1FF
:1014A000594B8021594A03F8011B9342FBD14FF05D
:1014B000E0254C4E4FF08039DFF880B1DFF880A195
:1014C0004FF0FF31C5F8084D0027C6F80491C6F863
:1014D00000B1C6F8F490C6F8F0A0D5F8243DDFF8C6
:1014E000648143F4E0234A4AC5F8243DD8F81C300F
:1014F00023F07F0343F04003C8F81C30D8F82430B1
:1015000023F07F0343F04003C8F824309166D1668E
:101510001167516700F084F93E4B3F49A3633F4B8D
:10152000E36363236B610323AF612B613C4BC5F81D
:10153000203DD5F8FC3D43F08073C5F8FC3D394BA8
:101540001A6842F001021A605B680B6000F0F0F963
:10155000C6F804913448C6F800B1C6F8F490C6F84D
:10156000F0A000F029FCD8F86C10304B304A41F460
:101570004051C8F86C101F60C3F80871C3F81871A7
:10158000C3F82871C3F83871936BDB0708D442F6AF
:101590001563284951651365936B43F00103936309
:1015A000234A254C936843F00113936000F006F939
:1015B00000F0EEFB00F0EAF900F02CF92368132BA1
:1015C000FCD900F07BFA2368B3F5967FFBD300F0DB
:1015D00025F900F021F900F0D7FB00F0D1FB30BF76
:1015E000FDE700BF00800D4048A10100DC21006044
:1015F00000000000C08E002028C301600000002011
:10160000008C00206155010000E400E0A0E400E04F
:1016100000C00A40397B01000C4001203D7B0100E5
:1016200000002020001000E00046C32300400840D6
:1016300000400D400000C056104001201B10182033
:101640000C0D111300C00F40054B4FF42A01054A41
:1016500005485A641864054A99639546FFF7E8FE01
:1016600000C00A40FFAAAAAA070020000000062026
:101670001BB9124B1B6F9B041ED400F03F000F4B95
:1016800022F0604221F0604140F489101867C3F8ED
:101690008010C3F890201A6F22F480521A671A6FD4
:1016A000002AFCDAD3F87011054A0A40C3F8702109
:1016B0001A6F22F480321A67704700BF00800D4015
:1016C000FF7F7FFFB1F5607FF0B50E468DB028BF7C
:1016D0004FF460760F46054672B62E4B00247022FA
:1016E000186021462C4B2D481C8000F06DFBCFB1BB
:1016F00021462A484FF0010C4A0901F01F0301312D
:1017000050F822400CFA03F38E4243EA040340F8F7
:101710002230F1D8284600234380013300F582703F
:101720009E42F9D81E4C257815B162B60DB0F0BDB9
:10173000082000F031FB1B4B80220646009302A9D3
:101740000693194B0271056008A8029300F028FB6C
:1017500006A9164A304600F02BFB069B08A8DB685A
:101760009847009B02A8DB6898472378002BDCD1C0
:101770000F4B104AC3F858210F49D0204FF0E023F7
:10178000402281F84600C3F808210123237062B685
:101790000DB0F0BD58930020E05A01206093002066
:1017A000FD5A0120F8730020ED4301001B100100D9
:1017B000008C0020F943010000E400E0104BA02061
:1017C000104AD96E41F4403110B4D96640F2376402
:1017D000D96E41F44071D96654649064936C1B06D1
:1017E000FCD4094A40F23761A02351649364936C9E
:1017F00013F08003FBD1054A13705DF8044B70476A
:1018000000C00F4000400C4000800C400F5B0120E6
:10181000704700BF704700BF704700BF00BF7047F0
:1018200010B44FF0E023002110243148C3F8941D78
:10183000C3F89C4D1124C3F8A00D2E48C3F89C4D4D
:101840001224C3F8A00D2C48C3F89C4D2B4AC3F8B2
:10185000A00D2B4C42F015022A48C3F89C4DC3F84A
:10186000A00D294C2948C3F89C4DC3F8A00D284C65
:10187000C3F89C2D2748284AC3F8A04DC3F89C0DF7
:10188000C3F8A02D02F5A022244C0C322448C3F842
:101890009C4DC3F8A02D234AC3F89C0D224CC3F8DD
:1018A000A02D02F14062C3F89C4D2048C3F8A02D42
:1018B0000C32C3F89C0DC3F8A02D00BF00BF00BFC1
:1018C00000BF00BF0122C3F8942DBFF34F8FBFF3B9
:1018D0006F8FC3F8501FBFF34F8FBFF36F8FD3F8D5
:1018E000142D5DF8044B42F44032C3F8142D7047B8
:1018F0003F0000102500080709001000605B012070
:101900001300200021000207140000202500081306
:10191000090000101600202027000B1317000040BC
:10192000180000602F000B07190000701A000080DB
:10193000F0B4154A40274FF480314FF480564FF4ED
:1019400000554FF4404443F24200136913F0020F74
:101950000ED113F4005F0FD013F4805F0ED0002B74
:10196000F3DA13F4803F0BD15B060BD5F0BC704764
:10197000946151619061E8E75561E6E75661E4E7FB
:101980009161E2E75761E0E700800D403F4A0320A4
:101990003F49F3EE095AD2F880304FF0000C9FED2A
:1019A0003D6A23F001039FED3C5A30B4C2F8803009
:1019B000C2F89000D1F8E010384DCBB2384C39481D
:1019C0002B6007EE903A0B0DC1F30B21F8EEE77A8E
:1019D00006EE903A07EE101A334BB8EEC77A216044
:1019E000F8EEE66A314937EEC66A37EEC55A76EE4A
:1019F000C76A77EEE57A26EE266AC3ED006A25EE21
:101A0000265AD2F8803067EEA64AC0ED007AC6EEBC
:101A1000275A274885EE276AC4EEA76A75EE875ACB
:101A2000FCEEE55A36EE076A15EE904ABCEEC66A41
:101A300043EA045376EE877AC2F8803016EE103A05
:101A4000D2F89041FCEEE77A01EA0341214317EE18
:101A5000903AC2F89011C3F30B03D2F890110B43E4
:101A60001449C2F89031D2F8803043F00203C2F832
:101A70008030114B80F840C0C1F840314FF0E02376
:101A8000012230BCC3F80821704700BF00810D401F
:101A900000441F400000AA420000B442CC3601209E
:101AA000C8360120D0360120D43601200000FF0FB7
:101AB00000E400E0008C002025570100314B40F687
:101AC000617210B5C3F8202140F2044400F06CF9B3
:101AD0002D4A2E49D2F880302D4843F00303C2F836
:101AE00080302C4BC1F8604102681A4203D1D1F812
:101AF000A8319A071BD0254A4FF00041244B596367
:101B0000D2F8403143F00203C2F84031D2F84031FC
:101B10009B07FBD44FF400304FF0E0211C4B4FF0FB
:101B20000042C1F88C0219209A6300F049F9184A62
:101B30004FF08040154C002190630A20164B116035
:101B40004FF46072C4F8A801184600F03DF94FF454
:101B5000800203464FF4810040F243111860C4F83C
:101B600058311A640D4B0E4AC4F84811C3F80422C8
:101B70004FF0E0224FF400310123C2F80C11C4F8F9
:101B8000403110BD00800D4000C00F4000002E40CD
:101B900000900D40001C1E0000000020008C002062
:101BA0000D5A010008B50E4B1B6E9B0700D4FBBEFF
:101BB00072B60C4B00200C4AC3F8400103F160439D
:101BC0000A49A3F55F2311649D46BFF34F8F4FF47D
:101BD00000130748074ADB6902609B68984700BF0B
:101BE00000441F4000002E4000C00A4003002000B7
:101BF00000802020000012EB43690A4A03EB011029
:101C000010B4037A084C02EB0313D3E901321460D9
:101C1000C2681A6003690BB142691A605DF8044B2F
:101C2000704700BFB874002061F801004369027E6C
:101C300003EB021292F808C08C451CD01A7AFF2AD6
:101C400019D0914210B5044616D01A7EFF2A06D04C
:101C50000121D3E9002312681A4201D1217610BD77
:101C6000064B0522204603EB0C135B681A60FFF756
:101C7000C3FF2176F3E770470021EAE7B87400203C
:101C800043690A4A03EB011010B490F82830084C5D
:101C900002EB0313D3E901321460C26A1A60036BCA
:101CA0000BB1426B1A605DF8044B7047B8740020AA
:101CB00061F801004369427E03EB021292F828C0EA
:101CC0008C451ED093F82820FF2A1AD0914210B5D7
:101CD000044617D093F83820FF2A06D00121D3E913
:101CE000002312681A4201D1617610BD064B05220D
:101CF000204603EB0C135B681A60FFF7C1FF6176A7
:101D0000F3E770470021EAE7B874002016494269FA
:101D10008B6B23F47C0343F4802370B58B63044600
:101D2000124DD2E900130A681A4303690A600222BD
:101D300000211A610E4A19619A6401225A629D6259
:101D40004FF43035DD624FF001159E6C1E6519624F
:101D50009D651A61017EFFF74FFF617E2046BDE859
:101D60007040FFF78DBF00BF00C00F40B80B0505E6
:101D70003B372819F8B500BFF8BC08BC9E46704731
:101D80005FF800F0B95001005FF800F07D9C0100A1
:101D90005FF800F06D5401005FF800F0FD510100A4
:101DA0005FF800F0614401005FF800F0196A01007B
:101DB0005FF800F0C94901005FF800F05D7B0100A9
:101DC0005FF800F0D54E01005FF800F0AD9801001B
:101DD000450000001D5D000011CD0000E51301006D
:101DE00095140100A11401000D2F0100CD4A01003E
:101DF00024035400650065006E0073007900200024
:101E00004D004900440049002F0041007500640066
:101E100069006F0018035400650065006E007300D0
:101E200079006400750069006E006F000403090406
:101E300009025501060100C032080B00020202012E
:101E40000009040000010202010005240010010540
:101E5000240101010424020605240600010705826D
:101E60000310001009040100020A00000007050326
:101E7000024000000705830240000009040200023E
:101E800001030000072401000125000624020101CE
:101E900000062402020200092403010301020100DA
:101EA00009240302040101010009050402400000A5
:101EB0000000052501010109058402400000000021
:101EC0000525010103080B030301010000090403B8
:101ED0000000010100000A240100013E0002040587
:101EE0000C24020102060002030000000924030280
:101EF00001010001000C24020301010002030000A3
:101F0000000A24063103010102020009240304022D
:101F10000600310009040400000102000009040465
:101F2000010101020000072401020301000B240249
:101F3000010202100144AC0009058509B40001004A
:101F4000000725010000000009040500000102004F
:101F50000009040501020102000007240103030136
:101F6000000B2402010202100144AC000905050522
:101F7000B400010086072501000000000905861154
:101F8000030001050000000009025501060100C020
:101F900032080B00020202010009040000010202E3
:101FA000010005240010010524010101042402069A
:101FB000052406000107058203100005090401003D
:101FC000020A000000070503020002000705830261
:101FD00000020009040200020103000007240100BE
:101FE0000125000624020101000624020202000964
:101FF0002403010301020100092403020401010179
:102000000009050402000200000005250101010984
:1020100005840200020000000525010103080B03EE
:1020200003010100000904030000010100000A246B
:102030000100013E000204050C2402010206000218
:10204000030000000924030201010001000C240226
:102050000301010002030000000A2406310301010C
:1020600002020009240304020600310009040400EE
:10207000000102000009040401010102000007241C
:1020800001020301000B2402010202100144AC0012
:1020900009058509B40004000007250100000000BF
:1020A0000904050000010200000904050102010203
:1020B0000000072401030301000B240201020210A7
:1020C0000144AC0009050505B4000400860725019C
:1020D000000000000905861104000407000000004C
:1020E0000A060002EF0201400100000080C00F401C
:1020F000000000031900000010000000E8841F40E9
:1021000001000000FF000000FF00000000000000D0
:10211000000000001800000010000000E4841F40D0
:1021200001000000FF000000FF00000000000000B0
:10213000000000001F0000009983010070C00F40E4
:10214000000C00001100000011000000E0841F409E
:10215000020000002400000012000000E0841F4084
:10216000010000001000000011000000DC841F408E
:10217000020000002500000012000000DC841F4067
:10218000010000001E0000008D83010070C00F40A0
:10219000C00000001200000013000000D0841F40A7
:1021A00001000000FF000000FF0000000000000030
:1021B000000000001300000013000000CC841F404A
:1021C00001000000FF000000FF0000000000000010
:0C21D000000000001C00000081830100E2
:1021DC0000000000000000000000000000000000F3
:1021EC0000000000000000000000000000000000E3
:1021FC000548064B1B1AD90F01EBA301491002D05D
:10220C00034B03B118477047C08E0020C08E0020CE
:10221C000000000008B5054B1BB105490548AFF39C
:10222C000080BDE80840FFF7E3BF00BF00000000DE
:10223C00302B01200060026009280ED8074B0021CA
:10224C00074A03EBC00310B41B791170054A064C06
:10225C00137020705DF8044B704770476874002051
:10226C000B5B01204D8A0020105B0120034B187082
:10227C0010B1034B00221A70704700BF0A5B01209B
:10228C000B5B01202DE9F84F04468A460021149E71
:10229C00914698469DF888B0DDE9125714F04EF936
:1022AC00002104F1100014F049F90A9BC4F8408095
:1022BC00002063644FF06F0C0B9B41F23A114FF00E
:1022CC000052A3640C9BE3640D9B23650E9B63651A
:1022DC000F9BA365109BE365119B2366159B2367DE
:1022EC00169B6367179BA367189BE367199BC4F83E
:1022FC0080301A9BC4F884301B9BC4E90EA9C4F827
:10230C0088301C9BE062C4F88C301D9B20634FF618
:10231C000170C4F890301E9B2085C4F894301F9B2C
:10232C002098C4F898300023C4F89C0084F82A3014
:10233C002198A386A5F82AC0E9852A63C4F8A000D1
:10234C002846E66684F8A4B0C4E9083341F2623347
:10235C00C4E91957AB86A7F82AC0F9853A63BB863E
:10236C00A6F82AC0F1853263B38611F0C5FDA06EC4
:10237C0011F0C2FDE06E11F0BFFD2046BDE8F88FF4
:10238C0010B5104C86B00FCC0DF1040CACE80F005E
:10239C00236864210020CCF8003014F0F7FD0023F2
:1023AC0001A91A4651F8044B5FFA83FC013322440D
:1023BC00904203DB052BF5D14FF0040C604606B0C0
:1023CC0010BD00BF80100020D0F89C301B78F0B5F9
:1023DC00044685B0002B40F04C82216A204614F054
:1023EC00DDF8002840F00B82626AD4F89C30551C52
:1023FC001B7800F03282E16F01EB820292ED000A51
:10240C00B8EEC00ADFEDBE7AB4EEE70AF1EE10FAD0
:10241C0010DDB3EE047AF6EE006A06E020EE260A32
:10242C00B4EEE70AF1EE10FA04DDB4EEC70AF1EEF1
:10243C0010FAF3DCF3EE047AB24AB34D1068B4EE42
:10244C00E70AF1EE10FA48BF30EE000AC00700F1BF
:10245C006F8101202B70106003B90023AB4A2B70E5
:10246C001278002A6AD0AA4B1B78002B40F0FF810F
:10247C0094F82A30002B40F05F83A64800680028AF
:10248C0000F0DE83D0F88051276F002D00F0BA8465
:10249C009C4604E00CF1010C654500F0248450F8D6
:1024AC0023600333B742F5D10CEB4C0300EB8303F1
:1024BC0004334FF40046DFF874C24FF07C5EBE610B
:1024CC00DCF80060C3F800E05E60666F4FF0000E51
:1024DC00734603E00133AB4200F01D8450F82E70BC
:1024EC000EF1030EB742F5D103EB430300EB83036C
:1024FC000433DCF8007044F6CC4EC6F818E0864E77
:10250C005F60A76F1E604FF0000E734603E001334F
:10251C00AB4200F0D28350F82E600EF1030EBE4297
:10252C00F5D103EB430300EB83030433DCF8000029
:10253C0044F6CC45BD61586077481860D4ED0B7AF1
:10254C0084F82A20F4EE407AF1EE10FA29D0B5EE98
:10255C00C00AA36BF1EE10FA0AD4DFED707AB4EE78
:10256C00E70AF1EE10FA40F3A5826D4ADA6101E058
:10257C000022DA61F6EE007AE26B60EE277AF5EE75
:10258C00C07AF1EE10FA00F11F829FED647AF4EE3E
:10259C00C77AF1EE10FA40F3AF82614BD36184ED50
:1025AC000B0AD1ED007A9FED567AF8EEE77AF4EE4D
:1025BC00C77AF1EE10FA10DDF3EE046AB6EE006A9B
:1025CC0006E067EE867AF4EEC77AF1EE10FA04DDD7
:1025DC00F4EEE67AF1EE10FAF3DCB3EE047AF4EEF4
:1025EC00C77A94ED0C7AF1EE10FA48BF77EEA77A21
:1025FC00B4EE677AF1EE10FA31D0B6EE007A226CB6
:10260C0027EE877AB5EEC07AF1EE10FA0AD4DFED38
:10261C00436AB4EEE67AF1EE10FA40F35C82404B7A
:10262C00D36101E00023D361B7EEE76A626C9FEDE2
:10263C00325B26EE056BB7EEC66BB5EEC06AF1EEFB
:10264C0010FA00F1C4819FED357AB4EEC76AF1EE51
:10265C0010FA40F36082324BD361C4ED0C7A94F8DB
:10266C003530002B00F04381D4F8841094F82930D5
:10267C000A789A4221D0531EA06B022B71D9012AE1
:10268C00E36B78D0022A00F0C382032A00F0E382C5
:10269C00042A4FF00002026200F097820326E56DD7
:1026AC0046861A6201225A8649F62C02236EEA618A
:1026BC001C4ADA610B7884F82930013B012B6BD969
:1026CC0094F83420002A00F0CD81174D28680EF0C4
:1026DC0099FAD4F89C3002461B78002B3FD094F822
:1026EC0028309B01DBB228680221C41C00940EF038
:1026FC00E1FA05B0F0BD00BFD7A3703D0AD7EF3F9C
:10270C000000F04240930020095B0120135B012084
:10271C00125B0120281F01209A99993E0044AC4677
:10272C000000FE7F9DEA0800F81F012010400120E8
:10273C00002B7FF493AE2B78002B3FF48EAE606EA3
:10274C008DED030A11F0D8FBA06E11F0D5FBE06EF5
:10275C0011F0D2FBE16F9DED030A00237EE64023CE
:10276C00C1E704220025E36B056242861D625A868E
:10277C000A78012A86D1A94AC262A948E26DD862B8
:10278C00A848236ED06144F61642DA610B7884F8BF
:10279C002930013B012B93D8D4F89C301B78002BAB
:1027AC0000F0188194F8282094F83430002A00F0B6
:1027BC00C581002B89D1A16C72B69B4AC8690A628B
:1027CC00904200F06F8180FAA2F2EFF3008313F0D5
:1027DC00006F964B00F00F8383FB0053C21703442A
:1027EC00C2EBA322924B9B1A002B40F059818E4BCB
:1027FC009842B4BF01204FF0FF30486251E10021F4
:10280C00204613F0B5FE0221002014F0BFFBD4F8D3
:10281C0080301B68002800F04B811B0123621421BF
:10282C00002014F0B3FB834B1A68022A00F0FC81E1
:10283C00042A00F0D681092840F3D5810D2840F3F5
:10284C002D82102840F3AA82D4F89C304FF0FF322E
:10285C001B786262002B40F0CE81E16FD1ED007AE3
:10286C00B8EEE77B37EE077BB7EEC70BCAE5002265
:10287C0064E6D0F8803000F110051968284613F092
:10288C008DFE00283FF4A9AD0021284613F070FE00
:10289C00D4F8A02094F82800D4E92413097852F82D
:1028AC0031101A78895CA1F10102B2FA82F2520954
:1028BC00824284F828200DD00129606E40F0E3811B
:1028CC0011F01AFBA06E11F017FBE06E11F014FB67
:1028DC00D4F894301A7801321A70D4E92532197868
:1028EC0012789142FFF479AD00221A7075E5D4E9A3
:1028FC000E504FF48042216C4F4E6A624262606C03
:10290C004A62426201220B624A86E16C42864B4A61
:10291C00036249F69910A56D8A61494AD2ED007A95
:10292C00226DCE61F5EEC07A464E4E6241F2053113
:10293C002862F1EE10FAE96143499161A1F5AD51BC
:10294C00A1F10C01D1614FF080515162E16D08622F
:10295C000FD49FED3E7AF4EEC77AF1EE10FA00F345
:10296C0069819FED3B7A67EE877AFCEEE77A17EE8A
:10297C00903A3848626DD0ED007A4FF08050CB61C0
:10298C00F5EEC07A3049344BF1EE10FAC2E9061379
:10299C00216E49F6991350620B6200F1CB809FEDCA
:1029AC002B7AF4EEC77AF1EE10FA00F346819FED24
:1029BC00287A67EE877AFCEEE77A17EE903A0122D6
:1029CC00CB6184F835204FE60023D361E7E5002383
:1029DC00D36142E694F83430002B7FF476AEA06CD1
:1029EC0072B6114AC1690262914214D081FAA2F204
:1029FC00EFF3008313F0006F184B00F0518183FB51
:102A0C000153CA17C2EBA322154B9B1A002B00F0E3
:102A1C009C8143620123037662B645E07C5700201B
:102A2C00684D00202D6E0700C0196626D3C324C63E
:102A3C001E6E0700D836012060EA8E0490298F04A0
:102A4C00A0870020D0CCCC0C7C0331030044AC46D6
:102A5C00C637BE47A4870020D0ED3003E5DBE27615
:102A6C0045750400A16C72B6BC4BCD690B629D42DE
:102A7C0000F0688185FAA3F3EFF30082120140F1B4
:102A8C001581B748EA1780FB0530B64BC2EBA02284
:102A9C009B1A2BB9B14B9D42B4BF01234FF0FF33AE
:102AAC004B6201230B7662B6012384F834300CE6BA
:102ABC00DB00B3E6DFEDAC7AAC4860EE277AFCEED7
:102ACC00E77A17EE902AC3ED077A82427FF652AD71
:102ADC00A64ADA614EE5DFEDA46AA44927EE267A10
:102AEC00BCEEC77A17EE103A82ED077A8B427FF66E
:102AFC009BAD9E4BD36197E59FED9B7A9B4867EE10
:102B0C00877AFCEEE77A17EE903AC2ED077A8342A9
:102B1C003FF643AD43E59FED947A944926EE076A60
:102B2C00BCEEC67A17EE103A82ED077A8B423FF66E
:102B3C0092AD92E5002342E71A46FFE4002B3FF4E6
:102B4C00C4ADD4F880309FED8A7AD3ED007AA16CB5
:102B5C00F8EEE77A67EE877AFCEEE77A17EE903AB2
:102B6C00C82B38BFC82307EE903AF8EE677AF5EE1B
:102B7C00C07AF1EE10FA40F232819FED7E7A67EE68
:102B8C00877AFDEEE77A17EE903A002B00F0218160
:102B9C0072B6C8690A62002800F03C8180FAA2F281
:102BAC00EFF300852D0140F13281012B02D090FB17
:102BBC00F3F35A42002A00F017814A6201230B7684
:102BCC0062B6002384F834307FE54286E06D1A62E9
:102BDC005A8642F20B62236EC26141F20532DA610F
:102BEC00D4E509284BDC0022D4F89C3062621B78B7
:102BFC00002B3FF400ACD4F89430002104F1100009
:102C0C00197013F0B5FC012384F82830FFF7ECBBE6
:102C1C00594AC2625948E26DD86244F61640236E96
:102C2C00D061574ADA61B1E50928DCDD0F28A8BF6D
:102C3C000522D9E74FF000439BE64FF00043BEE678
:102C4C00236F4FF40040986144F6CC43606F83616E
:102C5C00A06F836172E44B4A4B4DC262D4E91702F8
:102C6C00DD6241F20533C36149F62C00E36CD0619F
:102C7C00464A4748C3E90602464A5A6286E50E2888
:102C8C00D8BF0322B0E711F05FF9A06E11F05CF928
:102C9C00E06E11F059F9D4F894301BE60222A3E748
:102CAC0083FB0253D217C2EBA323AFE62C4A82FB61
:102CBC000302DB17C3EBA223EBE6202B70D003EB54
:102CCC004306FFEE007A01334FF0000EB50000EB27
:102CDC0086064751C6ED017AC6F808E0C0F8803187
:102CEC002B1D034422E4202D61D005EB450305F197
:102CFC00010C6E009B0004333544274E034440F80E
:102D0C00257000EB85056E600026AE606546C0F848
:102D1C0080C1FFF7CEBB202D53D005EB4507FFEE4E
:102D2C00007A01354FF0000EBB0000EB8707C65050
:102D3C000433C7ED017AC7F808E00344C0F88051AA
:102D4C00FFF7D7BB0A7662B6AEE6044B9942B4BF26
:102D5C0001214FF0FF3141625CE600BFC0196626CD
:102D6C00E5DBE27645750400C637BE470000FE7F02
:102D7C003333733F66663042443B002034330020CB
:102D8C002D6E07001021002020290020809AA50319
:102D9C00D8BAA50360555515000080BF042223E75F
:102DAC00DCF8003044F6CC43BB61FFF7C7BBDFF85F
:102DBC006CC0666FDCF800304FF40043BB61FFF76A
:102DCC0085BBDCF8003044F6CC43A76FB361FFF74A
:102DDC009ABB72B6C1ED077A0B7662B6F1E672B6A3
:102DEC00CA610A7662B6ECE60028B4BF01234FF044
:102DFC00FF334B62E2E683FB02531344D217C2EB60
:102E0C00A323F1E404234FF0010C2E4674E792FB4C
:102E1C00F3F2CFE6087662B6D3E600BF104001208D
:102E2C0038B50122002500230446294680F8345089
:102E3C00C362036380F82820C0E9085513F098FB9F
:102E4C00294604F11000BDE8384013F091BB00BFD7
:102E5C0070B500F1C80506460C46C900284613F0AB
:102E6C009DFBC0B9D6F8DC30012B59D0022B1FD1F9
:102E7C0007EE904AB8EE677B37EE077BFCEEC77B1C
:102E8C0017EE900AF36CC6F8D8001B68022B16D00C
:102E9C00032B4ED070BD0021284613F069FB0A218C
:102EAC00002014F073F8062879DC0023C6F8DC3017
:102EBC00F36C20461B68C6F8D800022BE8D196F8B4
:102ECC001831002B62D096ED457A336DD3ED007A34
:102EDC00DFED4D6A77EEC77AA7EEA67AB5EEC07A2B
:102EEC00F1EE10FA7BD4F7EE007AB4EEE77AF1EE5D
:102EFC0010FA7EDDF0EE006AB0EE677A07EE900A0B
:102F0C0086ED457AF8EE677A87EEA67AFCEEC77AFC
:102F1C0017EE900AC6ED367A70BD0123C6F8DC3088
:102F2C0007EE104ABBEEEF7BFCEEC77B17EE900A68
:102F3C00A8E796F83031CBB3336D96ED4B7AD3EDE1
:102F4C00007ADFED316A77EEC77AA7EEA67AB5EE96
:102F5C00C07AF1EE10FA47D4F7EE007AB4EEE77AC5
:102F6C00F1EE10FA2BDDF6EE006AB0EE677A07EEA2
:102F7C00900A86ED4B7AF8EE677A87EEA67AFCEE2D
:102F8C00C77A17EE900AC6ED367A70BD336D012202
:102F9C0093ED007A86F8182186ED457A96E7073886
:102FAC000128BAD90223C6F8DC3061E7336D01225F
:102FBC0093ED007A86F8302186ED4B7ABFE7F6EE7A
:102FCC00005A9FED126AF0EE676AE7EE656AF4EE5E
:102FDC00C66AF1EE10FA0FD5F0EE466AC7E7F7EEC7
:102FEC00006A9FED0B7A89E7F7EE006A9FED087A8D
:102FFC00BDE777EE276A81E7F4EE676AF1EE10FA27
:10300C0077FEA66AB3E700BF0AD7A33CCDCCCC3E73
:10301C000000000038B5836C00F5BA7504461968D9
:10302C002846C90013F0BAFA00287AD1A36C04F52B
:10303C00C27519682846C90013F0B0FA002862D18D
:10304C00A36C04F1A805D4F894111B68284603FB63
:10305C0001F113F0A3FA002849D1A36C04F1B805CF
:10306C00D4F898111B68284603FB01F113F096FA6B
:10307C0058BBE36D1B68042B00D038BDA36C04F562
:10308C003D7519682846490113F088FA0028F4D0D8
:10309C000021284613F06CFA94F80813002013F062
:1030AC0075FF94F80833C0B28342E6D9D4F80433E0
:1030BC0000212D4A03EBC00384F8EF0284F8F012D0
:1030CC001B79107084F8F13238BD2846002113F0BA
:1030DC004FFA94F8ED52002DCBD16421284613F011
:1030EC0055FF2028214B2ADC04221A60C1E700215D
:1030FC00284613F03DFA1E4B0020196813F046FFCA
:10310C001C4B1860A9E70021284613F031FA052161
:10311C00002013F03BFF184B53F82030C4F89831C3
:10312C008EE70021284613F023FA0521002013F026
:10313C002DFF114B53F82030C4F8943176E7382822
:10314C0004DD4C2804DC03221A6092E71D6090E732
:10315C00582802DC02221A608BE76128D4BF0122B6
:10316C0005221A6085E700BF115B0120B0350120F4
:10317C009C870020AC350120C46E0020436870B4DD
:10318C00D3E90124926852F8212007EE902AF8EE38
:10319C00E77AF5EEC07AF1EE10FA77D49FED5F7A0C
:1031AC00F4EEC77AF1EE10FA4BDD5D4DE561D3F824
:1031BC0070411CB15D6E2D78002D50D1594CC3F867
:1031CC00B4112260C3E969120121826883F8B0113D
:1031DC001168097881B3F5EEC07AF1EE10FA2BD9AB
:1031EC00546894F809230AB177EEA77AF5EEC07A01
:1031FC00216B37EEA77AF1EE10FA6AD4DFED476A4D
:10320C00F4EEE67AF1EE10FA55DD454A4A62B5EE77
:10321C00C07A646BF1EE10FA63D4DFED407AB4EE51
:10322C00E77AF1EE10FA38DD3D4AE26142F6AA2463
:10323C0001228C6281F83922C26812784ABB70BCB8
:10324C0070479FED397A364E27EE877ABCEEC77AF7
:10325C0017EE105A84ED077AB542A6D8A7E7334D7E
:10326C00D4F818622D68AD1B312DA7D9F5EEC07AB4
:10327C002468F1EE10FA45D49FED287AF4EEC77A63
:10328C00F1EE10FA30DD264DE56197E70025E5619A
:10329C008DE7986B70BC10F02FBEDFED237A204DBC
:1032AC0027EE277AFCEEC77A17EE902AC4ED077A40
:1032BC00AA42B9D8BAE7DFED1C6A194D67EEA67AB7
:1032CC00FCEEE77A17EE902AC1ED097AAA429CD857
:1032DC009DE7B5EEC07A0022646B4A62F1EE10FAFB
:1032EC009BD50022E261A1E79FED0F7A0C4E27EEF1
:1032FC00877ABCEEC77A17EE105A84ED077AB5427E
:10330C00C1D85BE70025E561064CC3F8B411226017
:10331C00C3E96912012283F8B0218DE70044AC4661
:10332C000000FE7F14370120C637BE471040012035
:10333C0003681B78012B00D07047FFF71FBF00BF3D
:10334C0007EE901A0368F8EEE77A9A69F5EEC07A00
:10335C00F1EE10FA59D9B7EE007AB4EEC70AF1EED5
:10336C0010FA2EDD4A499FED4B7A67EE877AFDEE17
:10337C00E77A17EE903A002B3CD030B472B6D46991
:10338C0011628C4276D084FAA1F5EFF3008C1CF01C
:10339C00006F6AD003F1010CBCF1020F04D991FB50
:1033AC00F3F594FBF3F3ED1A002D3CD05562012399
:1033BC00137662B6B5EEC00AF1EE10FA4CD930BCF9
:1033CC007047BFEE007AB4EEC70AF1EE10FA31D4B2
:1033DC009FED307A67EE877AFDEEE77A17EE903A3A
:1033EC00DFED2D7A60EE277AFDEEE77A17EE901A74
:1033FC00002BC2D172B60023D161137662B6B5EE42
:10340C00C00AF1EE10FA39D97047F7EE007AB4EE33
:10341C00E70AF1EE10FA0FDD1D4B72B60021D361F5
:10342C00117662B6EBE78C42B4BF01244FF0FF3447
:10343C005462BCE7194996E7FFEE007AB4EEE70A4E
:10344C00F1EE10FA22D4DFED147A60EE277AFDEE5D
:10345C00E77A17EE903AE0E743681B78002BAED082
:10346C00036830BC986B10F06FBD95FBF3F5002D25
:10347C00D9D09BE70023137662B69BE743681B7891
:10348C00002BC1D00368986B10F05EBD034BC4E7F2
:10349C000000FF7F6666304200FEFF4E0000018098
:1034AC00F8B582600446C3604FF07C57069A079BC0
:1034BC00089E01609DF87850C0E904230B68002138
:1034CC000D9A4360109BA661099E1298E6612363D6
:1034DC000A9E119B26620B9EC4E90D300E9B04F1D3
:1034EC0068006662E3630C9E0F9BC4E90A62236466
:1034FC00149B6364159BA364169BE364179B236561
:10350C00189B6365199BA3651A9BE3651B9B23663C
:10351C001C9B636613F012F8002104F1780013F081
:10352C000DF8002104F1880013F008F8002104F1D3
:10353C00980013F003F8002104F1A80012F0FEFF2C
:10354C00002104F1B8000E4612F0F8FF04F1C80097
:10355C00314612F0F3FF314604F58270A4F8006195
:10356C00C4E9366612F0EAFF314604F58E70C4F8F1
:10357C00147184F8186112F0E1FF314604F59A7069
:10358C00C4F82C7184F8306112F0D8FF314604F580
:10359C00A670C4F8447184F8486112F0CFFF31462C
:1035AC0004F5B070C4F85C6112F0C8FF139B31468F
:1035BC0004F5BA70C4F8703112F0C0FF314604F54E
:1035CC00C27012F0BBFF1423314604F53270C4F8FC
:1035DC0094311023A4F8A061C4F898314FF48023DF
:1035EC00C4F8A461C4F89C314FF6FF73A4F8B06121
:1035FC00A4F8B831C4F8B46184F8C461C4E96A664B
:10360C00C4E96F6612F09AFF314604F5367012F079
:10361C0095FF4FF48053314604F53D70A4F8F03219
:10362C00C4E9BA6612F08AFF1D9B314604F543705B
:10363C00C4F8043384F8085384F8096312F07EFF4D
:10364C00314604F5477012F079FF31464FF4807221
:10365C0004F5E47084F82C6318F010FA202231463B
:10366C0004F1E00018F00AFA2046F8BD0000000052
:10367C0038B50446A84DA94843F2333223690021DA
:10368C0040F2766CC3E906504FF0005049F699159C
:10369C00586241F205306369C3E90705E36B4FF4E7
:1036AC00804043F2A305C3E90820C3E90622D4E90C
:1036BC000C034FF4803219625A6259862C2380F81D
:1036CC003812A26BC56240F2E130256C53854FF481
:1036DC000043D08592481163A2F834C044F6CC4222
:1036EC002B620362C0E90633E36A6A621A7ED00772
:1036FC005CD4D98B40F6C8501C29186236D942F0DC
:10370C0001021A76950742D4D98B41F2AC402A2992
:10371C00586201D82B21D98342F002021A76550740
:10372C0027D4D98B41F690303829986201D83921A9
:10373C00D98342F004021A76616E1120636A40F25A
:10374C0096220978588540F23B30DA85002298861B
:10375C001A63002938D1236EA1681B78013B032B17
:10376C0000F2CC80DFE803F07E7974681D21D983E8
:10377C00C5E7986A41F68F31884278D8DA8B382AB7
:10378C0001D83922DA8341F690329A62D4E7586A2A
:10379C0041F2AB41884200F29980D98B2A2901D899
:1037AC002B21D98341F2AC415962B8E71D6A40F62E
:1037BC00C750854273D8D98B1C2901D81D21D983B8
:1037CC0040F6C85119629DE7D4E9023103201A6210
:1037DC0058864FF400400A624A865862A36A514ADE
:1037EC00514852495A62C3E90601002104F16800AC
:1037FC0012F0BEFE002104F1980012F0B9FE002177
:10380C0004F1A80012F0B4FE002104F1B80012F08B
:10381C00AFFE474B1B7803B938BD2A21454816F03B
:10382C0067F9022144489FED3A0B13F0C1FA424864
:10383C00BDE8384013F09ABAE26800200123086210
:10384C004B86106253864FF400434B625362C5E7BC
:10385C003A4BE268CB62D362F5E7394BE268CB6254
:10386C00D362F0E7374BE268CB62D362EBE700211F
:10387C0041F6903003F1200C0D46986242FA01F0AB
:10388C00C00707D55CF821007F30C00901308542A4
:10389C0038BF054601310829F0D1DD834CE740F6ED
:1038AC00C8509C460D464CF8200F42FA01F0C00758
:1038BC0007D55CF821007F30C0090130854238BF44
:1038CC00054601310829F0D1DD831BE7002141F2C7
:1038DC00AC4003F1200C0D46586242FA01F0C007CF
:1038EC0007D55CF821007F30C0090130854238BF14
:1038FC00054601310829F0D1DD8310E7E268002389
:10390C0003200B624886136253869CE7AFF300805A
:10391C00000000C0CCCCE43FC8944702E48C4702C2
:10392C00FC1F0120C0AAAA2A90298F0460EA8E04E9
:10393C00568A0020D86E0020807E00205443002040
:10394C00805900206C4F002070B403694FF0005474
:10395C00104D43F23332104941F20536C3E906519A
:10396C0041695C6249F69914D0E90F350C62446EDA
:10397C002478CE611A62C3E906224FF48043826830
:10398C002B624FF4004353620CB9C268536270BC93
:10399C00704700BFC8944702E48C470238B5002535
:1039AC000446164B6830294684F89F51A4F8A05160
:1039BC00C4F8A45184F8B15184F8C45184F8F0527D
:1039CC001D70C4E96F5512F0D3FD294604F188002F
:1039DC0012F0CEFD294604F53D7012F0C9FDA36925
:1039EC0084F8185184F8305172B6DD611D7662B6D8
:1039FC00A06BBDE8384010F0A7BA00BF1A5B0120DD
:103A0C0003291CD80B4610B504460068E26C50F82C
:103A1C002300616C1360036860609B689847606862
:103A2C000368DB689847606803681B699847002344
:103A3C00C4F8A43184F89F3184F8A03110BD7047CC
:103A4C0038B50446406803682DED028B9B6808EE80
:103A5C00901A616C984760680368DB6898476068E7
:103A6C0003681B6998470123A749A26D84F8A1310B
:103A7C000B701368002B2FD1D4ED6A7AD4F8702117
:103A8C00B8EEE77A22B1616E0978002940F0028124
:103A9C00B5EEC07AA268F1EE10FA00F10C81DFED00
:103AAC009B7AB4EEE77AF1EE10FA40F30F81984B63
:103ABC00D361606803681B6A984763689B79002828
:103ACC004FD0002B4DD0D4F8A4219A4249D2825C1D
:103ADC00A36DC4F8B4211B68022B49D0F8EEE87A28
:103AEC00A069F5EEC07AF1EE10FA40F2C7809FEDB6
:103AFC00897A67EE877AFDEEE77A17EE903A2BB368
:103B0C0072B6854AC1690262914200F0448181FA21
:103B1C00A2F5EFF3008C1CF0006F00F0378103F17D
:103B2C00010CBCF1020F04D992FBF3F291FBF3F3FD
:103B3C00D51A002D00F0C28045620123037662B6CF
:103B4C000123BDEC028B84F8B03138BD72B6724AD9
:103B5C000376C26162B60123BDEC028B84F8B031EE
:103B6C0038BD0022A36DC4F8B4211B68022BB5D15B
:103B7C00D4F8703123B1626E1278002A40F0D480F0
:103B8C00D4ED6B7AB8EEE78AB5EEC08AA368F1EE95
:103B9C0010FA00F1F880DFED5D7AB4EEE78AF1EE11
:103BAC0010FA40F3A2805A4ADA6160680368DB6954
:103BBC00984763685B79002800F0E080002B00F0E8
:103BCC00DD80D4F8A4219A4280F0D880825CA36D69
:103BDC00C4F8B4211B68022B80D1E36C1B6833F052
:103BEC0002037FF47BAF94F809330BB138EE088AEB
:103BFC00B5EEC08A226B78EE087AF1EE10FA00F17D
:103C0C00D3809FED427AB4EEC78AF1EE10FA0CDC49
:103C1C009FED427A3E4928EE078ABCEEC87A17EE31
:103C2C00103A82ED097A8B4201D9394B5362F5EE89
:103C3C00C07A616BF1EE10FA00F1B9809FED337A26
:103C4C00F4EEC77AF1EE10FA0CDC9FED347A3048C2
:103C5C0067EE877AFCEEE77A17EE903AC1ED077AB9
:103C6C00834201D92A4BCB6142F6AA2101239162EE
:103C7C0082F83932A06B10F03FF92FE772B6264A62
:103C8C000023C261037662B60123BDEC028B84F87B
:103C9C00B03138BD2249D2F818020968091A312905
:103CAC007FF6F6AEB5EEC07A1168F1EE10FA40F17F
:103CBC008180A268CB610023D361FAE6194B99424B
:103CCC00D4BF01214FF0FF31416236E7DFED137AAB
:103CDC000F4927EE277AFCEEC77A17EE903AC2ED21
:103CEC00077A8B423FF6E3AEE3E6DFED0C7A084948
:103CFC0068EE277AFCEEE77A17EE902AC3ED077A86
:103D0C008A423FF650AF50E71A5B01200044AC46A4
:103D1C000000FE7F666630424073CC2CC637BE472F
:103D2C00104001203F73CC2C2E4AD3F81812126885
:103D3C00D4ED6B7A521AB8EEE78A312A7FF624AFAB
:103D4C00B5EEC08A1A68F1EE10FA19D4DFED267AB6
:103D5C00B4EEE78AF1EE10FA0DDCDFED247A24499B
:103D6C0068EE277AFCEEE77A17EE903AC2ED077A06
:103D7C008B427FF609AF1E4BD36105E7002226E785
:103D8C000021A368D1610022DA610EE795FBF3F5FF
:103D9C00002D93D0D0E60023037662B60123BDEC50
:103DAC00028B84F8B03138BD002353623FE7002307
:103DBC00CB6159E7DFED0C7AB4EEE77AF1EE10FA4D
:103DCC000DDCDFED0A7A0A4A67EE277AFCEEE77A19
:103DDC0017EE903AC1ED077A93427FF659AE044B39
:103DEC00CB6155E6104001200044AC46C637BE47B7
:103DFC000000FE7F07EE902A2B4B8269F8EEE77AE3
:103E0C0070B5F5EEC07A002504460E4680F8A15137
:103E1C00F1EE10FA1D7033D99FED247A67EE877A94
:103E2C00FDEEE77A17EE903AD3B172B6D16915620E
:103E3C00002936D081FAA5F5EFF3008000012BD5CF
:103E4C00581C022802D991FBF3F35D42EDB1556287
:103E5C000123137662B6A06B10F076F856B970BDDC
:103E6C0072B6C2ED077A137662B6A06B10F06CF8DE
:103E7C00002EF4D0D4F8A4310133C4F8A43170BDB1
:103E8C0072B6D561157662B6EFE70029B4BF01238F
:103E9C004FF0FF335362DBE795FBF3F5002DF4D0C5
:103EAC00D5E7117662B6E0E71A5B01206666304210
:103EBC00F0B50646406883B00D460368C9B29B69ED
:103ECC000191984728B304467068019903685B69AF
:103EDC0098470746E8B12146002013F057F8012C0B
:103EEC0057F8201013D98D4211D1431C01E06445C1
:103EFC000DD993FBF4F204FB1232013357F8222054
:103F0C00A3EB000CAA425FFA8CFCF0D0114686F8A9
:103F1C00A01103B0F0BD00BFC36C1B68022B00D016
:103F2C00704770B500F582750446C82128462DED02
:103F3C00028B12F033FB10B9BDEC028B70BD00216B
:103F4C00284612F015FB94F81831002B7ED0236D07
:103F5C00D4ED457A93ED007ADFED716A37EE677A2E
:103F6C00E7EE267AF5EEC07AF1EE10FA79D4F7EE98
:103F7C00006AF4EEE67AF1EE10FA44DDB5EE008A52
:103F8C00DFED688A9FED687AC4ED456AF3EE047A3A
:103F9C002669B4EEE77AF1EE10FA7BD5634B644DEB
:103FAC00DFED647A644AF4EEE78A7262F1EE10FA9D
:103FBC00C6E9065346D4DFED617AF4EEE78AF1EEFA
:103FCC0010FA5ADCF5EEC08A6269F1EE10FA57D598
:103FDC000023B5EEC08AD361F1EE10FA3FD4DFEDC9
:103FEC00587AB4EEE78AF1EE10FA43DCF7EE007A79
:103FFC00B4EEE78AF1EE10FA76DD4FF480331362FB
:10400C00BDEC028B70BD9FED4F6A9FED4F7ADFEDDB
:10401C004F6AA7EE867AC4ED457AB4EEE67AF1EEF5
:10402C0010FA41D54A4B4B4D9FED4B8ADFED4B6A55
:10403C00F0EE488A9FED3B7A2669A7EE878AE7EE79
:10404C00A68AADE740F2CD336269C2E7236D012247
:10405C00D3ED007A84F81821C4ED457A7AE7002371
:10406C00CDE79FED3D8A9FED387AF0EE488ADFED83
:10407C003C6A89E746F26663C1E747F22123E3E72E
:10408C00DFED387AF4EEE78AF1EE10FA16DD4FF038
:10409C0000439EE7DFED347AB4EEE77AF1EE10FAE6
:1040AC0029DD324B324D7BE7DFED326AB4EEE67A36
:1040BC00F1EE10FA0BDD304B304DB5E7DFED307A19
:1040CC0068EEA78AFCEEE87A17EE903A81E79FED4E
:1040DC00228A9FED226AF0EE488ADFED126AA7EE83
:1040EC00A68AE7EE868A51E7F0EE487AFEEEC87AA9
:1040FC0017EE903A83E7DFED237A27EE277AF0EE7E
:10410C00477AB0EE470AFEEEE07A17EE905A16F0B8
:10411C0027FDF0EE407AFEEEE07A17EE903A3FE79C
:10412C000AD7A33CCDCC4C3E00009644DE5717007A
:10413C00DF5717000AD7233C00B76D5B9A99993E5D
:10414C00CDCCCC3E00002F440000FA430000C84305
:10415C0060D9D2016CDDD201CDCC4C3D9A99193E7F
:10416C00000000000044AC4600D08946008C3C4B5B
:10417C0000BE6C500080BB4418E9D50650BED60674
:10418C00C637BE4793651538C36C1B68032B00D02C
:10419C00704770B500F58E750446C82128462DED84
:1041AC00068B12F0FBF910B9BDEC068B70BD00212B
:1041BC00284612F0DDF994F83031002B00F0E7803E
:1041CC00236DD4ED4B7A93ED007ADFEDCE6A37EEAA
:1041DC00677AE7EE267AF5EEC07AF1EE10FA00F186
:1041EC00E180F7EE006AF4EEE67AF1EE10FA3ADDD1
:1041FC00B5EE008ADFEDC48A9FEDC49A9FEDC4AA88
:10420C00DFEDC49A9FEDC47AC4ED4B6AF3EE047AE9
:10421C002669B4EEE77AF1EE10FA40F1EF80BF4B6D
:10422C00BF4DF6EE007AC6E90653F4EEE79AF1EECE
:10423C0010FA4AD4F0EE007AF4EEE79AF1EE10FAA6
:10424C0000F3CF80DFEDB37AF4EEE79AF1EE10FADB
:10425C003BD4F1EE047AF4EEE79AF1EE10FA40F367
:10426C001881B04B32E09FEDB06A9FEDB07ADFED74
:10427C00B06AA7EE867AC4ED4B7AB4EEE67AF1EE2C
:10428C0010FA40F1CE80AB4BAB4D9FEDAC8AF7EE04
:10429C00089A9FEDAB7AF5EE008AB0EE48AA9FED36
:1042AC00A95AB0EE479ADFEDA85A9FEDA86AE7EE3F
:1042BC00C59ADFEDA76AA7EEA5AAA7EE869A26698E
:1042CC00E7EEC78AA7EEA68AABE7A24BDFEDA27A90
:1042DC007362B4EEE7AAF1EE10FA54D4F6EE007A5B
:1042EC00B4EEE7AAF1EE10FA78DCB5EEC0AA636979
:1042FC00F1EE10FA78D50022B5EEC09ADA61F1EE43
:10430C0010FA4DD4DFED837AB4EEE79AF1EE10FAA1
:10431C0061DCF7EE007AB4EEE79AF1EE10FA40F3B6
:10432C00CA804FF48032F5EEC08A1A62F1EE10FAB0
:10433C0049D4F6EE007AF4EEE78AF1EE10FA47DC97
:10434C00DFED867AF4EEE78AF1EE10FA73DD844B3A
:10435C00B5EEC08A834A1362F1EE10FA31D4DFED68
:10436C00827AB4EEE78AF1EE10FA2EDCDFED7B7A7E
:10437C00B4EEE78AF1EE10FA4ADD794B7B4ABDECDC
:10438C00068B136270BD41F205326369B4E7236D8D
:10439C000122D3ED007A84F83021C4ED4B7A12E778
:1043AC000022C0E79FED658AF5EE008AF7EE089AC9
:1043BC009FED639AB0EE48AA9FED5C7ADFED6C6AD4
:1043CC0022E70023DAE70023C2E744F6CC43D5E723
:1043DC004FF40043BCE74BF23332A4E74BF63762A1
:1043EC00D3E74FF0005371E7DFED627AB4EEE7AA42
:1043FC00F1EE10FA28DD4FF000427DE7DFED5E7A3A
:10440C00B4EEE77AF1EE10FA27DD5C4B5C4D08E771
:10441C00DFED5C7AB4EEE78AF1EE10FA44D55A4B34
:10442C00ACE7DFED5A6AB4EEE67AF1EE10FA49DD4C
:10443C00574B584D29E7DFED537AF4EEE78AF1EE4E
:10444C0010FA1FD5504B83E7DFED537A6AEE277ACB
:10445C00FCEEE77A17EE902A4EE7DFED507A27EE66
:10446C00277AF0EE477AB0EE470AFEEEE07A17EEC6
:10447C00905A16F075FBF0EE407AFEEEE07A17EEED
:10448C00903ACEE6F0EE687AFEEEC87A17EE903AE5
:10449C005EE7B7EE007AC7EE297AB0EE677ABEEE29
:1044AC00C17A17EE103A11E7F0EE487AFEEEC87AB0
:1044BC0017EE903A62E7F0EE497AFEEEC87A17EE04
:1044CC00902A30E79FED1D8AF7EE089ADFED1C6A03
:1044DC00F5EE008AB0EE48AADFED1A4AB0EE669A05
:1044EC009FED195ADFED195AE7EEE49A9FED186A21
:1044FC00A7EE85AAA7EEA59AE7EEE68AA7EE868A2E
:10450C0084E600BF0AD7A33CCCCC4C3D9A99193F0A
:10451C00CCCCCC3E3333333F0000E144DE571700A4
:10452C00DF571700D0CCCC0C00007A440000484474
:10453C00000016447C3EBC02204CBC020AD7A33DB2
:10454C00CDCC4C3ECDCC4C3F0AD7A33ECDCCCC3EB3
:10455C007B142E3E00B76D5BCDCC4C3D00FEFF4670
:10456C000000FF7F3C3601209A99993EDC20012007
:10457C00000000000044AC4600D08946008C3C4B47
:10458C0000BE6C5000FEFFC6000001800000FA4423
:10459C00D0591C0920531E09C637BE4793651538E0
:1045AC00C36C70B51D6805B170BD00F59A760446F4
:1045BC00C821304611F0F2FF0028F5D029463046CC
:1045CC0011F0D6FF94F8483103B3236DD4ED517A32
:1045DC0093ED007A0023DFED4A6A37EE677AE7EE57
:1045EC00267AF5EEC07AF1EE10FA18D4F7EE006ADE
:1045FC00F4EEE67AF1EE10FA1EDDC4ED516A42F6E5
:10460C0014634049404ACD61D36170BD236D0122D2
:10461C00D3ED007A84F84821C4ED517AD8E745F6F9
:10462C0099159FED3A7AC4F84431F0EE477AFEEED4
:10463C00C87A17EE903AE4E79FED357AC4ED517ADB
:10464C00F4EEC77AF1EE10FAD9DA36EEE77A9FED8E
:10465C00316A27EE067AB5EEC07AF1EE10FA0FD475
:10466C00B4EEE67AF1EE10FA02DD4FF4803507E095
:10467C00DFED296AB4EEE67AF1EE10FA27DD274D6C
:10468C009FED237AF4EEC77AF1EE10FAB7DADFED8C
:10469C001F6A9FED236AB0EE667AA7EE867AB4EEB7
:1046AC00E67AF1EE10FA0FD4DFED1E7AB4EEE77A6B
:1046BC00F1EE10FAA3DCDFED187AB4EEE77AF1EE46
:1046CC0010FA0DDD154B9CE740F6CC4399E7DFED76
:1046DC00166AB4EEE67AF1EE10FA0AD5134DCFE76E
:1046EC00DFED117AB4EEE77AF1EE10FA9DD50F4BAF
:1046FC0087E7F0EE476AFEEEC86A16EE905ABFE7FF
:10470C008FC2F53D3C360120DC200120CDCC4C3D48
:10471C009A99593F3333B33E00FEFF460000FF7FAA
:10472C00B91E053EEC51383E00FEFFC6000001806C
:10473C0070B5002405462B68696C1859043403685D
:10474C009B689847102CF6D1EB6CAA6A1B688E48B4
:10475C0023F002038D49012BC2E9060123D1AB6C76
:10476C001B68B3F5FA7F23DD2B6D05F17804DFEDC3
:10477C00887A93ED007A2046B4EEE77AF1EE10FADF
:10478C00CCBF3221642111F009FF00283ED1502109
:10479C00204611F003FF10B1EB6900221A76EB6C86
:1047AC001B6823F002031BB9AB6D1B68022B00D0F6
:1047BC0070BDEB6D1B68022BFAD0AB6C05F5437426
:1047CC00196820460029B8BF01314910B1F5C87FDE
:1047DC0028BF4FF4C8715A2938BF5A2111F0DEFE98
:1047EC0000284CD195F82C33002BE1D05A2105F53B
:1047FC00477011F0D3FE0028DAD0686A0FF0A4FBE2
:10480C0000232A6A137685F82C3370BD00212046CC
:10481C0011F0AEFEAB6D1B68022BB8D1EB6D1B68B3
:10482C00022BB4D0AB6C05F5A6761968304689001E
:10483C0011F0B4FE002865D195ED6B7A17EE103AA5
:10484C00002BA4DDD5F85C21012A69D0022AB8EE30
:10485C00C77A77D0002A72D0DFED4E7AB4EEE77AC1
:10486C00F1EE10FA73D5EA694FF4067341F6FF7155
:10487C0011620021538301239183137687E7002172
:10488C00204611F075FE95F80131042BAAD995F844
:10489C000031033303F00703383355F82330002B72
:1048AC00A0DD07EE903AB8EEE77ADFED3A7AB4EE97
:1048BC00E77AF1EE10FA30D49FED376AF6EE006A23
:1048CC00C6EE077A77EEA67AFDEEE77A17EE903A07
:1048DC00B3F5067FA8BF4FF406739BB22A6A002675
:1048EC00012441F6FF715383116214769683686A32
:1048FC000FF002FB314605F5477085F82C4311F09B
:10490C0037FE6FE70021304611F032FE0321002004
:10491C0012F03CFBC5F85C018EE74FF40673DDE743
:10492C00BAEEEF7A41F63331DFED1A7AB4EEE77A6C
:10493C00F1EE10FA21D5EA694FF4067398E741F6C7
:10494C00FF71F1E737EE077A41F6FF71ECE7F6EE0F
:10495C00006A9FED116AEA6941F6FF71C6EE077AAB
:10496C0077EEA67AFDEEE77A17EE903AB3F5067F6E
:10497C00A8BF4FF406739BB27AE7F6EE006A9FED80
:10498C00066AEA69EAE700BF90298F0460EA8E04A0
:10499C009A99193F0000204200442C470000000067
:1049AC002DE9F84FD0F870311BB1436E05461B78DA
:1049BC000BB9BDE8F88F836C00F5B074196820460C
:1049CC00490111F0EBFD002840F09C80D5F87041B6
:1049DC00002CEED06B6E1B78002BEAD094F82032B2
:1049EC00002BE6D0CA4AD4F818321668F31A312BC9
:1049FC00DFD9D4ED842AF7EE007A94ED857A72EE45
:104A0C00872AF4EEE72AC4ED842AF1EE10FA80F23C
:104A1C00C980B7EEE27A94F80402B7EE006B94F812
:104A2C00053294F806124200BA4D36EE476B94F8F4
:104A3C0008724FB1F7EE005A94ED837AB4EEE57A32
:104A4C00F1EE10FA00F1C780024404F10409B7EE4C
:104A5C00005B04F5017803EB420301EB420255F8CD
:104A6C00233055F822004A46991EC3F1020E023833
:104A7C0030F9023F0EEB010C07EE103A31F9023F10
:104A8C00B8EEC77A04EE103AB8EEC44B27EE227A91
:104A9C00B7EEC77AA4EE067BBDEEC77B17EE103AD5
:104AAC001BB227B394F804A207EE903A94F805B21F
:104ABC000AEB4A0AB8EEE77AD4ED837A0BEB4A0B91
:104ACC00B7EEE74A55F82B3027EE277A33F90C303E
:104ADC0035EE444BB7EEC77A03EE103AB8EEC33B53
:104AEC00A3EE047BBDEEC77B17EE103A1BB222F887
:104AFC00023B9045BCD12368C3F82C90C4F81862D3
:104B0C00BDE8F88F0021204611F032FD082100206D
:104B1C0012F03CFAD5F87021C3B292F80412082BAB
:104B2C0028BF0023994207D00120002182F80732C8
:104B3C0082F80802C2F80C120421002012F026FAA6
:104B4C0050B1012808D00228D5F8704100F0B5808A
:104B5C00032384F8213203E0D5F8704184F8210254
:104B6C001921052012F012FA07EE900A9FED624B04
:104B7C00B8EEE76B9FED625B86EE047BB7EEC77B0E
:104B8C00B7EEC76AB4EEC56BF1EE10FA20D4F7EEAF
:104B9C00007AB4EE677AF1EE10FA37FE877A84ED7C
:104BAC00857A13E794F8040200235A4DC4F81032A6
:104BBC0000EB4003420005EBC30393F8108094F81C
:104BCC002132032B00F28F80DFE803F065423222A2
:104BDC009FED517AE3E7B7EEC77A9FED4B4B37EE7B
:104BEC00047BB7EEC77BB4EEE57AF1EE10FA61DB2D
:104BFC0094F807C20027C4ED835A84F804C24FF01E
:104C0C00010C84F8087284F8057284F806C21BE75C
:104C1C0094F80572B7EE006BDFED402AB7FA87F710
:104C2C007F093B4684F80672194684F80572FEE645
:104C3C00D4F8243294F805721F44FFB2B84542D917
:104C4C00B7EE006BDFED352A3B4684F80672EBE7D6
:104C5C00B8F1010F94BF4FF000094FF0010902E0C9
:104C6C00B9F1000F0BD04146002012F08FF994F8E7
:104C7C000522C3B29A421F4684F80632F0D0D4ED16
:104C8C00842AB7EE006B94F80402B7EEE27A420085
:104C9C0036EE476BC8E794F80532B7EE006BDFEDE4
:104CAC001F2A0133B3FBF8F108FB1133DFB284F890
:104CBC000672B9E784ED837AC6E6012384F82102F3
:104CCC00C4F824324CE7A8F102084FF0FF33B7EEDA
:104CDC00006BDFED122A5FFA88F7C4F8243284F8EF
:104CEC0006723B46A0E794F80672B7EE006BDFED58
:104CFC000B2A3B4698E700BF0000000000408F40A5
:104D0C00FCA9F1D24D62503F9A9999999999A93F72
:104D1C0010400120581E00206F12833A0000000042
:104D2C0090F808338B420ED9D0F804334FF0000CB6
:104D3C00054A03EBC10380F8EF1280F8F0C21B792F
:104D4C00117080F8F1327047115B012010B40C46E1
:104D5C00C16D0346086883F8EE0205200860012047
:104D6C00C3F8E842002183F8EC0203F532705DF8D9
:104D7C00044B83F8ED2211F0FBBB00BF0021C36D87
:104D8C0090F8EE22A0F8EC121A6070472DE9F04F63
:104D9C00044640680E460368616C9B682DED028BDF
:104DAC008DB08DF80720984760680368DB689847DA
:104DBC00606803681B6998479DF80730012B00F069
:104DCC009881022B00F0B781002B00F09581002711
:104DDC00A36D1B68022B00F07E810025A06B8DF863
:104DEC000F500FF0B1F8236C5D620DF10F030DF154
:104DFC000702059404930B93089204AA09940A924F
:104E0C00CDE906439DF80730022B00F062811A1E93
:104E1C0018BF0122E16D0D684DB9A16D0968914271
:104E2C0000F0F5810DB0BDEC028BBDE8F08F032DC9
:104E3C0055D1A16D09689142F4D1012B00F0738317
:104E4C00002FEFD0D4F8A451BD4280F2D18395FB52
:104E5C00F7F107FB11556068002B40F0C583036820
:104E6C001B6A9847002800F0E084013F7F1BC25D5D
:104E7C0090006368012E9B681B5800F02F84002E55
:104E8C00D0D194F8A131012BCCD1BF4BA26984F8BD
:104E9C00A1611E7072B6D3691662002B01F01081ED
:104EAC0083FAA6F1EFF30080050141F1C780B74802
:104EBC00D91780FB0350A1EB2031002901F0718040
:104ECC0051620123137662B6079B1B78002B41F0CD
:104EDC000780D4F8A4310133C4F8A431A2E7012D22
:104EEC0042D0042D00F0C580052D40F05981A16DF4
:104EFC000968914296D194F8EC226AB194F8ED527B
:104F0C0055B9D4F8E81204F5327011F047FB0028BB
:104F1C0040F005879DF80730A26C1268002AB8BFD4
:104F2C000332EF2A4FEAA20100F253824FF0140829
:104F3C00012B00F0CC84002F3FF474AF39460020D5
:104F4C0012F024F8012EC4F8A40100F0C085002E44
:104F5C007FF468AF94F8A11101297FF463AF424646
:104F6C002046FEF747FF5DE7A36D1B6893427FF475
:104F7C0059AFA36C04F188081B68404607EE103A41
:104F8C00BAEEEF7BFCEEC77B17EE901A11F006FB26
:104F9C00002840F08C8494F8B1310D2B00F27E8304
:104FAC009DF80730012B40F0498294F89F31002F77
:104FBC0000F03C8500259FED768ADFF8CC91DFF878
:104FCC00DC8103E00135AF4200F03085AB42F9D112
:104FDC00012E00F09185002EF4D194F8A121012A24
:104FEC00F0D14FF47A71304684F8A16189F80060F1
:104FFC0011F0CCFF07EE900A069BF8EEE77A9A695F
:10500C00F5EEC07AF1EE10FA40F28C8767EE887AF2
:10501C00FDEEE77A17EE903A002B00F0838772B61C
:10502C00D0691662002801F0818080FAA6F1EFF3B6
:10503C00008C1CF0006F01F0758003F1010CBCF1C9
:10504C00020F02D990FBF3F35942002901F0308092
:10505C0051620123137662B6079B1B78002B40F03C
:10506C00A88794F89F112046FEF722FF94F89F31F1
:10507C00A8E7A16D096891427FF4D4AED4F804235B
:10508C0094F8EF1294F8F00202EBC10552F83110CB
:10509C002A7984F8F122095C012900F0A181012E02
:1050AC0000F0D683002E7FF4BDAE94F8A131012B15
:1050BC007FF4B8AE431C344984F8A161DBB20E70A6
:1050CC009A4284F8F0323FF6ADAE002384F8F03209
:1050DC00A8E61A469EE6E36C1B6833F002037FF4E5
:1050EC007CAE0122236C8DF80F204FF480425A6263
:1050FC007BE663681F796BE6606803681B6A9847F8
:10510C0063689F791A69002F00F01C81B0FA80F354
:10511C005B09002800F01681D4F8A411B942B4BF81
:10512C004018C4F8A431037852F82330194AC4F853
:10513C00A83113604CE663685F79DB68002F61D09F
:10514C00D4F8A421BA4280F2088103EB82031B68D5
:10515C00114A002BC4F8AC3113607FF739AE94F8C8
:10516C00002102F13801013244F8213002F007022B
:10517C0094F8013184F80021072B3FF629AE013356
:10518C0084F8013124E600BF1A5B01208FF18D2FCA
:10519C00666630421437012090A200200080FF3F49
:1051AC00022D7FF43FAE012B00F09580FA220021F6
:1051BC002046FEF71FFEE36C1B68032B7FF432AE18
:1051CC00A26C94F89C311568002B7FF42BAEA84F81
:1051DC00042101263868037884F89E310CF0BEFC5B
:1051EC0041F27071386884F89D6191FBF5F1782972
:1051FC00A8BF78213C29B8BF3C210DF093FF84F85F
:10520C009C610FE69B4BC4F8AC711F60E0E5012B71
:10521C0040F0A780002F00F09B80DFF864929FED98
:10522C00968ADFF8648203E00135AF4200F090808B
:10523C0094F89F31AB42F7D1012E00F02781002E5C
:10524C00F2D194F8A131012BEED14FF47A713046A2
:10525C0084F8A16189F8006011F098FE07EE900ABD
:10526C00069BF8EEE77A9A69F5EEC07AF1EE10FA41
:10527C0040F2278467EE887AFDEEE77A17EE903AD3
:10528C00002B00F01E8472B6D1691662002900F062
:10529C000E8681FAA6F0EFF3008C1CF0006F00F084
:1052AC00C98503F1010CBCF1020F02D991FBF3F398
:1052BC005842002800F0608550620123137662B6D4
:1052CC00079B1B78002B40F0248594F89F112046F7
:1052DC00FEF7EEFDA8E76421002011F057FE07EE63
:1052EC00900AA269F8EEE77AF5EEC07AF1EE10FAC0
:1052FC0040F2CE819FED607A67EE877AFDEEE77A19
:10530C0017EE903A002B00F08A8072B60021D0691B
:10531C001162002800F04084002180FAA1F1EFF323
:10532C0000852D0140F1D0825D1C022D02D990FB2D
:10533C00F3F35942002900F0718251620123137674
:10534C0062B671E000234D4AC4F8A83113603FE502
:10535C0094F8A03184F89F3164E50022C4F8A421AC
:10536C00F5E6D4F8A4319F42D8BFC4F8A451012E5D
:10537C0074D0002E7FF456AD94F8A131012B7FF43C
:10538C0051AD3F4BA16984F8A1611E7072B6CB6917
:10539C000E62002B00F0488683FAA6F2EFF3008031
:1053AC00060140F10C863748DA1780FB0350A2EB5C
:1053BC002032002A00F0BC854A6201230B7662B6CB
:1053CC00A06B0EF0C1FDD4F8A4310133C4F8A431A4
:1053DC0028E5B1F5E27F40F26D834FF09608A7E522
:1053EC00012B00F0DC83012E38D0002E7FF41AAD97
:1053FC0094F8A131012B7FF415AD4FF4FA72012111
:10540C002046FEF7F7FC94F8F03294F8F1220133C1
:10541C00DBB29A4284F8F0323FF604AD55E672B630
:10542C00C2ED077A137662B6079B1B78002B3FF40C
:10543C00C2AE069B986B0EF087FDBCE6D4F8BC316F
:10544C00C4F8C031D4F8A431BB42C4F8BC3102DB7F
:10545C000023C4F8A431012E40F0058394F8A13147
:10546C00002B7FF4DFAC00212046FEF7E9FAD9E4EB
:10547C008C2A012090A2002066663042143701204D
:10548C001A5B01208FF18D2F0080FF3F94F8A1A1B2
:10549C00BAF1000F7FF4C8AE6421504684F8A161C4
:1054AC0089F8006011F072FD07EE900A069BF8EE89
:1054BC00E77A9A69F5EEC07AF1EE10FA40F2378489
:1054CC0067EE887AFDEEE77A17EE903A002B00F043
:1054DC00368472B6D169C2F82080414500F0BB8495
:1054EC0081FAA8F0EFF3008C1CF0006F00F09884A8
:1054FC0003F1010CBCF1020F04D998FBF3F091FB02
:10550C00F3F3C01A002800F02984506201231376AB
:10551C0062B6089B1B78012B7FF486AE294608A83F
:10552C00FDF72CFE80E6002F3FF412AF0025DFF8CC
:10553C0004839FEDBF8ADFF8149303E00135AF427B
:10554C003FF406AF94F89F31AB42F7D1012E53D004
:10555C00002EF3D194F8A131012BEFD14FF47A71D5
:10556C00304684F8A16188F8006011F00FFD07EE59
:10557C00900A069BF8EEE77A9A69F5EEC07AF1EE9E
:10558C0010FA40F2F48367EE887AFDEEE77A17EEB4
:10559C00903A002B00F0EB8372B6D16916620029A9
:1055AC0000F0258581FAA6F0EFF3008C1CF0006F5B
:1055BC0000F0F38403F1010CBCF1020F02D991FB52
:1055CC00F3F35842002800F0A584506201231376AF
:1055DC0062B6079B1B78002B40F0268494F89F1131
:1055EC002046FEF765FCA9E70368DB69984739E4B8
:1055FC000025C4F8A4512EE494F8A1A1BAF1000F2F
:10560C009CD16421504684F8A16188F8006011F0A7
:10561C00BDFC07EE900A069BF8EEE77A9969F5EE69
:10562C00C07AF1EE10FA40F2098467EE887AFDEE4A
:10563C00E77A17EE903A002B00F0078472B6CA692D
:10564C00C1F820904A4500F0C08482FAA9F0EFF32B
:10565C00008C1CF0006F00F08C8403F1010CBCF189
:10566C00020F04D999FBF3F092FBF3F3C01A002854
:10567C0000F04284486201230B7662B6089B1B78CB
:10568C00012B7FF45BAF294608A8FDF777FD55E7A2
:10569C0072B60023D361137662B6C5E6112B00F205
:1056AC00CD819DF80730012B00F08083012E3FF453
:1056BC00D5AE002E7FF4B6AB94F8A131012B7FF45C
:1056CC00B1AB5C4B4FF4FA719FED5B0A06A884F802
:1056DC00A1611E70FDF734FEFFF7A4BB94F8A11175
:1056EC0000297FF49FAB07EE903AA068F8EEE77ABA
:1056FC00F5EEC07AF1EE10FA00F146839FED4F7A89
:10570C00F4EEC77AF1EE10FA0CDC9FED4D7A4D4DAC
:10571C0027EE877ABCEEC77A17EE101A80ED077A5F
:10572C00A94201D94749C161D4F8701121B1606E09
:10573C000078002840F094839DF80710002940F071
:10574C0005834149C4F8A8310B6001213948A3698C
:10575C00C4F8B42184F8A111017072B63B4900223F
:10576C00D9611A7662B6049B1B78002B4CD0F5EEEF
:10577C00C07AF1EE10FA47D9059991F809330BB1BB
:10578C0077EEA77AF5EEC07A0A6B37EEA77AF1EED0
:10579C0010FA00F1AE83DFED296AF4EEE67AF1EE51
:1057AC0010FA0CDCDFED266A264867EEA67AFCEED2
:1057BC00E77A17EE903AC2ED097A834201D9214B70
:1057CC005362B5EEC07A496BF1EE10FA00F18E839C
:1057DC00DFED1A7AB4EEE77AF1EE10FA0CDCDFEDBD
:1057EC00187A184827EE277AFCEEC77A17EE903A0B
:1057FC00C1ED077A834201D9124BCB6142F6AA2143
:10580C000123916282F839329DF80F30002B40F061
:10581C00E982012384F8B031FFF704BB0028B4BF40
:10582C0001234FF0FF33536288E50246FFF721BB9B
:10583C00666630421A5B0120000000000044AC4652
:10584C00C637BE470000FE7F143701200080FF3FA3
:10585C0094F8A131002B7FF4E5AAA24AA16984F83F
:10586C00A161167072B6CA690B62002A00F0378407
:10587C0082FAA3F3EFF30080070140F1EC839A481E
:10588C00D31780FB0240A3EBA023002B00F07A83FC
:10589C004B6201230B7662B6079B1B78002B3FF4FF
:1058AC00C1AA069B986B0EF04FFBFFF7BBBA4046A4
:1058BC00002110F05DFE1421002011F067FBC3B233
:1058CC0084F8B131FFF769BB91FBF3F132E539464E
:1058DC00002011F05BFBC3B284F89F31002F3FF422
:1058EC00A1AA9FED828A0025DFF8F891DFF804A2C7
:1058FC0005E00135AF423FF495AA94F89F31AB42D5
:10590C00F7D1012E46D0002EF3D194F8A131012B02
:10591C00EFD107EE908A069B84F8A161F8EEE77A46
:10592C009A6989F80060F5EEC07AF1EE10FA40F24F
:10593C00EC8267EE887AFDEEE77A17EE903A002B50
:10594C0000F0E38272B6D0691662002800F0E7839B
:10595C0080FAA6F1EFF3008C1CF0006F00F0C68308
:10596C0003F1010CBCF1020F02D990FBF3F3594285
:10597C00002900F0528351620123137662B6079B13
:10598C001B78002B40F0048394F89F112046FEF7FF
:10599C008FFAAEE794F8A1B1BBF1000FA9D1322177
:1059AC00584684F8A16189F8006011F0EFFA07EE0F
:1059BC00900A069BF8EEE77A9A69F5EEC07AF1EE5A
:1059CC0010FA40F20D8367EE887AFDEEE77A17EE57
:1059DC00903A002B00F0FE8272B6D069C2F820A07B
:1059EC00504500F08D8380FAAAF1EFF3008C1CF087
:1059FC00006F00F0718303F1010CBCF1020F04D9AC
:105A0C009AFBF3F190FBF3F3C91A002900F03083F1
:105A1C0051620123137662B6089B1B78012B7FF42D
:105A2C0068AF294608A8FDF7A9FB62E794F8A02106
:105A3C0084F8C43184F89F21FFF7F4B9122B00F0DD
:105A4C00A581132B7FF4EEA99DF80730012B00F0F4
:105A5C00CD81D4F8C031BB42A8BF0023012EC4F8BD
:105A6C00A4313FF4FBAC002E7FF4DCA994F8A131F7
:105A7C00012B7FF4D7A91B4BA26984F8A1611E707E
:105A8C0072B6D1691662002900F07E8381FAA6F302
:105A9C00EFF30080000140F1728345F2226391FB29
:105AAC00F3F35B42002B00F049835362012313761E
:105ABC0062B685E40E4AA2FB01214FEA5108FFF7BA
:105ACC0037BA72B6D661167662B6FFF7F9BB94F8A0
:105ADC00A131002B7FF4A6A90A212046FDF7B0FFC7
:105AEC00FFF7A0B91A5B0120E5DBE276666630426F
:105AFC00ABAAAAAA0080FF3F94F8A1A1BAF1000FAB
:105B0C007FF460AA6421504684F8A16189F8006092
:105B1C0011F03CFA07EE900A069BF8EEE77A9A69C8
:105B2C00F5EEC07AF1EE10FA40F2658267EE887AF3
:105B3C00FDEEE77A17EE903A002B00F0638272B616
:105B4C00D069C2F82080404500F0DE8280FAA8F1CE
:105B5C00EFF3008C1CF0006F00F0C58203F1010C18
:105B6C00BCF1020F04D998FBF3F190FBF3F3C91AC3
:105B7C00002900F0758251620123137662B6089BEE
:105B8C001B78012B7FF472AA294608A8FDF7F6FAB8
:105B9C0094F89F31FFF716BA117662B644E4002FE1
:105BAC003FF4D6AB0025DFF81C839FEDC38ADFF8EA
:105BBC002C9303E00135AF423FF4CAAB94F89F310C
:105BCC00AB42F7D1012E58D0002EF3D194F8A1316D
:105BDC00012BEFD14FF47A71304684F8A16188F82B
:105BEC00006011F0D3F907EE900A069BF8EEE77A05
:105BFC009A69F5EEC07AF1EE10FA40F2BE8167EECA
:105C0C00887AFDEEE77A17EE903A002B00F0B5811A
:105C1C0072B6D0691662002800F0998280FAA6F15B
:105C2C00EFF3008C1CF0006F00F08E8203F1010C7E
:105C3C00BCF1020F02D990FBF3F35942002900F09A
:105C4C00678251620123137662B6079B1B78002B87
:105C5C0040F0DE8194F89F112046FEF729F994F864
:105C6C00F03294F8F1220133DBB29A4284F8F0322C
:105C7C00A0D8002384F8F0329CE794F8A1A1BAF1E3
:105C8C00000F97D16421504684F8A16188F8006018
:105C9C0011F07CF907EE900A069BF8EEE77A9A6908
:105CAC00F5EEC07AF1EE10FA40F2CE8167EE887A0A
:105CBC00FDEEE77A17EE903A002B00F0B98172B640
:105CCC00D069C2F82090484500F0348280FAA9F1DE
:105CDC00EFF3008C1CF0006F00F00B8203F1010C51
:105CEC00BCF1020F04D999FBF3F190FBF3F3C91A41
:105CFC00002900F0E98151620123137662B6089BFA
:105D0C001B78012B7FF456AF294608A8FDF736FA0D
:105D1C0050E7069B986B0EF017F9FFF7D6BAE36DB8
:105D2C0094F8EE221A6084F8EC52FFF77BB872B646
:105D3C0082F818A0C2F81C8062B6FFF7EABB72B6F4
:105D4C001376C2F81C8062B6FFF7E3BB02297FF41E
:105D5C00FCAC5A49C4F8AC310B60F6E4584B994290
:105D6C00D4BF01214FF0FF315162FFF7CFBB72B6A8
:105D7C00D661167662B62CE40029B4BF01234FF02D
:105D8C00FF335362FFF799BAC161CDE49DF8073038
:105D9C00012B2BD0D4F8BC31BB42A8BF0023012E61
:105DAC00C4F8A4317FF45FAEFFF758BB012E00F0AE
:105DBC00C780002E7FF436A894F8A131012B7FF414
:105DCC0031A8404B30464FF47A7184F8A1611E70B3
:105DDC0011F0DCF89FED3C0A014606A8FDF7B0FA7D
:105DEC00FFF720B8A06B0EF087F812E594F8C431D9
:105DFC00BB42BFF617A8012E84F89F3100F04081FA
:105E0C0026B994F8A131012B00F0A48194F89F21BC
:105E1C0094F8A03184F8C42184F89F31FFF702B8BC
:105E2C0090FBF3F0FFF76EBB069B986B0EF08CF8B3
:105E3C00FFF7D4BB90FBF3F0FFF73BBA72B681F8D7
:105E4C0018A0C1F81C9062B618E472B60B76C1F8B3
:105E5C001C9062B612E482F818A062B6FFF759BB28
:105E6C001A48D1F818520068401B31287FF664ACF0
:105E7C00F5EEC07A0868F1EE10FA00F13D819FED65
:105E8C00147AF4EEC77AF1EE10FA0DDC9FED117A6C
:105E9C00114D27EE877ABCEEC77A17EE101A80EDFB
:105EAC00077AA9427FF648AC0B49C16144E41676E7
:105EBC0062B6FFF705BA00BF6666304290A20020BA
:105ECC00FF7FFF3F1A5B0120000000001040012003
:105EDC000044AC46C637BE470000FE7F0080FF3F43
:105EEC00069B986B0EF030F8FEF7F3BF0023CB61E6
:105EFC0084E40023536264E4A54B9A42D4BF01228C
:105F0C004FF0FF324A62FFF7B6BB72B6D661167617
:105F1C0062B634E50029B4BF01234FF0FF3353625E
:105F2C00FFF754BB72B6D661167662B6FFF794B81B
:105F3C00002BB4BF01234FF0FF334B62FFF73DBA88
:105F4C0094F8A10100287EF46DAF924B642184F883
:105F5C00A1611E7011F01AF8B6EE000A014606A8EF
:105F6C00FDF7EEF994F89F1108A8FDF7E1F9FEF79B
:105F7C0059BF90FBF3F0FFF77ABB72B6D661167679
:105F8C0062B662E6002AA8BF4FF0FF364E6280E48C
:105F9C00069B986B0DF0D8FFF6E490FBF3F0FFF73F
:105FAC0011BB002BB4BF01234FF0FF335362FEF73C
:105FBC0088BF069B986B0DF0C7FFFFF752B845F2F0
:105FCC00226092FBF0F2FFF7F4B981F818A062B6E8
:105FDC00FFF754BB72B61376C2F81CA062B61BE571
:105FEC0072B682F818B0C2F81CA062B614E5167628
:105FFC0062B6FFF7EEBA72B682F818A0C2F81C802F
:10600C0062B6BCE572B61376C2F81C8062B6B6E511
:10601C00069B986B0DF098FF1CE60028B4BF01237B
:10602C004FF0FF335362A7E40E7662B6FFF7C8B9A0
:10603C0072B61376C2F81C9062B660E645F2226026
:10604C0091FBF0F1FEF739BF72B682F818A0C2F8D6
:10605C001C9062B653E640F69D0093FBF0F314E4FB
:10606C004B4B9842D4BF01204FF0FF30506283E578
:10607C00474B9842D4BF01204FF0FF305062C8E428
:10608C0094F8A10100287FF4C1AE424B642184F83E
:10609C00A1611E7010F07AFFB6EE000A014606A848
:1060AC00FDF74EF994F89F1108A8FDF741F9ADE6FC
:1060BC000028B4BF01234FF0FF335362FEF7C9BF72
:1060CC00167662B6FEF700BF314B9842D4BF012062
:1060DC004FF0FF3050620FE691FBF3F195E40A7636
:1060EC0062B6FFF7D9BB91FBF3F141E591FBF3F1FC
:1060FC003EE491FBF3F1FBE50021C161FFF71CBB12
:10610C0082F818B062B687E482F818A062B636E559
:10611C000028B4BF01234FF0FF33536292E516768B
:10612C0062B62CE491FBF3F1FEF78FBF167662B6E4
:10613C00FEF792BF82F818A062B6E0E50029A8BF6E
:10614C004FF0FF355562B1E491FBF3F176E516762D
:10615C0062B67AE50F4B4FF47A71304684F8A16140
:10616C001E7010F013FF9FED0C0A014606A8FDF7F8
:10617C00E7F894F89F112046FDF79AFE46E645F2A3
:10618C00226093FBF0F38DE4167662B6FFF718B934
:10619C00FF7FFF3F1A5B012000000000F8B5FDF700
:1061AC00D3FBC36D04461B68022B03D1C36C1B6865
:1061BC00032B0BD0854E002530680DF00DF894F8AC
:1061CC009D3184F89C51002B40F0C0802046FEF796
:1061DC00E7FB7F4B1B78002B00F0B48094F8B831B0
:1061EC00D4E916120D781678AB4240F0888094F8FA
:1061FC00B931B34240F083802046FEF799FA20462D
:10620C00FEF7CEF92046FDF787FE2046FDF7BCFFD2
:10621C00E36D1B68052B4FD0A26C042B15682AD19B
:10622C0004F168062946304610F0B8F980BB07EE39
:10623C00105ABBEECF7B3046FCEEC77B17EE901AA4
:10624C0010F0ACF9002849D1F8BD41F28833012295
:10625C0004F5327084F8EE12C4F8E83284F8EC22BB
:10626C0010F086F9E36D1B68052BD5D194F8EC3250
:10627C0033BBA36C1D6829462046FCF7E9FD04F1ED
:10628C00680605463046294610F088F90028CED01D
:10629C003046002110F06CF9204602220121FEF755
:1062AC0075FD204600220121FEF770FD01222046DB
:1062BC001146FEF76BFDBAE794F8EC120029C4D036
:1062CC0004F536753C21284610F068F900284AD1AF
:1062DC000F21284610F062F90028B5D02046022282
:1062EC000021FEF753FD002220461146FEF74EFD1D
:1062FC00204601220021BDE8F840FEF747BD042EE0
:10630C0058D0012D43D0606803683DB3DB699847D2
:10631C0063685979D4F8B47160B1B1FA81F35B094F
:10632C0041B1013810F8012F974204D00133DAB291
:10633C009142F7D80023C4F8A43184F8B85184F8FA
:10634C00B96159E72046FCF765FE47E794F89E11C2
:10635C0030680BF003FC84F89D5137E71B6A9847B3
:10636C0063689979D6E72846002110F001F9204698
:10637C0002220121FEF70AFD204600220121FEF730
:10638C0005FD012220461146FEF700FDA0E7D4F8DA
:10639C00B4216368002A1B7914DB012BB8BF0123DD
:1063AC00013B9342A8BF1346DAB284F89F2184F8CC
:1063BC00A021C0E7002104F53D7084F8F01210F024
:1063CC00D7F89EE700221346EFE700BF8C2A012086
:1063DC00155B01204368C3B1826D1268012A14D089
:1063EC0072B99A798AB1D0F8A431C16D23EAE370FD
:1063FC000B68B0FBF2F1032B02FB110002D07047CB
:10640C005A79EFE7013A101A70474FF0FF30F6E770
:10641C0070B504464068D0B1012915D0036869B144
:10642C00DB699847636805465E792046FFF7D2FF23
:10643C006DB166B1B0420AD2285C70BD1B6A984738
:10644C00636805469E79F0E7D4F8B40170BD4FF04F
:10645C00FF3070BD4368C3B1826D1268012A14D03D
:10646C0072B99A798AB1D0F8A431C16D23EAE3707C
:10647C000B68B0FBF2F1032B02FB110002D070474A
:10648C005A79EFE7013A101A70474FF0FF30F6E7F0
:10649C0070B504464068002840D0A36D1B68012BE2
:1064AC0028D0E3B10368DB699847A36D05461B68E8
:1064BC00EBB963689E792046FFF78CFFB6FA86F33A
:1064CC005B0953EAD07329D145B3E36D1B68032BE9
:1064DC001FD0431CB342A8BF9B1BE85C70BD036874
:1064EC001B6A9847A36D05461B68002BE1D06368B7
:1064FC005E79E0E7036894F8A4119B69984768B14A
:10650C00606894F8A41103685B69984730B100681F
:10651C0070BD431E0028DDD1731EDBE74FF0FF304A
:10652C0070BD00BF8360009BC0E90012C360039B79
:10653C00DDE901128361C0E90412704710B504460D
:10654C0080680FF0ADFF002873D023694FF48042B0
:10655C0021681B680A62DB0007EE903AF8EEE77AD6
:10656C00F5EEC07AF1EE10FA09D49FED527AF4EE02
:10657C00C77AF1EE10FA7BDD4FF0004300E0002308
:10658C006268CB6172B64C490023D161137662B656
:10659C00A36903B19847A0680FF078FF48B323694B
:1065AC004FF4804122681B6811629B0007EE903A01
:1065BC00F8EEE77AF5EEC07AF1EE10FA17D49FED0B
:1065CC003D7AF4EEC77AF1EE10FA4EDC9FED3B7A91
:1065DC0067EE877AFCEEE77A17EE903AD361636840
:1065EC0072B635490022D9611A7662B610BD002305
:1065FC00F4E76369E06819680FF0D0FF0028CED18A
:10660C00636872B6DA691862002AEDD082FAA0F0DB
:10661C00EFF3008109013BD52948D11780FB0240DB
:10662C00A1EB203100293DD0596201221A7662B6C5
:10663C0010BD626872B6D169106281B381FAA0F0A4
:10664C00EFF300831B011CD51D48CB1780FB01C049
:10665C00A3EB203323B90029B4BF01234FF0FF3340
:10666C0053620123137662B695E74FF00043B5E70A
:10667C009FED127A67EE877AFCEEE77A17EE903A86
:10668C007EE70F4B83FB00C3C017C0EB2333E1E75E
:10669C000B4CC11784FB0040C1EB2031C2E71176D3
:1066AC0062B678E7002AB4BF01224FF0FF325A627B
:1066BC00BBE700BF0044AC460080FF3FC637BE4777
:1066CC008FF18D2F10B5044610F044FB2046BDE829
:1066DC00104010F04BBB00BF69B170B505460846C1
:1066EC000C4615F0F5FB2B680246214628465B68E4
:1066FC00BDE870401847704710B51B21474813F090
:10670C00F7F9474810F032FB0921464813F0F0F92D
:10671C00454B0321424893ED000A444CB7EEC00AA6
:10672C0010F046FB3E4810F021FB0E21404813F0C0
:10673C00DFF9236803213A4893ED080AB7EEC00A43
:10674C0010F036FB364810F011FB0F21394813F0CE
:10675C00CFF92268384B92F8C1203848002A12BF72
:10676C0002210321184613F0C3F92D4810F0FEFA4C
:10677C001621334813F0BCF9236893F8BE20002A85
:10678C0034D093F8BC202F4B002A2F4812BF032182
:10679C000221184613F0ACF9214810F0E7FA1A213F
:1067AC002A4813F0A5F9236893F8BF205ABB02219D
:1067BC00244813F09DF91A4810F0D8FA1A212448ED
:1067CC0013F096F9236893F8C02092B902211D4862
:1067DC0013F08EF9124810F0C9FA19211D4813F064
:1067EC0087F90F48BDE8104010F0C0BA02211548D7
:1067FC00D0E793F8BD20144B002A12480EBF02219B
:10680C0003211846E4E793F8BD200F4B002A0D48EE
:10681C000EBF022103211846CBE700BF241600202F
:10682C00807E002040160020CC870020F41F012021
:10683C004C1600205C1600201C1600202016002090
:10684C00C01600201816002014160020A4160020D4
:10685C00881600206C160020254B4FF07A5C2548DA
:10686C000022254910B44FF0FF34C3F860C0C3F8C0
:10687C0064C04FF0807CDC60204C18679C66204C18
:10688C005867DC663C241F485C614FF4FA74D86787
:10689C005C624FF001241C481A721A741A76DA6181
:1068AC0083F8202083F82820DA6283F830205A639A
:1068BC0083F83820DA6383F840205A6483F8482040
:1068CC00DA6483F858209967C3E914C4DFF83CC034
:1068DC00C3E90022C3F85CC05DF8044BC3F8800028
:1068EC00C3F88410C3F88820A3F88C20704700BF2D
:1068FC0074A30020AE47613E6666E63ECDCC4C3EAE
:10690C00CDCC4C3D3333B33E9A99993ECDCCCC3D56
:10691C002DE9F84F904B1B78002B00F0F7808F4C33
:10692C00237C13B18E4B62691A60237E13B18D4B9D
:10693C00E2691A6094F8203013B18B4B626A1A60CA
:10694C0094F8283083B1894BE16A1A6891420BD0D4
:10695C00874A1960106810B1C9B2FDF751F8854B20
:10696C00186808B10BF0BCF894F8303013B1824BB6
:10697C00626B1A6094F838302BB1E36B7F4A042BAE
:10698C00136000F03A8294F8483053B17C4DE06CBF
:10699C002B787C4E834240F0D3803378FF2B00F071
:1069AC00CF8094F8503033B1774D94F851102B7848
:1069BC008B4240F0CB8194F852301BB1734B94F85E
:1069CC0053201A7094F854301BB1714B94F8552025
:1069DC001A7094F856301BB16E4B94F857201A70FD
:1069EC00237A1BB1E068002880F2BD812378002B4C
:1069FC0000F08E80684B00229A616378002B00F0C7
:106A0C009F81664B00229A61A378002B40F00C8189
:106A1C0094F85830002B40F04E81E378002B40F076
:106A2C006B812379002B00F0728100235C485D4957
:106A3C0083615D4A5D48C1E90833C2E9083383616B
:106A4C00A379002B00F06981594B00209861E37900
:106A5C00002B40F00F8294F85830002B00F0668128
:106A6C0094ED207ADFED537AB4EEE77AF1EE10FA7A
:106A7C0040F34A825048D4ED217ADFED4E6A4F4BF9
:106A8C00F4EEE67A9861F1EE10FA00F3FB81DFED9B
:106A9C004C6AF4EEE67AF1EE10FA00F16A82F0EE4E
:106AAC00676AFEEEC86A16EE906ADFED426AB4EED3
:106ABC00E67AF1EE10FA40F34A823F4B1D469FED09
:106ACC003D7A4048F4EEC77A86613F48F1EE10FA01
:106ADC0043623E4B5D6200F3E1839FED397AF4EE45
:106AEC00C77AF1EE10FA00F1D783B0EE677ABEEEFA
:106AFC00C87A17EE103A3648836194F88C30002B24
:106B0C0040F019814FF40043CB61D361BDE8F88F9D
:106B1C0094F85830002B3FF470AFD4ED177A9FEDFA
:106B2C00257AF4EEC77AF1EE10FA55DC9FED247A53
:106B3C00F4EEC77AF1EE10FA40F12382254B4CE0CB
:106B4C00C0B228700CF050FB2B78337094F8503096
:106B5C00002B3FF430AF27E7155B012074A3002016
:106B6C00E8890020D8360120EC890020D8A000202C
:106B7C00609900208C2A0120AC350120B035012011
:106B8C004F8A00204B8A00204A8A00204E8A00201F
:106B9C00508A0020518A0020689700200898002015
:106BAC0048980020342001201421012068980020EE
:106BBC00A897002000FEFF460000FF7FE89700200A
:106BCC0000FEFFC6889800206C2001204C2101207B
:106BDC003C36012000000180B14BB24962788B61D8
:106BEC00002A7FF40EAFD4ED187A4FF480329FED6B
:106BFC00AE7AAE4BF4EEC77ADA61F1EE10FA00F32E
:106C0C00BA819FEDAB7AF4EEC77AF1EE10FA00F18F
:106C1C004783B0EE677ABEEEC87A17EE103AA549F4
:106C2C00A2788B61002A46D0A34A0021E3789161B7
:106C3C00002B61D194F85830002B3FF4F2AED4ED18
:106C4C001A7A9FED997AF4EEC77AF1EE10FA40F3C6
:106C5C006481934B99484FF48031994A836123792D
:106C6C00D161002B7FF4E1AED4ED1C7A4FF480336C
:106C7C009FED8D7A9349F4EEC77A934A0B621362B7
:106C8C00F1EE10FA40F35281854BD4ED1D7A9FED55
:106C9C00867A8E48F4EEC77A8361F1EE10FA00F32F
:106CAC00C0809FED837AF4EEC77AF1EE10FA40F1D2
:106CBC007681874BB6E0D4ED197A4FF480329FED94
:106CCC007A7A844BF4EEC77ADA61F1EE10FA00F3BB
:106CDC0054819FED777AF4EEC77AF1EE10FA00F159
:106CEC00E382B0EE677ABEEEC87A17EE103A7249BC
:106CFC00E2788B61002AA2D0704A0021237991613D
:106D0C00002B7FF492AE94F85830002BACD1A379C1
:106D1C006C496D4A002B7FF497AE94F85830002BD9
:106D2C0040F08680E379002B40F0A48094F88C30FE
:106D3C00002B3FF4E7AE0023CB61D361BDE8F88FA5
:106D4C0094F85830002B3FF45FAE4CE7624B186858
:106D5C000AF004FF94F851302B7094F85230002B49
:106D6C003FF430AE2AE60023524F554ABB61524FD6
:106D7C004E4EBB61594F574DBB614A4F5149BB6198
:106D8C00574FDFF878B1BB61DFF860914F4FDFF8F8
:106D9C007081DFF85CE1DFF824A1DFF858C1CBF893
:106DAC001830BB61C9F81830C8F81830CEF8183054
:106DBC00CAF81830CCF81830C2E90633C2E90833E7
:106DCC00414AC6E90633C6E90833C5E90633C5E9C5
:106DDC000833C1E90633C1E90833C2E90633C2E915
:106DEC0008330728A2D8DFE810F0D101B30137022D
:106DFC00FB0170014A012701E80094F84030002B98
:106E0C003FF4C1AD374D616C2B7899423FF4BBAD6B
:106E1C00354B186818B1C9B2FDF782FF616C297047
:106E2C00B1E51F4B31488361A379002B7FF40CAE85
:106E3C00D4ED1F7A4FF480309FED1B7A204BF4EE8B
:106E4C00C77A1862F1EE10FA00F399809FED187A68
:106E5C00F4EEC77AF1EE10FA00F12482B0EE677A04
:106E6C00BEEEC87A17EE103A21488361E379002B05
:106E7C003FF4F6AD0023194883611E4883611E4818
:106E8C00836153E7B4EEE67AF1EE10FA5EDD044B63
:106E9C0018488361054843620E4843622BE600BFE5
:106EAC000000FF7F6897002000FEFF466C20012049
:106EBC0000FEFFC60898002028980020C8970020E4
:106ECC00A420012034200120142101204898002006
:106EDC00000001804C2101208C2A0120E897002021
:106EEC0048970020498A002060990020689800206B
:106EFC00A8970020889800203C3601208897002015
:106F0C00A898002000FEFFC65FED027AB4EEE77A87
:106F1C00F1EE10FA13D5C348ADE59FEDC37AF4EE4C
:106F2C00C77AF1EE10FA33D5BE4B93E69FEDBE7ADD
:106F3C00F4EEC77AF1EE10FA38D5BA4BA5E6F0EEBE
:106F4C00477AFEEEC87A17EE900A94E5B74EDFED5D
:106F5C00B66AB4EEE67AF1EE10FA00F19A81F0EE30
:106F6C00476AFEEEC86A16EE903A7FF5A7ADAD4DB6
:106F7C00A5E5AC4E99E5AD4B51E6AC4BB7E6AB4B4A
:106F8C0072E7B0EE677ABEEEC87A17EE103A24E6D6
:106F9C00B0EE677ABEEEC87A17EE103A5AE6B0EE4B
:106FAC00677ABEEEC87A17EE103A3BE7B0EE677A16
:106FBC00BEEEC87A17EE103A67E6D4ED217A9FED53
:106FCC00A47AF4EEC77AF1EE10FA00F37D819FED0E
:106FDC00967AF4EEC77AF1EE10FA00F18281B0EEF7
:106FEC00677ABEEEC87A17EE103AD4ED207A9FED90
:106FFC00987ACCF81830F4EEC77AF1EE10FA00F368
:10700C0061819FED897AF4EEC77AF1EE10FA00F106
:10701C006681B0EE677ABEEEC87A17EE103A8448F5
:10702C0083614FF4803383488B619361B3617362E6
:10703C00AB616B62836179E6D4ED1F7A9FED847A44
:10704C00F4EEC77AF1EE10FA00F332819FED767A06
:10705C00F4EEC77AF1EE10FA00F14B81B0EE677ADC
:10706C00BEEEC87A17EE103A7348CEF818304FF4CB
:10707C0080330362B3618B619361AB6156E6D4EDEF
:10708C001E7A9FED737AF4EEC77AF1EE10FA00F3E4
:10709C0013819FED657AF4EEC77AF1EE10FA00F1E8
:1070AC002C81B0EE677ABEEEC87A17EE103AC8F8AB
:1070BC0018304FF480334CF6CC40B361AB615F4B6E
:1070CC0018624FF40043D36130E6D4ED1C7A4FF4D0
:1070DC0080339FED5F7A5848F4EEC77AB361036250
:1070EC00AB61F1EE10FA8B6193614CF6CC430B6201
:1070FC0013624B62536200F3E3809FED4B7AF4EE24
:10710C00C77AF1EE10FA00F1F080B0EE677ABEEEBD
:10711C00C87A17EE103AD4ED1D7A9FED4D7A484897
:10712C00F4EEC77A8361F1EE10FA00F3C7809FED9D
:10713C003E7AF4EEC77AF1EE10FA00F1D480B0EE9C
:10714C00677ABEEEC87A17EE103AC9F81830EDE53A
:10715C00D4ED187A9FED3E7AF4EEC77AF1EE10FA80
:10716C0000F3A4809FED307AF4EEC77AF1EE10FABA
:10717C0000F1BD80B0EE677ABEEEC87A17EE103A19
:10718C00304883614FF48033F361CFE5D4ED177A47
:10719C009FED2F7AF4EEC77AF1EE10FA00F3968099
:1071AC009FED217AF4EEC77AF1EE10FA00F192809D
:1071BC00B0EE677ABEEEC87A17EE103A00F19F80F7
:1071CC001846CBF8180020488361204883614FF49F
:1071DC0080331948B36183618B619361AB61A5E521
:1071EC00D4ED1A7A9FED1A7AF4EEC77AF1EE10FA12
:1071FC0060DC9FED0D7AF4EEC77AF1EE10FA7AD4DA
:10720C00B0EE677ABEEEC87A17EE103A0A48CAF8A2
:10721C0018304FF48033C361B3618B619361AB6100
:10722C0084E500BF0000018000FEFFC60000FF7F68
:10723C00E89700203C360120A4200120CC35012009
:10724C004898002008980020689700204897002054
:10725C0000FEFF4600FEFFC6D4ED197A1FED047A3E
:10726C00F4EEC77AF1EE10FA32DC1FED067AF4EE8A
:10727C00C77AF1EE10FA30D4B0EE677ABEEEC87A67
:10728C0017EE103A1F4883614FF48033D361EB61E2
:10729C004CE51D4B1D4612E41B4B2CE41B4B2AE406
:1072AC00194BBCE4184BDFE5174B20E5174B67E790
:1072BC00164BD9E6154BA9E7144BF8E6134B44E7EC
:1072CC00124B28E7114BAAE6104B8EE60F4B77E7D3
:1072DC000E4BD7E70C4B184673E70B4BD2E70A4B18
:1072EC009DE6094B81E6084B2FE7074B13E7064B4E
:1072FC0046E7054BB8E6044B88E7034BD7E6024854
:10730C005FE700BF28980020000001800000FF7F8D
:10731C0038B50C468849054614F02EFC38B9874B15
:10732C00012193F88D2019745C6132BB38BD8449FE
:10733C00284614F021FC50B9804B012193F88D2084
:10734C001976DC61002AF1D007217E4817E07E49CE
:10735C00284614F011FCE8B17C49284614F00CFCCA
:10736C0020BB764B012193F88D2083F82810DC622A
:10737C00002ADBD00E21764801E00B21754812F073
:10738C00B7FB214674480FF0E5FC7348BDE8384064
:10739C000FF0ECBC694B012193F88D2083F8201081
:1073AC005C62002AC2D007216C48E8E76C49284689
:1073BC0014F0E2FB80B16B49284614F0DDFBB8B940
:1073CC005E4B012193F88D2083F83810DC63002A82
:1073DC00ACD006216448D2E7584B012193F88D209C
:1073EC0083F830105C63002AA0D00B215F48C6E7FD
:1073FC005F49284614F0C0FB58B9504B012193F853
:10740C008D2083F840105C64002A8FD009215948E4
:10741C00B5E75949284614F0AFFB60B9474B012139
:10742C0093F88D2083F84810DC64002A3FF47EAF7B
:10743C000F215248A3E75249284614F09DFBE0B9AE
:10744C00032C3FF673AF4F4A01233C4DE1B2106859
:10745C0085F8503085F851100AF080FB95F88D3086
:10746C00002B3FF463AF3C484749FFF735F9214601
:10747C003948BDE83840FFF725B94449284614F08F
:10748C007BFB50B34249284614F076FB28B34149A4
:10749C00284614F071FB002840D03F49284614F0D0
:1074AC006BFB00283AD03D49284614F065FB30B1FF
:1074BC003B49284614F060FB00287FF437AF1F4B84
:1074CC00012193F88D2083F8561083F85740002A39
:1074DC003FF42CAF20483349C7E7042C174D4FF02D
:1074EC000102A8BF042495F88D3085F8522024EAB7
:1074FC00E47485F85340002B3FF418AF2A49164822
:10750C00FFF7EAF8002395F853100A2212480FF0FF
:10751C003BFC1148BDE838400FF028BC074B01215B
:10752C0093F88D2083F8541083F85540002A3FF4CB
:10753C00FDAE09481D4998E7F81A002074A30020F5
:10754C000C1B0020141B00201C1B00202C1B0020DB
:10755C003C1B0020001B0020807E0020241B0020F0
:10756C004C1B0020601B0020681B0020541B0020BB
:10757C00701B0020781B0020841B0020941B002013
:10758C00A41B00208C2A0120B01B0020C01B002053
:10759C00D01B0020F01B0020001C0020241C00200D
:1075AC00341C0020441C0020E01B0020101C002078
:1075BC002DE9F8432421814812F09AFA804D814834
:1075CC0000240FF0D3FB14217F4812F091FA95F8A8
:1075DC008C207E4B002A7E487E4F12BF052106214F
:1075EC001846DFF8249212F083FA76480FF0BEFBAF
:1075FC000D21794812F07CFA7248DFF810820FF0F6
:10760C00B5FB0EE0EB68A34204F101040ABF0421B0
:10761C000C21604612F06CFA6A480FF0A7FB082C9C
:10762C0028D00221484612F063FA57F8046F30460E
:10763C002EB114F04DFC0146304612F059FA0221DD
:10764C00404612F055FA2B7ADFF8C4C16348604EFD
:10765C005E4A002BD6D12B5D0134002B15BF0521C2
:10766C0006213046104612F043FA56480FF07EFBC6
:10767C00082CD6D115215A4812F03AFA51480FF07D
:10768C0075FB2B7C002B40F08C802B7E002B7CD14F
:10769C0095F82030002B6CD195F82830002B5CD15C
:1076AC0095F83030002B4CD195F83830002B3CD16C
:1076BC0095F840306BBB2B7C0BB92B7E6BB195F8DE
:1076CC005830002B40F0A6802421464812F010FAC6
:1076DC003C48BDE8F8430FF049BB95F82030002B2F
:1076EC00EDD195F82830002BE9D195F83030002BEE
:1076FC00E5D195F83830002BE1D195F84030002BCE
:10770C00DDD10821384812F0F3F92E480FF02EFB8A
:10771C00D5E70B21354812F0EBF9696C29480FF0CD
:10772C0019FB28480FF022FBC5E70821304812F05E
:10773C00DFF9E96B23480FF00DFB22480FF016FB25
:10774C00B6E70D212B4812F0D3F9696B1D480FF0E9
:10775C0001FB1C480FF00AFBA6E71021264812F08B
:10776C00C7F9E96A17480FF0F5FA16480FF0FEFA58
:10777C0096E70921214812F0BBF9696A11480FF00C
:10778C00E9FA10480FF0F2FA86E709211C4812F0CA
:10779C00AFF9E9690B480FF0DDFA0A480FF0E6FA89
:1077AC0076E72146174812F0A3F9696905480FF0EE
:1077BC00D1FA04480FF0DAFA67E700BF301700205F
:1077CC0074A30020807E0020581700202017002072
:1077DC0028170020248A0020A01800200817002059
:1077EC007417002078180020EC170020E0170020F8
:1077FC00D4170020C4170020B0170020A4170020B5
:10780C00981700208C1700207017002054180020A7
:10781C00181700201621384812F06AF937480FF073
:10782C00A5FA0B21364812F063F995ED170A0221DF
:10783C003248B7EEC00A0FF0BBFA30480FF096FA98
:10784C000C21304812F054F995ED180A02212B48FE
:10785C00B7EEC00A0FF0ACFA28480FF087FA0C21EB
:10786C00294812F045F995ED190A02212348B7EE83
:10787C00C00A0FF09DFA21480FF078FA0B2123482B
:10788C0012F036F995ED1A0A02211C48B7EEC00A1F
:10789C000FF08EFA19480FF069FA0E211C4812F0FD
:1078AC0027F995ED1C0A02211448B7EEC00A0FF017
:1078BC007FFA12480FF05AFA0E21164812F018F9F6
:1078CC0095ED1D0A02210D48B7EEC00A0FF070FAB3
:1078DC000A480FF04BFA0F210F4812F009F995EDF9
:1078EC001F0A02210548B7EEC00A0FF061FA0348DF
:1078FC000FF03CFAE8E600BFF8170020807E00206D
:10790C00101800201C1800202C1800203C180020F7
:10791C0048180020581800206818002010B5114C89
:10792C002221114894F8883083F0010384F88830C0
:10793C0012F0DEF894F888200C4B002A0C4812BF89
:10794C0002210321184612F0D3F80A480FF00EFA60
:10795C003D21094812F0CCF80648BDE810400FF064
:10796C0005BA00BF74A30020C01C00201C16002008
:10797C0020160020807E0020E41C002010B5114C45
:10798C000F21114894F88C3083F0010384F88C306B
:10799C0012F0AEF894F88C200C4B002A0C4812BF55
:1079AC0002210321184612F0A3F80A480FF0DEF961
:1079BC0094F88C30084983F00103084ADB03CB614F
:1079CC00D36110BD74A30020B01800201C16002039
:1079DC0020160020807E002034200120142101205C
:1079EC0010B5114C2221114894F8893083F0010311
:1079FC0084F8893012F07CF894F889200C4B002A1A
:107A0C000C4812BF02210321184612F071F80A48E3
:107A1C000FF0ACF94221094812F06AF80648BDE8AB
:107A2C0010400FF0A3B900BF74A30020581C002015
:107A3C001C16002020160020807E00207C1C0020BC
:107A4C0010B5114C2621114894F88A3083F00103AB
:107A5C0084F88A3012F04CF894F88A200C4B002AE7
:107A6C000C4812BF02210321184612F041F80A48B3
:107A7C000FF07CF94621094812F03AF80648BDE8A7
:107A8C0010400FF073B900BF74A30020441D0020F8
:107A9C001C16002020160020807E00206C1D00206B
:107AAC0010B5114C2621114894F88B3083F001034A
:107ABC0084F88B3012F01CF894F88B200C4B002AB5
:107ACC000C4812BF02210321184612F011F80A4883
:107ADC000FF04CF94621094812F00AF80648BDE8A7
:107AEC0010400FF043B900BF74A30020B41D002058
:107AFC001C16002020160020807E0020DC1D00209B
:107B0C0010B512F073F89F4B1B78002B00F0888097
:107B1C009D4B1B78DB0740F183809C4B9C4A1B6878
:107B2C0012689B1A0E2B7BD911F078FF002877D0A6
:107B3C0011F0B8FFC4B2A4F10A036E2B71D8DFE8C0
:107B4C0013F06F00700070006F0070007000700018
:107B5C007000700070007000700070007000700099
:107B6C007000700070007000700070007000700089
:107B7C007000700070007000700070007000700079
:107B8C007000700070007000700070007000700069
:107B9C0063015F0170007000700070007000700075
:107BAC007000700070007000700070008000700039
:107BBC0070005701DD00FC007000700000018000B7
:107BCC007000700070001801700070007000700080
:107BDC0070005B01E1007000700070007000E50047
:107BEC007000700070007000700070007000700009
:107BFC0070005701DD00FC00700070000001800077
:107C0C00700070007000180170007000700070003F
:107C1C0070005B01E1007000700070007000E50006
:107C2C0010BD12215B4811F063FF204611F04AFF92
:107C3C001421594811F05CFF5848BDE810400FF072
:107C4C0095B81821564811F053FF54480FF08EF890
:107C5C001E21544811F04CFF50480FF087F81E219C
:107C6C00514811F045FF4D480FF080F822214F4844
:107C7C0011F03EFF49480FF079F822214C4811F0E1
:107C8C0037FF46480FF072F816214A4811F030FFC2
:107C9C0042480FF06BF81921474811F029FF3F4873
:107CAC000FF064F81821454811F022FF3B480FF003
:107CBC005DF82B21424811F01BFF38480FF056F8A5
:107CCC002021404811F014FF34480FF04FF82821C0
:107CDC003D4811F00DFF31480FF048F816213B4894
:107CEC0011F006FF2D480FF041F81721384811F01C
:107CFC00FFFE2A48BDE810400FF038B8BDE8104030
:107D0C00FFF756BCBDE8104006F078BA314B1B6843
:107D1C001BB193F82830002B7AD12F4B002241F263
:107D2C0088311868FDF712F824212C4811F0E0FE78
:107D3C001A48BDE810400FF019B8BDE81040FFF725
:107D4C00EDBD274C14212748237883F001032370C1
:107D5C0011F0CEFE2278244B002A244812BF0221B7
:107D6C000321184611F0C4FE0C48BDE810400EF07B
:107D7C00FDBF184B1B68002B3FF452AFBDE8104001
:107D8C00FEF7BABC275B0120265B012010400120C6
:107D9C0058400120CC1A0020E01A0020807E0020E0
:107DAC002C1900204819002068190020881900207F
:107DBC00AC190020D0190020E8190020041A00206A
:107DCC00201A00204C1A0020701A00209C1A002047
:107DDC00B41A0020F41F012060990020D81800204C
:107DEC000C5B0120C01800201C160020201600205F
:107DFC00BDE81040FFF7F4BDBDE81040FFF7BEBD75
:107E0C00BDE81040FFF74CBEBDE81040FFF718BEB0
:107E1C002B21044811F06CFE0348BDE810400EF015
:107E2C00A5BF00BF00190020807E002038B50A20B5
:107E3C0002250FF037F90024214603200FF05AFBDE
:107E4C00214604200FF056FB2146052001340FF08B
:107E5C0051FB04200FF026F9FF2CEDD114200FF06C
:107E6C0021F9214603200FF045FB214604200FF099
:107E7C0041FB214605200FF03DFB04200FF012F9C9
:107E8C00013CEED114200FF00DF9012D01D001258C
:107E9C00D1E738BD08B501210D200FF0BDF9012146
:107EAC000D200FF07DF9012103200FF0B5F9012110
:107EBC0004200FF0B1F9012105200FF0ADF9094BA9
:107ECC001B780BB1FFF7B2FF022100200FF0A4F9D1
:107EDC00002105480EF0FAFA64210348BDE8084079
:107EEC000EF08EBA578A00205CA3002001480EF0D9
:107EFC00DFBA00BF5CA30020F8B50F460021044692
:107F0C0016461D460EF01AFB069B2046124AE362EB
:107F1C00079BA5622363089B6363099BA3630A9B6E
:107F2C00E3630B9B23640C9B63640D9BA3640E9B0C
:107F3C00E3640F9B2365109B6365119BA365129BE8
:107F4C00E365139B23660023C4E9087623746261FE
:107F5C00A2612377F8BD00BFCDCC4C3E806B40F2C4
:107F6C00766C4FF48A71054A40F69D03A0F82AC03E
:107F7C00C185026383860BF0BFBF00BF4033333330
:107F8C0030B5044644F620614FF4FA502DED028BC7
:107F9C0085B00EF0FBFF014620460EF0FFFA0028DC
:107FAC0040F0318194ED057A94ED060AE36D37EEDD
:107FBC00407AB7EEC00A1B689FEDB76BB7EEC77A75
:107FCC00032BA7EE060BF7EEC08BC4ED068A00F070
:107FDC00FE80B7480EF05AFA002840F0A980A16C38
:107FEC00E26B0968237F02EB8102012B92ED008A80
:107FFC00B8EEC88A00F0C480022B00F0DF81F5EEE9
:10800C00C08A226AF1EE10FA00F1C380F7EE007A12
:10801C00F4EEE78AF1EE10FA40F3A9814FF48033C5
:10802C00B5EEC08A5362F1EE10FA00F1BA80DFEDC2
:10803C00A17AB4EEE78AF1EE10FA0CDCDFED9E7A51
:10804C009E4968EE277AFCEEE77A17EE903AC2ED7D
:10805C00077A8B4201D9994BD361B7EEE87A616A02
:10806C009FED8F6B27EE067BB7EEC77BB5EEC07A24
:10807C00F1EE10FA00F19880F7EE007AB4EEE77AA0
:10808C00F1EE10FA40F37A814FF48033606D4B625D
:10809C00D0ED007A78EE677AF5EEC07AF1EE10FA50
:1080AC0000F184809FED837AF4EEC77AF1EE10FA3A
:1080BC000CDC9FED817A814867EE877AFCEEE77ADB
:1080CC0017EE903AC1ED077A834201D97B4BCB6115
:1080DC00E36C1B78012B6FD0022B4FF0000300F0E8
:1080EC005481606B136253860B624B8640F6693386
:1080FC00C361236E2BB193F8BF2012B193F8BD303E
:10810C0053B9236B6E496F4AC3E906124FF0005105
:10811C0046F2666259620262D4E9103019680EF0B8
:10812C003DFA002840F0DE8005B0BDEC028B30BD7E
:10813C00042101200EF02AFF226DC3B212789A425C
:10814C000AD1614AA2FB031202F0FE0101EB5202BA
:10815C009B1A013303F0FF03E26C642100201370BF
:10816C000EF014FF042800F31C810121A26CE36BB8
:10817C002177126803EB820393ED008AB8EEC88A6C
:10818C00F5EEC08A226A38EE088AF1EE10FA7FF515
:10819C003DAFB5EEC08A00235362F1EE10FA7FF5C5
:1081AC0046AF0023D36158E700236FE70023CB6170
:1081BC00E36C1B78012B8FD10023606B03251362BA
:1081CC0053860B6241F205334D86C36191E7A36D73
:1081DC009FED3E7AD3ED007AF4EEC77AF1EE10FA09
:1081EC007FF7F7AE77EEC77ADFED395AB7EE007A44
:1081FC00DFED386A87EEA56AF0EE477AE6EE667A2E
:10820C0068EEA78AE5E6002120460EF0B1F9237C42
:10821C0083F001032374002B40F0D5800F2108203C
:10822C000EF0B4FE07EE900A237CB8EEE77B9FEDD0
:10823C001E6B27EE067BB7EEC77B84ED057A002B11
:10824C003FF4B2AE642100200EF0A0FE27283FF7C9
:10825C00A9AEE26A72B6204BD1691362994200F062
:10826C002D8181FAA3F3EFF30080000140F11F810F
:10827C001A4BC81783FB0153C0EBA33043F6703382
:10828C001B1A002B00F00B8153620123137662B68C
:10829C0088E600BFAFF300807B14AE47E17A943FD1
:1082AC009A9999999999E93F7B14AE47E17A843F61
:1082BC005CA300200044AC46C637BE470000FE7FDE
:1082CC0040987805182B7805ABAAAAAA9A99193F59
:1082DC00CDCCCC3E9A99593F00C0FF1FE5DBE2762E
:1082EC00666630420021606C0EF042F905210020D8
:1082FC00A56C0EF04BFE0346C82132202B60A56AFC
:10830C000EF044FE07EE900AF8EEE77AF5EEC07A2E
:10831C00F1EE10FA40F2A1801FED0F7A67EE877A2A
:10832C00FDEEE77A17EE903A002B4FD072B6664A04
:10833C00E9692A62914200F0AE8081FAA2F0EFF373
:10834C00008C1CF0006F00F0A38003F1010CBCF159
:10835C00020F04D992FBF3F291FBF3F3D01A00282D
:10836C0000F08E80686201232B7662B633E0F0EE6B
:10837C00687AFEEEC87A17EE903A51E6F0EE477A3C
:10838C00FEEEC87A17EE903A80E60420136250860F
:10839C004E48D06241F66F62606B0B624B86C261D5
:1083AC00A7E6182860DC0221A26CE36B2177126827
:1083BC0003EB820393ED008AB8EEC88AF6EE007ADE
:1083CC0028EE278A1BE61A21122029E772B63E4AAC
:1083DC002B76EA6162B64FF448710020A56B0EF063
:1083EC00D5FD07EE900AF8EEE77AF5EEC07AF1EEDD
:1083FC0010FA2FD49FED367A4FF6FF7267EE877A1C
:10840C00FCEEE77A17EE903A0733DB089A4228BF66
:10841C001A466A85F3B12F4DA06B0BF095FDA06B3E
:10842C000BF06AFDB0EE480A286808F0EBFB024638
:10843C00B0EE680A2868039208F01EFC0346286810
:10844C00039A0321851D009508F034FC05B0BDECA2
:10845C00028B30BD01236B85DDE772B61A4A00230F
:10846C00EA612B7662B6B6E70021A26CE36B21774A
:10847C00126803EB820393ED008AB8EEC88ABEE55E
:10848C00114B9942B4BF01214FF0FF3169626AE789
:10849C0090FBF3F063E700232B7662B69BE70E4B61
:1084AC009942D4BF01214FF0FF315162EDE60B48E8
:1084BC0080FB0350DB17C3EBA033E2E600231376FB
:1084CC0062B694ED057A6FE5C01966265845002012
:1084DC0066663042F81F0120FFBFFF1FE5DBE27626
:1084EC00F8B50F460021044616461D460EF026F838
:1084FC00069B2046124AE362079BA5622363089BF6
:10850C006363099BA3630A9BE3630B9B23640C9B30
:10851C0063640D9BA3640E9BE3640F9B2365109B0C
:10852C006365119BA365129BE365139B2366002374
:10853C00C4E9087623746261A2612377F8BD00BF99
:10854C00CDCC4C3E10B50D4940F6C52240F28A7E8A
:10855C004FF48A7C0446406B01638286A0F82AE0C3
:10856C00A0F82EC00BF0C8FC236B05484FF000524E
:10857C0004495A62C3E9060110BD00BF40333333CE
:10858C0040987805182B780530B50446BC482DED7D
:10859C00028B85B00DF07AFF002840F08981A36C26
:1085AC0019784B1E012BE36B40F2EB80032900F092
:1085BC00CA80042900F05D821D6846F2A81142F2BF
:1085CC0010700EF0E3FC014620460DF0E7FF00288A
:1085DC0040F08D8194ED057A94ED060AE36D37EE4B
:1085EC00407AB7EEC00A1B689FEDA36BB7EEC77A53
:1085FC00032BA7EE060BB7EEC08B84ED068A00F0BA
:10860C001C81616CA26B0968237F02EB8102012B38
:10861C00D2ED008AF8EEE88A00F0C080022B03D17C
:10862C00F6EE007A68EEA78A2946206C0DF0B6FFAC
:10863C00002840F0BC80236E2BB193F8C02012B1FF
:10864C0093F8BD3033B9236B8E488F498F4AC3E9F9
:10865C0006015A62B5EEC08A226AF1EE10FA00F1F8
:10866C008680F7EE007AB4EEE78AF1EE10FA40F36A
:10867C008A814FF48033F5EEC08A5362F1EE10FA22
:10868C007CD4DFED837AF4EEE78AF1EE10FA0CDCA1
:10869C00DFED807A804968EEA77AFCEEE77A17EE78
:1086AC00903AC2ED077A8B4201D97B4BD361F6EE3F
:1086BC00087A616A28EE270AB5EEC00AF1EE10FAC4
:1086CC0044D4F7EE007AB4EEE70AF1EE10FA40F378
:1086DC0053814FF48033606D4B62D0ED007A78EEAD
:1086EC00E78AF5EEC08AF1EE10FA31D4DFED687A44
:1086FC00F4EEE78AF1EE10FA0CDCDFED667A6648F0
:10870C0068EEA78AFCEEE87A17EE903AC1ED077A8C
:10871C00834201D9604BCB61A36C1B78012B1DD01C
:10872C00022B00F03781032B00F09881042B00F012
:10873C00468100230320136250860B624B8605B0E2
:10874C00BDEC028B30BD1D686D0036E70023C2E71F
:10875C000023CB61A36C1B78012BE1D100231362A6
:10876C0053860B624B8605B0BDEC028B30BDF5EE2B
:10877C00C08A00235362F1EE10FA82D50023D36134
:10878C0095E793ED007AB7EE086BB8EEC77B27EE52
:10879C00067BFDEEC77B17EE905A0EE72946206C40
:1087AC0078EEA88A0DF0FAFE00283FF444AF0021C1
:1087BC00206C0DF0DDFE07210220656C0EF0E6FB4F
:1087CC000346FA2150202B60A56A0EF0DFFB07EE62
:1087DC00900AF8EEE77AF5EEC07AF1EE10FA40F274
:1087EC0041819FED2E7A67EE877AFDEEE77A17EEE0
:1087FC00903A002B00F0ED8072B6294AE9692A62A2
:10880C00914200F05F8181FAA2F0EFF3008C1CF032
:10881C00006F00F0548103F1010CBCF1020F04D97C
:10882C0092FBF3F291FBF3F3D01A002800F03F8196
:10883C00686201232B7662B6D0E0A36D9FED197AA6
:10884C00D3ED007AF4EEC77AF1EE10FA7FF7D9AED9
:10885C0077EEC77ADFED145AB7EE007ADFED136AC4
:10886C0087EEA56AF0EE477AE6EE667A28EE278A5E
:10887C00C7E600BFAFF30080B81E85EB51B88E3F42
:10888C005CA3002090298F0460EA8E04C0AAAA2A57
:10889C000044AC46C637BE470000FE7F66663042D9
:1088AC0000C0FF1F9A99193FCDCCCC3E9A99593FE5
:1088BC00042101200EF06AFBE26CC3B212789A42DA
:1088CC000AD18F4AA2FB031202F0FE0101EB520205
:1088DC009B1A013303F0FF03A26C64210020137078
:1088EC000EF054FB042864DC0123237757E60021A7
:1088FC0020460DF03DFE237C83F001032374002BF6
:10890C0054D110210A200EF041FB07EE900A237C73
:10891C00B8EEE77B9FED786B27EE067BB7EEC77B57
:10892C0084ED057A002B3FF457AE642100200EF045
:10893C002DFB22283FF74EAEE26A72B6714BD1691D
:10894C001362994200F0D18081FAA3F3EFF3008017
:10895C00000140F1C3806C4B83FB0103C817C0EBD3
:10896C00233045F6C4031B1A002B00F0AF80536272
:10897C000123137662B62DE6F0EE407AFEEEC87A4D
:10898C0017EE903AA7E6F0EE487AFEEEC87A17EEAC
:10899C00903A70E6002304245C4813625486D0623B
:1089AC000B624B8605B0BDEC028B30BD1C21142034
:1089BC00A9E71D28D4BF022300232377EFE500206D
:1089CC00534C53861062D462524A08624B86CA6278
:1089DC00C9E672B6504A2B76EA6162B64FF47A71E8
:1089EC000020656B0EF0D2FA07EE900AF8EEE77AEB
:1089FC00F5EEC07AF1EE10FA2DD49FED487A4FF6D1
:108A0C00FF7267EE877AFCEEE77A17EE903A07333F
:108A1C00DB089A4228BF1A466A85E3B1404D606B69
:108A2C000BF092FA606B0BF067FAB0EE680A2868EC
:108A3C0008F0E8F80246B0EE480A2868039208F0FD
:108A4C001BF903462868039A042100F109050095D7
:108A5C0008F030F9EFE501236B85DFE700230424F0
:108A6C0030489AE772B62C4A0023EA612B7662B63C
:108A7C00B4E7002093ED008A256D0EF087FA0346CB
:108A8C00B8EEC88A0521012005EB8305D5ED007AE7
:108A9C0028EE278A0EF07AFA07EE900AB8EEE77AFB
:108AAC0027EE087AFDEEC77A17EE905A85E51E4B35
:108ABC009942D4BF01214FF0FF316962B9E690FBB6
:108ACC00F3F0B2E600232B7662B687E7174B994298
:108ADC00D4BF01214FF0FF31516249E70A4880FBB6
:108AEC0003C0DB17C3EB20333EE70023137662B6DB
:108AFC0094ED057A70E500BF7B14AE47E17A843FB4
:108B0C00ABAAAAAA80C2D623F7F3A027845B0020C5
:108B1C005C4700207051002000C0FF1F6666304289
:108B2C00F81F0120282D0020FFBFFF1F7FC2D62376
:108B3C002DE9F843044601602E4D4FF07C56089801
:108B4C000021266204F16807E06004F12C00218505
:108B5C006562DFF8B890DFF8B880C4E90123099B9F
:108B6C0023610A9B63610B9BA3610C9BE3610DF07A
:108B7C00E5FC4FF07E53E6630021236438461E4B20
:108B8C001E4EE364A3651E4BA5646366656566644F
:108B9C002665C4F85C90C4F860800DF0CFFC002111
:108BAC0004F18800C4F87890C4F87C80C4F8805034
:108BBC00C4F884500DF0C2FC002104F1A400C4F8E8
:108BCC009860C4F8A010C4F89C600DF0B7FC0D4B75
:108BDC000D4A3846C4F8B4300021C4F8B83001232B
:108BEC00C4F8BC20A4F8C0300DF0C2FC2046BDE88F
:108BFC00F88300BF0AD7A33D9A99193F0000C843D8
:108C0C000AD7A33C000080BF00000101CDCCCC3EB4
:108C1C009A99993EB7EE007AD0ED096A90ED086A00
:108C2C0090F8BC3077EE667A2DE9F04767EE867ADD
:108C3C0004462DED088BE6EE807A82B0C0ED087A02
:108C4C00002B40F09D819FEDD47AF4EEC77AF1EEC3
:108C5C0010FA00F3048194F8BD30002B40F007812A
:108C6C009FEDCE7AF4EEC77AF1EE10FA00F3CB80DA
:108C7C0094F82810002940F0CE809FEDC97AF4EECC
:108C8C00C77AF1EE10FA80F22683F7EE006A94EDC3
:108C9C00196A94ED0F7AF6EE005A94ED104A04F12D
:108CAC00A40576EEC67A94F8BC30DFEDBE4A3221CC
:108CBC00002B9FEDBD5A27EE877A284667EE847A03
:108CCC0045FEA45A46FE856AA6EE257AE6EE267A7D
:108CDC0084ED0F7AC4ED107A0DF060FC18B394EDAE
:108CEC000F7AD4ED2D7ADFEDB16A77EE677AF0EE7C
:108CFC00E77AF4EEE67AF1EE10FA00F3098394EDDC
:108D0C00107AD4ED2E7ADFEDA96A77EE677AF0EE61
:108D1C00E77AF4EEE67AF1EE10FA00F379830021AB
:108D2C0028460DF025FC04F1680604F1880596210F
:108D3C0030460DF033FC3221074628460DF02EFC50
:108D4C0094F8BE308046002B40F0DF81B7EE008AED
:108D5C00D4ED198A38EE688A94F8BD30002B00F0F7
:108D6C00418194F8BF30D4ED08AA9FED8CAA002B5A
:108D7C0000F089803AEECAAADFED8D7A8AEE277A66
:108D8C00B5EEC07AF1EE10FA00F11083F7EE007A2E
:108D9C00B4EEE77AF1EE10FA40F35D84DFED857AFC
:108DAC00F5EEC0AAF1EE10FA00F10C859FED827A77
:108DBC00F4EEC7AAF1EE10FA00F3F283DFED856A48
:108DCC00B1EE087AF4EEE67A2AEE877AF1EE10FA32
:108DDC0000F11985DFED776AF4EE667AF1EE10FAA0
:108DEC0076FEA77ADFED7C6AB4EEE67AF1EE10FA45
:108DFC0000F19685F2EE086AB4EE667AF1EE10FA9E
:108E0C0036FE877AD8E3012394F8281084F8BD3015
:108E1C0000293FF432AF9FED637AF4EEC77AF1EE9E
:108E2C0010FA7FF532AF654B1868FBF7A7FF0022ED
:108E3C0094F8C13084F82820002B3FF426AF22216F
:108E4C005F4810F055FE94ED080A03215D48B7EE1B
:108E5C00C00A0DF0ADFF5B480DF088FF15E701234C
:108E6C0080F8BC3094F8BD30002B3FF4F9AE9FED88
:108E7C00527AF4EEC77AF1EE10FA7FF5F9AE0023D0
:108E8C0084F8BD30F4E63AEECAAA9FED517ADFEDD4
:108E9C004E7AAAEE077AB4EEE77AF1EE10FA00F108
:108EAC008282F7EE007AB4EEE77AF1EE10FAD4BFD4
:108EBC0067EE287AF0EE687A94ED137A6268E7EE42
:108ECC00087AF5EEC07AC4ED137AF1EE10FA00F1DF
:108EDC00C982B7EE007AF4EEC77AF1EE10FA40F3DD
:108EEC00DA834FF48033136294F8C030002B00F017
:108EFC0060829FED2F7ACAEE077AF5EEC07AF1EE1A
:108F0C0010FA00F1AC82B7EE007AF4EEC77AF1EE0B
:108F1C0010FA40F3C7839FED277AF5EEC0AAF1EE65
:108F2C0010FA00F14384DFED247AF4EEE7AAF1EEB7
:108F3C0010FA00F3D182DFED277AF1EE086AB4EE75
:108F4C00E77A6AEEA66AF1EE10FA00F16984DFEDB9
:108F5C00197AB4EE677AF1EE10FA37FE877ADFED04
:108F6C001E7AF4EEE76AF1EE10FA00F1DC84F2EE10
:108F7C00087AF4EE676AF1EE10FA77FEA66AB7E2A9
:108F8C009FED127AF4EEC77AF1EE10FA7FF563AE2C
:108F9C00002380F8BC305EE6D7A3703FA4703D3F41
:108FAC003333733FCDCC4C3FCDCCCC3E0AD7233C96
:108FBC00B81E853E0000FA453333333F60990020DC
:108FCC00D06A0020807E0020000000006666663FAC
:108FDC009A99193F0000C8430AD7A33DCDCCCC3D8C
:108FEC000044AC465FED067A5FED069A1FED069ADB
:108FFC0068EEA99AD4ED116A28EE899A94ED127A4A
:10900C0068EEA78AD4ED137AB0EE69BAF0EE49AAED
:10901C00B0EE68AAA6EE88BAE7EE08AAA7EE88AA70
:10902C0084ED11BAC4ED12AA84ED13AAB8F1000FA5
:10903C000DD0D4ED267AB7EE007A7BEE677AF0EE9F
:10904C00E77AF4EEC77AF1EE10FA00F38281236826
:10905C00B5EEC0AA4FF000525A62F1EE10FA6268F7
:10906C0000F1DE80F7EE007AB4EEE7AAF1EE10FA2A
:10907C0040F361814FF480331362002F40F0D580B0
:10908C00D4ED146A94ED157AD4ED167AE6EE889A3E
:10909C00A7EE089AE7EE888AC4ED149A84ED159A27
:1090AC00C4ED168AB8F1000F0DD0D4ED277AB7EEC7
:1090BC00007A79EEE77AF0EEE77AF4EEC77AF1EE21
:1090CC0010FA00F35B81A368F5EEC08A4FF00052F2
:1090DC005A62F1EE10FAE26800F1C680F7EE007AFF
:1090EC00F4EEE78AF1EE10FA40F32C814FF4803362
:1090FC001362002F40F0BD80B8F1000F40F0E28009
:10910C0002B0BDEC088BBDE8F08794F8BC30B7EE2C
:10911C00008AD4ED198A94ED177AD4ED187A8BB3B2
:10912C0038EE688AF0EE046A28EE077A68EE277A41
:10913C00A8EEA67AE8EEA67A84ED177AC4ED187A32
:10914C00002F3FF409AED4ED1E6A1FED5C6A77EE7A
:10915C00666AF0EEE66AF4EEC66AF1EE10FA36DDF7
:10916C00B5EEC07A2269F1EE10FA00F1D1835FED11
:10917C00646AB4EEE67AF1EE10FA40F370834FF0C5
:10918C0000432EE338EE688ABF4AD2ED006A68EEDF
:10919C00277ABE4A28EE077AE8EEA67AD2ED006A64
:1091AC00A8EEA67AC4ED187A84ED177A002F3FF456
:1091BC00D3ADD4ED1E6A9FEDB66A77EE666AF0EE1B
:1091CC00E66AF4EEC66AF1EE10FA00F3038394ED4E
:1091DC001F7ADFEDAF6A37EEC77AB0EEC77AB4EE1E
:1091EC00E67AF1EE10FA7FF7B7ADF5EEC07A626968
:1091FC00F1EE10FA00F192839FEDA67AF4EEC77AA5
:10920C00F1EE10FA00F334839FEDA37A27EE877A00
:10921C00BCEEC77A17EE103AD361C4ED1F7A9BE50A
:10922C0000231362002F3FF42BAFD4ED207A9FED77
:10923C00987A7AEEE77AF0EEE77AF4EEC77AF1EE06
:10924C0010FA7FF71DAFF5EEC0AAF1EE10FA00F19F
:10925C00BC82DFED907AF4EEE7AAF1EE10FA40F35F
:10926C00E3824FF00043B1E200231362002F3FF47E
:10927C0043AFD4ED217A9FED867A79EE677AF0EEE2
:10928C00E77AF4EEC77AF1EE10FA13DDB5EEC09A78
:10929C00F1EE10FA0AD4DFED7F7AB4EEE79AF1EE34
:1092AC0010FA40F3B4824FF0004300E00023D36186
:1092BC0084ED219A002130460DF05AF9B8F1000FD7
:1092CC003FF41EAF0021284602B0BDEC088BBDE870
:1092DC00F0470DF04DB9714D01222868FBF736FDB2
:1092EC002A68012194F8C130D26D84F828101268D4
:1092FC0084F82920002B40F09D80D4ED087A9FED56
:10930C00687AF4EEC77AF1EE10FA7FF5BEAC8AE516
:10931C00DFED647AA369B4EEE77AF1EE10FA00F3AC
:10932C00A880DFED617AB4EEE77AF1EE10FA40F145
:10933C0063825E4A9EE0F0EE4A7AFEEEC87A17EE41
:10934C00903A6EE7F0EE687AFEEEC87A17EE903A35
:10935C008BE7F3EE047A2368B4EEE7BAF1EE10FA79
:10936C0000F1B881DFED527AB4EEE7BAF1EE10FA03
:10937C0040F3B9824F4ADFF85491AEE1F3EE047A30
:10938C00A368F4EEE79AF1EE10FA00F1AB81DFED91
:10939C00487AF4EEE79AF1EE10FA40F38F82454AE0
:1093AC00DFF82891A1E168EEA77A85E5DFED487A30
:1093BC00F6E4DFED417A9FED417AEAEE277AF4EE9E
:1093CC00C77AF1EE10FA51D4B7EE007AF4EEC77A00
:1093DC00F1EE10FAD8BF68EEA78AD4ED167AE268DF
:1093EC00E7EE888AF5EEC08AC4ED168AF1EE10FA23
:1093FC003AD4F7EE007AF4EEE78AF1EE10FA40F385
:10940C0043814FF480331362002F3FF475AE51E764
:10941C00DFED247AE369B4EEE77AF1EE10FA2DDC95
:10942C00DFED217AB4EEE77AF1EE10FA40F1DD814E
:10943C001E4A24E02521224810F05AFB94ED080A1C
:10944C0003212048B7EEC00A0DF0B2FC1D480DF008
:10945C008DFC94F82830002B3FF417AC4DE79FEDB2
:10946C001C7A5AE500233EE50023CCE768EE878A98
:10947C00B3E7154A9A6184ED2D7A40E4124ADA6119
:10948C0084ED2E7A4BE400BFA4870020A087002037
:10949C00CDCCCC3D0044AC46C637BE4760990020CD
:1094AC00CDCC4C3F00FEFF4600FEFFC60000018005
:1094BC0000D08946008C3C4B9A99193F0000000063
:1094CC00A86A0020807E00200000FF7F00BE6C5048
:1094DC000000C843666686405FED037AB4EEE77A17
:1094EC00F1EE10FA40F1A981B0EE677A5FED076AF0
:1094FC0094ED149AD4ED157A28EE099A28EE278A61
:10950C00A7EE289AA6EEA88A84ED149A84ED158A03
:10951C00B8F1000F3ED0D4ED277AB7EE007A79EE91
:10952C00677AF0EEE77AF4EEC77AF1EE10FA00F310
:10953C000B81D4F808A0D44ACAF82420002F3FF499
:10954C00C1AED4ED217A9FEDD17A78EE677AF0EE48
:10955C00E77AF4EEC77AF1EE10FA7FF7ABAEB5EE20
:10956C00C08AE268F1EE10FA00F1D481DFEDC87A1E
:10957C00B4EEE78AF1EE10FA00F3DB81DFEDC57A89
:10958C0068EE277AFCEEE77A17EE903AD36184ED19
:10959C00218A8FE6A368BC4A5A62002FD1D1AFE56D
:1095AC009FEDBD7AF4EEC77AF1EE10FA40F14E81E0
:1095BC00F0EE477A9FEDB97AD4ED119A94ED129AA8
:1095CC0068EE299A28EE099AE7EEA89AA7EE289A4F
:1095DC00C4ED119A84ED129AB8F1000F0CD0D4EDB1
:1095EC00267AB7EE007A79EEE77AF0EEE77AF4EEC7
:1095FC00C77AF1EE10FA7DDC2368A34A5A62002F79
:10960C003FF472ACD4ED207A9FEDA07A79EE677AB4
:10961C00F0EEE77AF4EEC77AF1EE10FA7FF764AC6D
:10962C00B5EEC09A6268F1EE10FA00F17581DFEDCB
:10963C00987AB4EEE79AF1EE10FA00F37781DFED49
:10964C00957A69EE277AFCEEE77A17EE903AD361B9
:10965C0084ED209A48E4F5EEC0AADFED8F6A9FED09
:10966C00906AF0EE667AF1EE10FAE7EE067A7FF584
:10967C009DABF4EEE67AF1EE10FA40F19A80F0EE42
:10968C00667A9FED887A97E7F0EE687AFEEEC87AF4
:10969C0017EE903AB7E6B0EE677ABEEEC87A17EEE0
:1096AC00103A20E4F5EEC0AADFED7B6A9FED7C6AF0
:1096BC00B0EE667AF1EE10FAA7EE867A7FF533AC4F
:1096CC00B4EEE67AF1EE10FA67D5B0EE667ADFED1D
:1096DC00756A0DE7744ADFF8DC91C3E9069284EDF4
:1096EC0026BAB5E4704ADFF8CC91C3E90692C4ED12
:1096FC00279AE9E4F3EE047A2368F4EEE79AF1EEA4
:10970C0010FA00F1BC80DFED697AF4EEE79AF1EE25
:10971C0010FA00F315819FED680A019329EE800A77
:10972C00F0EE407AFEEEE07A17EE909A11F018FA0D
:10973C00F0EE407A019BFEEEE07A17EE902AC3E938
:10974C000692C4ED269A58E7F3EE047AD4F808A0F2
:10975C00B4EEE79AF1EE10FA00F18D80DFED537A5A
:10976C00B4EEE79AF1EE10FA00F3E6809FED520AA0
:10977C0029EE000AF0EE407AFEEEE07A17EE909AAF
:10978C0011F0EEF9F0EE407AFEEEE07A17EE902A48
:10979C00CAE9069284ED279ACDE6DFED457AB4EE60
:1097AC00E77AF1EE10FA01DDB0EE677ADFED3D6A93
:1097BC009EE69FED3F7AF4EEC77AF1EE10FA01DDEA
:1097CC00F0EE477A9FED377AF6E60023D361C4EDCD
:1097DC0020AA55E4B5EEC07A2269F1EE10FA7FF5B5
:1097EC00C6ACD36184ED1E7AF1E4F0EE477AFEEE5E
:1097FC00C87A17EE902A42E6F0EE477AFEEEC87A67
:10980C0017EE902A36E6F0EE667AFFF7EBBADFED4C
:10981C00217A69EE277AFCEEE77A17EE903A46E564
:10982C00B0EE677AFFF79BBBDFED1A7A6AEEA77A88
:10983C00FCEEE77A17EE903AC8E7DFED1D7AB4EE4E
:10984C00E77AF1EE10FA7FF751AE4DE69FED187AFC
:10985C00F4EEC77AF1EE10FA7FF7ACAEA8E6DFEDC6
:10986C000D6A67EE266AFCEEE66A16EE903AB8E7E9
:10987C004FF00043D0E40C4ADFF8389088E70A4AEE
:10988C00DFF830905BE700BFD0CCCC0CCDCCCC3D1E
:10989C000044AC46C637BE470000C84366668640E7
:1098AC000080ED450AD7A33DDE57170000D089464E
:1098BC000000FA45DF571700936515381FED020AB3
:1098CC00019329EE800AF0EE407AFEEEE07A17EE74
:1098DC00909A11F045F9F0EE407A019BFEEEE07A99
:1098EC0017EE902A01E71FED0C0A01932BEE000AEC
:1098FC00F0EE407AFEEEE07A17EE909A11F030F925
:10990C00F0EE407A019BFEEEE07A17EE902AE4E648
:10991C00002366E7002339E6002398E600237BE466
:10992C00B0EE667A48E6F0EE676AE1E54FF0004388
:10993C008DE64FF0004329E6034ADFF8109027E745
:10994C00014ADFF80890FAE6008C3C4B00BE6C50E4
:10995C000379ABB1013B00225FFA83FC10B484683D
:10996C000848231F04EB8C0C01E010F8012F51F870
:10997C00222043F8042F6345F7D15DF8044B704760
:10998C00704700BF086B00204379ABB1013B0B491A
:10999C0010B4D0E90242D8B2131F02EB80000122AE
:1099AC0001E011F8012F54F8222043F8042F8342D0
:1099BC00F7D15DF8044B7047704700BF1C6B00205B
:1099CC008379ABB1013B02690A4910B48468D8B2FF
:1099DC00131F02EB8000002201E011F8012F54F854
:1099EC00222043F8042F8342F7D15DF8044B7047D3
:1099FC00704700BF2C6B0020132903D8024B53F87F
:109A0C00210070470020704750820020132901D993
:109A1C0000207047014B585C704700BFF46A00206F
:109A2C00004870471C6B0020004870472C6B0020CE
:109A3C0003799BB1013B042230B48568D8B2084C41
:109A4C0012FB00502B1F01E014F8012F51F82220BB
:109A5C0043F8042F8342F7D130BC7047704700BFE6
:109A6C00146F00204379ABB1013B0B4910B4D0E922
:109A7C000242D8B2131F02EB8000002201E011F861
:109A8C00012F54F8222043F8042F8342F7D15DF8BC
:109A9C00044B7047704700BF246F00208379ABB133
:109AAC00013B02690A4910B48468D8B2131F02EB57
:109ABC008000002201E011F8012F54F8222043F815
:109ACC00042F8342F7D15DF8044B7047704700BFF9
:109ADC00346F00200D2903D8024B53F82100704736
:109AEC0000207047008300200D2901D90020704709
:109AFC00014B585C704700BF046F00200048704752
:109B0C00246F002000487047346F00200379ABB1FC
:109B1C00013B00225FFA83FC10B484680848231FC1
:109B2C0004EB8C0C01E010F8012F51F8222043F8C3
:109B3C00042F6345F7D15DF8044B7047704700BFA5
:109B4C00607000204379ABB1013B0B4910B4D0E9F4
:109B5C000242D8B2131F02EB8000002201E011F880
:109B6C00012F54F8222043F8042F8342F7D15DF8DB
:109B7C00044B7047704700BF707000208379ABB105
:109B8C00013B02690A4910B48468D8B2131F02EB76
:109B9C008000032201E011F8012F54F8222043F831
:109BAC00042F8342F7D15DF8044B7047704700BF18
:109BBC00807000200E2903D8024B53F82100704707
:109BCC0000207047388300200E2901D900207047EF
:109BDC00014B585C704700BF507000200048704724
:109BEC007070002000487047807000200379ABB182
:109BFC00013B00225FFA83FC10B484680848231FE1
:109C0C0004EB8C0C01E010F8012F51F8222043F8E2
:109C1C00042F6345F7D15DF8044B7047704700BFC4
:109C2C00106D00204379ABB1013B0B4910B4D0E966
:109C3C000242D8B2131F02EB8000002201E011F89F
:109C4C00012F54F8222043F8042F8342F7D15DF8FA
:109C5C00044B7047704700BF246D00208179A1B17F
:109C6C000139042230B4C9B2056984682B1F074836
:109C7C0012FB015101E010F8012F54F8222043F897
:109C8C00042F8B42F7D130BC70477047386D0020E1
:109C9C00132903D8024B53F821007047002070475A
:109CAC00A0820020132901D900207047014B585C79
:109CBC00704700BFFC6C002000487047246D0020EA
:109CCC0000487047386D002010B5084B044680687A
:109CDC00236008B10DF07EFBE06808B10DF07AFB53
:109CEC00206908B10DF076FB204610BDE471002010
:109CFC0010B5084B04468068236008B10DF06AFB70
:109D0C00E06808B10DF066FB206908B10DF062FB4C
:109D1C00204610BDE471002010B5084B0446806845
:109D2C00236008B10DF056FBE06808B10DF052FB52
:109D3C00206908B10DF04EFB204610BDE4710020E7
:109D4C0010B5084B04468068236008B10DF042FB47
:109D5C00E06808B10DF03EFB206908B10DF03AFB4C
:109D6C00204610BDE471002010B50A4B04468068F3
:109D7C00236008B10DF02EFBE06808B10DF02AFB52
:109D8C00206908B10DF026FB204614210DF024FBB0
:109D9C00204610BDE471002010B50A4B04468068C3
:109DAC00236008B10DF016FBE06808B10DF012FB52
:109DBC00206908B10DF00EFB204614210DF00CFBB0
:109DCC00204610BDE471002010B50A4B0446806893
:109DDC00236008B10DF0FEFAE06808B10DF0FAFA54
:109DEC00206908B10DF0F6FA204614210DF0F4FAB2
:109DFC00204610BDE471002010B50A4B0446806863
:109E0C00236008B10DF0E6FAE06808B10DF0E2FA53
:109E1C00206908B10DF0DEFA204614210DF0DCFAB1
:109E2C00204610BDE47100202DE9F04FDFF82082B0
:109E3C00B3B0704DD8F800602B68642EA8BF6426B0
:109E4C00002B63D093F8B091002283F8B021B9F1C4
:109E5C00000F5BD0002168480CF08AFB67480CF0BF
:109E6C0091FB674B98425ED2664A1B1A664C1321D3
:109E7C00A2FB032365489B09A4FB03246409274622
:109E8C00C4EB0414A3EB84040FF032FE3946002318
:109E9C000A225F480CF078FF01215E480FF028FE83
:109EAC00092C4FD900230A22214659480CF06CFF8B
:109EBC00102159480FF01CFE55480CF057FF01219A
:109ECC0056480FF015FE52480CF050FF0F21544825
:109EDC000FF00EFE4E480CF049FF092151480FF0CF
:109EEC0007FE514B1B68002B4DD0012B00F0D78483
:109EFC00022B00F0DD84032B00F0068407214B4875
:109F0C000FF0F6FD42480CF031FF43E031463A4881
:109F1C000CF044FBD0B9711D37480CF03FFB48BB2B
:109F2C0033B0BDE8F08F132138480FF0E1FD00236A
:109F3C000A223748194600240CF026FF0121354827
:109F4C000FF0D6FD30200FF0BDFDABE74FF0000950
:109F5C0080E70F2136480FF0CBFD2D480CF006FFA3
:109F6C0001212E480FF0C4FD29480CF0FFFEB9F179
:109F7C00000FD0D00FF052FD0028D1D033B0BDE887
:109F8C00F04F0FF0E9BD0C212A480FF0B1FD20482D
:109F9C000CF0ECFE284F0B2128480FF0A9FD3B6874
:109FAC00FBB1012B00F07284022B00F05D840521C3
:109FBC0023480FF09DFD16480CF0D8FE06212148D1
:109FCC000FF096FD204B1B68002B43D0013B042B5C
:109FDC0000F28084DFE813F0190411040904FA0379
:109FEC00A003082119480FF083FD09480CF0BEFEB0
:109FFC00E4E700BF60990020B4350120E41F012084
:10A00C00009F2400D34D6210898888886C1300202F
:10A01C00807E00208817002080130020D814002098
:10A02C0094130020A4130020D8A00020F0130020CB
:10A03C00AC150020B0130020AC350120541B0020BF
:10A04C0014140020681B0020B0350120F8130020E8
:10A05C00EC8900200821D4480FF04AFDD3480CF0BD
:10A06C0085FED34B0BACDFF8B0C393F800A0BCE873
:10A07C000F000FC49CE8030084E80300BAF1000F42
:10A08C0000F005831B21CB480FF032FDCA4B0A228E
:10A09C00C64819780023C94C0CF076FE0221C8483A
:10A0AC000FF026FD94F80432C64A03EB430302EB8F
:10A0BC00C303D3F814A0BAF1000F06D0504611F028
:10A0CC0007FF014650460FF013FD0621BE480FF066
:10A0DC000FFD002394F804120A22B4480CF054FE2D
:10A0EC00B2480CF043FEB94B1B68002B00F0F78212
:10A0FC001C780C21B6480FF0FBFC2146AB480CF049
:10A10C0029FE0321B3480FF0F3FCB34B53F8244062
:10A11C0034B1204611F0DCFE014620460FF0E8FC7D
:10A12C00A2480CF023FE0121AC480FF0E1FC9F4843
:10A13C000CF01CFEAA4C0D21AA480FF0D9FC9B4830
:10A14C000CF014FE0DF1440C0DF1680EDFF8CCA2EE
:10A15C00DFF8CCB20FCCACE80F000FCCACE80F00A2
:10A16C0054F8043BCCF80030A446BCE80F00AEE831
:10A17C000F00BCE80F00AEE80F00DAF800309A4A86
:10A18C00DC1782FB0312C4EB620404EB4404A3EB64
:10A19C0084049CE80F008EE80F00072193480FF011
:10A1AC00A7FCDBF8003032AA02EB830353F8843CA3
:10A1BC0043B11846019311F08BFE019B01461846E2
:10A1CC000FF096FC012185480FF092FC0121884884
:10A1DC000FF08EFCDBF8001074480CF0BBFD012175
:10A1EC0084480FF085FC71480CF0C0FD05218248B5
:10A1FC000FF07EFC32AB03EB840454F8604C34B1AA
:10A20C00204611F065FE014620460FF071FC01213D
:10A21C0072480FF06DFC012175480FF069FCDAF8FB
:10A22C00001062480CF096FD012172480FF060FCA2
:10A23C005E480CF09BFD072170480FF059FCD8F8D4
:10A24C0000105A480CF086FD02216D48DFF8D481CD
:10A25C000FF04EFC55480CF089FD07216948444627
:10A26C000FF046FC08F1240BD8F80010DFF8B8A169
:10A27C00DFF838814D480CF06DFD022150460FF08F
:10A28C0037FC54F8041F40460CF064FDA345F4D190
:10A29C0046480CF06BFD2B68002B00F02D823A68C1
:10A2AC00022A0CBFD3F8ACA1D3F8A8A1212156489F
:10A2BC000FF01EFCBAF1000F40F3B88207EE90AA23
:10A2CC0026ACB8EEE70B9FED327B80EE070B10F05F
:10A2DC00BBF9454BDFF854E1A446B2EE086B9FED99
:10A2EC002E7B80EE075B9FED2E7BA5EE067BB8FEEA
:10A2FC00477BFDEEC77B17EE901ACDED017A83FB01
:10A30C0001234FEAE178C8EB6308BEE80F00ACE824
:10A31C000F00BEE80F00ACE80F009EE80F008CE8C1
:10A32C000F00514621480CF015FD0521374808F166
:10A33C00FF3B0FF0DDFB019908EB4808344AA1EB19
:10A34C0088030C33A2FB0312D20802EB4202A3EBEC
:10A35C00820332AA02EB830353F8308CB8F1000F5E
:10A36C0006D0404611F0B4FD014640460FF0C0FB4C
:10A37C0059460E480CF0EEFC01211E480FF0B8FBBC
:10A38C00082124480FF0B4FB52E000BFAFF300806B
:10A39C000000000000807B40EF39FAFE422EE63FC1
:10A3AC0000000000004051401C140020807E002062
:10A3BC000D5B0120541400204F8A0020989E002031
:10A3CC0070140020181F0020741400208C2A012007
:10A3DC00B01B00207C140020E4730020D814002053
:10A3EC00AC10002090140020ABAAAA2A141B002049
:10A3FC00E0140020EC150020A0140020241B0020E9
:10A40C00A8140020AC140020B8140020DC14002088
:10A41C00ABAAAAAAE414002094100020E88900201A
:10A42C00D8360120002B0120B4140020D0100020BD
:10A43C003B68022B00F00E82002B00F0FD81012BFB
:10A44C0000F00D820521B8480FF052FB0121B748EE
:10A45C000FF04EFBB6480CF089FC2B68002B00F07B
:10A46C0043811021B3480FF043FB39782868FBF780
:10A47C00CFFF0146AE480CF06DFCAD480CF076FCFD
:10A48C000121AD480FF034FBA9480CF06FFCAB4D2B
:10A49C000C21AB480FF02CFBA5480CF067FCA94F26
:10A4AC000FCD0FC42B680F21A74823600FF020FBA2
:10A4BC0000230A2239789E480CF066FC0321A3483D
:10A4CC000FF016FB3B7832AA042B28BF042302EBB7
:10A4DC00830353F8304C34B1204611F0F9FC01469B
:10A4EC0020460FF005FB92480CF040FC984B1B7873
:10A4FC00002B00F0C4800E2196480FF0F9FA964913
:10A50C0000230A2209788A480CF03EFC0A21934861
:10A51C000FF0EEFA86480CF029FC012186480FF06A
:10A52C00E7FA83480CF022FC0F218D4803AC0FF0A6
:10A53C00DFFA7F480CF01AFC8A4B8B4D0FCB84E86A
:10A54C000F000A2189480FF0D3FA00230A22297838
:10A55C0077480CF019FC03217C480FF0C9FA2B78D2
:10A56C0032AA042B28BF002302EB830353F8BC4C04
:10A57C0034B1204611F0ACFC014620460FF0B8FA7D
:10A58C006B4807AC0CF0F2FB794B7A4D0FCB84E89F
:10A59C000F000A2178480FF0ABFA00230A22297821
:10A5AC0063480CF0F1FB032168480FF0A1FA2B78FB
:10A5BC0032AA042B28BF002302EB830353F8AC4CC4
:10A5CC0034B1204611F084FC014620460FF090FA7D
:10A5DC0057480CF0CBFB012157480FF089FA54482F
:10A5EC000CF0C4FB0B2165480FF082FA644C504808
:10A5FC000CF0BCFB0B2163480FF07AFA94ED000AC7
:10A60C0003214B48B7EEC00A0CF0D2FB48480CF0C3
:10A61C00ADFB0B215C480FF06BFAD4ED007A9FED8B
:10A62C005B7AF4EEC77AF1EE10FABFF692AC9FEDBE
:10A63C00587AF4EEC77AF1EE10FA80F202819FEDAF
:10A64C00557AF4EEC77AF1EE10FA80F216819FED8E
:10A65C00527AF4EEC77AF1EE10FA80F2DE809FEDBA
:10A66C004F7AF4EEC77AF1EE10FAC0F22A810E217D
:10A67C004B480FF03DFA2E480CF078FB70E4162195
:10A68C0048480FF035FA2A480CF070FB45E7464C69
:10A69C000F2146480FF02CFA53460A222178244801
:10A6AC000CF072FB032129480FF022FA237832AA0E
:10A6BC00052B28BF002302EB830353F89C4C34B1C9
:10A6CC00204611F005FC014620460FF011FA1848FF
:10A6DC000CF04CFB364B1B68002B7FF409AD0F21A3
:10A6EC0034480FF005FA1BE5132133480FF000FA3C
:10A6FC000F480CF03BFBC3E63B68022B0CBF2F4B07
:10A70C002F4BD3F800A0D1E511212E480FF0F0F912
:10A71C0007480CF02BFB3DE405212B480FF0E8F922
:10A72C0003480CF023FB9CE414140020F0140020CC
:10A73C00807E0020F4140020D8140020001100208A
:10A74C001C1500204E8A0020E01B00207C140020E9
:10A75C000A5B01202C150020105B01203C15002009
:10A76C006015002014110020508A00207015002064
:10A77C0024110020518A00207C150020881500200F
:10A78C00CC87002094150020A01500203333733F94
:10A79C00D7A3703FA4703D3F0AD7233F3D0AD73E55
:10A7AC00F0150020481500204F8A0020941B002033
:10A7BC008C2A0120801400200815002090A2002073
:10A7CC0014370120DC1300204C1400200B214648C8
:10A7DC000FF08EF9454B0A224548197800230CF0EE
:10A7EC00D3FA43480CF0C2FA3BE4072141480FF07E
:10A7FC007FF93F480CF0BAFA33E404213E480FF0DD
:10A80C0077F93B480CF0B2FA2BE406213B480FF0E9
:10A81C006FF937480CF0AAFA23E40D2138480FF0F1
:10A82C0067F933480CF0A2FAFFF79ABB03213548BD
:10A83C0026AC0FF05DF9A3E5082133480FF058F969
:10A84C0004E60E2131480FF053F929480CF08EFA2A
:10A85C00FFF786BB07212E480FF04AF9F6E50621D3
:10A86C002C480FF045F9F1E5072129480FF040F984
:10A87C001F480CF07BFAFFF7A1BB102126480FF004
:10A88C0037F91B480CF072FAFFF76ABB0621214816
:10A89C000FF02EF916480CF069FAFFF78FBB0F2159
:10A8AC001E480FF025F912480CF060FAFFF772BB46
:10A8BC000B211B480FF01CF90D480CF057FAFFF751
:10A8CC0069BB122117480FF013F909480CF04EFA26
:10A8DC00FFF746BB052114480FF00AF904480CF0A9
:10A8EC0045FAFFF7BEBB00BF40140020115B0120EE
:10A8FC00807E002038140020301400202814002002
:10A90C00E01500208C140020F8130020BC1500204A
:10A91C000C14002004140020CC150020C0130020BF
:10A92C00D0130020001600201414002010B50023B2
:10A93C00044610460D4A617223722260C4E903304A
:10A94C0019B18A00194611F099F8094A136853B1E4
:10A95C001A465B69002BFBD15461002320466361CE
:10A96C006360A37210BD1460F7E700BFD8710020BC
:10A97C005C93002003460022134910B4134C43F897
:10A98C00184B4FF4807482610481C0E903230B6877
:10A99C00C3B11A465B69002BFBD1506100230C4AF2
:10A9AC004FF468140B4943614360837202604FF0AB
:10A9BC0000520377084BC0E90A41C0E90C235DF84B
:10A9CC00044B70470860E9E75C930020D8710020C5
:10A9DC00247300200E00C10076061C0003460022E2
:10A9EC00144910B4144C43F8344B4FF40074C0E9C0
:10A9FC0003230B680481C0E90D22CBB11A465B69B5
:10AA0C00002BFBD150610D4900230D4A0D4C016008
:10AA1C004FF4805182610C4A436143608372C0E9F8
:10AA2C000741C0E909235DF8044BC0E90B337047BB
:10AA3C000860E8E75C930020D8710020A073002028
:10AA4C0090298F0460EA8E0480F9855A002203460F
:10AA5C0013494FF4806C10B4124C43F8284BA0F8F7
:10AA6C0008C0C0E903230B68C0E90A22C0E90C2224
:10AA7C009BB11A465B69002BFBD1506100224FF44D
:10AA8C00803309495DF8044B426142608272016077
:10AA9C00C0E90633C0E9083370470860EEE700BF31
:10AAAC005C930020D8710020CC7100201349002247
:10AABC0038B5134D04460B68056002610281C26013
:10AACC00D3B11A465B69002BFBD1546100230D49AD
:10AADC004FF0804204F138006360A3722160A386BA
:10AAEC00C4E90533C4E90733C4E90932C4E90B33BB
:10AAFC000BF08EFB204638BD0860E7E75C93002026
:10AB0C00D8710020187300200D49002210B40B6876
:10AB1C000C4C026104600281C2607BB11A465B6915
:10AB2C00002BFBD150610023074A5DF8044B4361B5
:10AB3C004360837202600376C36170470860F2E77A
:10AB4C005C930020D87100207C7300200F490022F8
:10AB5C0010B40B680E4C026104600281C2609BB1A0
:10AB6C001A465B69002BFBD150610A4900220A4C42
:10AB7C000B88046001335DF8044B426142608272C1
:10AB8C000B80C0E9062370470860EEE75C93002059
:10AB9C00D8710020EA5A01206473002038B50022D5
:10ABAC00044603461349144D4FF4807043F8185B68
:10ABBC002081A261C4E903230B68C3B11A465B6907
:10ABCC00002BFBD1546100230C490D4A20460D4D3E
:10ABDC0063616360A3729FED0C0A2560216222639E
:10ABEC000AF064FC47F6FF732046E36238BD0C6044
:10ABFC00E9E700BF5C930020D8710020053D0100FF
:10AC0C0013952C007073002000000044F8B5704DB3
:10AC1C0028682DED028B08B106F04EFF6D4B1C78A9
:10AC2C0014B1BDEC028BF8BD0D2120460CF0AEF931
:10AC3C00694A0146694B2046694C52F8212009218A
:10AC4C001A600CF0A3F9674B024640F6B831FA20B3
:10AC5C001A600CF09BF9644B0246052101201A6026
:10AC6C000CF094F9614B1870F7F78AFB604B0421D8
:10AC7C00187001200CF08AF903460421012023707E
:10AC8C000CF084F92378C0B25A4A8342107009D16F
:10AC9C005949A1FB030101F0FE0000EB51015B1AC5
:10ACAC0001331370062101200CF070F9534BC0B224
:10ACBC00187008F099FA524B002019680CF066F9DC
:10ACCC00504B0246642100201A600CF05FF92028DA
:10ACDC004FDC04224C4E00204C4B4D4C31681A601A
:10ACEC000CF054F9236898425AD04A4B01221A703E
:10ACFC00494B2060186008F051FC022100200CF038
:10AD0C0045F9012804463FD00020F7F7AFFA286830
:10AD1C0008B106F0E5FE4FF4C87164200CF036F96A
:10AD2C0007EE900A9FED3D8AF8EEE77A3C4C3D4DDC
:10AD3C00DFED3D8A87EE887A84ED007A4FF4C87196
:10AD4C0064200CF023F907EE100AD4ED007AB8EE6B
:10AD5C00C77AC7EE086A76EEE77AC5ED006AF0EEC0
:10AD6C00E77AF4EEE87AF1EE10FAE7D4BDEC028B58
:10AD7C00F8BD382825DD4C2825DD582825DD61282F
:10AD8C00CCBF05220122A5E7284B002019780CF036
:10AD9C00FDF8C0B2F7F750FA2046F7F767FAB6E7B6
:10ADAC001C4F3B780133DBB2022B3B70A0D93168CE
:10ADBC0000200CF0EBF823689842F8D001233B708C
:10ADCC0096E7002286E7032284E7022282E700BF8F
:10ADDC008C2A0120155B0120241E0020E88900200C
:10ADEC00508A0020D8360120EC890020558A00209A
:10ADFC004E8A0020518A0020ABAAAAAA4F8A0020B2
:10AE0C009C870020AC350120A8870020B03501209C
:10AE1C00E48900200E5B0120D8A0002000007A44B9
:10AE2C00A0870020A4870020CDCC4C3D547D002071
:10AE3C00F0B5C74E3378002B00F0FE82C548C64CE7
:10AE4C0001682268C54B8A1A1B68132A40F2F482E7
:10AE5C00CB1A9FEDC36AF7EE006A216007EE903AB9
:10AE6C00C04BF8EE677A1B6887EE867A76EEC77A67
:10AE7C00F5EEC07AF1EE10FA40F2DF82002B00F012
:10AE8C00DB8276EEE77A9FEDB87AD3F88021E7EE95
:10AE9C00E76A66EE877A002A00F00B874FF0000C09
:10AEAC00B24C614603E001318A4200F0068453F84B
:10AEBC002C500CF1030CA542F5D101EB410103EB35
:10AECC008101043106684D68751B312D26D991ED31
:10AEDC00007A9FEDAF6A37EEC77AB0EEC77AB4EE60
:10AEEC00C67AF1EE10FA19D49FEDAA7AF4EEC77A6D
:10AEFC00F1EE10FA00F340869FEDA77AF4EEC77AD4
:10AF0C00F1EE10FA00F1D286B0EE677ABEEEC87A96
:10AF1C0017EE105AA561C1ED007A4E60F6EE007A7C
:10AF2C0066EEA77A4FF0000C914CE64603E08A429D
:10AF3C0000F0DB838E4653F82C500EF101010CF11E
:10AF4C00030CA542F3D10EEB4E0103EB810104314E
:10AF5C0006684D68751B312D26D991ED007A9FED51
:10AF6C008C6A37EEC77AB0EEC77AB4EEC67AF1EED9
:10AF7C0010FA19D49FED877AF4EEC77AF1EE10FA35
:10AF8C0000F3E1859FED847AF4EEC77AF1EE10FAC6
:10AF9C0000F15E86B0EE677ABEEEC87A17EE105AF4
:10AFAC00A561C1ED007A4E60DFED727A66EEA77A8C
:10AFBC004FF0000C704D644603E0914200F0AC83FE
:10AFCC000C4653F82C60611C0CF1030CAE42F4D10E
:10AFDC0004EB440103EB8101043106684C68341B1B
:10AFEC00312C26D991ED007A9FED696A37EEC77A3C
:10AFFC00B0EEC77AB4EEC67AF1EE10FA19D49FED22
:10B00C00657AF4EEC77AF1EE10FA00F3B2859FED93
:10B01C00627AF4EEC77AF1EE10FA00F14486B0EEE3
:10B02C00677ABEEEC87A17EE104AAC61C1ED007AB1
:10B03C004E604FF0000C514D644603E0914200F01D
:10B04C007E830C4653F82C60611C0CF1030CAE4251
:10B05C00F4D104EB440103EB8101043106684C6824
:10B06C00341B312C26D991ED007A9FED496A37EECD
:10B07C00C77AB0EEC77AB4EEC67AF1EE10FA19D4EC
:10B08C009FED447AF4EEC77AF1EE10FA00F35E8588
:10B09C009FED417AF4EEC77AF1EE10FA00F1F485E7
:10B0AC00B0EE677ABEEEC87A17EE104AAC61C1ED0D
:10B0BC00007A4E60DFED327A66EEA77A4FF0000C24
:10B0CC00304D644603E08A4200F04C830C4653F842
:10B0DC002C60611C0CF1030CAE42F4D104EB440166
:10B0EC0003EB8101043106684C68341B312C26D9E2
:10B0FC0091ED007A9FED266A37EEC77AB0EEC77AEB
:10B10C00B4EEC67AF1EE10FA19D49FED227AF4EE71
:10B11C00C77AF1EE10FA00F31E859FED1F7AF4EE5C
:10B12C00C77AF1EE10FA00F1BB85B0EE677ABEEE8D
:10B13C00C87A17EE104AAC61C1ED007A4E60DFEDB3
:10B14C00127A66EEA77A4FF0000C104D644629E097
:10B15C00FC5A0120104001205093002048930020FD
:10B16C000000FA45281F01206666263FC89700207C
:10B17C00689700209A99993E48970020889700205C
:10B18C00CDCC0C3F089800206666E63E289800203F
:10B19C000AD7233C00FEFF4600FEFFC68A4200F0A1
:10B1AC00F4820C4653F82C60611C0CF1030CAE427B
:10B1BC00F4D104EB440103EB8101043106684C68C3
:10B1CC00341B312C26D991ED007A1FED0F6A37EE26
:10B1DC00C77AB0EEC77AB4EEC67AF1EE10FA19D48B
:10B1EC001FED147AF4EEC77AF1EE10FA00F3BE8478
:10B1FC001FED177AF4EEC77AF1EE10FA00F12E85F6
:10B20C00B0EE677ABEEEC87A17EE104AAC61C1EDAB
:10B21C00007A4E60B6EE087A26EE877A4FF0000C74
:10B22C00BC4D614603E00131914280F0C18253F87C
:10B23C002C400CF1030CAC42F5D101EB4102D3F8DC
:10B24C00804103EB8202043206685168711A31297D
:10B25C0040F28B8392ED006ADFEDAF5A37EE466A0F
:10B26C00B0EEC66AB4EEE56AF1EE10FA19D49FEDB1
:10B27C00AB6AB4EEC67AF1EE10FA00F372849FED6D
:10B28C00A86AB4EEC67AF1EE10FA00F10385B0EEBE
:10B29C00476ABEEEC86A16EE101AA96182ED007AF2
:10B2AC0056609FEDA07A26EE877A002C00F006857A
:10B2BC0000219D4D0A4603E00132A24280F0BB8181
:10B2CC0053F821600331AE42F6D102EB4202D3F8BF
:10B2DC00806103EB8202043204685168611A3129DF
:10B2EC0029D9D2ED006A9FED8C6A77EE666AF0EE92
:10B2FC00E66AF4EEC66AF1EE10FA19D4DFED876A4D
:10B30C00B4EEE67AF1EE10FA00F32884DFED846AED
:10B31C00B4EEE67AF1EE10FA00F1B984F0EE476A79
:10B32C00FEEEC86A16EE901AA96182ED007A54609E
:10B33C00002E00F0CD8400217C4C0A4603E0013243
:10B34C00B24280F08E8153F821500331A542F6D1E0
:10B35C0002EB4202D3F8805103EB820204320668FE
:10B36C005168711A312929D992ED007ADFED6A6A98
:10B37C0037EEC77AB0EEC77AB4EEE67AF1EE10FA91
:10B38C0019D49FED667AF4EEC77AF1EE10FA00F359
:10B39C00E0839FED637AF4EEC77AF1EE10FA00F1D8
:10B3AC007C84B0EE677ABEEEC87A17EE101AA161F3
:10B3BC00C2ED007A5660002D00F0858400215C4CB3
:10B3CC000A4603E00132954240F2618153F8216054
:10B3DC000331A642F6D102EB420203EB82020432A5
:10B3EC0001685368CB1A312B26D992ED007ADFED28
:10B3FC004A6A37EEC77AB0EEC77AB4EEE67AF1EE67
:10B40C0010FA19D49FED457AF4EEC77AF1EE10FAE2
:10B41C0000F3AA839FED427AF4EEC77AF1EE10FAAC
:10B42C0000F11984B0EE677ABEEEC87A17EE103AC6
:10B43C00A361C2ED007A5160F0BD002B00F0F880E2
:10B44C00D3F88021002A00F05C840025394C294671
:10B45C0003E00131914200F0718253F825700335FD
:10B46C00A742F6D101EB410103EB81010431002726
:10B47C000568A76100244D600C6000252E4C294600
:10B48C0003E00131914200F01A8253F82570033524
:10B49C00A742F6D101EB410103EB810104310027F6
:10B4AC000568A76100244D600C600024234D2146E3
:10B4BC0003E00131914200F0178253F824700334F9
:10B4CC00AF42F6D101EB410103EB81010431046879
:10B4DC000027AF614C6000240C600024184D2146FD
:10B4EC0003E00131914200F0148253F824700334CC
:10B4FC00AF42F6D101EB410103EB81010431046849
:10B50C000027AF614C6000240C6000240D4D2146D7
:10B51C001EE000BF889800200AD7233C00FEFF469F
:10B52C0000FEFFC6CDCCCC3EA8970020489800204A
:10B53C0068980020C8970020689700204897002042
:10B54C0088970020089800200131914200F0588122
:10B55C0053F824700334AF42F6D101EB410103EBF5
:10B56C008101043104680027AF614C6000240C6039
:10B57C000024C34D214603E00131914200F06A8161
:10B58C0053F824700334AF42F6D101EB410103EBC5
:10B59C008101043104680027AF614C6000240C6009
:10B5AC000024B84D214603E00131914200F03D8169
:10B5BC0053F824700334AF42F6D101EB410103EB95
:10B5CC008101043104680027AF614C6000240C60D9
:10B5DC000025AD4C294603E00131914200F05A811F
:10B5EC0053F825700335A742F6D101EB410103EB6B
:10B5FC008101043100270568A76100244D600C60AF
:10B60C000025A24C294603E00131914200F0E38071
:10B61C0053F825700335A742F6D101EB410103EB3A
:10B62C008103043300220168A261002259601A6070
:10B63C0000233370F0BD202C00F05E8204EB44023A
:10B64C00661C6100920004322144914C1A4443F868
:10B65C00215003EB81014C6000248C60C3F88061A5
:10B66C003AE6202E00F0628206EB4602751C710051
:10B67C00920004323144864E1A4443F8214003EBC5
:10B68C0081014E6000268E60C3F8805167E6202D44
:10B69C0000F0408205EB45026E1C690092000432FA
:10B6AC0029447B4D1A4443F8214003EB81014D6042
:10B6BC0000258D60C3F8806192E6202A00F00B8291
:10B6CC0002EB4201561C5500890004312A44704D8E
:10B6DC00194443F8224003EB820255600025956023
:10B6EC003246C3F88061FFF7EDBB202A00F0D4810D
:10B6FC0001EB4101664E00250EF102024FEA810C6E
:10B70C0003EB810143F80C404E608D600CF1040199
:10B71C00C3F8802119441BE4202A00F0878101EB37
:10B72C004101A21C5A4F00268C0003EB81011D51D4
:10B73C004F608E60211DC3F8802119444DE4202AEE
:10B74C0000F0558101EB4101A21C514F00268C00E9
:10B75C0003EB81011D514F608E60211DC3F88021C8
:10B76C0019447BE4202A00F0238101EB4101A21C47
:10B77C00474F00268C0003EB81011D514F608E60FA
:10B78C00211DC3F880211944ADE4202A00F0F28079
:10B79C0001EB4101A21C3E4F00268C0003EB810102
:10B7AC001D514F608E60211DC3F88021194405E5A1
:10B7BC00202A00F05681541C02EB4202344F002622
:10B7CC00910003EB82025D50576096600A1DC3F82E
:10B7DC0080411A4438E5202900F0D98101EB41025F
:10B7EC00DFF8ACC001310027950003EB82025C51FD
:10B7FC000435C2F804C09760C3F880112B4411E7DC
:10B80C00202A00F0CC8102EB4204DFF884C0013224
:10B81C000027A10003EB84045D500431C4F804C07C
:10B82C00A7601944C3F880219CE6202A00F0B3815C
:10B83C0002EB4204DFF858C001320027A10003EBF1
:10B84C0084045D500431C4F804C0A7601944C3F8E3
:10B85C008021B7E6202A00F0A68102EB4204DFF833
:10B86C0030C001320027A10003EB84045D50043189
:10B87C00C4F804C0A7601944C3F880218AE600BF4D
:10B88C0028980020A897002048980020689800204D
:10B89C00000080BF202A00F08A8102EB4205DFF80D
:10B8AC00C4C301320027A90003EB85055C500431A9
:10B8BC00C5F804C0AF601944C3F880219AE6202A69
:10B8CC0000F0798102EB4205DFF898C301320027C2
:10B8DC00A90003EB85055C500431C5F804C0AF60CA
:10B8EC001944C3F88021DAE5202A00F0688102EBC4
:10B8FC004204DFF870C301320027A10003EB84047B
:10B90C005D500431C4F804C0A7601944C3F8802109
:10B91C00DDE5202A00F0378102EB4204DFF844C356
:10B92C0001320027A10003EB84045D500431C4F8FC
:10B93C0004C0A7601944C3F88021E0E5202A00F078
:10B94C001E8102EB4201571C5500890004312A4428
:10B95C00C44D194443F8224003EB82025560002584
:10B96C0095603A46C3F8807181E59FEDBF7A26EE6B
:10B97C00877A9DE49FEDBD7A0268F4EEC77AF1EE0A
:10B98C0010FA00F32F819FEDBA7AF4EEC77AF1EE3C
:10B99C0010FA00F1A881B0EE677ABEEEC87A17EE05
:10B9AC00104AB6EE087A0A46AC6126EE877A35E480
:10B9BC009FEDAE7A0268F4EEC77AF1EE10FA00F35E
:10B9CC0017819FEDAB7AF4EEC77AF1EE10FA00F125
:10B9DC008681B0EE677ABEEEC87A17EE104ADFEDBC
:10B9EC00A57A0A46AC6166EEA77AFFF7ACBB9FED71
:10B9FC009F7A0268F4EEC77AF1EE10FA00F3F48045
:10BA0C009FED9B7AF4EEC77AF1EE10FA00F1738198
:10BA1C00B0EE677ABEEEC87A17EE104ADFED967A72
:10BA2C000A46AC6166EEA77AFFF748BB9FED8F7AAA
:10BA3C000268F4EEC77AF1EE10FA00F3DB809FEDAA
:10BA4C008C7AF4EEC77AF1EE10FA00F14A81B0EE7E
:10BA5C00677ABEEEC87A17EE104A0A46AC61FFF759
:10BA6C00E8BA9FED826A0268B4EEC67AF1EE10FA7B
:10BA7C0000F3D0809FED7E6AB4EEC67AF1EE10FA38
:10BA8C0000F13581B0EE476ABEEEC86A16EE102A98
:10BA9C00D3F88041AA6104E49FED747A0268F4EE55
:10BAAC00C77AF1EE10FA00F3A1809FED717AF4EEF3
:10BABC00C77AF1EE10FA00F12081B0EE677ABEEE93
:10BACC00C87A17EE105ADFED6D7A0A46A56166EE5C
:10BADC00A77AFFF76DBA9FED657A0168F4EEC77A25
:10BAEC00F1EE10FA40F388806549F6EE007AA16118
:10BAFC0066EEA77AFFF716BADFED5C6A0268B4EE61
:10BB0C00E67AF1EE10FA40F387805D4AD3F8806153
:10BB1C00AA610DE49FED557A0368F4EEC77AF1EE55
:10BB2C0010FA40F38780564BA361F0BD9FED4F7A1E
:10BB3C000268F4EEC77AF1EE10FA44DD504AD3F8FD
:10BB4C008051A26137E44E4DFFF72ABA4C4CFFF7F7
:10BB5C00ADBA4B492BE44A4CFFF7EDBA4849FFF715
:10BB6C00E3BB4749FFF799BB454B61E4444CFFF7F6
:10BB7C004DBB434CFFF759BA414DFFF7CBB90168A8
:10BB8C000021A16179E401680021A961BDE40023D1
:10BB9C000268A3614CE501680021A96118E5016800
:10BBAC000021A961E4E401680021A961F8E40168BD
:10BBBC000021A16124E501680021A16175E40168FF
:10BBCC000021A96189E49FED2A7AF4EEC77AF1EE9F
:10BBDC0010FA00F18A80B0EE677ABEEEC87A17EEE2
:10BBEC00102AACE7264CDCE6254C17E7244D6AE717
:10BBFC00234CF4E6224C30E79FED1D7AF4EEC77A25
:10BC0C00F1EE10FA75D4B0EE677ABEEEC87A17EE84
:10BC1C00101A6AE71A4A3BE7DFED156AB4EEE67ACA
:10BC2C00F1EE10FA59D4F0EE476AFEEEC86A16EE41
:10BC3C00902A6BE79FED0E7AF4EEC77AF1EE10FACC
:10BC4C005DD4B0EE677ABEEEC87A17EE103A6BE7A9
:10BC5C000C4DFFF7A5B90B4BFFF7EABB094CFFF7EF
:10BC6C00D5BA00BF000080BFCDCCCC3E00FEFF4655
:10BC7C0000FEFFC66666E63ECDCC0C3F9A99993E17
:10BC8C000000FF7F00000180204CFFF70FBA1F4916
:10BC9C00FFF74ABB1D49FFF700BB1C49FFF787BBE9
:10BCAC001A4CFFF748BA194CFFF7BFB9174DFFF7FD
:10BCBC0031B901260421164C154607E5012604224C
:10BCCC00144D2146C0E401260422134C2946E7E416
:10BCDC0001250422114C3146CCE40C4A16E70B4CDE
:10BCEC007DE60A4CB9E6094C5BE6084A27E7074AA9
:10BCFC00CEE60649F9E6054C90E6044DE3E6034B27
:10BD0C0012E704210127024C154620E600000180B1
:10BD1C00C8970020A8970020689800204898002019
:10BD2C0070B5BE480124BE494FF0000CBD4BBE4A55
:10BD3C0083F800C00C70BD4B016812681960016873
:10BD4C00BB4B1960002A00F00C81D2F88031002B1B
:10BD5C0000F030826146B74D03E00131994200F0AA
:10BD6C00458152F82C400CF1030CAC42F5D101EB9F
:10BD7C00410102EB8101043104680026AE614C6084
:10BD8C0000240C604FF0000CAB4CE64603E08B42F9
:10BD9C0000F066818E4652F82C500EF101010CF128
:10BDAC00030CA542F3D10EEB4E0102EB81010431E1
:10BDBC0000260568A66100244D600C604FF0000C55
:10BDCC009E4CE64603E08B4200F061818E4652F8B1
:10BDDC002C500EF101010CF1030CA542F3D10EEB2A
:10BDEC004E0102EB8101043100260568A661002496
:10BDFC004D600C604FF0000C914D614603E0013139
:10BE0C008B4200F05B8152F82C400CF1030CAC42DD
:10BE1C00F5D101EB410102EB8101043104680026EC
:10BE2C00AE614C6000240C604FF0000C854D6146F7
:10BE3C0003E001318B4200F0568152F82C400CF19A
:10BE4C00030CAC42F5D101EB410102EB8101043151
:10BE5C0004680026AE614C6000240C604FF0000CAE
:10BE6C00794D614603E001318B4200F0518152F86B
:10BE7C002C400CF1030CAC42F5D101EB410102EB6F
:10BE8C008101043104680026AE614C6000240C6012
:10BE9C004FF0000C6D4D614603E001318B4200F018
:10BEAC004C8152F82C400CF1030CAC42F5D101EB57
:10BEBC00410102EB8101043104680026AE614C6043
:10BECC0000240C604FF0000C614CE64602E08B4203
:10BEDC005ED08E4652F82C500EF101010CF1030C81
:10BEEC00A542F4D10EEB4E0102EB81010431002688
:10BEFC000568A66100244D600C604FF0000C554C99
:10BF0C00E64602E08B425AD08E4652F82C500EF187
:10BF1C0001010CF1030CA542F4D10EEB4E0102EB26
:10BF2C008101043100260568A66100244D600C6077
:10BF3C000021494D8E4602E0634513D0E64652F887
:10BF4C0021400EF1010C0331AC42F5D10EEB4E0346
:10BF5C0002EB83030433016800220020A8615960BE
:10BF6C001A6070BD202B00F0058103EB43030EF12A
:10BF7C000201DFF8E8C000269C0002EB8303155198
:10BF8C000434C3F804C09E601319C2F88011E2E7B0
:10BF9C00202B00F0EB8001EB4101304E00250EF11F
:10BFAC0002034FEA810C02EB810142F80C404E6017
:10BFBC008D600CF10401C2F88031114497E7202BFD
:10BFCC0000F0D08001EB4101244E00250EF102035C
:10BFDC004FEA810C02EB810142F80C404E608D60FF
:10BFEC000CF10401C2F8803111449BE7202B00F0C6
:10BFFC00DD8003EB43015C1C4FEA430C89000431E8
:10C00C006344164E114442F8235002EB83035E60E6
:10C01C0000269E602346C2F88041ADE61040012008
:10C02C00125B0120135B0120281F01204493002088
:10C03C004C930020C8970020689700204897002058
:10C04C0088970020089800202898002088980020C5
:10C05C00A89700204898002068980020000080BF16
:10C06C00202B00F09F8001EB4101544E00250EF176
:10C07C0002034FEA810C02EB810142F80C404E6046
:10C08C008D600CF10401C2F88031114490E6202B34
:10C09C0000F0848001EB4101484E00250EF10203B3
:10C0AC004FEA810C02EB810142F80C404E608D602E
:10C0BC000CF10401C2F88031114495E6202B69D0B3
:10C0CC005C1C03EB4303DFF8F4C00026990002EB81
:10C0DC00830355500431C3F804C09E6011442346B9
:10C0EC00C2F880419AE6202B50D05C1C03EB430332
:10C0FC00DFF8C8C00026990002EB830355500431C9
:10C10C00C3F804C09E6011442346C2F880419FE6E8
:10C11C00202B37D05C1C03EB4303DFF8A0C00026B8
:10C12C00990002EB830355500431C3F804C09E60A0
:10C13C0011442346C2F88041A4E6202B1ED05C1C7F
:10C14C0003EB4303DFF874C00026990002EB830372
:10C15C0055500431C3F804C09E6011442346C2F804
:10C16C008041A9E600210568A161E1E6002105688E
:10C17C00A161C2E600230268AB6170BD00210468B6
:10C18C00A9619FE600210468A96181E60021046889
:10C19C00A96163E600210468A96145E600210568F0
:10C1AC00A16127E600210568A16107E6002104686A
:10C1BC00A961E7E50421024D9C4621E7000080BF00
:10C1CC00C8970020F0B4A24D2B78002B00F02481EE
:10C1DC00A049A14C08682268A04B821A1B68132A3C
:10C1EC0040F21A81C31A2060B3F5FA7FC0F01481B3
:10C1FC00A3F5FA7240F6B7339A42994B40F20E818E
:10C20C001A68002A00F00381D2F88031002B00F06C
:10C21C006D870026934C304603E00130834200F0DA
:10C22C00F88452F826700336A742F6D100EB400092
:10C23C0002EB800004304AF266670E68A7618A4CF4
:10C24C00466004600026894C304603E00130984279
:10C25C0000F08C8452F826700336A742F6D100EB1E
:10C26C00400002EB800004300E684FF07C574FF416
:10C27C00004CC4F818C00760466000267C4C304661
:10C28C0003E00130984200F0FF8452F82670033628
:10C29C00A742F6D100EB400002EB8000043044F6DC
:10C2AC00CC470E68A761734C466004600026724C44
:10C2BC00304603E00130984200F03B8552F826707E
:10C2CC000336A742F6D100EB400002EB80000430AD
:10C2DC0044F6CC470E68A761664C466004600026A5
:10C2EC00664C304603E00130984200F0168452F858
:10C2FC0026700336A742F6D100EB400002EB80001B
:10C30C00043048F6CC470E68A7615D4C466004606B
:10C31C0000265C4C304603E00130984200F0F38478
:10C32C0052F826700336A742F6D100EB400002EB20
:10C33C008000043047F233370E68A761524C4660D8
:10C34C0004600026514C304603E00130984200F066
:10C35C00858452F826700336A742F6D100EB4000D4
:10C36C0002EB800004300E684FF07D574FF4404CC8
:10C37C00C4F818C00760466000264548344603E000
:10C38C0001349C4200F0EB8452F82670033687424D
:10C39C00F6D104EB440402EB8404043446F26667E1
:10C3AC000E6887613B486660206000263A4C304638
:10C3BC0003E00130984200F0888352F8267003366F
:10C3CC00A742F6D100EB400002EB8000043047F2AC
:10C3DC0033370E68A7612C4C4660046000262F4C46
:10C3EC00304603E00130984200F0778452F8267012
:10C3FC000336A742F6D100EB400002EB8000031D90
:10C40C0047F233320968A2611F4A59601A60002151
:10C41C00234B012229701A70F0BC70471B68002B4B
:10C42C00FAD007EE902A9FED1F6A9FED1F7AF8EE67
:10C43C00E77AD3F88021C7EE866A66EEA67A27EEF5
:10C44C00877A002A00F061860025064C284637E0E2
:10C45C00125B0120104001204C93002044930020DB
:10C46C00281F0120C89700206666263F6897002089
:10C47C00489700209A99993E8897002008980020A8
:10C48C00CDCC0C3F289800206666E63E88980020AC
:10C49C00A8970020CDCCCC3E48980020689800206E
:10C4AC00135B012000803B456666263F0AD7233C80
:10C4BC0000FEFF4600FEFFC60130824200F07F8383
:10C4CC0053F825600335A642F6D100EB400003EB90
:10C4DC00800004300E684568751B312D26D9D0EDCF
:10C4EC00006A1FED0E6A77EE666AF0EEE66AF4EE0D
:10C4FC00C66AF1EE10FA19D45FED136AB4EEE67A5F
:10C50C00F1EE10FA00F390855FED166AB4EEE67A60
:10C51C00F1EE10FA00F1CF85F0EE476AFEEEC86A34
:10C52C0016EE905AA56180ED007A4660B6EE007A60
:10C53C0027EE877A0025CB4C2E4603E0824200F092
:10C54C00B983064653F82570701C0335A742F5D104
:10C55C0006EB460003EB800004300E684568751B43
:10C56C00312D26D9D0ED006A9FEDC96A77EE666A47
:10C57C00F0EEE66AF4EEC66AF1EE10FA19D4DFEDCD
:10C58C00C56AB4EEE67AF1EE10FA00F34785DFEDFA
:10C59C00C26AB4EEE67AF1EE10FA00F18F85F0EE95
:10C5AC00476AFEEEC86A16EE905AA56180ED007AD5
:10C5BC0046609FEDAD7A27EE877A0025AB4C2E4670
:10C5CC0003E0824200F09682064653F82570701CF8
:10C5DC000335A742F5D106EB460003EB800004308F
:10C5EC000E684568751B312D26D9D0ED006A9FED7C
:10C5FC00A86A77EE666AF0EEE66AF4EEC66AF1EEC9
:10C60C0010FA19D4DFEDA36AB4EEE67AF1EE10FA63
:10C61C0000F30785DFEDA06AB4EEE67AF1EE10FACE
:10C62C0000F14F85F0EE476AFEEEC86A16EE905A9E
:10C63C00A56180ED007A466000258D4C2E4603E006
:10C64C00824200F0A982064653F82570701C03350F
:10C65C00A742F5D106EB460003EB800004300E68D0
:10C66C004568751B312D26D9D0ED006A9FED886A7F
:10C67C0077EE666AF0EEE66AF4EEC66AF1EE10FA50
:10C68C0019D4DFED846AB4EEE67AF1EE10FA00F319
:10C69C00A584DFED816AB4EEE67AF1EE10FA00F1D2
:10C6AC001D85F0EE476AFEEEC86A16EE905AA5613B
:10C6BC0080ED007A46609FED6F7A27EE877A002531
:10C6CC006D4C2E4603E0824200F03D82064653F844
:10C6DC002570701C0335A742F5D106EB460003EB21
:10C6EC00800004300E684568751B312D26D9D0EDBD
:10C6FC00006A9FED676A77EE666AF0EEE66AF4EE22
:10C70C00C66AF1EE10FA19D4DFED626AB4EEE67A7D
:10C71C00F1EE10FA00F36584DFED5F6AB4EEE67AB1
:10C72C00F1EE10FA00F1DD84F0EE476AFEEEC86A15
:10C73C0016EE905AA56180ED007A46609FED4F7A17
:10C74C0027EE877A00254E4C2E4603E0824200F0FD
:10C75C004D82064653F82570701C0335A742F5D15F
:10C76C0006EB460003EB800004300E684568751B31
:10C77C00312D26D9D0ED006A9FED456A77EE666AB9
:10C78C00F0EEE66AF4EEC66AF1EE10FA19D4DFEDBB
:10C79C00416AB4EEE67AF1EE10FA00F32584DFED8F
:10C7AC003E6AB4EEE67AF1EE10FA00F19184F0EE06
:10C7BC00476AFEEEC86A16EE905AA56180ED007AC3
:10C7CC004660F6EE086A67EEA66A00252D4C2846F0
:10C7DC0003E00130904280F0658153F82560033509
:10C7EC00A642F6D100EB4002D3F8805103EB820253
:10C7FC0004320E685068301A312840F2C58292ED2E
:10C80C00006ADFED235A36EEC66AB0EEC66AB4EEA5
:10C81C00E56AF1EE10FA19D49FED1E6AF4EEC66AC1
:10C82C00F1EE10FA00F3E3839FED1B6AF4EEC66A97
:10C83C00F1EE10FA00F14F84B0EE666ABEEEC86AF3
:10C84C0016EE100AA061C2ED006A5660DFED0E6AAA
:10C85C0067EEA67A002D00F05D8400240B4822467A
:10C86C0020E000BF689700209A99993E48970020D5
:10C87C0088970020CDCC0C3F089800206666E63ED9
:10C88C002898002088980020CDCCCC3EA89700207A
:10C89C000AD7233C00FEFF4600FEFFC60132AA4227
:10C8AC0080F0D48053F8246003348642F6D102EB36
:10C8BC004202D3F8806103EB820204320D685468A3
:10C8CC002C1B312C29D9D2ED006A1FED0F6A77EEA3
:10C8DC00E66AF0EEE66AF4EEC66AF1EE10FA19D4E6
:10C8EC005FED146AF4EEE67AF1EE10FA00F374835D
:10C8FC005FED176AF4EEE67AF1EE10FA00F1F483CC
:10C90C00F0EE676AFEEEC86A16EE904A8461C2EDDC
:10C91C00007A5560002E00F0F3830020C94C0246CB
:10C92C0003E00132B24280F0A78053F8205003306C
:10C93C00A542F6D102EB4202D3F8800103EB82024E
:10C94C0004320E685568751B312D29D9D2ED007A49
:10C95C00DFEDBD6A77EE677AF0EEE77AF4EEE67A11
:10C96C00F1EE10FA19D4DFEDB97AB4EEE77AF1EE04
:10C97C0010FA00F33E83DFEDB67AB4EEE77AF1EE0F
:10C98C0010FA00F1A183F0EE477AFEEEC87A17EEAA
:10C99C00905AA56182ED007A5660002800F0AB83B6
:10C9AC000025AC4C2A4602E00132824238D253F8C0
:10C9BC0025600335A642F7D102EB420203EB82025B
:10C9CC00043209685368CB1A312B7FF625ADD2EDB2
:10C9DC00007ADFED9D6A77EE677AF0EEE77AF4EE97
:10C9EC00E67AF1EE10FA3FF517ADDFED987AB4EE7A
:10C9FC00E77AF1EE10FA00F30F83DFED957AB4EEDF
:10CA0C00E77AF1EE10FA00F16183F0EE477AFEEE70
:10CA1C00C87A17EE903AA36182ED007A5160FBE47C
:10CA2C00202800F0C48100EB4002461C4500920017
:10CA3C0004322844884D1A4443F8204003EB80000C
:10CA4C00456000258560C3F88061BAE7202D00F0B1
:10CA5C00A08105EB45026E1C6C00920004322C4444
:10CA6C007D4D1A4443F8240003EB840465600025D3
:10CA7C00A560C3F8806121E7202E00F0A58106EBAC
:10CA8C004602701C7500920004323544724E1A44F2
:10CA9C0043F8254003EB85056E600026AE60C3F8B5
:10CAAC0080014EE7202A00F05382551C02EB420213
:10CABC00694F0026900003EB82021C505760966071
:10CACC00021DC3F880511A4493E6202B00F090818C
:10CADC0003EB4306DFF880C101330027B00002EB03
:10CAEC00860614500430C6F804C0B7601044C2F86F
:10CAFC0080316CE4202A00F00A8200EB4000B21C6A
:10CB0C00554F0026850003EB80005C514760866022
:10CB1C00281DC3F88021184462E5202B00F0748195
:10CB2C0003EB4306DFF830C101330027B00002EB02
:10CB3C00860614500430C6F804C0B7601044C2F81E
:10CB4C008031FFF7DEBB202A00F0B78100EB4000FC
:10CB5C00B21C414F0026850003EB80005C514760FE
:10CB6C008660281DC3F880211844BBE5202B00F0FB
:10CB7C00458103EB4306DFF8E0C001330027B0002A
:10CB8C0002EB860614500430C6F804C0B76010449B
:10CB9C00C2F88031FFF768BB202A00F06A8100EBF5
:10CBAC004000B21C2C4F0026850003EB80005C512A
:10CBBC0047608660281DC3F8802118444FE5202A61
:10CBCC0000F0288102EB4200561C55008000043016
:10CBDC002A44214D184443F8224003EB820255604D
:10CBEC00002595603246C3F8806173E4202A00F07A
:10CBFC00228100EB4000B21C174F0026850003EB8E
:10CC0C0080005C5147608660281DC3F88021184461
:10CC1C00ABE5202B00F0D48103EB43005F1C5E00DE
:10CC2C008000043033440C4E104442F8234002EB95
:10CC3C0083035E6000269E603B46C2F88071FFF75E
:10CC4C00FABA00BF489800200AD7233C00FEFF46E2
:10CC5C0000FEFFC668980020000080BF202B00F06B
:10CC6C004A8103EB4306DFF890C301330027B00081
:10CC7C0002EB860614500430C6F804C0B7601044AA
:10CC8C00C2F88031FFF76FBB202B00F0108103EB53
:10CC9C004306DFF864C301330027B00002EB8606BD
:10CCAC0014500430C6F804C0B7601044C2F8803188
:10CCBC00FFF7F5BA202A00F0658100EB4000B21CAA
:10CCCC00CD4F0026850003EB80005C5147608660E9
:10CCDC00281DC3F8802118443FE4202800F032813D
:10CCEC0000EB4006DFF810C301300027B30002EB65
:10CCFC008606D4500433C6F804C0B7601344C2F897
:10CD0C008001FFF77DBB202B00F0FB8003EB43067B
:10CD1C00DFF8E4C201330027B00002EB86061450A2
:10CD2C000430C6F804C0B7601044C2F88031FFF775
:10CD3C0001BB202B00F04A8103EB4306DFF8B8C29D
:10CD4C0001330027B00002EB860614500430C6F8FD
:10CD5C0004C0B7601044C2F88031FFF7B9BA202B79
:10CD6C0040D003EB4306DFF890C201330027B40038
:10CD7C0002EB860610510434C6F804C0B7601444A4
:10CD8C00C2F88031FFF70ABBDFED9C6A67EEA67A2A
:10CD9C0063E5DFED9B6A0A68F4EEE67AF1EE10FAD1
:10CDAC0040F35F81974AD3F880618261B2E5DFED91
:10CDBC00947A0B68B4EEE77AF1EE10FA40F35F81E7
:10CDCC00904BA361FFF728BBDFED8D7A0A68B4EEB8
:10CDDC00E77AF1EE10FA40F360818A4AD3F88001C9
:10CDEC00A261DAE50C6846F266648461FFF7DDBA8D
:10CDFC00086847F23330A061FFF7F0BA08684FF4C7
:10CE0C000040A061FFF739BA086848F6CC40A06131
:10CE1C00FFF77EBADFED7A6A0868B4EEE67AF1EED7
:10CE2C0010FA40F30E817748B6EE007AA06127EE37
:10CE3C00877AFFF77FBBDFED726A0A68B4EEE67A99
:10CE4C00F1EE10FA00F3F380DFED6F6AB4EEE67AE0
:10CE5C00F1EE10FA00F17381F0EE476AFEEEC86A4B
:10CE6C0016EE905AF6EE086A0246A56167EEA66ABF
:10CE7C00ABE4DFED636A0A68B4EEE67AF1EE10FA21
:10CE8C0000F3DB80DFED606AB4EEE67AF1EE10FAC7
:10CE9C0000F14981F0EE476AFEEEC86A16EE905A30
:10CEAC009FED5A7A0246A56127EE877A07E4086857
:10CEBC0044F6CC40A061FFF7F9B9DFED516A0A687E
:10CECC00B4EEE67AF1EE10FA00F3B980DFED4E6ABB
:10CEDC00B4EEE67AF1EE10FA00F12781F0EE476A33
:10CEEC00FEEEC86A16EE905A9FED497A0246A5618D
:10CEFC0027EE877A26E408684FF44040A061FFF7DC
:10CF0C003BBA086847F23330A061FFF71ABADFED7D
:10CF1C003C6A0A68B4EEE67AF1EE10FA00F3898006
:10CF2C00DFED396AB4EEE67AF1EE10FA00F1038126
:10CF3C00F0EE476AFEEEC86A16EE905A0246A561FC
:10CF4C00FFF77ABB47F233330A68A361FFF75FBA86
:10CF5C009FED2B6A0A68F4EEC66AF1EE10FA7EDCDD
:10CF6C009FED296AF4EEC66AF1EE10FA00F1DF804B
:10CF7C00B0EE666ABEEEC86A16EE102AD3F880517F
:10CF8C00A26163E4DFED1E6A0A68B4EEE67AF1EEA4
:10CF9C0010FA50DCDFED1C6AB4EEE67AF1EE10FA12
:10CFAC0000F1CB80F0EE476AFEEEC86A16EE905A9E
:10CFBC009FED187A0246A56127EE877AFFF7FDBA36
:10CFCC0008684AF26660A061FFF73CB9086844F64D
:10CFDC00CC40A061FFF783B90A4C97E4094DFFF7E9
:10CFEC0066BB084DFFF7A6BB064DFFF7E6BB054831
:10CFFC0028E4044DCDE400BF000080BFCDCCCC3E76
:10D00C0000FEFF460000FF7F00FEFFC6CDCC0C3FAC
:10D01C006666E63E9A99993E4B4BFCE44A4DFFF707
:10D02C00C4BA494DFFF704BB474DFFF77BBA464DD9
:10D03C0018E7454D82E7444DBAE7434D30E7424D82
:10D04C0052E7DFED426AB4EEE67AF1EE10FA70D4F4
:10D05C00F0EE476AFEEEC86A16EE900AE4E63A4A2B
:10D06C008CE7DFED3A6AF4EEE67AF1EE10FA56D47C
:10D07C00F0EE676AFEEEC86A16EE902A93E6DFEDD4
:10D08C00337AB4EEE77AF1EE10FA4AD4F0EE477A3E
:10D09C00FEEEC87A17EE903A93E6DFED2C7AB4EEFA
:10D0AC00E77AF1EE10FA4CD4F0EE477AFEEEC87A3D
:10D0BC0017EE902A92E6264DFFF734BA244DFFF76F
:10D0CC0074BA234DFFF7B4BA214D62E4204BA2E4AD
:10D0DC001F4DFFF772BB1E48FFF7B4BB1C4DFFF78B
:10D0EC00E6BA1B4DFFF726BB194C0FE404200127B1
:10D0FC00184C1E4696E501260422174C054698E46A
:10D10C0001200422154C3546BFE401260420114CA5
:10D11C0015465DE50126042211482C469FE40C4A75
:10D12C0041E60B4B4DE60A4DBAE6094DDCE6084AE2
:10D13C0024E7074878E6064D00E7054D38E7044D2F
:10D14C0090E6034A4AE600BF0000FF7F00FEFFC6E0
:10D15C0000000180C89700206898002048980020A3
:10D16C00A8970020F8B5B04CB0492368B04803EB41
:10D17C008303B04A056801EBC30102F1280CAE48E9
:10D18C00043951F8043F2B4400EB8303D3ED007AB0
:10D19C00FDEEE77AE2EC017A6245F2D1A74809F09C
:10D1AC00F1F9A74B1B1AB3F5FA5F02D8A54B1A7805
:10D1BC00B2B1A349A14809F0F1F9002840F07081FF
:10D1CC009F49A14809F0EAF900B9F8BD00219E4831
:10D1DC0009F0CEF90921002009F0D8FE2060F8BD35
:10D1EC009A4A11780029E4D10120994D994A187076
:10D1FC00994B2E681970994B16601B682E68984ACB
:10D20C001660002BD5D0D3F88021002A00F08D8237
:10D21C00944F084603E00130824200F0BF8153F87E
:10D22C0021600331BE42F6D100EB400103EB8101DA
:10D23C00043128684AF26666BE6148608A48086014
:10D24C0000208A4F014603E001318A4200F0D2816E
:10D25C0053F820600330BE42F6D101EB410103EBE1
:10D26C008101043128684FF07C564FF4004EC7F80A
:10D27C0018E00E60486000207D4F844603E08A422F
:10D28C0000F0E2818C4653F820600CF10101033070
:10D29C00BE42F4D10CEB4C0103EB81010431286844
:10D2AC0044F6CC46BE614860724808600020724F5C
:10D2BC00014603E001318A4200F0878153F8206077
:10D2CC000330BE42F6D101EB410103EB8101043185
:10D2DC00286844F6CC46BE61486066480860002069
:10D2EC00664F844603E08A4200F0C3818C4653F8B3
:10D2FC0020600CF101010330BE42F4D10CEB4C0167
:10D30C0003EB81010431286848F6CC46BE614860C5
:10D31C005B48086000205B4F844603E08A4200F0C3
:10D32C007E818C4653F820600CF101010330BE4223
:10D33C00F4D10CEB4C0103EB81010431286847F26A
:10D34C003336BE6148605048086000204F4F844619
:10D35C0003E08A4200F0A2818C4653F820600CF165
:10D36C0001010330BE42F4D10CEB4C0103EB810103
:10D37C00043128684FF07D564FF4404CC7F818C064
:10D38C000E6048600020424F844603E08A4200F061
:10D39C00D9808C4653F820600CF101010330BE4259
:10D3AC00F4D10CEB4C0103EB81010431286846F2FB
:10D3BC006666BE614860374808600020364F844678
:10D3CC0003E08A4200F0D4808C4653F820600CF1C4
:10D3DC0001010330BE42F4D10CEB4C0103EB810193
:10D3EC000431286847F23336BE614860264808602D
:10D3FC0000212A4F8C4603E0824200F08D80844647
:10D40C0053F821600CF101000331BE42F4D10CEB56
:10D41C004C0C03EB8C03043347F233322968BA61AA
:10D42C00194A59601A60C4E6D83601209C6700205E
:10D43C00E8890020002B0120D4870020E41F012064
:10D44C00009F2400FC5A0120DC360120125B0120D5
:10D45C001040012048930020135B0120281F01205D
:10D46C0050930020C89700206666263F68970020DE
:10D47C00489700209A99993E889700200898002098
:10D48C00CDCC0C3F289800206666E63E889800209C
:10D49C00A8970020CDCCCC3E48980020689800205E
:10D4AC00FDF7B4FB0021A34809F062F80021A24863
:10D4BC0009F05EF80021A14809F05AF80021A048B3
:10D4CC0009F056F800219F4809F052F800219E48B7
:10D4DC0009F04EF800219D4809F04AF800219C48BB
:10D4EC0009F046F800219B4809F042F800219A48BF
:10D4FC0009F03EF80021994809F03AF898480021C3
:10D50C0009F036F8974B186808B1F5F789FC06F066
:10D51C003DF8FEF705FC53E6202A00F0D48002EB20
:10D52C0042020CF102010026DFF83CC2900003EB32
:10D53C0082021F500430C2F804C09660C3F88011F8
:10D54C00034469E7202A00F0C38001EB41010CF190
:10D55C0002020026DFF810C2880003EB81011F5085
:10D56C00C1F804C08E60011DC3F8802119441DE769
:10D57C00202A00F0B78001EB41010CF102020026D9
:10D58C00DFF8E4C1880003EB81011F50C1F804C02F
:10D59C008E60011DC3F88021194422E7202A00F077
:10D5AC00B08002EB4201501C560089000431324419
:10D5BC006D4E194443F8227003EB8202566000262C
:10D5CC0096600246C3F8800133E6202A00F08F8073
:10D5DC0002EB4200DFF890E101320026810003EB00
:10D5EC0080005F500431C0F804E086601944C3F831
:10D5FC0080216DE6202A00F08E8002EB4200DFF8DD
:10D60C0068E101320026810003EB80005F50043199
:10D61C00C0F804E086601944C3F8802122E6202A71
:10D62C006AD001EB41010CF102020026DFF838C18F
:10D63C00880003EB81011F50C1F804C08E60011DEE
:10D64C00C3F88021194479E6202A5FD001EB41010F
:10D65C000CF102020026DFF810C1880003EB8101F7
:10D66C001F50C1F804C08E60011DC3F880211944FD
:10D67C0015E6202A54D001EB41010CF102020026E0
:10D68C00DFF8E4C0880003EB81011F50C1F804C02F
:10D69C008E60011DC3F88021194434E6202A1CD069
:10D6AC0001EB41010CF102020026DFF8BCC088003E
:10D6BC0003EB81011F50C1F804C08E60011DC3F83B
:10D6CC008021194455E647F233332A68BB6170E573
:10D6DC00296846F26661B9616FE629684FF44041EA
:10D6EC00B9614FE6296847F23331B96180E62968A0
:10D6FC0044F6CC41B961F2E5296847F23331B9619E
:10D70C0023E629684AF26661B96199E5296844F60D
:10D71C00CC41B961CAE529684FF40041B961AAE569
:10D72C00296848F6CC41B961F4E504210F4F16463F
:10D73C003DE700BFE41F0120DC360120184001202A
:10D74C00E0B90020D8980020681F0120B41F0120E8
:10D75C00C8A00020F898002018990020E898002014
:10D76C00889E0020D4980020000080BFC89700201D
:10D77C00B74B1B7803B17047B6494FF48032B64BA8
:10D78C000978F0B4C3E906221A6219B1B34B1B78BD
:10D79C00002B3AD04FF48033B149B24AB248B34C63
:10D7AC004B620B62536213628361A361C1E906335E
:10D7BC004FF40041C2E90633C1614CF6CC40AC4A8F
:10D7CC00E161AC4CAC4B11625162C2E906004AF209
:10D7DC006660226898613AB947F233324FF40041DF
:10D7EC00F0BCC3E90821704745F69911032AD961A9
:10D7FC00F2D1A24ADFEDA27A92ED007AB4EEE77A8A
:10D80C00F1EE10FAE8DB0022E8E79E4B19780029CC
:10D81C00C0D19D4B1B68002BBCD0D3F88021002AB3
:10D82C0000F08D83994D084603E00130904200F0E2
:10D83C004B8253F821400331AC42F6D100EB40014E
:10D84C0003EB8101043192484C680668341B312C7F
:10D85C0014D9B6EE007AD1ED007ADFED986A77EE46
:10D86C00677AF0EEE77AF4EEE67AF1EE10FA05D488
:10D87C004FF40044AC6181ED007A4E600024854E7B
:10D88C00214603E001318A4200F0788253F824509B
:10D89C000334B542F6D101EB410103EB81010431B4
:10D8AC0005684C682C1B312C14D99FED7B7AD1ED7B
:10D8BC00007ADFED826A77EE677AF0EEE77AF4EEC3
:10D8CC00E67AF1EE10FA05D444F6CC44B46181ED5D
:10D8DC00007A4D600024714E214603E001319142E3
:10D8EC0000F0AE8253F824500334B542F6D101EB6C
:10D8FC00410103EB8101043105684C682C1B312C70
:10D90C0014D99FED657AD1ED007ADFED6C6A77EE74
:10D91C00677AF0EEE77AF4EEE67AF1EE10FA05D4D7
:10D92C0044F6CC44B46181ED007A4D6000215C4D2D
:10D93C008C4603E0944200F0F481A44653F8216035
:10D94C000CF101040331AE42F4D10CEB4C0103EBAE
:10D95C008101043106684C68341B312C14D99FEDBD
:10D96C00517AD1ED007ADFED556A77EE677AF0EEF9
:10D97C00E77AF4EEE67AF1EE10FA05D44AF2666430
:10D98C00AC6181ED007A4E600021474D8C4603E07E
:10D99C00A24200F06882A44653F821600CF1010405
:10D9AC000331AE42F4D10CEB4C0103EB8101043199
:10D9BC0006684C68341B312C14D99FED3C7AD1EDA0
:10D9CC00007ADFED3E6A77EE677AF0EEE77AF4EEF6
:10D9DC00E67AF1EE10FA05D448F6CC44AC6181ED50
:10D9EC00007A4E600024324E214603E001318A4217
:10D9FC0040F2EE8153F824500334B542F6D101EBDA
:10DA0C004102D3F8804103EB82020432056851686D
:10DA1C00691A312917D99FED287AD2ED007ADFEDFA
:10DA2C00276A77EE677AF0EEE77AF4EEE67AF1EEB3
:10DA3C0010FA05D447F23331B16182ED007A5560AA
:10DA4C00002C00F0818200211A4E0A463CE000BFF7
:10DA5C00155B0120135B0120A4200120125B012027
:10DA6C006C2001204C2101203420012014210120A4
:10DA7C0004360120D8A000203C360120CC870020A1
:10DA8C006666663FFC5A0120281F0120689700201B
:10DA9C0010400120489700209A99993E88970020C1
:10DAAC00C89700206666263F08980020CDCC0C3F16
:10DABC0028980020E89700206666E63E0AD7233CAB
:10DACC000132944240F2178153F821500331B54290
:10DADC00F6D102EB4202D3F8805103EB82020432FE
:10DAEC0004685168611A312917D91FED0D7AD2EDEE
:10DAFC00007A5FED0E6A77EE677AF0EEE77AF4EE75
:10DB0C00E67AF1EE10FA05D447F23331B16182EDC9
:10DB1C00007A5460002D00F003820021C04F0A46A9
:10DB2C0003E00132954240F23D8153F8214003312C
:10DB3C00BC42F6D102EB4202D3F8806103EB8202C5
:10DB4C00043204685168611A312917D9B6EE087A83
:10DB5C00D2ED007ADFEDB36A77EE677AF0EEE77A12
:10DB6C00F4EEE67AF1EE10FA05D44FF44041B961C7
:10DB7C0082ED007A5460002E00F0CD810021AA4F76
:10DB8C000A4603E00132B24280F0E28053F82140B1
:10DB9C000331BC42F6D102EB4202D3F8805103EBC5
:10DBAC008202043204685168611A312917D99FED39
:10DBBC009F7AD2ED007ADFED9B6A77EE677AF0EE12
:10DBCC00E77AF4EEE67AF1EE10FA05D446F26661E5
:10DBDC00B96182ED007A5460002D00F0A68100211D
:10DBEC00934F0A4603E00132954240F2048153F808
:10DBFC0021400331BC42F6D102EB4202D3F88061E2
:10DC0C0003EB8202043204685168611A312917D976
:10DC1C009FED887AD2ED007ADFED826A77EE677A33
:10DC2C00F0EEE77AF4EEE67AF1EE10FA05D447F26C
:10DC3C003331B96182ED007A5460002E00F07A81A4
:10DC4C0000217D4D0A4602E00132964226D953F856
:10DC5C0021400331AC42F7D102EB420203EB8202CA
:10DC6C00043201685368CB1A312B7FF693AD9FEDCC
:10DC7C00717AD2ED007ADFED6B6A77EE677AF0EEAF
:10DC8C00E77AF4EEE67AF1EE10FA3FF583AD47F25F
:10DC9C003333AB6182ED007A51607BE5202E00F0CE
:10DCAC00FE8006EB4602741C710092000432314473
:10DCBC00624E1A4443F8215003EB81014E6000265A
:10DCCC008E60C3F88041CCE7202A00F0E28002EBA2
:10DCDC004201541C50008900043102445748194435
:10DCEC0043F8225003EB82025060002090602246E1
:10DCFC00C3F88041A7E5202C00F0EB8004EB440234
:10DD0C00651C61009200043221444C4C1A4443F8C7
:10DD1C00216003EB81014C6000248C60C3F88051BE
:10DD2C00DEE6202A00F0E18004EB44040CF1020250
:10DD3C00424F002603EB84014FEA840C43F80C504D
:10DD4C004F608E600CF10401C3F88021194401E688
:10DD5C00202E00F0A98006EB4602751C7100920083
:10DD6C0004323144354C1A4443F8217003EB8101E1
:10DD7C004C6000248C60C3F8805113E7202A00F01B
:10DD8C00C080541C02EB42022C4F0025910003EB87
:10DD9C0082025E5004315760956019442246C3F8E4
:10DDAC0080417DE5202D00F08D8005EB45026E1C39
:10DDBC006900920004322944204C1A4443F8217023
:10DDCC0003EB81014C6000248C60C3F88061B8E6E1
:10DDDC00202A00F08F80541C02EB4202174F0025C2
:10DDEC00910003EB82025E50576095600A1DC3F8E8
:10DDFC0080411A440AE6202D5DD005EB45026E1CCD
:10DE0C0069009200043229440C4C1A4443F82170E6
:10DE1C0003EB81014C6000248C60C3F88061F2E656
:10DE2C00889800200AD7233CA8970020CDCCCC3E64
:10DE3C00489800206666E63E68980020000080BF87
:10DE4C00202A4DD0541C02EB4202424F0025910077
:10DE5C0003EB82025E5004315760956019442246F0
:10DE6C00C3F8804148E5202A50D004EB44040CF15F
:10DE7C000202384F002603EB84014FEA840C43F86E
:10DE8C000C504F608E600CF10401C3F880211944D2
:10DE9C008EE531484FF400410468A961EEE447F285
:10DEAC0033330268AB6175E446F266620168D3F8FD
:10DEBC008051BA6190E647F233320168D3F8806141
:10DECC00BA61BAE64FF440420168D3F88061BA6196
:10DEDC0051E647F233320168D3F88051B26119E64A
:10DEEC0044F6CC410468B16120E54AF266610468ED
:10DEFC00A96149E547F233320168D3F88041B26138
:10DF0C009EE544F6CC410468B161E3E448F6CC41AB
:10DF1C000468A96166E501250422104F314620E70B
:10DF2C00012604220E4F294645E7012604220D4FF7
:10DF3C00294668E7012404220B4D3146B7E601243B
:10DF4C0004210A4D1046C8E601250422084E21463C
:10DF5C00DAE600BF000080BF10400120A897002027
:10DF6C008898002048980020689800206897002026
:10DF7C00E89700202DE9F84F594C5A4808F002FB5D
:10DF8C002368C01A182801D8BDE8F88F554808F046
:10DF9C00F9FA554B2060196800296AD0012900F064
:10DFAC009480524B02294FF00A041B680BBFFF26CA
:10DFBC0000260021FF21002B61D10D46494808F0B5
:10DFCC00E1FA4B4B9FED4B6AF6EE006AA3FB002384
:10DFDC004FF47A621B0A02FB130007EE900AF8EE6C
:10DFEC00E77A87EE867AB4EEE67AF1EE10FA63D52C
:10DFFC0037EE077ADFED407A404827EE277ADFF8D4
:10E00C001C81FCEEC77A17EE903A1433DBB205FB99
:10E01C0003F103FB04F406FB03F3394EA0FB0121CF
:10E02C00A0FB0442A0FB0303C1F3C7174FEAD21BAA
:10E03C00C2F3C7154FEAD319C3F3C7143378C90910
:10E04C00BB422ED0DFF8D8A02E4B187809F052FA2C
:10E05C002D4B5946187809F04DFA2C4B4946187837
:10E06C0009F048FA377088F800508AF80040BDE88B
:10E07C00F88F0A26FF241D4B1B68002B9DD093F8AC
:10E08C002830002B99D0224B224A19681368CB1ADE
:10E09C00632B214B1DD81E7806B1FF26344635461E
:10E0AC008CE798F80030DFF878A0AB42CCD19AF826
:10E0BC000030A342C8D167E7B7EEC77AB0EE006B69
:10E0CC00A7EE466BB7EEC67B94E700267F24FF21B4
:10E0DC00D1E71E78116086F001061E70DCE700BFE8
:10E0EC0038940020ECA00020D8A00020F41F0120C0
:10E0FC00D34D621000007A450000F0428180808090
:10E10C00055B01203C7700204077002044770020FD
:10E11C00104001203C940020488A0020045B012020
:10E12C00035B012010B5F8F797FB0024244B4FF448
:10E13C00807221462348A3F88C201C72DC60F9F70E
:10E14C00E7F802212048F9F7E3F802211F48F9F714
:10E15C00DFF81F480421F9F7DBF821461D48F9F7D1
:10E16C00D7F806211C48F9F7D3F832211B48F9F7E8
:10E17C00CFF84FF496711A48F9F7CAF804211948E8
:10E18C00F9F7C6F80920F4F757F80120F4F76EF800
:10E19C0002211548F9F7BCF801211448F9F7B8F831
:10E1AC00F8F7B6FBF9F704FA114B01222E211148AE
:10E1BC001A700BF09DFC1048BDE8104008F0D6BD5D
:10E1CC0074A300202C1B00204C1B0020601B002083
:10E1DC00841B0020A41B00200C1B0020F81A00201C
:10E1EC001C1B0020D01B0020001C0020341C002015
:10E1FC00135B0120D8160020807E0020024B1B7878
:10E20C000BB1FBF711BE7047568A00202DE9F04F79
:10E21C00A14D9DB0A14C40F2EE28A14FDFF8B89370
:10E22C002E680BF0E3FC2378002B00F0F6823B7891
:10E23C00D90740F1F2822B68D9F800209B1A0E2BDB
:10E24C0040F2EB82F9F726FE7821964800240EF076
:10E25C0057F8954805F070FB6721934805F0B2FB21
:10E26C001D21914805F028FC1A2008F0C3FE08F087
:10E27C0051FE4FF4C27009F0A9F88C49034600F521
:10E28C00C07259600C3343F8044C9342F9D1884A5C
:10E29C004FF400538749B6EE000A1060864A874D4A
:10E2AC0013620B62864BC0F880418648864EEB6148
:10E2BC00864B846186483363864B84613046336277
:10E2CC002C626C866C6207F0C7F8B6EE000A30461A
:10E2DC0007F0ECF8804B40F6CC4241F69911DFF890
:10E2EC00FCA2DFF8FCB2DFF8FC92DFF8FC82C3E999
:10E2FC0007227A4A916142F266629A61FCF786FCC7
:10E30C001C2009F063F8764B03940746754C029376
:10E31C00754B764A764900930194764BF8F702F9DF
:10E32C00754BA8201F6009F051F8744B07467449CF
:10E33C001B78744A1893744B07910593734B74496B
:10E34C000493744B0E940393734BCDF83CA002933F
:10E35C00724B0193724B0093724B1293724B069358
:10E36C00724B1793724B1693724B1593724B14930B
:10E37C00724B1393724B1193724B1093724B0D9310
:10E38C00724B0C93724B0B93724B0A93724B099317
:10E39C00724B0893724BF3F775FF724B64201F603E
:10E3AC0009F014F8DBF800206F4F0D926F4A704B98
:10E3BC000892704A70490292704A0C930192704A0A
:10E3CC00704B0A92704A0B910792704A70490692F0
:10E3DC00704A0997CDF8009003926F4A1B90CDE9D3
:10E3EC00044AF9F789FD1B98C8F80000642008F06E
:10E3FC00EDFF5E4A634B604900934B46DFF8EC91AE
:10E40C000B91CDF804906549CDE90772584A07463F
:10E41C000C92444A0992DBF800200D92604A0A9251
:10E42C00604A0692604A0592604ACDE9034A02921C
:10E43C005F4AFAF755F8D8F80000DFF8B481C8F84D
:10E44C000070F9F78BFD1B4FD8F80000FAF77AF83B
:10E45C004FF40F7008F0BAFF0397564F00960D97C4
:10E46C00554F434E0997554F0C960897544F424EB3
:10E47C000797544F104B0697534F154A0597534F18
:10E48C0010490497524F02932B4601970546514F62
:10E49C00CDE90AA6AEE000BF10400120275B0120A9
:10E4AC00265B012000002020C8980020000080BFBF
:10E4BC00281F0120502A0120B426012000A1002091
:10E4CC00B8DF8D025423012000BA002013952C00D4
:10E4DC00F026012014F40400DC200120E897002031
:10E4EC0004690020002B0120E41F012034A300202C
:10E4FC00F03601205CA30020FCA00020547D0020FD
:10E50C00D442012088460120144201209842012067
:10E51C00F844012038420120D841012094A2002067
:10E52C00A8490120D489002074420120687400207D
:10E53C000A5B01204D8A00200B5B0120105B01203F
:10E54C00D89800204E8A00208897002048970020F9
:10E55C0068970020F0BA002080BA0020B8BA0020DA
:10E56C0018480120D4980020518A0020508A00209D
:10E57C00D8A000206C430120CC8700203043012020
:10E58C00D8B90020BCA20020C0870020681F012041
:10E59C00384B01202C1F0120C84C0120584E012063
:10E5AC00DCB90020C4870020B41F0120781F012093
:10E5BC00E84F0120568A002014210120342001202C
:10E5CC00A0280120102701207423012004250120FC
:10E5DC0038BA0020A420012058400120EC890020EA
:10E5EC00F41F0120E4A20020641F0120C843012075
:10E5FC00B01F0120934E0F96934E0E9603F000F928
:10E60C00924B28461D6003F06BFAC42008F0DEFE26
:10E61C0004978F4F05468F498F4B03978F4F904A26
:10E62C00029101934B468F490097FAF781FA142017
:10E63C00CBF8005008F0CAFE40F614538A4F8046BF
:10E64C008A4D83801E2307608371502008F0C0FE22
:10E65C00C8F8080098F80500800008F0B9FEC8F862
:10E66C000C0098F80600800008F0B2FE804BC8F849
:10E67C0010001420C8F80030C5F8008008F0A6FE81
:10E68C0040F60E638046076083801A23837138201E
:10E69C0008F09EFEC8F8080098F80500800008F005
:10E6AC0097FEC8F80C0098F80600800008F090FE61
:10E6BC00704BC8F810001420C8F80030C5F804805E
:10E6CC0008F084FE41F214438046076083801823CF
:10E6DC008371502008F07CFEC8F8080098F80500FB
:10E6EC00800008F075FEC8F80C0098F80600800051
:10E6FC0008F06EFE604BC8F810001420C8F800300B
:10E70C00C5F8088008F062FE40F60F73804607607B
:10E71C008380112305F1100783713C2008F058FE0B
:10E72C00C8F8080098F80500800008F051FEC8F8F9
:10E73C000C0098F80600800008F04AFE4F4BC8F811
:10E74C001000C5F80C80C8F8003028682146036812
:10E75C009B68984755F8040B0368DB68984755F895
:10E76C00040C03681B699847AF42EED14FF44C7010
:10E77C00434F08F02BFE434B434A05461293434B41
:10E78C0043491193434B06921093434B434A0D93C9
:10E79C00434B059108210C93424B0B920493424A34
:10E7AC00424B189142490A920393424A424B1791A9
:10E7BC00424909920293424A424B169142490892AD
:10E7CC000193424A424B159142490E94424C079296
:10E7DC000093424A424B149124491394CDF83CA027
:10E7EC00F4F75EFE28463D60F4F742FF402008F047
:10E7FC00EDFD3A683B4B01940446029200933A4A71
:10E80C003A4B224902F0DEF9394A3378146093B955
:10E81C00FDF786FA1DB0BDE8F08F2B6822789B1BA4
:10E82C0032B1B3F5FA6F3FF60DAD0BF0DFF9F8E44A
:10E83C004345FAD906E5FFF775FCFDF771FA1DB0F3
:10E84C00BDE8F08F74A30020155B01208C2A0120F9
:10E85C003C360120D44201207442012004440120A2
:10E86C006C43012030430120E4710020DCA0002027
:10E87C0010720020687200203C720020B8720020D8
:10E88C0060990020D4890020C03F0120CC87002053
:10E89C0060BB0020D8A00020989E0020F89C00208F
:10E8AC0028BB00206C3B0120649900201837012004
:10E8BC0064690020289900200CA300200D5B012026
:10E8CC00C04401209C4401204F8A002004A4002055
:10E8DC0060440120B0350120AC3501207851012075
:10E8EC000853012090A200201A5B0120143701204C
:10E8FC00F81F0120000000002DE9F04FAE482DED6F
:10E90C00028B83B007F07EFDF9F7FAF8AB4B1B785E
:10E91C00002B40F0E781A84807F0B8FD002840F034
:10E92C00A581A74CA74BA84E186803F0C9FF206817
:10E93C00F3F74AFDA54BA64D1868F9F721FBA54B3B
:10E94C001868F9F721FE306802F05EFAA24B1868DD
:10E95C00F7F7F4FD2B78002B3ED0A04C2368002B4E
:10E96C003AD0DFF8F8A29E4FDFF8F492DFF8F48289
:10E97C009AF80000D8F800303A6899F80010DFF8DF
:10E98C00E8B2994208BF9042964B04D11978DBF853
:10E99C000020914219D09448019308F0E7F92F21F7
:10E9AC0092480BF0A5F8904808F0E0F93A68019B02
:10E9BC008AF80020D8F8002089F80020DBF8002025
:10E9CC001A704FF0FF328A4B1A60C821894807F041
:10E9DC00E5FD002840F08981874B884C186894ED40
:10E9EC00000AFAF717F9FFF7C5FAFDF7EBFBFCF78E
:10E9FC001FFA8349834807F0D1FD002840F0CD80F1
:10EA0C00814B187808F0F6FA07EE900A9FED7F7AA2
:10EA1C00F8EEE77A9FED666B67EE877AB7EEE75A0A
:10EA2C00B4EEC65BF1EE10FA00F1A080DFED786A6F
:10EA3C009FED787A784BA7EEA67AC3ED007AFCEEC0
:10EA4C00C77A17EE901A754804F0BCFF744B754FDB
:10EA5C00187808F0CFFA07EE900A9FED6C7AF8EE72
:10EA6C00E77A67EE877AC4ED007AFEF77BFB3B789A
:10EA7C00002B3BD0DFED6C7A94ED007AB4EEE77AA4
:10EA8C00F1EE10FA77DB47F23051684807F086FD5B
:10EA9C0000284AD1FEF76CFE654B47F24562A3F89D
:10EAAC00602672B6634AC3F85C2662B6306802F020
:10EABC001BF900200AF004FB0028FAD15E4B93F8F6
:10EACC008D2072B993F888305BB92B784BB95B4BBE
:10EADC001B7833B103B0BDEC028BBDE8F04FFBF7F4
:10EAEC00A3B903B0BDEC028BBDE8F08FDFED547A17
:10EAFC0094ED007AB4EEE77AF1EE10FA4ADB514B62
:10EB0C0003F1280203F1140452F8040D196843F8B8
:10EB1C00040BA3421160F7D1012347F23051434853
:10EB2C003B7007F03BFD0028B4D0474C00213F4818
:10EB3C0007F01EFD0221002008F028FA434B04EBDD
:10EB4C0080000321026800201A6008F01FFA04EB11
:10EB5C0080003F4B0621026800201A6008F016FA6C
:10EB6C0004EB80003B4B02681A6093E72A4B0022AF
:10EB7C0000211A6067E7334B03F1280203F11404F8
:10EB8C0052F8040D196843F8040B9C421160F7D13C
:10EB9C0000233B70FEF7E6FA75E740F6B831FA2031
:10EBAC0008F0F4F92C4B18602AE700BFAFF3008093
:10EBBC00B81E85EB51B89E3F5CA30020155B01206D
:10EBCC00D49800208C2A0120F81F0120641F0120FA
:10EBDC000C5B0120B01F0120FCA0002060990020DC
:10EBEC00AC350120538A0020807E00205077002015
:10EBFC00C887002008990020F41F0120CC87002032
:10EC0C00009F240018400120507D00200820803AED
:10EC1C0000000143EE7CFF3ED0870020C898002006
:10EC2C0038770020145B01209A99593FE0B90020F5
:10EC3C00880C0120B81E486174A30020568A00205D
:10EC4C006666663F002B0120F8200020D4B9002016
:10EC5C00D8B90020DCB90020EC890020528A0020B1
:10EC6C00548A0020B0350120D8A00020FBF7CEFF3D
:10EC7C0000217D4807F07CFC00217C4807F078FCE3
:10EC8C0000217B4807F074FC00217A4807F070FCE7
:10EC9C000021794807F06CFC0021784807F068FCEB
:10ECAC000021774807F064FC0021764807F060FCEF
:10ECBC000021754807F05CFC0021744807F058FCF3
:10ECCC00734C0021734807F053FC7348002107F084
:10ECDC004FFC206808B1F4F7A3F804F057FCFDF7DB
:10ECEC001FF81FE6F7F714FE15E600216B4807F036
:10ECFC003FFC39782068F7F78BFBB0F10009FFF681
:10ED0C006BAE674B1A684A453FF466AEC3F8009089
:10ED1C009BF80030032B00F28280624A52F823A049
:10ED2C003B68DAB2022A77D85F4951F822B098F8DA
:10ED3C000020052A6DD85D4951F82280022B2068ED
:10ED4C000CBFD0ED6B7AD0ED6A7AB8EEE78AB5EEEF
:10ED5C00C08AF1EE10FA48BF9FED558AF7F77AFB9F
:10ED6C00034620681C46F7F793FB3B6807210746D0
:10ED7C00012B57D04F480AF0BBFEBAF1000F06D05A
:10ED8C0050460DF0A5F8014650460AF0B1FE02219E
:10ED9C0049480AF0ADFEBBF1000F06D058460DF005
:10EDAC0097F8014658460AF0A3FE022142480AF0A1
:10EDBC009FFEB8F1000F06D040460DF089F80146D1
:10EDCC0040460AF095FE05213C480AF091FE21468A
:10EDDC003B4807F0BFFF03213A480AF089FE494639
:10EDEC00374807F0B7FF062137480AF081FE39464D
:10EDFC00334807F0AFFF062134480AF079FEB7EE2E
:10EE0C00C80A02212E4807F0D3FF2D4807F0AEFFA9
:10EE1C00E2E5DFF8C88091E7DFF8C0B087E7DFF8FC
:10EE2C00BCA07DE72A480AF063FEBAF1000F06D0B9
:10EE3C0050460DF04DF8014650460AF059FE0A2195
:10EE4C0024480AF055FEB8F1000F06D040460DF0EC
:10EE5C003FF8014640460AF04BFE06211E480AF0D8
:10EE6C0047FE4946C4E700BFE41F0120DC36012001
:10EE7C0018400120E0B90020D8980020681F01201C
:10EE8C00B41F0120C8A00020F89800201899002079
:10EE9C00D4980020E8980020889E00200899002033
:10EEAC00C88700205C130020381300204413002076
:10EEBC0000000000A477002090770020AC770020A1
:10EECC00807E0020B4770020B87700209C7700204B
:10EEDC0080770020887700209477002048770020E6
:10EEEC002DE9F04FC74883B0FBF7E0FDC64A4FF45D
:10EEFC000070002311461081C448C2E9063341F862
:10EF0C00180BC2E90331C24B1B68002B01F0AD8515
:10EF1C0019465B69002BFBD14A61BE4B0024BE48ED
:10EF2C0013604FF400435461546094721463C2F83C
:10EF3C003442A2F83842B94EB94DBA4FDFF8D883F3
:10EF4C00C2E90A34C2E9084407F062F9B648FBF793
:10EF5C00ADFDB648FBF7D8FDB548FBF7A7FDB548A6
:10EF6C00FBF7A4FDB448FBF7CFFDB448FBF79EFDBF
:10EF7C00B348FBF79BFDB348FBF7C6FDB248FBF764
:10EF8C0095FDB248FBF7F6FC224621463046FBF7CE
:10EF9C00CDFC22462146376028463476FBF7C6FC6A
:10EFAC002F602C76AA48FBF7AFFDAA4FAA48AB4DB1
:10EFBC00FBF77CFDAA4EAB48FBF778FD07F1180276
:10EFCC0002213846FBF7B2FC06F11802022130464A
:10EFDC003D60FBF7ABFC3560A348A44EFBF766FD28
:10EFEC00A348FBF763FDA34F06F11802022130463C
:10EFFC00FBF79CFC08F118020221404635609E4E3E
:10F00C00FBF794FC07F1180202213846C8F80050AF
:10F01C00FBF78CFC06F11802022130463D60FBF731
:10F02C0085FC35609548FBF7A5FC9548FBF73EFD44
:10F03C00944E9548FBF7B2FDDFF8E0829348FBF75E
:10F04C00ADFD934F06F1180202213046FBF76EFC22
:10F05C0008F118020221356040468E4EFBF766FC23
:10F06C0007F1180202213846C8F80050FBF75EFC85
:10F07C0006F11802022130463D60FBF757FC86482A
:10F08C003560FBF7E3FC854A604BD4601360844B1E
:10F09C0013614FF48073138102F58053C3F8CC4590
:10F0AC005B4B1B68002B01F0EC8419465B69002B51
:10F0BC00FBD14A617B4B00247B484FF480481360A2
:10F0CC00214654615460947214765483D46141F295
:10F0DC008C520CF0D3FC7548FBF7B8FC7448FBF76A
:10F0EC00B5FC7448FBF7B2FC7348FBF7AFFC734FED
:10F0FC007348DFF82C92FBF7A9FC7248FBF7A6FCCF
:10F10C00714E224621463846DFF818B2FBF70EFC4A
:10F11C00C7F82080C7F800906C48FBF72BFC6C4FAD
:10F12C00224621463046DFF800A2FBF7FFFBC6F86B
:10F13C002080C6F800906748FBF71CFC664E224600
:10F14C0021463846FBF7F2FBC7F82080C7F8009041
:10F15C006248FBF77BFC224621463046FBF7E6FB78
:10F16C005F4FC6F82080C6F800905E48FBF736FC6F
:10F17C005D48FBF7FFFB5D4E224621463846FBF708
:10F18C00D5FBC7F82080C7F800905948FBF7F2FB75
:10F19C00224621463046574FFBF7C8FBC6F8208065
:10F1AC000BF11C02C6F800904FF480360121584632
:10F1BC00FBF7BCFB0AF11C0201215046CBF8007096
:10F1CC00CBF81860FBF7B2FBCAF80070CAF81860ED
:10F1DC004948FBF76BFC4948FBF7CCFB4848FBF76D
:10F1EC00FDFB4848FBF7FAFB4748FBF7F7FB4748A2
:10F1FC00FBF7ACFC4648FBF7A9FC4648FBF756FC72
:10F20C0094E000BFF89C002064990020D871002085
:10F21C005C930020AC730020A09B002018370120C9
:10F22C006C3B012094730020785101200CA300202A
:10F23C0008530120384B0120BCA20020C84C0120EF
:10F24C00584E0120E4A20020E84F012028BB0020EA
:10F25C0094A20020D4220120184801203C730020E5
:10F26C00F4220120A8490120F84401205422012055
:10F27C008846012094220120B422012060BB00208A
:10F28C0000A100201422012000BA002038BA00206E
:10F29C0014230120342301202899002004A40020E9
:10F2AC00D0B90020E472002044A400208421012065
:10F2BC009043012028440120FC1F0120144201200E
:10F2CC00DC200120F84201206C4301202C1F01207E
:10F2DC0004440120781F01209C440120C0440120DB
:10F2EC0074420120C03F012080BA0020D44201208A
:10F2FC00F0BA00209472002004250120B8BA002036
:10F30C0030430120C84301206044012054230120D4
:10F31C00F0260120A0280120742201203422012093
:10F32C008873002088980020A8970020BF48FBF71E
:10F33C0055FBBF48FBF752FBBE48FBF74FFBBE48E3
:10F34C00FBF7B4FBBD48FBF7B1FBBD4B0121DFF86C
:10F35C00B8B303F11C021846FBF7E8FAB84BDFF818
:10F36C00ACA30BF11C021F6001219E615846FBF7F8
:10F37C00DDFA0AF11C0201215046CBF80070CBF8E3
:10F38C001860FBF7D3FAAF4B0221CAF8007003F1F7
:10F39C0018021846CAF81860FBF7C8FAA94BDFF830
:10F3AC0070A31D60A848FBF781FB0AF1180202212B
:10F3BC005046FBF7BBFACAF80050A448FBF776FBA3
:10F3CC00A34B0121DFF84CB303F11C021846FBF7E9
:10F3DC00ADFA9F4BDFF840A30BF11C021F6001211B
:10F3EC009E615846FBF7A2FA0AF11C020121504615
:10F3FC00CBF80070CBF81860FBF798FACAF80070DD
:10F40C00CAF818609348FBF7B5FA9348FBF74EFB24
:10F41C009248FBF7AFFA9248FBF748FB9148FBF791
:10F42C00DDFA9148FBF7DAFA9048FBF7D7FA9048E7
:10F43C00FBF7D4FA8F48FBF709FB8F48FBF706FB69
:10F44C008E48FBF703FB8E4B0121DFF8D0B203F1A2
:10F45C001C021846FBF76AFA894BDFF8C4A20BF1C1
:10F46C001C021F6001219E615846FBF75FFA0AF1EE
:10F47C001C0201215046CBF80070CBF81860FBF74A
:10F48C0055FACAF80070CAF818607E48FBF7DEFA25
:10F49C007D48FBF7DBFA7D48FBF7D8FADFF884A24E
:10F4AC007B48FBF7D3FA7B48FBF7D0FA2246214680
:10F4BC005046FBF73BFACAF820807748DFF86882A1
:10F4CC00CAF80090FBF720FB7448FBF7BFFA08F171
:10F4DC00180202214046FBF729FAC8F80050704880
:10F4EC00FBF7B4FA6F4D7048FBF7B0FA6F4805F0B4
:10F4FC004DF905F11C0201212846FBF717FA6C4A5D
:10F50C006C4B11466C481B6841F8180B11614FF499
:10F51C0000712F60AE61D4601181C2E90644002BEA
:10F52C0001F0AB8219465B69002BFBD14A610024C8
:10F53C00624B5F48136054615460947205F060FD37
:10F54C005F4A5D4811465B4BD46041F8180B4FF491
:10F55C0000701B6811611081C2E90644002B01F098
:10F56C00888219465B69002BFBD14A610024554BFC
:10F57C00534803275461012554600226947213608A
:10F58C0009F0AEF9504807F02FF9504B2246009481
:10F59C004F494D4807F09CF94E4A4F494A480AF0EA
:10F5AC004FFD4E4807F020F94D4B22460094474939
:10F5BC004A4807F08DF9474A474948480AF040FD48
:10F5CC00484807F011F9484B2246404900974548F6
:10F5DC0007F07EF93F4A404942480AF031FD434862
:10F5EC0007F002F9424B2246009442493F4807F08B
:10F5FC006FF9384A38493D480AF022FD3E4807F079
:10F60C00F3F83B4B22463D4900953B4807F060F927
:10F61C00304A314938480AF013FD394807F0E4F80C
:10F62C00384B22460094354980E000BFD841012078
:10F63C00384201209842012028560120985401207C
:10F64C000898002094260120742301201027012003
:10F65C0068970020D0BB00204859012098BB00209F
:10F66C00B8570120B4260120502A01204CBC0020A0
:10F67C0010BC0020902A0120C82A0120BC210120A6
:10F68C0048980020043601203C360120342001200B
:10F69C00A42001201421012034A30020CC3501200A
:10F6AC006C200120E89700204C21012088BC002010
:10F6BC00C41F01205C930020D8710020A072002090
:10F6CC0028400120AC720020482B012064990020B6
:10F6DC00F89C002084830020B5470100CC2E01202B
:10F6EC0028BB0020A82F012028990020843001205D
:10F6FC00D422012078510120603101200CA300207C
:10F70C003C320120F422012028980020C8970020C8
:10F71C00302A012048970020889700206898002004
:10F72C00A8980020F0360120F4210120A54807F00C
:10F73C00CFF8A54AA549A3480AF082FCA44807F0D3
:10F74C0053F8A44B2246A4490095A14807F0C0F8F1
:10F75C009D4A9E499E480AF073FCA04807F044F865
:10F76C009F4B224600949F499C4807F0B1F8964A5B
:10F77C0096499A480AF064FC9B4807F035F8984B78
:10F78C0022469A490095984807F0A2F88E4A8F496C
:10F79C0095480AF055FC964807F026F8954B2246FA
:10F7AC0000949249924807F093F8874A8749904809
:10F7BC000AF046FC904807F017F88E4B22468F490A
:10F7CC0000958D4807F084F87F4A80498A480AF0F2
:10F7DC0037FC8B4807F008F88A4B224600948A497C
:10F7EC00874807F075F8784A784985480AF028FC6C
:10F7FC00864806F0F9FF834B2246854900958348DD
:10F80C0007F066F8704A714980480AF019FC814883
:10F81C0006F0EAFF804B224600947D497D4807F0B4
:10F82C0057F8694A69497B480AF00AFC7B4806F09C
:10F83C00DBFF794B22467A490095784807F048F867
:10F84C00614A624975480AF0FBFB764806F0CCFF2A
:10F85C00754B224675490097724807F039F85A4A99
:10F86C005A4970480AF0ECFB714806F0BDFF714B29
:10F87C002246009470496E4807F02AF8524A5349C0
:10F88C006B480AF0DDFB6D4806F0AEFF6C4B224670
:10F89C0000946C49694807F01BF84B4A4B49674880
:10F8AC000AF0CEFB684806F09FFF684B2246684979
:10F8BC000095654807F00CF8434A444962480AF041
:10F8CC00BFFB644806F090FF634B224600946049EE
:10F8DC00604806F0FDFF3C4A3C495E480AF0B0FB2C
:10F8EC005E4806F081FF5E4B2246594900955B4805
:10F8FC0006F0EEFF344A354958480AF0A1FB594846
:10F90C0006F072FF584B224600945149554806F0B8
:10F91C00DFFF2D4A2D4953480AF092FB534806F05D
:10F92C0063FF4F4B224600945149504806F0D0FFDC
:10F93C00254A26494D480AF083FB4E4806F054FFF1
:10F94C00494B22464C4900954A4806F0C1FF1E4AD5
:10F95C001E4948480AF074FB484806F045FF484BDE
:10F96C00224600944749454806F0B2FF164A17490B
:10F97C0042480AF065FB444806F036FF2A4B224603
:10F98C0000944049404806F0A3FF0F4A0F493E48F7
:10F99C000AF056FB3D4806F027FF394B22460D492D
:10F9AC0000953A4806F094FF074A084937480AF090
:10F9BC0047FB374806F018FF1B4B224605490095BC
:10F9CC0068E000BF3C32012084830020B547010071
:10F9DC0018330120F422012008530120F4330120B4
:10F9EC0054220120384B0120D0340120BCA200202D
:10F9FC005C2B012074220120382C0120C84C0120E2
:10FA0C00142D012094220120584E0120F02D0120AC
:10FA1C00E4A20020542E0120B4220120682E0120E3
:10FA2C00E84F01207C2E0120C044012028BB00207F
:10FA3C00902E01208421012018370120A42E0120B2
:10FA4C0060BB00206C3B0120B82E01201422012049
:10FA5C0094A20020E02E012034220120F42E01205B
:10FA6C0014230120082F0120342301201C2F0120F6
:10FA7C0018480120302F0120A8490120442F0120D3
:10FA8C0028990020D4220120582F01206C2F01200E
:10FA9C00802F0120A54806F01BFFA54AA549A348C5
:10FAAC000AF0CEFAA44806F09FFEA44B224600941E
:10FABC00A349A14806F00CFF9D4A9E499E480AF0B6
:10FACC00BFFAA04806F090FE9F4B22469F49009536
:10FADC009C4806F0FDFE964A96499A480AF0B0FA00
:10FAEC009B4806F081FE9B4B224600949A4998480D
:10FAFC0006F0EEFE8E4A8F4995480AF0A1FA974817
:10FB0C0006F072FE934B224695490095934806F0F9
:10FB1C00DFFE874A874991480AF092FA914806F02D
:10FB2C0063FE914B2246009490498E4806F0D0FE1D
:10FB3C007F4A80498B480AF083FA8D4806F054FEC0
:10FB4C00894B22468B490095894806F0C1FE784ABC
:10FB5C00784987480AF074FA874806F045FE874BC7
:10FB6C00224687490095844806F0B2FE704A7149D6
:10FB7C0081480AF065FA834806F036FE824B22462D
:10FB8C00824900957F4806F0A3FE694A69497D4881
:10FB9C000AF056FA7E4806F027FE7E4B22467B4939
:10FBAC0000957B4806F094FE614A624978480AF059
:10FBBC0047FA794806F018FE734B224677490096AF
:10FBCC00754806F085FE5A4A5A4973480AF038FAC5
:10FBDC00734806F009FE6F4B224670490096704838
:10FBEC0006F076FE524A53496D480AF029FA6D48E0
:10FBFC0006F0FAFD644B22466B490097694806F003
:10FC0C0067FE4B4A4B4967480AF01AFA674806F0F8
:10FC1C00EBFD604B224664490097644806F058FEA1
:10FC2C00434A444961480AF00BFA614806F0DCFD8E
:10FC3C00604B2246009441495D4806F049FE3C4A1F
:10FC4C003C495B480AF0FCF95B4806F0CDFD594B8A
:10FC5C0022463D490095584806F03AFE344A35494B
:10FC6C0055480AF0EDF9554806F0BEFD544B2246B6
:10FC7C0000945449514806F02BFE2D4A2D494F480B
:10FC8C000AF0DEF9504806F0AFFD504B22460094C6
:10FC9C004F494D4806F01CFE254A26494A480AF0B1
:10FCAC00CFF94C4806F0A0FD4B4B224600944B4933
:10FCBC00484806F00DFE1E4A1E4946480AF0C0F997
:10FCCC00474806F091FD474B224600944249444870
:10FCDC0006F0FEFD164A174941480AF0B1F94248B0
:10FCEC0006F082FD3F4B2A463B4900953E4806F004
:10FCFC00EFFD0F4A0F493C480AF0A2F93B4806F0C9
:10FD0C0073FD384B324634490096384806F0E0FD16
:10FD1C00074A084935480AF093F9354806F064FD5E
:10FD2C00344B22460094154966E000BF802F012019
:10FD3C0084830020B5470100942F01201422012058
:10FD4C00F8440120BC2F01203422012088460120D8
:10FD5C00D02F01209043012054220120E42F0120B8
:10FD6C0074220120F82F0120284401209422012024
:10FD7C000C300120B42201202030012084210120EC
:10FD8C0060BB002034300120DC20012000A10020C9
:10FD9C00483001203C3601205C30012000BA0020A4
:10FDAC00703001209830012038BA0020AC3001208E
:10FDBC00C0300120F8420120D4300120E83001206D
:10FDCC0080BA002014230120FC300120F0BA00205E
:10FDDC00342301201031012004A400202899002094
:10FDEC0024310120FC1F0120383101204C3101202D
:10FDFC0074310120C03F0120A54806F069FDA54AD9
:10FE0C00A549A3480AF01CF9A44806F0EDFCA44B44
:10FE1C0022460094A349A14806F05AFD9D4A9E49EA
:10FE2C009E480AF00DF9A04806F0DEFC9F4B2246D6
:10FE3C0000949F499C4806F04BFD964A96499A4877
:10FE4C000AF0FEF89B4806F0CFFC9B4B22469B49E0
:10FE5C000096984806F03CFD8E4A8F4995480AF06A
:10FE6C00EFF8974806F0C0FC964B22469349009653
:10FE7C00934806F02DFD874A874991480AF0E0F82F
:10FE8C00914806F0B1FC914B2246009490498E4863
:10FE9C0006F01EFD7F4A80498B480AF0D1F88D4848
:10FEAC0006F0A2FC8C4B224600948C49894806F043
:10FEBC000FFD784A784987480AF0C2F8884806F05E
:10FECC0093FC884B224688490095854806F000FD36
:10FEDC00704A714982480AF0B3F8844806F084FCF1
:10FEEC00834B224600946E49804806F0F1FC694A27
:10FEFC0069497E480AF0A4F87E4806F075FC7C4BF4
:10FF0C0022467D4900957B4806F0E2FC614A624935
:10FF1C0078480AF095F8794806F066FC784B22464A
:10FF2C0000946249754806F0D3FC5A4A5A49734802
:10FF3C000AF086F8734806F057FC714B224672495A
:10FF4C000095704806F0C4FC524A53496D480AF0BB
:10FF5C0077F86E4806F048FC6D4B224600945949E0
:10FF6C006A4806F0B5FC4B4A4B4968480AF068F8F9
:10FF7C00684806F039FC664B22466749009565488F
:10FF8C0006F0A6FC434A444962480AF059F8634813
:10FF9C0006F02AFC624B2246009462495F4806F048
:10FFAC0097FC3C4A3C495D480AF04AF85E4806F02A
:10FFBC001BFC5E4B224600945D495B4806F088FCB6
:10FFCC00344A354958480AF03BF85A4806F00CFCBC
:10FFDC00564B224658490095564806F079FC2D4A56
:10FFEC002D4954480AF02CF8544806F0FDFB544BAC
:04FFFC002246009405
:02000004600199
:100000005349514806F06AFC254A26494E480AF0F1
:100010001DF8504806F0EEFB4C4B22464E49009529
:100020004C4806F05BFC1E4A1E494A480AF00EF88E
:100030004A4806F0DFFB4A4B224600943B494748BA
:1000400006F04CFC164A1749444809F0FFFF4548A2
:1000500006F0D0FB444B22461F490096414806F06B
:100060003DFC0F4A0F493F4809F0F0FF3F4806F0BA
:10007000C1FB3F4B22463F4900953C4806F02EFC11
:10008000074A0849394809F0E1FF3B4806F0B2FB4E
:10009000174B22460094134970E000BF74310120D1
:1000A00084830020B5470100883101202C1F0120E6
:1000B000904301209C310120781F01202844012019
:1000C000B031012028990020FC1F0120C4310120FB
:1000D000C0440120D8310120A8970020DC20012055
:1000E000EC310120B8BA0020F84201200032012092
:1000F000D841012014420120143201203043012054
:10010000283201206C43012050320120C8430120D5
:10011000643201200444012078320120604401202F
:100120008C3201209C440120A032012088980020BC
:10013000C03F0120B43201203842012080BA0020A3
:10014000C832012074420120DC3201209842012093
:10015000F0BA0020F0320120D44201200433012003
:100160003C3601202C330120A42001204033012003
:10017000942601200425012054330120A54806F0CF
:10018000ADFBA54AA549A34809F060FFA44806F0C5
:1001900031FBA44B22460094A349A14806F09EFBE4
:1001A0009D4A9E499E4809F051FFA04806F022FB57
:1001B0009F4B224600949F499C4806F08FFB964A2D
:1001C00096499A4809F042FF9B4806F013FB9B4B67
:1001D000224600949A49984806F080FB8E4A8F493F
:1001E000954809F033FF974806F004FB964B2246EA
:1001F00000949649934806F071FB874A87499148D5
:1002000009F024FF924806F0F5FA924B224600943A
:1002100091498F4806F062FB7F4A80498C4809F07B
:1002200015FF8E4806F0E6FA8A4B22468C49009567
:100230008A4806F053FB784A7849884809F006FF57
:10024000884806F0D7FA884B2246009487498548AB
:1002500006F044FB704A7149824809F0F7FE844871
:1002600006F0C8FA834B224600948349804806F082
:1002700035FB694A69497E4809F0E8FE7F4806F087
:10028000B9FA7F4B224600947E497C4806F026FB53
:10029000614A6249794809F0D9FE7B4806F0AAFA1A
:1002A0007A4B224600947A49774806F017FB5A4A5F
:1002B0005A49754809F0CAFE764806F09BFA764B13
:1002C000224600947549734806F008FB524A534988
:1002D000704809F0BBFE724806F08CFA714B22465A
:1002E000504900956E4806F0F9FA4B4A4B496C4864
:1002F00009F0ACFE6C4806F07DFA6C4B2246494989
:100300000095694806F0EAFA434A4449664809F00C
:100310009DFE674806F06EFA624B224644490096FD
:10032000634806F0DBFA3C4A3C49614809F08EFE1E
:10033000604806F05FFA604B22463D4900955D48F3
:1003400006F0CCFA344A35495A4809F07FFE5B483A
:1003500006F050FA534B224638490097574806F0AA
:10036000BDFA2D4A2D49554809F070FE544806F053
:1003700041FA544B224631490095514806F0AEFAF5
:10038000254A26494E4809F061FE4F4806F032FAE8
:100390004E4B224600942C494B4806F09FFA1E4AC9
:1003A0001E49494809F052FE494806F023FA474BD6
:1003B000224648490095464806F090FA164A1749E1
:1003C000434809F043FE444806F014FA434B2246E2
:1003D00000942049404806F081FA0F4A0F493E48F0
:1003E00009F034FE3E4806F005FA3C4B22463D49F2
:1003F00000953B4806F072FA074A0849384809F068
:1004000025FE394806F0F6F9264B22460094164997
:100410006CE000BF5433012084830020B547010005
:100420006833012008980020304301207C330120EC
:1004300028980020C843012090330120C89700204D
:1004400060440120A433012094260120542301207C
:10045000B8330120302A0120F0260120CC330120BE
:10046000A0280120E033012068970020D841012016
:100470000834012048970020384201201C34012014
:10048000889700209842012030340120D0BB002002
:10049000285601204434012098BB002098540120A4
:1004A00058340120043601206C3401206C200120D6
:1004B00080340120943401204C210120A8340120F3
:1004C000BC340120A4200120E4340120B426012002
:1004D000F8340120742301200C350120502A01201A
:1004E000203501201027012034350120A54806F0D1
:1004F000F5F9A54AA549A34809F0A8FDA44806F0C6
:1005000079F9A44B22460094A349A14806F0E6F9E4
:100510009D4A9E499E4809F099FDA04806F06AF957
:100520009F4B22469F4900969C4806F0D7F9964A71
:1005300096499A4809F08AFD9B4806F05BF99B4B67
:1005400022469B490096984806F0C8F98E4A8F4982
:10055000954809F07BFD974806F04CF9964B2246EA
:1005600000949649934806F0B9F9874A874991481B
:1005700009F06CFD924806F03DF98F4B22469149F7
:1005800000958F4806F0AAF97F4A80498C4809F007
:100590005DFD8D4806F02EF98C4B224600948C4967
:1005A000894806F09BF9784A7849874809F04EFD5A
:1005B000884806F01FF9854B2246874900958548F3
:1005C00006F08CF9704A7149824809F03FFD834872
:1005D00006F010F9824B2246009482497F4806F0CB
:1005E0007DF9694A69497D4809F030FD7E4806F089
:1005F00001F97B4B2A467B4900957B4806F06EF952
:10060000614A6249784809F021FD784806F0F2F81D
:10061000734B324673490096744806F05FF95A4AA4
:100620005A49724809F012FD714806F0E3F8714B1F
:100630002246009470496E4806F050F9524A5349D8
:100640006B4809F003FD6D4806F0D4F8694B2A4663
:1006500069490095694806F041F94B4A4B4967489A
:1006600009F0F4FC664806F0C5F8624B3246624970
:100670000096634806F032F9434A4449604809F05D
:10068000E5FC604806F0B6F85F4B224600944A4904
:100690005C4806F023F93C4A3C495A4809F0D6FC2C
:1006A0005A4806F0A7F8584B224648490095574843
:1006B00006F014F9344A3549544809F0C7FC544847
:1006C00006F098F8534B224600944549504806F0EE
:1006D00005F92D4A2D494E4809F0B8FC4E4806F060
:1006E00089F84E4B2246009442494B4806F0F6F8F2
:1006F000254A2649484809F0A9FC494806F07AF8F5
:10070000484B224600944049454806F0E7F81E4A07
:100710001E49434809F09AFC434806F06BF8434BE6
:1007200022463C490096404806F0D8F8164A174938
:100730003D4809F08BFC3E4806F05CF83D4B2246F4
:10074000364900963A4806F0C9F80F4A0F4938482A
:1007500009F07CFC384806F04DF8384B2246314908
:100760000096354806F0BAF8074A0849324809F0B9
:100770006DFC334806F03EF8304B22460094314978
:1007800062E000BF3435012084830020B5470100BA
:1007900048350120A4200120689700205C35012005
:1007A0006C20012048970020703501204C21012049
:1007B00088970020843501204CBC0020D0BB00204D
:1007C0009835012048590120702B012010BC0020D1
:1007D00098BB0020842B0120B8570120982B0120C2
:1007E000902A0120B4260120AC2B0120C02B01202F
:1007F000D42B0120C82A0120502A0120E82B0120F7
:10080000FC2B0120102C0120BC210120242C0120D4
:100810004C2C012048980020602C01206898002072
:10082000742C0120A8980020882C0120342001205D
:100830009C2C012014210120B02C0120CC3501205A
:10084000C42C012004360120934806F047F8934A4F
:100850009349914809F0FAFB924805F0CBFF924B7F
:100860002246924900958F4806F038F88B4A8C4909
:100870008C4809F0EBFB8E4805F0BCFF8D4B2246FF
:1008800000948D498A4806F029F8844A84498848AA
:1008900009F0DCFB894805F0ADFF874B2246009448
:1008A0008749864806F01AF87C4A7D49834809F052
:1008B000CDFB844805F09EFF834B2246009480497F
:1008C000804806F00BF8754A75497E4809F0BEFB72
:1008D0007E4805F08FFF7E4B224600947A497B4884
:1008E00005F0FCFF6D4A6E49784809F0AFFB794886
:1008F00005F080FF784B224600947849754805F052
:10090000EDFF664A6649734809F0A0FB744805F09C
:1009100071FF714B224673490095714805F0DEFF67
:100920005E4A5F496E4809F091FB6F4805F062FF2F
:100930006E4B224600945C496B4805F0CFFF574A46
:100940005749694809F082FB694805F053FF694B34
:10095000224600946049664805F0C0FF4F4A50495E
:10096000634809F073FB644805F044FF634B22467B
:1009700050490095604805F0B1FF484A48495E4833
:1009800009F064FB5E4805F035FF5E4B224649499D
:1009900000955B4805F0A2FF404A4149584809F0DC
:1009A00055FB594805F026FF544B22460094484910
:1009B000554805F093FF394A3949534809F046FB39
:1009C000524805F017FF4F4B2246009440494F48CC
:1009D00005F084FF314A32494C4809F037FB4C4856
:1009E00005F008FF344B224640490095484805F081
:1009F00075FF2A4A2A49464809F028FB454805F070
:100A0000F9FE314B224639490095424805F066FF10
:100A1000224A23493F4809F019FB3F4805F0EAFE06
:100A2000244B2246334900973B4805F057FF1B4AA9
:100A30001B49394809F00AFB384805F0DBFE244B16
:100A400022462C490097354805F048FF134A1449BF
:100A5000324809F0FBFA324C324B0A22002132486C
:100A60001C601A7205F070FD0021304803B0BDE82B
:100A7000F04F05F069BD2E4B1A60FEF754BA2C4BAF
:100A80001A60FEF779BD2A4B1A60FEF756BD284B57
:100A90001A60FEF715BB00BFC42C01208483002020
:100AA000B5470100D82C0120CC3501203C3601206F
:100AB000EC2C01206C20012034200120002D01208D
:100AC000A4200120282D0120142101203C2D0120EB
:100AD0004C210120502D0120F4210120F03601206D
:100AE000642D012034A30020782D012088BC002033
:100AF0008C2D0120E8970020A02D0120C41F01208B
:100B0000B42D012028400120C82D0120DC2D01201A
:100B1000042E0120182E01202C2E0120402E012011
:100B200048730020C8980020F0B9002008990020E0
:100B30005C9300200429F8B5069D0C4617461E4616
:100B400018D0AB7883B12B7876B3BB4211D0621E3C
:100B50001B0448F20800120203F4FE0302F4706260
:100B60001343184308F004FA46B9AB78FBB90023E5
:100B7000AB70F8BDC37B002BE3D1F8BD611E33061B
:100B800049F20900090203F0FE4301F470611943C0
:100B90003B0403F4FE031943084308F0E9F9012379
:100BA0002F706E70AB70F8BDBB42DDD0CFE72A78F6
:100BB000631E48F208001B02120403F4706302F47F
:100BC000FE021343184308F0D3F90023AB70D0E7BB
:100BD000F8B51D464FF001330F460021C3600123D5
:100BE0000446816003741646C0E90011143005F014
:100BF000ABFC069B204625636363079BA363089BAE
:100C0000E363FF23C4E90A7684F82430F8BD00BF0B
:100C1000B5EEC00AF1EE10FA2AD9DFED177A00B569
:100C200080EE270A83B009F0ABFCDFED147AB2EE58
:100C3000087AE0EE077AF5EEC07AF1EE10FA13D4F6
:100C40009FED0F7AF4EEC77AF1EE10FA12DCB6EEF1
:100C5000007A77EE877AFCEEE77ACDED017A9DF89F
:100C6000040003B05DF804FB002003B05DF804FB52
:100C7000002070477F20F4E70000DC4300008A4238
:100C80000000FE42B5EEC00AF1EE10FA14D9DFED15
:100C90000B7A82B020EE270A30EE000AFCEEC07A12
:100CA000CDED017A9DF80400012838BF01207F288E
:100CB00028BF7F2002B07047002070470000FE422E
:100CC000012930B4029C0ED0022907D0032901D19A
:100CD000857B35B1029430BCFFF72CBF457B002DDE
:100CE000F8D130BC7047057B002DFAD0029430BC9F
:100CF000FFF720BF037C03B9704730B500F114053E
:100D000083B004466421284605F04EFCC0B1284655
:100D1000002105F033FCA36A9FED0F7AD3ED007A32
:100D200094F8242067EE877AFCEEE77ACDED017A1D
:100D30009DF804307F2BA8BF7F239A42DDB201D1FA
:100D400003B030BD054840EA036008F011F984F8AB
:100D5000245003B030BD00BF0000FE420BB00100C4
:100D6000836B1B68022B0CBF436B036B93ED000A74
:100D7000C36AB8EEC00A10B51B7884B00446012BD4
:100D80000BD083783BB1037B2BB100230121009072
:100D90001A46FFF7CFFE04B010BDB5EEC00AF1EE63
:100DA00010FA2CD9DFED187A80EE270A09F0E8FB5B
:100DB000DFED167AB2EE087AE0EE077AF5EEC07A49
:100DC000F1EE10FA1BD49FED127AF4EEC77AF1EE31
:100DD00010FA16DCB6EE007A77EE877AFCEEE77A48
:100DE000CDED037A9DF80C20237B002BD3D0642318
:100DF000012120460094FFF79DFE04B010BD0022A3
:100E0000F2E77F22F0E700BF0000DC4300008A42E7
:100E10000000FE4210B50446C06B30B1F5F7C4F9CE
:100E20002046BDE81040FFF79BBF10BD2DE9F04103
:100E30003F4DF7EE007AD0F8CC6104462B68B0F84D
:100E4000D8719B1B07EE107AF8EE476A07EE103A4E
:100E5000B8EE477A2DED028B87EE260AD0ED798A1F
:100E600090ED788AB4EE670AF1EE10FAF4EEC88AD3
:100E700037FE800AF1EE10FA3FDDF6EE000A09F0C7
:100E8000E5FC78EEC88AA8EE808AB5EEC08AF1EE5D
:100E900010FA3CD4DFED277AB4EEE78AF1EE10FACF
:100EA00032DCDFED257A254A28EE278ADFF89480A8
:100EB000FCEEC87A17EE903AC8ED077A934202D951
:100EC0001E4BC8F81C302B68B4F8DC219B1BBA1AE7
:100ED0009A4202D894F8C831FBB12B689B1BBB42E5
:100EE00007D300232A6884F8C531C4F8CC21C8F898
:100EF0002430BDEC028BBDE8F08137EEC07AE7EE1E
:100F0000477AB0EE670ABCE7DFF83880D8E7DFF849
:100F100034800023C8F81C30D5E7094803F01AF8DC
:100F20000123D4F8CC61B4F8D87184F8C831D4E77F
:100F3000104001200044AC46C637BE470000FE7F8B
:100F400098BB0020985401202DE9F0413F4DF7EE69
:100F5000007AD0F8D06104462B68B0F8DA719B1B98
:100F600007EE107AF8EE476A07EE103AB8EE477AC5
:100F70002DED028B87EE260AD0ED7B8A90ED7A8AE2
:100F8000B4EE670AF1EE10FAF4EEC88A37FE800A72
:100F9000F1EE10FA3FDDF6EE000A09F057FC78EEAC
:100FA000C88AA8EE808AB5EEC08AF1EE10FA3CD469
:100FB000DFED277AB4EEE78AF1EE10FA32DCDFEDEE
:100FC000257A254A28EE278ADFF89480FCEEC87A35
:100FD00017EE903AC8ED077A934202D91E4BC8F833
:100FE0001C302B68B4F8DE219B1BBA1A9A4202D837
:100FF00094F8C931FBB12B689B1BBB4207D300237C
:101000002A6884F8C631C4F8D021C8F82430BDEC71
:10101000028BBDE8F08137EEC07AE7EE477AB0EE9A
:10102000670ABCE7DFF83880D8E7DFF834800023B0
:10103000C8F81C30D5E7094802F08CFF0123D4F82A
:10104000D061B4F8DA7184F8C931D4E710400120D6
:101050000044AC46C637BE470000FE7FD0BB002030
:10106000285601202DE9F84390F8C531064690F83E
:10107000C6912DED048B002B00F03281B9F1000FE9
:1010800040F0FF81002967D040F2DD514FF4167027
:1010900005F082FF07EE900AB2EE049A41F2893120
:1010A000F8EEE77A40F6B83087EE898A05F074FFEB
:1010B00007EE900A9FEDD97AF8EEE77AC7EE898AB3
:1010C00078EEC87AF4EEC77AF1EE10FA71D578EEC0
:1010D000078ADFEDD37AF4EEE78AF1EE10FA68DDE5
:1010E000F0EE678A9FEDCF8A40F259214FF4967057
:1010F00005F052FF04466521322005F04DFF40F611
:10110000C51187B240F2DC50A4B205F045FF40F6AD
:10111000B93185B204EB07084FF47A70A84405F0A2
:101120003BFF80B21FFA88F8804538BF8046B9F18E
:10113000000F00F05781DFEDBC7ABC4A68EE277AD9
:10114000DFF810C3FCEEE77A17EE903ACCED077AA1
:10115000934200F28F815DE041F2893140F6B83070
:1011600005F01AFF07EE900AB2EE049A40F2DD5144
:10117000F8EEE77A4FF4167087EE898A05F00CFFD7
:1011800007EE900A9FEDA57AF8EEE77AC7EE898A16
:1011900078EE687AF4EEC77AF1EE10FA09D578EEB7
:1011A000478ADFEDA37AF4EEE78AF1EE10FA00F158
:1011B000708140F259214FF4967005F0EDFE04461F
:1011C0006521322005F0E8FE40F6C51187B240F2F5
:1011D000DC50A4B205F0E0FE40F6B93185B204EB74
:1011E00007084FF47A70A84405F0D6FE80B2B5EE39
:1011F000C08A1FFA88F8804538BF8046B9F1000FD1
:101200007AD0F1EE10FA40F12B81DFF848C20023CA
:10121000CCF81C3007EE904A9FED866A06EE905A95
:1012200007EE107AF8EE677A4FF6FF70F8EE666A0E
:10123000814FB8EE477A012467EE867A66EE866AB9
:1012400027EE067AFCEEE77A17EE903AFCEEE67AA5
:10125000073317EE901AFCEEC77ADB08073117EE5A
:10126000902A83424FEAD10102F1070228BF0346C8
:1012700081424FEAD20228BF0146824228BF02467D
:101280006E48012B82854FF4803238BF012301293B
:10129000CCF82420438538BF0121694B694A8186F7
:1012A0009A61A2F6A452C485DA6146F6FF72C3E9D8
:1012B00008274FF08043036302F024FE0022624BB4
:1012C00086ED788A86F8C8211A68C6ED798AA6F86C
:1012D000D881A6F8DC5186F8C541C6F8CC2178E063
:1012E000B9F1000F7FF4CEAE90F8C79189F00109F3
:1012F00000293FF431AFC7E6F1EE10FA72D5DFF8FE
:1013000058C1CCF81C9007EE904A9FED4A6A06EE51
:10131000905A07EE107AF8EE677A4FF6FF70F8EE03
:10132000666A0124B8EE477A67EE867A66EE866AC8
:1013300027EE067AFCEEE77A17EE903AFCEEE67AB4
:10134000073317EE901AFCEEC77ADB08073117EE69
:10135000902A83424FEAD10102F1070228BF0346D7
:1013600081424FEAD20228BF0146824228BF02468C
:101370003648012B82854FF4803238BF0123012982
:10138000CCF82420438538BF0121314B2D4A81867A
:101390009A61A2F6A4522849DA6146F6FF72C48522
:1013A000C3E908214FF08043036302F0ABFD002244
:1013B000254B86F8C6411968144686ED7A8AC6ED33
:1013C0007B8AA6F8DA81A6F8DE5186F8C921C6F82C
:1013D000D0111B6886F8C741C6F8D431BDEC048B28
:1013E000BDE8F883DFED1D7AB4EEE78AF1EE10FA7E
:1013F00044DCDFED0D7A0D4A68EE277ADFF858C03D
:10140000FCEEE77A17EE903ACCED077A93427FF63E
:101410007AAF064BCCF81C3075E700BF00001643CE
:101420000000FA430000AF43C637BE470000FE7F0E
:10143000000070426666304200B76D5B98BB0020CA
:1014400010BC0020204CBC0210400120D0BB00206A
:101450004CBC002098540120285601200044AC4682
:101460005FED027AB4EEE78AF1EE10FA7FF763AE31
:10147000DFF834C0094BCCF81C30CBE6DFF82CC0C9
:10148000C7E7074BBDEC048B1B68C6F8D431BDE839
:10149000F883F0EE678A9FED038A25E60000FE7F61
:1014A000104001200000524398540120285601208A
:1014B00090F878302DE9F041044600F184052DEDD7
:1014C000048BDBB9216F284605F06EF870B1D4F8B3
:1014D000F03100269E6194F86E30013BDBB284F857
:1014E0006E30002B40F0908084F86C3094F8A83077
:1014F000002B5ED1BDEC048BBDE8F08100F5B87621
:10150000284605F045F807EE900AB7EE009A0A2142
:10151000B8EE677AD4ED1C7A3046D4ED1F8AF8EE27
:10152000677AD4ED209A87EE278AB4EE498AF1EEE5
:1015300010FA39FE088A05F037F80028C2D079EE93
:10154000E89AD4ED647AE9EE888A78EEE77AF0EEEC
:10155000E77AF4EEC97AF1EE10FAB3DDF3EE047A2D
:10156000D4F80482F4EEE78AF1EE10FA5CD4DFEDF1
:10157000357AF4EEE78AF1EE10FA5FDC9FED320A7D
:1015800028EE800AF0EE407AFEEEE07A17EE907ACE
:1015900009F0ECFAF0EE407AFEEEE07A17EE903ABF
:1015A00000213046C8E90673C4ED648A04F0E6FF02
:1015B00088E7D4F8AC1004F1B00004F0F5FF00287F
:1015C00098D00026F0211E2084F8A86005F0E4FCE5
:1015D000D4ED1D7AD4F8F031F5EEC07A2067F1EE43
:1015E00010FA08D4B7EE007AF4EEC77AF1EE10FAEA
:1015F0001DDD4FF4803628469E610021BDEC048B32
:10160000BDE8F04104F0BABF01239621502084F8D0
:10161000A83005F0C1FC0346314604F1B000C4F81F
:10162000AC3004F0ABFF61E7084B094FB8E7B0EE10
:10163000677ABEEEC87A17EE106ADCE7054B064FF4
:10164000AEE700BF00D0894693651538DE57170016
:10165000DF571700008C3C4B00BE6C5090F8CC302C
:101660002DE9F041044600F1D8052DED048BE3B9D6
:10167000D4F8C410284604F097FF70B1D4F8F431C0
:1016800000269E6194F8C230013BDBB284F8C23080
:10169000002B40F0918084F8C03094F8FC30002B8F
:1016A0005ED1BDEC048BBDE8F08100F5C076284624
:1016B00004F06EFF07EE900AB7EE009A0A21B8EE2A
:1016C000677AD4ED317A3046D4ED348AF8EE677A11
:1016D000D4ED359A87EE278AB4EE498AF1EE10FAF6
:1016E00039FE088A04F060FF0028C1D079EEE89A3C
:1016F000D4ED657AE9EE888A78EEE77AF0EEE77A5B
:10170000F4EEC97AF1EE10FAB2DDF3EE047AD4F811
:101710000882F4EEE78AF1EE10FA5DD4DFED357A57
:10172000F4EEE78AF1EE10FA60DC9FED330A28EE62
:10173000800AF0EE407AFEEEE07A17EE907A09F039
:1017400015FAF0EE407AFEEEE07A17EE903A0021BC
:101750003046C8E90673C4ED658A04F00FFF87E7D9
:10176000D4F8001104F5827004F01EFF002898D010
:101770000026F0211E2084F8FC6005F00DFCD4ED5D
:10178000327AD4F8F431F5EEC07AC4F8C400F1EE40
:1017900010FA08D4B7EE007AF4EEC77AF1EE10FA38
:1017A0001DDD4FF4803628469E610021BDEC048B80
:1017B000BDE8F04104F0E2BE01239621502084F8F8
:1017C000FC3005F0E9FB0346314604F58270C4F8AD
:1017D000003104F0D3FE60E7084B094FB7E7B0EEE5
:1017E000677ABEEEC87A17EE106ADCE7054B064F43
:1017F000ADE700BF00D0894693651538DE57170066
:10180000DF571700008C3C4B00BE6C502DE9F047B1
:1018100000251E46042304464FF0000A894600F8BE
:10182000043B29460127904604F08EFE294604F128
:10183000140004F089FE2946A58504F1400084F8CF
:101840002E50C4F830A0C4F834A0A563A787C4E91B
:10185000095504F079FE294604F1500004F074FEA5
:10186000894B84F860704FF4807763662946874B14
:1018700004F1840084F86E50A3662567C4F874A050
:1018800084F87850C4F87CA0C4F880A0A4F86C70E8
:1018900004F05AFE2946C4F8945004F1980004F06C
:1018A00053FE294684F8A85004F1B000C4F8AC50A7
:1018B00004F04AFE2946A4F8C07004F1D80084F868
:1018C000C250C4F8C450C4F8C8A084F8CC50C4F8BE
:1018D000D0A0C4F8D4A004F037FE2946C4F8E850DC
:1018E00004F1EC0004F030FE294684F8FC5004F5C5
:1018F0008270C4F8005104F027FE294604F58A706E
:10190000634F04F021FE4FF07E532946A4F828517E
:10191000C4F8403104F5AC705E4B84F82A51C4F829
:101920004831C4F84C31642384F83051C4F8243170
:101930004FF4FA63A4F83C51C4F82C31564BC4F868
:101940004431564BC4F85031554BC4E94D55C4F899
:10195000543104F0F9FD2946C4F8687104F5B870F3
:10196000C4F86C7104F0F0FD294604F5C07004F071
:10197000EBFD2946C4F8907104F5CC70C4F894715D
:1019800004F0E2FD294604F5D47004F0DDFD089B67
:10199000C822C4F8F861C4F8FC3140F29B71099B7D
:1019A000204684F8B851C4F800320A9BA4F8C85104
:1019B000C4F804320B9B84F8CA51C4F808320C9B5B
:1019C000384EC4F80C320D9BC4F810320E9BC4F88C
:1019D00014320F9BC4F81832109BC4F81C32119BB0
:1019E000C4F82032129BC4F82432139BC4F8283266
:1019F0002D4BC4E97C98C4E97055C4E97655C4F808
:101A0000BC211A68C4F8E0A1C4F8CC211A68C4F853
:101A1000E4A1C4F8D0211A68149A1B68C4F82C22D7
:101A2000159AA3F57A73C4F8E8A1C4F83022169A7F
:101A3000C4F8D431C4F83422179A1C4BC4F83822A5
:101A40001B4AC4F8ECA147F23334D16115625586C4
:101A50005D86C3E9071517490D624D864D6216492B
:101A60000D624D864D6246F26661C6E90611134964
:101A70008C614CF6CC4412490C6243F23331516212
:101A80005962BDE8F08700BF0000164300004843DC
:101A9000000080BF8FC2753DCDCCCC3E8FC2F53CDF
:101AA000CDCC4C3DBC2101201040012048590120E3
:101AB000B85701209854012028560120A8980020EA
:101AC0003C360120002310B4D0E97D12D0F8F0415B
:101AD000A3618B615DF8044B536280F86C3080F831
:101AE000C030A0F828318385704700BFD0F8343269
:101AF0001B7823B1D0F8383293F8503063BB002301
:101B0000D0F82C22D0F8F411126810B4D0F8F041BB
:101B1000A361D0F8F8418B610178636280F86C3082
:101B200080F8C030A0F828318385032A19D8DFE86F
:101B300002F00902161403239942037006D15DF8DE
:101B4000044B7047002399420370F8D00021043001
:101B50005DF8044B04F012BD70470123ECE702234B
:101B6000EAE70423E8E700BF38B5044600230D4642
:101B70000430194684F82C30257004F0FFFC042D45
:101B800006D8DFE805F02006030E03000023636299
:101B900038BDD4F824321B68B3F5FA7FF7DA5B005E
:101BA000F5E741F2883140F6B83005F0F5F9034623
:101BB00041F2883140F6B830C4F8943005F0ECF9C1
:101BC000C4F8E80038BD42F6E0614FF47A6005F0F1
:101BD000E3F9606238BD00BF10B5642104460020FF
:101BE00005F0DAF900233B284FF00501184684F888
:101BF0003D30D4BF0123022384F83C3005F0CCF9FA
:101C0000C0B2042884F82E0002D1012384F83C30AD
:101C10000123002104F1140084F82D3004F0AEFCFF
:101C200094F83C30012B5BD0022B0AD094F82E3074
:101C3000042B54D8DFE813F0E4001C01A1001000CD
:101C40005F0094F82E30042B49D8DFE813F0D1015F
:101C5000D401D701DA01DD01DFEDD17AB7EE007AE8
:101C6000D4F8F821F4EEC77AF1EE10FA40F3D881F7
:101C70004FF48033536240F6C4114FF4FA6005F01C
:101C80008BF907EE900A41F2707141F29410F8EE70
:101C9000E77AC4ED0C7A05F07FF9D4ED0C7A07EE03
:101CA000100AD4F8F821F5EEC07AB8EEC77AF1EE52
:101CB00010FA84ED0D7A00F13C819FEDBA7AF4EED2
:101CC000C77AF1EE10FA40F37581B74BD361002368
:101CD0004FF4C871FA20A36305F05EF9A06210BD4D
:101CE00094F82E30042BFAD8DFE813F0F900040141
:101CF00001012901FE00DFEDAA7AB7EE007AD4F8DF
:101D0000F821F4EEC77AF1EE10FA40F382814FF435
:101D10008033536240F628214FF4FA6005F03CF915
:101D200007EE900A40F24C414FF46170F8EEE77A0A
:101D3000C4ED0C7A05F030F9D4ED0C7A07EE100AF8
:101D4000D4F8F821F5EEC07AB8EEC77AF1EE10FAC1
:101D500084ED0D7A00F1F0809FED927AF4EEC77A6F
:101D6000F1EE10FA40F335818F4BD3614FF4C87216
:101D70004FF42F73A263A36210BDDFED897AB7EE33
:101D8000007AD4F8F821F4EEC77AF1EE10FA40F3B5
:101D9000C3804FF48033536240F6AC5140F6C41018
:101DA00005F0FAF807EE900A41F2941140F6B830C7
:101DB000F8EEE77AC4ED0C7A05F0EEF8D4ED0C7A83
:101DC00007EE100AD4F8F821F5EEC07AB8EEC77A1B
:101DD000F1EE10FA84ED0D7A00F19B809FED717A9F
:101DE000F4EEC77AF1EE10FA40F3CB806E4BD3617C
:101DF0000023B4216420A36305F0CEF8A06210BDD7
:101E000040F26663D4F8F821536240F6B8314FF4DB
:101E1000FA6005F0C1F807EE900A41F2883140F609
:101E2000AC50F8EEE77AC4ED0C7A05F0B5F8D4EDD5
:101E30000C7A07EE100AD4F8F821F5EEC07AB8EE65
:101E4000C77AF1EE10FA84ED0D7A6CD49FED557AD5
:101E5000F4EEC77AF1EE10FA40F38480524BD3616E
:101E6000002396215020A36305F096F8A06210BDD0
:101E7000D4F8F82140F26663536241F2883140F6AB
:101E8000AC5005F089F807EE900A40F6B8314FF4EF
:101E9000FA60F8EEE77AC4ED0C7A05F07DF8D4ED3F
:101EA0000C7A07EE100AD4F8F821F5EEC07AB8EEF5
:101EB000C77AF1EE10FA84ED0D7A37D49FED397AB6
:101EC000F4EEC77AF1EE10FA3EDD374BD361002312
:101ED00078213C20A36305F05FF8A06210BDD4F820
:101EE000F82140F6CC438FE7DFED307A05E7DFEDF0
:101EF0002F7A44E7DFED2D7AB7EE007AD4F8F82197
:101F0000F4EEC77AF1EE10FA40F391804FF480338B
:101F1000B2E70023D3616BE7B0EE677ABEEEC87A12
:101F200017EE103A37E70023D36199E70023D36116
:101F3000CDE70023D361CAE60023D36116E7D4F8C6
:101F4000F82140F6CC4395E69FED197A164967EEE5
:101F5000877AFCEEE77A17EE903AC2ED077A8B4269
:101F6000B3D8B4E79FED127A0F4967EE877AFCEE9B
:101F7000E77A17EE903AC2ED077A8B423FF66EAFE2
:101F80006EE79FED0B7A084967EE877AFCEEE77AF9
:101F900017EE903AC2ED077A8B423FF627AF27E75C
:101FA000CDCCCC3C0044AC460000FE7FCDCC4C3DBB
:101FB000C637BE471FED027A204967EE877AFCEEEE
:101FC000E77A17EE903AC2ED077A8B423FF67DAE84
:101FD0007DE69FED1B7A194967EE877AFCEEE77A7A
:101FE00017EE903AC2ED077A8B423FF6BDAEBDE6E2
:101FF00040F2AE7306E7DFED137A7DE7DFED117A8D
:10200000BDE6DFED107A29E6D4F8F82140F2AE7390
:102010007FE6B0EE677ABEEEC87A17EE103A78E641
:10202000B0EE677ABEEEC87A17EE103A22E6B0EE4E
:10203000677ABEEEC87A17EE103A1DE70000FE7F01
:10204000C637BE478FC2F53C70B5044664210020F8
:10205000D4F828322DED028BD3ED008A04F09CFFDA
:102060009FED6F8AF4EEC88AF1EE10FA52DA452835
:102070004FF0F0014FF01E00CCBF0223012384F883
:102080006D3084F86E3004F087FF0346062105208A
:10209000236704F081FF07EE900ADFED626AF4EE39
:1020A000C88AB8EEE77AF1EE10FAC7EE267AC4EDE8
:1020B0001D7A48DA9FED5C7A67EE877A642100200A
:1020C000C4ED1D7A04F068FF1328D4BF0123002358
:1020D00084F8783055DDD4ED1D7AD4F8F011F5EEA2
:1020E000C07AF1EE10FA4AD4B7EE007AF4EEC77A6D
:1020F000F1EE10FA3CDD4FF4803301228B6104F1E4
:102100008400002184F86C20BDEC028BBDE8704097
:1021100004F034BA312829DD0223F02184F86D302F
:1021200084F86E301E2004F037FF03460621052098
:10213000236704F031FF07EE900ADFED3A6AB8EE4C
:10214000E77AC7EE267A9FED397A67EE877AF5EE61
:10215000C07AF1EE10FA5AD4B7EE007AF4EEC77AEC
:10216000F1EE10FAA6DDDFED307AA7E70123D4E720
:10217000B0EE677ABEEEC87A17EE103ABDE70023DC
:10218000BBE74FF4FA71962004F006FF03464FF4C4
:102190007A714FF4FA70236704F0FEFE07EE900A9E
:1021A00040F2DC514FF44870F8EEE77AC4ED1F7A44
:1021B00004F0F2FEB3EE047A94ED1F0A07EE900AE3
:1021C000D4F80462B4EEC70AF8EEE77AF1EE10FA3A
:1021D000C4ED207A1ED4DFED167AB4EEE70AF1EEF4
:1021E00010FA1ADCDFED137A20EE270AF0EE407ABF
:1021F000FEEEE07A17EE905A08F0B8FCF0EE407A66
:10220000FEEEE07A17EE903AC6E9065363E7DFED9B
:102210000A7A53E7094B0A4DF6E70A4B0A4DF3E7F2
:102220006666663F0000C8423333333FCDCCCC3FB7
:1022300000D089469365153800000000DE5717006E
:10224000DF571700008C3C4B00BE6C5070B5044645
:1022500064210020D4F828322DED028BD3ED008AC2
:1022600004F09AFE9FED718AF4EEC88AF1EE10FA3E
:1022700053DA45284FF0F0014FF01E00CCBF022387
:10228000012384F8C13084F8C23004F085FE03468F
:1022900006210520C4F8C43004F07EFE07EE900A43
:1022A000DFED636AF4EEC88AB8EEE77AF1EE10FA71
:1022B000C7EE267AC4ED327A49DA9FED5E7A67EE90
:1022C000877A64210020C4ED327A04F065FE132879
:1022D000D4BF0123002384F8CC3056DDD4ED327A0C
:1022E000D4F8F411F5EEC07AF1EE10FA4BD4B7EE53
:1022F000007AF4EEC77AF1EE10FA3DDD4FF4803348
:1023000001228B6104F1D800002184F8C020BDECCB
:10231000028BBDE8704004F031B931282ADD022378
:10232000F02184F8C13084F8C2301E2004F034FE5D
:10233000034606210520C4F8C43004F02DFE07EE44
:10234000900ADFED3B6AB8EEE77AC7EE267A9FED9A
:102350003A7A67EE877AF5EEC07AF1EE10FA5BD43E
:10236000B7EE007AF4EEC77AF1EE10FAA5DDDFEDF4
:10237000317AA6E70123D3E7B0EE677ABEEEC87ADA
:1023800017EE103ABCE70023BAE74FF4FA71962033
:1023900004F002FE03464FF47A714FF4FA70C4F869
:1023A000C43004F0F9FD07EE900A40F2DC514FF41E
:1023B0004870F8EEE77AC4ED347A04F0EDFDB3EE40
:1023C000047A94ED340A07EE900AD4F80862B4EE69
:1023D000C70AF8EEE77AF1EE10FAC4ED357A1ED4AA
:1023E000DFED167AB4EEE70AF1EE10FA1ADCDFED53
:1023F000147A20EE270AF0EE407AFEEEE07A17EE2D
:10240000905A08F0B3FBF0EE407AFEEEE07A17EE59
:10241000903AC6E9065361E7DFED0A7A51E70A4BC5
:102420000A4DF6E70A4B0B4DF3E700BF6666663FC1
:102430000000C8423333333FCDCCCC3F00D0894677
:102440009365153800000000DE571700DF571700AE
:10245000008C3C4B00BE6C5000000000D0F82822DD
:10246000B7EE007ADFEDCB6AB6EE006AD2ED007A05
:102470001146F4EEE67A10B5F1EE10FA04462DEDB1
:10248000028BF0EE478AE7EE868A11DBDFEDC26A47
:1024900068EEA68AF4EEC78AF1EE10FA00F1998090
:1024A000B0EE007AF4EE478AF1EE10FA77FE288A51
:1024B0009FEDBA7AF4EEC77AF1EE10FA40F393800A
:1024C00094F8303113F0010F03F1010384F8303137
:1024D0003AD1B2EE047AD2ED006ADFEDB17AD4F8E7
:1024E000FC01E6EE877AF5EEC07AF1EE10FA00F123
:1024F00010819FEDAC7AF4EEC77AF1EE10FA00F39A
:102500003B81B6EE007ADFEDA86AA7EEA67AFCEE74
:10251000C77A17EE903AB6EE000AA44A0363026245
:1025200028EE800A02F09EFF9FEDA10AD4F8FC017C
:1025300002F0C2FFD4F8FC01BDEC028BBDE81040F4
:1025400002F086BFD4F82812B6EE007AD1ED007AF8
:10255000DFED936A9FED978AF4EEC77AA7EEA68A1D
:10256000F1EE10FA00F3DB80B5EEC08AD4F8FC017E
:10257000F1EE10FA00F1CF80DFED8A7AB4EEE78A4F
:10258000F1EE10FA00F3EF80F6EE007A9FED867A16
:10259000E8EE077AFCEEE77A17EE903AB7EEE80A33
:1025A000854A036302629FED777B20EE070BB7EE4F
:1025B000C00B02F057FFD4F8FC01B7EE000A02F09E
:1025C0007BFFD4F8FC01BDEC028BBDE8104002F0AB
:1025D0003FBFF0EE478A9FED717AF4EEC77AF1EED5
:1025E00010FA3FF76DAF0421002004F0D5FCC0B213
:1025F00003289FD801A353F820F000BFA5040100D1
:10260000310401002D05010069030100D4F82832CE
:10261000B3EE047ADFED697AD3ED006AD4F8FC01F9
:10262000E6EE877AF5EEC07AF1EE10FA75D49FEDFA
:102630005D7AF4EEC77AF1EE10FA00F39A80B6EE06
:10264000007ADFED596AA7EEA67AFCEEC77A17EE9C
:10265000903AB6EE008A5A4A0363026228EE880A6C
:1026600002F000FFD4F8FC01B0EE480A02F024FFAB
:10267000D4F8FC01BDEC028BBDE8104002F0E8BECE
:10268000D4F82832B6EE007ADFED456AD3ED007A51
:102690009FED4C8AF4EEC77AA7EEA68AF1EE10FA07
:1026A0004FDCB5EEC08AD4F8FC01F1EE10FA2ED45E
:1026B000DFED3C7AB4EEE78AF1EE10FA56DCF6EE86
:1026C000007A9FED397AE8EE077AFCEEE77A17EEAA
:1026D000903AB7EEE80A3C4A036302629FED2B7B17
:1026E00020EE070BB7EEC00B02F0BCFED4F8FC01E5
:1026F0009FED360A02F0E0FED4F8FC01BDEC028B3F
:10270000BDE8104002F0A4BED4F82822E1E6002380
:10271000DFE70023FFE6002340E7002399E79FED72
:102720002C7A002067EE877AFDEEE77A17EE901A92
:1027300004F032FC07EE900AF8EEE77A38EE278ACA
:1027400012E79FED1E7A002067EE877AFDEEE77AAA
:1027500017EE901A04F020FC07EE900AF8EEE77AE4
:1027600038EE278A9DE74FF0804317E74FF080430C
:10277000AFE74FF080436CE74FF08043CBE600BFFC
:10278000AFF30080CDCCCCCCCCCCEC3F9A999999CE
:102790009999E93F6666663F6666A63F9A99193F32
:1027A000000048420044AC46C6373E470FB703001E
:1027B0003333333F00001643A64909000000C842E6
:1027C00019310600000096433DDC0E00CDCC4C3F95
:1027D0000000A0422DE9F0413249044632484FF44E
:1027E0008035C4F848114FF07E52C4F84C11C4F83B
:1027F0005001D4F8F0112D4B2D48C4F84021C4F8F5
:102800004431C4F8540146F266608D61D4F8F41185
:10281000DFF8B080886104F5AC70C4F8682100214D
:10282000C4F86C3103F0AAFE47F2333241F2D360B0
:10283000D4F80472D4F80862DFF88CE0D4E983138A
:10284000C8614A6241F66F615A62D96140F63771D8
:10285000D4F818321748D9615D62D4F81432D4E93B
:1028600087C4D9615A620023C7F81880A8F20C48BF
:10287000C7F824E0C7F81C800F49104FC6F824E0C1
:10288000B76185618D610E4DF561C0E90733C1E91E
:102890000733CCF820202262CCF824306362BDE8F4
:1028A000F08100BF8FC2753D8FC2F53CCDCCCC3ED0
:1028B000CDCC4C3D902A0120C82A0120E83C3002B2
:1028C000EC3530026CDDD20100B76D5B2DE9F843C9
:1028D00090F8C43104462DED048B002B40F0888025
:1028E000D4F82C321B68022B56D094F82D30002BD4
:1028F00039D0267804F11405002E00F0D181A16AA8
:10290000284603F051FE50B30021D4F8F801D4E971
:102910007C3241629961D4F80C329161596294F829
:102920003D3094F83C20013384F82D10DBB29A42FC
:1029300084F83D300FD823B194F83C209A4200F23D
:10294000F3812378042B23D8DFE813F0600085009F
:10295000BE005301120004F1400003F00FFE94F892
:102960002D30002BEDD194F83D30002BE9D0E3E77A
:1029700094F82C3063B10023D4F80C12D4E97C0213
:1029800083619361D4F814224B62536284F82C3033
:10299000BDEC048BBDE8F88394F8CA31002B40F0FD
:1029A0006E81D4F82832DFEDD37A93ED007AB4EE5D
:1029B000E77AF1EE10FA0DDBCF4B0121D4F8D421E8
:1029C0001B6884F8CA119B1AB3F57A7F02D320469C
:1029D000FEF748FB94F8C53113B12046FEF726FAFE
:1029E00094F8C631002B80D02046FEF7ADFA7CE784
:1029F000D0F8C01100F5D47003F0D6FD05460028CC
:102A000000F0CA81002384F8C43169E794F83C11CE
:102A1000D4F82832002900F0D981F6EE087A93ED37
:102A2000007AB4EEE77AF1EE10FAC0F2D582251DF5
:102A3000616A284603F0B8FD002840F07383AE4A6F
:102A4000D4F8381113685B1AB3F57A7FA0D91368EC
:102A5000C4F838319CE794F83D31002B00F0DC815C
:102A6000D4F82832DFEDA57A93ED007AB4EEE77A58
:102A7000F1EE10FAACBF01230023251D616A84F832
:102A80003D31284603F090FD002881D028460021E2
:102A900003F074FDD4F824321D68B5F5FA7F80F296
:102AA0000982974F6D003B78002B40F0E082954EF5
:102AB0003078002800F0F5822046FFF7CFFC33780D
:102AC0006562013B337063E794F82C50002D00F0F1
:102AD000A182894BB7EE008A9FED8B7AD3ED007A05
:102AE000DFED8A9AF0EE488AF8EE677A94ED540AA0
:102AF00020EE290A87EE879A20EE090A08F036F8B8
:102B0000D4ED526AD4ED557AE6EE808A94ED507A8F
:102B100027EEA90A20EE090A68EE878A08F026F84F
:102B200094ED537AD4ED517AA7EE008AF5EEC08A7F
:102B3000F1EE10FA28EE278A00F19382B5EEC08AF2
:102B400004F5AC7532212846F1EE10FA48BF9FED2E
:102B5000708A03F029FD00283FF41AAFD4ED5A7AA9
:102B60009FED6C7A78EEE77AF0EEE77AF4EEC77ACA
:102B7000F1EE10FA0BDCD4ED5B7A78EE677AF0EECA
:102B8000E77AF4EEC77AF1EE10FA7FF701AFF5EECF
:102B9000C08AD4F8F031F1EE10FA00F1B382F7EE0A
:102BA000007AF4EEE78AF1EE10FA40F3AD824FF4CA
:102BB0008032B5EEC08A9A61D4F8F431F1EE10FAA1
:102BC00000F19E82F7EE007AB4EEE78AF1EE10FA99
:102BD00040F3A1824FF480329A612846C4ED5A8AAC
:102BE000002184ED5B8ABDEC048BBDE8F84303F063
:102BF000C5BC94F82C50002D00F07B8194F86C300B
:102C000013B12046FEF754FC94F8C03013B12046AF
:102C1000FEF724FDD4F8283240F6B830DFED3E7AD6
:102C200041F2883193ED007A94F86C50B4EEE77A73
:102C3000F1EE10FAABBF3C270746DC260E46002D0E
:102C400000F0F78194F8C050002D7FF4A1AE04F19C
:102C5000EC08D4F8E810404603F0A6FC00283FF446
:102C600097AE2046FFF7F2FA2946404603F086FC6D
:102C70003146384604F090F9C4F8E80088E6D4F804
:102C80002832DFED257A93ED007AB4EEE77AF1EEA3
:102C900010FABFF69FAE184B0021D4F8D4218FE66E
:102CA000284603F075FCA36B834240F2C680D4ED46
:102CB0000C7AD4F8F821F5EEC07AF1EE10FA00F1B2
:102CC000D3819FED177AF4EEC77AF1EE10FA0DDC9E
:102CD0009FED147A114967EE877AFCEEE77A17EEDA
:102CE000903AC2ED077A8B427FF609AE0B4BA16A90
:102CF000D36105E6D7A3703F104001206666E63E2B
:102D0000075B0120085B012000007A44DB0FC9400B
:102D1000000000000AD7233C6666663F0000FE7F85
:102D20000044AC46C637BE479621502004F034F923
:102D3000014604F1400003F037FC00283FF401AEE7
:102D4000D4ED0C7A40F2AE73D4F8F821F5EEC07AE7
:102D50005362F1EE10FA00F1B6811FED0F7AF4EE36
:102D6000C77AF1EE10FA0CDC1FED127AD84967EE43
:102D7000877AFCEEE77A17EE903AC2ED077A8B423B
:102D800001D9D34BD3610123002104F1140084F84D
:102D90002D3003F0F3FBD4E504F5CC76D4F8BC1168
:102DA000304603F001FC00283FF49AAD2946304636
:102DB00003F0E4FB94F8B831002B00F07C81D4F8E8
:102DC000000202F045FB84F8B85189E5DFEDC17AD5
:102DD00093ED007AB4EEE77AF1EE10FAC0F2FC80DF
:102DE0000123201D84F83C3103F0C8FB4FF4FA6145
:102DF0004FF47A7004F0D0F8034620466362FEF781
:102E0000EBFE6421002004F0C7F81D283FF7C0AD99
:102E1000032384F83C30BBE5D4F82822F6EE007A90
:102E200092ED007AB4EEE77AF1EE10FAFFF625AEF5
:102E30000123251D84F83D3128E6A16AC01AB7EEAA
:102E4000006ACB1A07EE900A07EE103AF8EE677A9E
:102E5000B8EE477AC7EE876AF4EEC66AF1EE10FA6A
:102E60003FF64EADD4ED0C7A94ED0D7AD4F8F821FE
:102E700037EE677AE7EE267AF5EEC07AF1EE10FAD1
:102E800000F124819FED947AF4EEC77AF1EE10FA06
:102E90000DDC9FED927A8E4867EE877AFCEEE77A3A
:102EA00017EE903AC2ED077A83427FF629AD884B40
:102EB000D36125E5D4F82832B6EE007AD3ED007A56
:102EC000F4EEC77AF1EE10FA00F1DB80C0F2E78091
:102ED0009FED837AF4EEC77AF1EE10FA40F1DF80CD
:102EE0006D1020466562BDEC048BBDE8F843FFF72A
:102EF000B5BA4FF480337B487B4A01218561D4F811
:102F00000CE2D4F8F4C184F82C109561DFF8E89154
:102F1000DFF8E881C0E90735D4F8F001D4E9876724
:102F2000C2E90735D4E98112856145F62840CCF81D
:102F30001850D4F810C23062386240F637707562AB
:102F400047F233367D62D4F81872C1F81890A9F2AE
:102F5000E479C1F82480C1F81C906449C2F8248047
:102F60009161A1F68421D16141F2D362CEF824307F
:102F70002946CEF81C2041F66F62CCF82460CCF8CC
:102F80001C20F8617B62D4F81432D86104F184000B
:102F90005E6203F0F3FA294604F1D80003F0EEFA7A
:102FA000294604F1980003F0E9FA294604F1EC00FF
:102FB00003F0E4FA41F2883140F6B83003F0ECFF58
:102FC000034641F2883140F6B830C4F8943003F03B
:102FD000E3FFC4F8E80011E60026251D616A2846D3
:102FE00084F83C6103F0E0FA00283FF428AD314654
:102FF000284603F0C3FA42F6E0614FF47A6003F02A
:10300000CBFF034620466362BDEC048BBDE8F8436A
:10301000FEF7E2BD2046FFF7DDFB47F23331D4E98E
:10302000872311621962012155625D6284F82C10B8
:103030004FE504F19808D4F89410404603F0B4FA30
:1030400000283FF4FFAD2046FEF7FEFF294640462C
:1030500003F094FA3146384603F09EFFC4F894001A
:10306000F0E5DFED238A69E5A16AD66148E4002333
:10307000062102201F4E3B7003F08EFFC0B230705D
:1030800017E50A21002003F087FF02287FF728AF09
:103090000421012003F080FF00FB05F521E7AD10BE
:1030A0001FE70123092104203B7003F075FF05FB96
:1030B00000F060626CE4D4F8FC0102F0C9F901236D
:1030C00084F8B8310CE40023D3615CE6D66117E4E0
:1030D0000000FE7FCDCC4C3F0044AC46C637BE4717
:1030E0003333333FC82A0120902A012074F0810233
:1030F00000000000085B0120C894470200515E43B5
:10310000002269E5002254E5F0EE687AFEEEC87A06
:1031100017EE902A4DE5F0EE487AFEEEC87A17EEEB
:10312000902A59E50021284603F028FA5EE600BF00
:1031300038B5012204460B46002500F5CC7029461F
:103140002DED028B80F82C20436284F8B85103F0F7
:1031500015FA294604F5D4701D4D03F00FFAD4F882
:10316000242240F6C413D4F8FC011268DFED198A5A
:103170009FED198AB0EE680AB3FBF2F3DBB2082BBD
:1031800028BF0823012B38BF012302FB03F3C4F837
:10319000C031124B0562036302F064F9B0EE480AD5
:1031A000D4F8FC0102F088F9D4F800020C4BB0EE20
:1031B000680A0562036302F055F9B0EE480AD4F8D4
:1031C0000002BDEC028BBDE8384002F075B900BFCB
:1031D000193106009A99193E9A99193F13952C00B6
:1031E0006E713B000346002100F5CC7083F8C411DA
:1031F00003F0C4B905282DE9F84FDA4B05D01A7849
:103200000AB100221A70BDE8F88F1C78002CFAD1A0
:103210000122082120461A7003F0BEFEC5B2072D18
:103220002B4600F2FA80D04905EB4502AA4601EB95
:10323000C20051F832704068CC4E0021012286F85D
:1032400004320023C6F810120421D6F800B096F814
:10325000084286F8053286F8213286F80622C6F83A
:103260002422CBF82030ABF83210002C40F0AD8097
:10327000D6ED833ADFF8FC920AEB4A02BA4BB7EE7E
:10328000005BB91E023803EBC2089FEDB93AC7F1E3
:10329000020709F5007E4A4630F9023F07EB010CB0
:1032A00007EE103A31F9023FB8EEC77A06EE103A4F
:1032B000B8EEC66B27EE037AB7EEC77A37EE067B19
:1032C000BDEEC77B17EE103A1BB2D4B107EE903AB1
:1032D000D8F80030B7EEE36AB8EEE77A33F90C308D
:1032E00004EE103A35EE466B27EE237AB8EEC44B67
:1032F000B7EEC77AA4EE067BBDEEC77B17EE103A99
:103300001BB222F8023B9645C6D19A4B01219A4A3C
:10331000CBF82C301068D6F81C32126886F82012D0
:10332000D31AC6F81802312B10D9DFED946A96ED46
:103330008B7A36EEC77A9FED815BB0EEC77AB7EE37
:10334000C77AB4EEC57BF1EE10FA6EDC19210520C8
:1033500003F022FE07EE900A9FED7A4BB8EEE76B82
:103360009FED7A5B86EE047BB7EEC77BB7EEC76A4C
:10337000B4EEC56BF1EE10FA54D4F7EE007AB4EE69
:10338000677AF1EE10FA37FE877A7D4B86ED857A03
:103390001B78002B3FF437AF14217A4806F0AEFBC0
:1033A00000230A222946784803F0F4FC05217748D7
:1033B00006F0A4FB022174489FED660B03F0FEFCAF
:1033C0007148BDE8F84F03F0D7BCF7EE007AD6EDB0
:1033D000833AF4EEE73AF1EE10FA7FF54BAFB7EE31
:1033E000E36A9FED5E5B36EE056BF7EEC63BF4EEEF
:1033F000E73AF1EE10FAC0F2978096F807A2F0EEE5
:10340000673A1C4686F80622C6ED837A86F80832AB
:1034100086F8053286F804A22CE75D48A2462346CA
:10342000074609E79FED5B7AAFE7C6F81C22C6EDB9
:103430008A6A96F80622C6ED8B6A34B1F7EE007AF6
:10344000F4EEE73AF1EE10FA51D453460AEB4A0A89
:10345000454F03EB4303B7EE006B02EB4A0257F80C
:103460003A009FED433A57F82210821E07EBC3073C
:10347000C0F10200023931F9023F00EB020C07EE05
:10348000103A32F9023FB8EEC77A05EE103AB8EEBC
:10349000C55B27EE037AB7EEC77A37EE057BBDEE44
:1034A000C77B17EE103A1BB2CCB107EE903A3B68DF
:1034B000B7EEE35AB8EEE77A33F90C3004EE103A7F
:1034C00036EE455B27EE237AB8EEC44BB7EEC77AEB
:1034D000A4EE057BBDEEC77B17EE103A1BB229F8B0
:1034E000023BCE45C7D1234BCBF82C302EE7B7EEAD
:1034F000E36A9FED1A5B36EE056BF7EEC63BF4EE22
:10350000E73AF1EE10FA12DB002496F80732F0EEFB
:10351000673A86F80612C6ED837A86F8084286F87E
:10352000054286F8043291E7C6ED833AA2E6534697
:10353000C6ED833A8AE700BFAFF300807B14AE4745
:10354000E17A843F0000000000408F40FCA9F1D2E6
:103550004D62503F333333333333E33F9A99999974
:103560009999A93F0D5B0120D81F0020989E00204B
:10357000000000009C9E0020104001209A99193FF5
:10358000568A0020241D0020807E00203C1D002043
:10359000785500206F12833A024B186808B1F0F793
:1035A00003BA704760990020044B1B680BB10028D8
:1035B00000DA7047C1B21846F0F728BA60990020C7
:1035C00008B500211C4802F0BFFF00211B4802F093
:1035D000BBFF00211A4802F0B7FF0021194802F092
:1035E000B3FF0021184802F0AFFF0021174802F096
:1035F000ABFF0021164802F0A7FF0021154802F09A
:10360000A3FF0021144802F09FFF0021134802F09D
:103610009BFF0021124802F097FF0021114802F0A1
:1036200093FF0021104802F08FFF00210F48BDE8F2
:10363000084002F089BF00BFECA00020E0B90020E4
:10364000E41F0120DC36012018400120D89800201A
:10365000681F0120B41F0120F8980020C8A0002096
:1036600018990020E8980020889E0020FC3F012047
:103670000021014802F068BFB4350120124B4FF021
:103680007E520021114810B4114CC3F828220022A8
:103690001C604FF48034A3F8202283F80822C3F87A
:1036A0001822C3F80C12C3F81012C3F81C2201220E
:1036B0000849C3F804425DF8044BC3F81412C3F878
:1036C0002C02C3F824227047989E0020000080BF7F
:1036D000785101200AD7233C002070470020704712
:1036E000F8B50127027A1E4C0D46BA40C1F30721F6
:1036F0000646204684F8A52084F8307184F82F719E
:1037000006F0CEFCE9B2204606F0CAFC00212046B5
:1037100006F09EFD08B10020F8BD3B460222317A3A
:10372000204606F015FE0128F5D994F8A22094F859
:10373000A300824210D2531CA118DBB2897E9842AA
:103740004FEA012184F8A23006D923440232987E40
:1037500084F8A2200843F8BD4FF0FF30F8BD00BF49
:10376000907E0020F8B50127037A144C242903FA2F
:1037700007F30D4608BFC2801646C1F30721204655
:1037800084F8A53084F8307184F82F7106F088FC35
:10379000E9B2204606F084FCC6F30721204606F075
:1037A0007FFC2046F1B206F07BFC3946204606F04D
:1037B0004FFDB0FA80F04009F8BD00BF907E0020B8
:1037C0002DE9F0414FF001080F461546302144F233
:1037D000600280F804800446FFF7C4FF064610B973
:1037E0003046BDE8F0816C2226212046FFF7BAFF63
:1037F0004FF4F97228212046FFF7B4FF40F62272F9
:103800002C212046FFF7AEFF44F246423C212046E1
:10381000FFF7A8FF40F2371224212046FFF7A2FF4E
:10382000002F6BD0454B342120469F428CBF42462F
:103830000022FFF797FF07EE905A9FED417A322161
:10384000B8EE676A07EE907A2046F8EE676AB5FB35
:10385000F7F2C6EE267A02F01F0206EE902AF8EE84
:10386000E66A77EEE67A67EE877AFCEEE77A17EE9D
:10387000903AC3F30A0343EAC222FFF773FF44F20C
:10388000FF5230212046FFF76DFF732202212046B0
:10389000FFF768FF4FF4C87003F00AFC41F61D52B1
:1038A0002E212046FFF75EFF072204212046FFF766
:1038B00059FFB02206212046FFF754FF10220A21AB
:1038C0002046FFF74FFF00220E212046FFF74AFF58
:1038D00043F63C4210212046FFF744FF47F67F7233
:1038E00022212046FFF73EFF362224212046FFF703
:1038F00039FF012330466372BDE8F08144F2FF02D4
:1039000030212046FFF72EFF732202212046FFF7C9
:1039100029FF4FF4C87003F0CBFB41F61D522E2156
:103920002046FFF71FFF042220461146FFF71AFF2B
:10393000302206212046FFF715FFBFE7406603014E
:103940000000004510B50446084808F0DBFC0520DF
:1039500003F0AEFB06212046FFF7C2FE2046044AD4
:103960000021BDE81040FFF72BBF00BF907E002074
:103970000040C40A10B50446D1B1012901D000208D
:1039800010BD40F273122A21FFF7ECFE0028F6D09A
:10399000882220212046FFF7E5FE0028EFD0E288AC
:1039A0002046242122F00402BDE81040FFF7DABED1
:1039B00055222021FFF7D6FE0028E0D0E2882046DD
:1039C000242142F00402BDE81040FFF7CBBE00BF47
:1039D00038B5054611B380290CD8C1F180042B7984
:1039E00044EA042453B9224628462221BDE838403F
:1039F000FFF7B8BE2B790024002BF4D0EA8800230F
:103A00002421284622F010022B71FFF7ABFE22463C
:103A100028462221BDE83840FFF7A4BE012347F61F
:103A20007F7222210371FFF79DFEEA882846242138
:103A300042F01002BDE83840FFF794BE9FED1F7AB8
:103A4000DFED1F7AE0EE077A38B50546FCEEE77A3F
:103A500017EE904A14B3802C0CD8C4F180042B7953
:103A600044EA042453B9224628462221BDE83840BE
:103A7000FFF778BE2B790024002BF4D0EA880023CE
:103A80002421284622F010022B71FFF76BFE2246FC
:103A900028462221BDE83840FFF764BE012347F6DF
:103AA0007F7222210371FFF75DFEEA8828462421F8
:103AB00042F01002BDE83840FFF754BE0000014359
:103AC000EE7CFF3E38B50C462E2105460D2C38BF46
:103AD0000D241F2C28BF1F24FFF702FE074B2E21A9
:103AE00044EA0424034028461C432246FFF73AFEDA
:103AF000002808BF0024A0B238BD00BFE0E0FFFFEF
:103B00002DE9F84FB0F81A8040F262530546868BD3
:103B100008F10108984500F2B780B0451FFA88F710
:103B200008F1100400F0B7800021284602F032FEB0
:103B3000B04545F824006F8380F0C28008F26354DA
:103B4000A41BEB8BA34212D2E41A4FF0000A40F2FE
:103B5000625905EB86070136386C4E4588BF002652
:103B600018B102F0CBFDC7F840A0013CF1D1002410
:103B700005F12009AE832B7E2341DB0715D559F8CB
:103B80002430B8EBD31F03F07F0A4FEAD31611D3CA
:103B9000A8EB0606BAF1000F12D1103655F8261020
:103BA00019B1E2B2284602F0D1FD0134082CE2D16D
:103BB000BDE8F88F08F263539E1BBAF1000FECD0FA
:103BC00002F046FD83460028EFD0071D96B3731E12
:103BD000103355F82310A1B301F5827EAEEB4A02F3
:103BE00096450ED93846134633F902CB9E4520F848
:103BF00002CBF9D801F203139B1A23F0010302331D
:103C00001F4410360BF5827255F8261081B3974287
:103C100001F1040105D231F9023B27F8023BBA4217
:103C2000F9D82846E2B2594602F090FD584602F013
:103C300065FDBAE740F26253103355F823100029AE
:103C4000CAD107EB4A029742DBD26FF00403103669
:103C50003846A3EB0B031A4422F001020232174448
:103C600007F012FF55F826100BF582720029CED10D
:103C70009742D6D20BF203123846D21B22F0010231
:103C8000023207F001FFCCE70027B846B04508F143
:103C900010047FF449AF55F8240008B102F02EFD5E
:103CA000013640F263539E427FF43EAF0021284626
:103CB00002F070FD002645F8240044466F8340E77B
:103CC000A8EB06043DE700BF2DE9F04F002183B0CB
:103CD000814602F06BFD002800F0118199F81C303C
:103CE000B3B300F5827A031D0190D646B9F81E20C1
:103CF0009ABB99F81C10022909D00139062900F253
:103D0000D980DFE801F0BED70BA89E866B00B9F81A
:103D10002C10A9F81E10002940F0C2804FF00402B8
:103D2000B9F82E1089F81C20D9F83020A9F81E10F7
:103D300002F1404292FBF1F2C9F824207345D5D339
:103D4000DDF8048048460022414602F0FFFC404670
:103D500003B0BDE8F04F02F0D1BC013AD9F8201011
:103D60001FFA82F8D9F82420891301EB624101EB94
:103D7000624606EB624C0CEB624505EB624000EBE1
:103D8000624707EB624404EB6242D3E900BA31FBBD
:103D90000BF136FB1BF6C1EA06463CFB0AFC35FB81
:103DA0001AF5CCEA0545996830FB01F037FB11F7AD
:103DB000C0EA0740D96834FB01F432FB11F2C4EACF
:103DC0000244C3E90065C3E90204D9E908211033BC
:103DD000A9F81E800A44C9F82020AFE70022C9F8DC
:103DE0002020B9F82820A9F81E20002A6CD04FF016
:103DF0000101013A89F81C1000211FFA82F80C46D3
:103E00000A460F4608460D468C460E46C9F8241051
:103E1000BBE700219E45DDF8048089F81C1091D98C
:103E200008F2031003F11002C01A203320F00F0033
:103E3000034442E9041142E9021110329342F8D1DD
:103E400080E7D9F820104FF6FE78D9F8242089139E
:103E500001EB62418BE74FF00502D9F830104FF6C5
:103E6000FE7889F81C200022C9F820108913C9F8AF
:103E700024200C460A460F4608460D468C460E4640
:103E800083E74FF002024FF0804189F81C20B9F817
:103E90002A20A9F81E20B1FBF2F2C9F824204DE730
:103EA000C9F824204FF08042C9F82020032289F865
:103EB0001C2043E7D9F820104FF6FF78D9F82420CA
:103EC000891301EB624152E74FF002024FF080414B
:103ED00089F81C20B9F82A20B1FBF2F1C9F82410A6
:103EE0004914013A01EB81001FFA82F800EB41040A
:103EF0000F184E0001EB410C0A198D0045E703B085
:103F0000BDE8F08F72B6037F012B01D9C28EA2B932
:103F10000022038D0262C38353B9428D4FF0804368
:103F20000221C2830177B3FBF2F3436262B67047AA
:103F300001234262037762B67047072BF6D0036A0B
:103F40000721C2835B42017793FBF2F3436262B6BF
:103F5000704700BF72B6037F53B1072B08D0036AC6
:103F60000621828E5B420177C28393FBF2F34362A8
:103F700062B670472DE9F04F87B0044602F068FB47
:103F80000490002800F0F8830021204602F002FC93
:103F90000390002800F0F9830C4BB0F9042005933E
:103FA000039904F5A04304F5C045DFF82490081DEB
:103FB00001F58171B3F95E7601900498B3F95C66FE
:103FC00002300291009047F6FF7070E2A469002071
:103FD0000080FFFFB1F1804F4FEAE13C80F2A28305
:103FE000CC45B3F96016B8BFCC46A3F84CC60CFB61
:103FF00001FCBCF1000FC0F2E8824FEAEC3CBCF5DA
:10400000004F00F0F0829444BCF5004F80F2F18242
:104010000FFA8CFC0EF1010EA8F81CC040F25B4CAC
:10402000B3F84EB61FFA8EFE1BFB06FBE64588BFB3
:104030004FF0000EA3F83CE6B3F83EE604EB4E0862
:10404000B8F9D4C807FB0CBBE244BBF1000FC0F2C7
:10405000C582BBF1804F4FEAEB3C80F2CD82CC456C
:10406000B8BFCC46A3F84EC601FB0CFCBCF1000F58
:10407000C0F2A2824FEAEC3CBCF5004F00F0E282B5
:104080009444BCF5004F80F2C6820FFA8CFC0EF10E
:10409000010EA8F8D4C840F2A34CB3F850861FFA1A
:1040A0008EFE18FB06F8E64588BF4FF0000EA3F819
:1040B0003EE6B3F840E604EB4E0B0BF5805BBBF934
:1040C0001CC207FB0C88E244B8F1000FC0F26F82FB
:1040D000B8F1804F4FEAE83C80F2A982CC45B8BFE6
:1040E000CC46A3F850C601FB0CFCBCF1000FC0F29B
:1040F00055824FEAEC3CBCF5004F00F08F829444AF
:10410000BCF5004F80F290820FFA8CFC0EF1010E8C
:10411000ABF81CC240F2FC4CB3F852861FFA8EFE7C
:1041200018FB06F8E64588BF4FF0000EA3F840E6FE
:10413000B3F842E604EB4E0B0BF5805BBBF916CCF3
:1041400007FB0C88E244B8F1000FC0F22282B8F1FC
:10415000804F4FEAE83C80F28782CC45B8BFCC461E
:10416000A3F852C601FB0CFCBCF1000FC0F20882A0
:104170004FEAEC3CBCF5004F00F06D829444BCF576
:10418000004F80F26E820FFA8CFC0EF1010EABF83C
:1041900016CC40F24B5CB3F854861FFA8EFE18FB27
:1041A00006F8E64588BF4FF0000EA3F842E6B3F8E4
:1041B00044E604EB4E0B0BF5005BBBF9AEC607FB08
:1041C0000C88E244B8F1000FC0F2D581B8F1804FFD
:1041D0004FEAE83C80F28682CC45B8BFCC46A3F8D3
:1041E00054C601FB0CFCBCF1000FC0F2BB814FEACE
:1041F000EC3CBCF5004F00F060829444BCF5004FED
:1042000080F261820FFA8CFC0EF1010EABF8AEC6A3
:1042100040F28D5CB3F856861FFA8EFE18FB06F846
:10422000E64588BF4FF0000EA3F844E6B3F846E633
:1042300004EB4E0B0BF5405BBBF9CAC107FB0C88C6
:10424000E244B8F1000FC0F28881B8F1804F4FEA24
:10425000E83C80F23B82CC45B8BFCC46A3F856C6BA
:104260000CFB01FCBCF1000FC0F26E814FEAEC3C8C
:10427000BCF5004F00F018829444BCF5004F80F26A
:1042800019820FFA8CFC0EF1010EABF8CAC140F294
:10429000D25CB3F858861FFA8EFE18FB06F8E64586
:1042A00088BF4FF0000EA3F846E6B3F848E604EBEB
:1042B0004E0B0BF5405BBBF970CD07FB0C88E2445D
:1042C000B8F1000FC0F23B81B8F1804F4FEAE83CF3
:1042D00080F2DE81CC45B8BFCC46A3F858C601FBBE
:1042E0000CFCBCF1000FC0F221814FEAEC3CBCF5A4
:1042F000004F00F0C4819444BCF5004F80F2C581AA
:104300000FFA8CFC0EF1010EABF870CD40F2146880
:10431000B3F84AC61FFA8EFE04EB4C0BC64588BFA5
:104320004FF0000E0BF5804BA3F848E6B3F85AE6C1
:10433000BBF99A891EFB06FE07FB08EED044BEF1CE
:10434000000FC0F2EE80BEF1804F4FEAEE3A80F2ED
:10435000DD81CA45B8BFCA460AFB01F1A3F85AA6D7
:104360000029C0F2D580C913B1F5004F00F0C68115
:104370001144B1F5004F80F2C68109B20CF1010C75
:10438000ABF89A191FFA8CFCBCF5CA6F88BF4FF0C6
:10439000000CA3F84AC647F6E12C0CFB08FCBCF164
:1043A000000F03DA0CF5FF3C0CF2FF1CB5F8982265
:1043B00004EB420E01320EF5A04E92B2BEF9621627
:1043C0004FEA6108B1EB6C4108EB6C4848BF013122
:1043D000B2F50B7FAEF8628628BF0022A5F89822BE
:1043E000B5F89A2204EB420C01320CF5A04C92B2C3
:1043F000BCF9BAEA4FEA6E08BEEB610E08EB610841
:1044000048BF0EF1010EB2F5DC7FACF8BA8A88BF66
:104410000022B5F89C12A5F89A2204EB4102013162
:1044200002F5A04289B2B2F92CCE4FEA6C08BCEB7F
:104430006E0C08EB6E0848BF0CF1010CB1F5AA7FB9
:10444000A2F82C8E88BF0021A5F89C12B5F89E1208
:1044500004EB410E01310EF5C04EBEF9D6204FEAF5
:104460006208B2EB6C0208EB6C08AEF8D6803DD463
:1044700089B25210E029A5F89E12C2EB02124FEA4F
:10448000420202D90021A5F89E12B2F5004F80F237
:10449000578112B2009921F8022F0091DDE9012124
:1044A000914200F05681114631F9022F019102EB41
:1044B000021202EB0222520003D502F5FF3202F291
:1044C000FF12B3F83CE65214B3F84C1604EB4E0856
:1044D00011FB06F1B8F91CA00AFB07110029BFF671
:1044E00079AD01EB000C4FEAEC3C79E589B2013281
:1044F000E0294FEA620240F22681C2EB021200215B
:104500005200A5F89E1212F5004FC2DA4A46C1E7E2
:10451000014402EBE13111F5004FBFF62EAF4946E1
:104520002CE70EEB000A4FEAEA3A12E7844402EB6A
:10453000EC3C1CF5004FBFF6E3AECC46E2E608EBE0
:10454000000C4FEAEC3CC5E6844402EBEC3C1CF565
:10455000004FBFF696AECC4695E608EB000C4FEA4E
:10456000EC3C78E6844402EBEC3C1CF5004FBFF6D3
:1045700049AECC4648E608EB000C4FEAEC3C2BE693
:10458000844402EBEC3C1CF5004FBFF6FCADCC467E
:10459000FBE508EB000C4FEAEC3CDEE5844402EB63
:1045A000EC3C1CF5004FBFF6AFADCC46AEE508EBDA
:1045B000000C4FEAEC3C91E5844402EBEC3C1CF52A
:1045C000004FBFF662ADCC4661E5844402EBEC3CA3
:1045D0001CF5004FBFF61CADCC461BE50BEB000CE9
:1045E0004FEAEC3C3BE502EB000CBCF5004FFFF65C
:1045F0000FAD47F6FF7C0DE5C1EBC13BA3F84E06BE
:10460000BBF1000FDC46D7DB4FEAEB3C9444BCF532
:10461000004FFFF63AAD47F6FF7C38E502EB000CA1
:10462000BCF5004FFFF670AD47F6FF7C6EE5C1EBC1
:10463000C138A3F85006B8F1000FC446AEDB4FEA0C
:10464000E83C5CE502EB000CBCF5004FFFF61DAD4D
:1046500047F6FF7C1BE502EB000CBCF5004FFFF6B4
:1046600092AD47F6FF7C90E5C1EBC138A3F8520646
:10467000B8F1000FC44683DB4FEAE83C7EE502EB6D
:10468000000CBCF5004FFFF63BAE47F6FF7C39E669
:10469000C1EBC138A3F85806B8F1000FC446FFF6C5
:1046A00045AF4FEAE83C26E602EB000CBCF5004FB4
:1046B000FFF6E7AD47F6FF7CE5E502EB000CBCF545
:1046C000004FFFF69FAD47F6FF7C9DE5C1EBC1387B
:1046D000A3F85606B8F1000FC446FFF635AF4FEA0F
:1046E000E83CC9E5C1EBC138A3F85406B8F1000FA6
:1046F000C446FFF637AF4FEAE83C7EE51118B1F546
:10470000004FFFF63AAE47F6FF7137E6C1EBC13E08
:10471000A3F85A06BEF1000F7146FFF6F9AE4FEA54
:10472000EE3125E6B3F96016A3F84C06C1EBC13BA8
:10473000BBF1000FDC46FFF648AF4FEAEB3C62E40A
:1047400047F6FF72A6E6C2EB0212A5F89E125200CF
:10475000D9E62046049C0022214601F0F7FF2046BE
:1047600001F0CCFF039B059A93420BD0184607B08B
:10477000BDE8F04F01F0C2BF0146204602F00AF842
:104780000028F4D107B0BDE8F08F024B039A0593DF
:10479000039305E4A469002038B5002204460346CB
:1047A0004B494C4D4FF4807043F8185B2081A26157
:1047B000C4E903230B68002B00F088801A465B696C
:1047C000002BFBD154610025434B204640F6B80234
:1047D000294665616560A57240F81C3B07F054F9F5
:1047E000294640F6481204F6D40007F04DF941F28C
:1047F0001C20294640F6FA12204407F045F941F6FC
:104800001640294640F69822204407F03DF942F22E
:10481000AE60294640F61C32204407F035F943F2D9
:10482000CA10294640F6A632204407F02DF943F677
:104830007050294640F62A42204407F025F944F6F4
:104840009A10294640F6A242204407F01DF904F5CB
:10485000A043224946F6843245F26260C3F83C56D2
:10486000C3F84056C3F844562044C3F84856C3F82A
:104870004C56C3F85056C3F85456C3F85856C3F8AC
:104880005C162946A3F860264FF48B6207F0FCF80B
:1048900045F6BA20294640F27232204407F0F4F877
:1048A00045F62C60294640F2AA22204407F0ECF895
:1048B00046F2D6004FF4E1722946204407F0E4F8AE
:1048C00004F5C0432046C3E9A65538BD0C607AE71D
:1048D0005C930020D871002030730020991967661E
:1048E0002DE9F0410021804601F060FF04460121DE
:1048F000404601F04FFF05468CB3A0B30C3004F1E5
:104900000C0105F5867C51E9022350E9026712FB90
:1049100036FE2EF3CF3E12FB06F222F3CF32C2EA6E
:104920000E4213FB37FE2EF3CF3E13FB07F323F3A8
:10493000CF33C3EA0E430830604541E9022301F159
:104940000801E0D100222146404601F0FFFE20464A
:1049500001F0D4FE2846BDE8F04101F0CFBE0028AA
:10496000F9D1BDE8F0812046BDE8F04101F0C6BEB6
:104970002DE9F04F83B0984601F5807BC369DDF8DF
:1049800030A00190D0E90997D0E90B5431F9026BBE
:104990003846370353FB14FC05EB8C0C59FB14F51C
:1049A0003844CCEB6000A0EB850053FB10F604EB21
:1049B000860653FB16F50CEB850559FB16F4A7EBA1
:1049C000050EAEEB840E53FB1EF406EB8404AC44E0
:1049D0002CF34F3C264426F34F36704420F34F30DF
:1049E0008B4522F802CB28F8026B2AF8020BCDD1B6
:1049F000019BC3E90A751C6303B0BDE8F08F00BFDB
:104A00002DE9F04F01F5807487B002948469059018
:104A10000394046A01930494DDE910BAD0E909977C
:104A2000D0E90B64049832F9025B00FB05F525F030
:104A3000784000F10060C00050FB10F0264B50FBA6
:104A400013F0013BED1603EBC000C5F10605039B17
:104A5000284153FB10F0214B3D4631F9027B98422F
:104A60004FEA0737A8BF1846000250FB14FE06EBBA
:104A70008E0E59FB14F63D44CEEB6505A5EB86057D
:104A800050FB15FC04EB8C0C50FB1CF60EEB860661
:104A900059FB1CF8BC1BA4EB880850FB18F00CEB6E
:104AA0008004B6442EF34F3EA4442CF34F3C4544BF
:104AB00025F34F35019B23F802EB0193029B2BF862
:104AC00002CB8B422AF8025BACD1059BC3E90A7684
:104AD0001C6307B0BDE8F08FABAAAA2AE71052000A
:104AE0002DE9F043002183B0044601F053FE054652
:104AF0000121204601F04EFE0646002D3CD001F07B
:104B0000A7FD0746002853D001F0A2FD80460028EB
:104B100037D001F09DFD8146002850D0031D002EA6
:104B20003DD0019308F104032046321D0093291D56
:104B30003B1DFFF765FF304601F0E0FD284601F020
:104B4000DDFD00223946204601F000FE384601F026
:104B5000D5FD01224146204601F0F8FD404601F016
:104B6000CDFD20460222494601F0F0FD484603B043
:104B7000BDE8F04301F0C2BD0028F8D103B0BDE8A4
:104B8000F083284601F0BAFD384601F0B7FD002E4B
:104B9000F4D0304603B0BDE8F04301F0AFBD009360
:104BA0003A1D08F10403291D2046FFF7E1FEC5E781
:104BB000284601F0A3FD002EE0D03046EAE7284663
:104BC00001F09CFD384601F099FD404601F096FD4C
:104BD000002ED3D03046DDE770B58469ACB3B4F5B0
:104BE000803F05464FF0000121D001F0DFFD064671
:104BF00080B300F1040C00F58271DCF8003034FB66
:104C000003F234FB13F302F30F0203F30F03C2EAC0
:104C100003434CF8043B8C45EFD128460022314633
:104C200001F094FD3046BDE8704001F067BD01F031
:104C3000B1FD044670B101460022284601F086FD10
:104C40002046BDE8704001F059BD214601F0A2FDAB
:104C50000028E8D170BD00BFF8B5002705463C46E6
:104C6000B4B33946284601F095FD08B3BB1D04F1E5
:104C7000040E00F1040C55F82360B6F5803F47D0D0
:104C800000F582715CF8042B36FB02F336FB12F25E
:104C900003F30F0302F30F02C3EA0243DEF800201E
:104CA00093FA12F38C454EF8043BEBD101F026FD4C
:104CB0000137042FD4D128462146002201F046FDB9
:104CC0002046BDE8F84001F019BD0137042F3AD065
:104CD0003946284601F06AFD04460028F5D0BB1D80
:104CE00055F82300B0F5803FE2D0211D04F582760F
:104CF0000B6830FB03F230FB13F302F30F0203F3F4
:104D00000F03C2EA034341F8043BB142F0D1CFE7BD
:104D100000F10C0204F10C0300F5867C53F8081C2A
:104D200052F8086C91FA16F143F8081C53F8041C69
:104D300052F8046C91FA16F1083243F8041C083357
:104D40009445EBD1B2E7F8BD2DE9F84F454B464C01
:104D50001868197904F580750368444AAB42D17725
:104D60000BD2434B1B78002B4BD04FF0E02340225B
:104D70002C4605F58075C3F808223E4BDFF804A1E8
:104D8000D3F80080DFF800913B4BBAF80060D3F80D
:104D900000B0B9F80070B8F1000F4FD0BBF1000FB0
:104DA00021D1B8F1000F49D008F10401204601EBF0
:104DB0004601403601F0C1FABFF34F8F4FF0E022B9
:104DC000C2F8704F2034AC42FAD3BFF34F8FBFF319
:104DD0006F8F7F2E26D8AAF800607F2F15D8A9F8EC
:104DE0000070BDE8F88F0BF1040208F104012046C1
:104DF00002EB4702403701EB4601403601F07EFAF4
:104E0000DAE72C4605F58075B7E700245846A9F87F
:104E1000004001F073FC194B1A681C60164B1A60B5
:104E2000BDE8F88F00244046AAF8004001F066FC77
:104E3000134A104B116814601960CEE7BBF1000FE4
:104E400008D00BF10401204601EB4701403701F087
:104E500094FAB1E74FF480725946204606F014FEEA
:104E6000AAE700BFF4930020E079202000800E40E4
:104E7000FF5A0120E4930020EC930020F0930020DF
:104E8000E8930020E45A0120E65A012038B50021B9
:104E9000044601F07FFC88B172B61C4A1368002BEF
:104EA0002BD01B490D68002D2CD015600860002107
:104EB000184A118062B6184601F020FC01212046F4
:104EC00001F068FC98B172B6134A136883B11349B4
:104ED0000C6854B114600024114A0860148062B652
:104EE0001846BDE8384001F009BC086062B638BD1C
:104EF0000B4910600B8062B638BD064910600B800C
:104F000062B6DBE7086062B6D8E700BFE493002032
:104F1000E8930020E45A0120EC930020F093002055
:104F2000E65A012010B5044601F0C8FD204610BD28
:104F3000F8B52D4C05462D4AE36F43F44023E36753
:104F40009368002B46DBD2F88830002B42DB00232D
:104F500042F210724FF40C611C2007F0CBF9E369A8
:104F6000234A23F44063234943F40063E361A36AC3
:104F70001A40214B42F0CE02A2624A68134043F429
:104F800000234B602DB91D4B0322C3F82021C3F829
:104F900024211A4E0327154B0124C6F82871002539
:104FA0004FF480301649174A174E1D66DC601E61AB
:104FB00058619961DA61C3F8E050C3F88C4004F19C
:104FC000E064C3F89040C3F89400C3F89810C3F8A5
:104FD0009C20F8BD002DFCD1084B0322C3F82021F2
:104FE000C3F82421F8BD00BF00C00F400040384086
:104FF00000FEFFFF00C00A40F8FFF7FF00801F40DF
:105000001B1F0100001F1F1F0100004770B5264D28
:1050100000240121254E284601F0F6FC244A254BA8
:10502000204614601C60FFF783FF234B0321234AB3
:105030000220C3F880112B6821491A604FF4807256
:105040009C61DA82DA8306229C829A831D4ADE60A2
:105050001A61C3E9011029791B480FFA81FC1B4B27
:1050600040F82C4040F82C30194B1A48D976D2F829
:105070006630194C43F01043C2F8663042F81A0CFF
:1050800001F0A0FC2A79154B0121207002F11000DB
:1050900003EB521302F01F02114C91409B00114A86
:1050A00042F82040196070BDF493002000FEFFFF1D
:1050B000E4930020EC93002000801F40E079202042
:1050C000020001012240384000C00E401400008060
:1050D00000800E4001000090FF5A01204038003847
:1050E0006D2B0100008C0020024A0349034804F0A4
:1050F000ADBF00BF84830020492D0100F493002040
:105100002DE9F041044601F0A3FA002800F0968052
:105110000546237E043005F5827CDBB9E269C2EAEC
:10512000224205F1240305F5927143E9082243E97F
:10513000062243E9042243E9022220338B42F4D1C0
:1051400020462946002201F001FB2846BDE8F04137
:1051500001F0D4BAD4E90731626A83FAA1F6EFF319
:1051600000873F016CD5002A58D0571C022F04D964
:1051700091FBF2F693FBF2F7F61B7F2E24DD05F18F
:10518000140105F58A7C01E0E369626A9F1803EB6C
:105190004203C3EA274703EB020E03EB4203C3EAD1
:1051A0002E4E9E1803EB4203C3EA264603EB420051
:1051B0001344E061C0EA234041E9047E41E9026012
:1051C00010316145E0D1BBE7012E3CDDB71E06463C
:1051D0004FEA570808F1020E05EB8E0E01E0E36975
:1051E000626A03EB42011344E161C1EA234146F8DC
:1051F000041B7645F3D1C8EBC87308F10108216A96
:1052000007EB430600EB8808FEB1E369626A1344CA
:10521000C1EA2343404640F8043B216A0023E16190
:105220002376C1EA214160458AD240F8041B8445B7
:1052300086D940F8041B8445F7D881E7BDE8F081A2
:1052400096FBF2F699E78046DEE74046E6E700BFC8
:10525000F8B5037E002B69D0012B04463AD001F04B
:10526000F7F90546002860D0A38B73BB628B04EB73
:105270004202B2F92200291D05F5827647F6AE7E7C
:1052800004EB43030246B3F9240002440EFB02F28E
:10529000121421F8022BB4F81CC0678B0CF1010327
:1052A00004EB4C0C9BB2ACF824209F4298BF002327
:1052B000B142A383E4D120462946002201F046FAF8
:1052C0002846BDE8F84001F019BA04EB4302B2F9F0
:1052D0002200D0E7DFF85CC0458BDCF80030DDB1A0
:1052E00000F12201076A124E44F2A71001EB4505B6
:1052F00010FB13F24FEAD23E9BB206EA024200FBD9
:1053000003E31A4422F0004303EBD27337FB03F2AA
:1053100021F8022F8D42EBD10222CCF80030227608
:1053200001F096F9054600289ED12076F8BD00BF11
:105330000000FF7F748300202DE9F04F83B0044606
:1053400001F086F9019000287CD0B4F92E80811DEF
:1053500000F583774FF6FE7E3C4E37E0A36A36F9C0
:105360001920634436F91B9003EB5C03A9EB020997
:105370002B440AFB09F903EB6503B4F92C5002EB4B
:105380002942B4F92E9023F0004302FB05F54FEAC1
:10539000D35CC3F3CF12A3620CF1010A36F91C30BF
:1053A00036F91AC0ACEB030C02FB0CF203EB224300
:1053B00009FB03F3DB1303EBE53330FB03F343F3A8
:1053C000CF33023121F8043CB9422FD0E0690023E9
:1053D0007045F6DD236AC01AE06110FB30F0D4E9B5
:1053E0000CC35B1030FB03F34FEACC059B1335FB7A
:1053F00003F5636AB8F1320F0CEB03022A4422F082
:1054000000424FEAD259C2F3CF1A62624B4609F109
:10541000010B5246A2DC013336F9195036F913302C
:105420005B1B02FB03F305EB2343C6E7019D20460C
:105430000022294601F08AF9284603B0BDE8F04F62
:1054400001F05CB903B0BDE8F08F00BF341100205B
:1054500072B60023024AC0E90933C26162B67047DE
:105460000000FF7FB5EEC00AF1EE10FA1DD4F7EE92
:10547000007AB4EEE70AF1EE10FA08DD4FF480424C
:1054800043F6FF7372B6C385828562B67047DFED5F
:10549000097A47F6FF7220EE270ABDEEC00A10EE29
:1054A000103A1BB2D21A12B2ECE747F6FF72002391
:1054B000E8E700BF00FC7F46B5EEC00AF1EE10FA47
:1054C0001DD4F7EE007AB4EEE70AF1EE10FA03DD30
:1054D0004BF6FD7343637047DFED0E7A20EE270A2B
:1054E000FDEEC07A17EE903AB3F5804F0ADBA3F5D4
:1054F000804303EB430343F3110343637047064BBD
:1055000043637047C3F5804303EB430343F39103C5
:105510005B42DFE700FEFF4600D0FFFF036A2DE994
:10552000F047054633B9D5E9063203EBC213AB6148
:10553000BDE8F08701F08CF806460028F3D000F1B2
:10554000020C2F6A00F58170134CD5E906814246A2
:105550004FEA1269C2F30F2E09F1010ACEF580332A
:1055600034F9199009FB03F334F91A900EFB09334F
:1055700053FB07F32CF8023F60450A44E8D108EBDF
:10558000C113284631460022AB6101F0DFF83046F6
:10559000BDE8F04701F0B2B834110020B1F5803F0A
:1055A0004FEA21235FFA81FC11DA0F495A1C0233BA
:1055B00031F9122031F91300CCF580730CFB00F0A7
:1055C00002FB03008030001200F5C040704740F23B
:1055D000FF110548C3F50072C91A30F9122030F9DD
:1055E000110052424042E7E77C780020B1F5704F4D
:1055F0002DE9F0410F460646904627DC1D460C4635
:1056000005E004F580540135B4F5704F17DC002C2B
:10561000F7DB21463046B8F1000F25D0FFF7BEFF7B
:1056200005F00F0304F58054013506EB8303B4F550
:10563000704FD3F810211044C3F81001E7DDC7F50F
:1056400070420B4B07F5805713401F44D6F80831C2
:1056500006EBC302013303F01F03976082F80C804E
:10566000C6F80831BDE8F081FFF798FF4042D7E760
:1056700000F0FFFF2DE9F04FD0F8084183B0D0F8DB
:105680000C81D0F804A0A4EB08020194D3063DD00D
:105690000646DFF88090013C304604F01F0406EB1C
:1056A000C407BD6897F80CB0294605F58055FFF78B
:1056B00075FFB5F5003FBD6008DBBBF1000F7268F8
:1056C00014BF4FF4404149460A447260BBF1000FD9
:1056D00000D14042A0458244DDD108F1010856F8CE
:1056E0003820B2F5003F11DB08F01F02019B934206
:1056F000C6F80C210AD002F1010856F83820B2F59C
:10570000003F03DB08F01F02C6F80C21504603B02F
:10571000BDE8F08F0040FFFF002938B5044615466C
:1057200003DB0268002A20DB38BD0368002BFBDBAB
:10573000D0F85401CA1AC11A00230803090D05F054
:1057400059FD40F6FF7194F85031B0F5805F18BFF5
:105750000146002BE8D02B46002249422046FFF7A5
:1057600045FF002384F8503138BDC2F1000C0023FE
:105770008A1A4FEA0C304FEA1C5105F03BFD40F607
:10578000FF7194F85031B0F5805F18BF0146002BCF
:10579000CAD12B46012249422046FFF727FF0123A9
:1057A00084F8503138BD00BF2DE9F8430D4690F81C
:1057B0005011044617461E46E9B10268D0F854114C
:1057C0008A4251D2AA4201D8A9424DD8891A00234F
:1057D000AA1A0803090D05F00DFDB0F5805F3346E8
:1057E0004FF0000214BF414220492046FFF7FEFE61
:1057F000002384F85031D4F80080B8F1000F33DA78
:10580000002D31DBC8F10001A5EB08090023C4F825
:10581000547108034A46090D05F0ECFCB0F5805FB1
:1058200033464FF0010214BF414210492046FFF7B2
:10583000DDFE0123BD4284F8503115D3A7EB0801EA
:105840004A4600230803090D05F0D4FCB0F5805F3B
:1058500033464FF0000214BF414204492046FFF78F
:10586000C5FE002384F85031BDE8F88301F0FFFF46
:1058700070B50E1E054614461BDBFFF7FBFE2A68BB
:105880004FF44043002AA2FB0313A3F5C04300FAE0
:1058900083F309DB04F00F0405EB8404B4F9100171
:1058A000C4F810312E6070BD6A6802F540426A602B
:1058B000F0E70268002A12DBC2F100410023B21AAD
:1058C0000803090D05F096FCB0F5805F23464FF004
:1058D000000214BF414209492846FFF787FE3146BE
:1058E0002846FFF7C7FE2A684FF44043A2FB032374
:1058F000A3F5C04300FA83F3CCE700BF01F0FFFF3C
:10590000436A2DE9F04F054685B0076AD0E906469F
:105910002BB904EBC614846105B0BDE8F08F00F02C
:1059200097FE0090002858D0E3190193009B1C1D9E
:10593000B5F932300C2B2AD8DFE813F088007A0052
:105940000D00A600C600EB00050114012D01540056
:1059500054006D019301686A20F34F00009AC0F172
:10596000000C00B2931D02F5837E0FFA8CFC019AA5
:10597000002A03F102033244ACBF0146614623F81A
:10598000041C9E45F4D1019B03EBC61301932B6AC3
:10599000019AD21AB5F93430AA617BB1009A02F5A6
:1059A00082711A4601E0B5F93420B4F9003013448D
:1059B00003F30F0324F8023BA142F4D1009C2846D4
:1059C0000022214600F0C2FE204605B0BDE8F04F9F
:1059D00000F094BE009800F091FEAB6903EBC61393
:1059E000AB6199E7009B05F13809DDF804B04FF091
:1059F000000803F1060A0BE002FB00F0031408F1B3
:105A000001080AF1020A2AF8043CB8F1800FBAD062
:105A1000B344424648465946FFF72AFFB5F93230AB
:105A20006A6A0A2BE8D1524200FB02F21314E6E73D
:105A3000009B6F6A03F58270019A234637FB12F1CF
:105A400023F8021B98423244F8D19CE7009B214680
:105A50006F6A03F5827C019AA948130EC2F30F2ED8
:105A600030F9139003F10108CEF5803330F9188036
:105A700009FB03F30EFB083353FB07F321F8023B4A
:105A80008C453244E9D17EE7009B4FF6FF780198C0
:105A900003F1060E03F58379D5F824C0820F0EF1C9
:105AA000020EC313A8EBD031013A0CFB03F33044D0
:105AB000012A0CFB01F14FEA234398BF0B142EF887
:105AC000043CF145EAD15EE7E86A002882D0009BF9
:105AD00021466F6A03F5827C019A130EC2F30F28E8
:105AE00003F1010EFF2B30F9139014BF00EB4E0EA3
:105AF0008646BEF90030C8F5803E08FB03F30EFB76
:105B0000093353FB07F321F8023B8C453244E4D1BF
:105B100039E7686A20F34F00009AC0F1000CAF6AC1
:105B200000B2931D02F5837E0FFA8CFC019A974216
:105B300003F10203324494BF614601469E4523F8B7
:105B4000041CF4D11FE7009B686A03F5827C019A6C
:105B5000C043234630FB12F123F8021B9C4532441C
:105B6000F8D110E7009BA146DDF8048003F5827AA6
:105B700002E0CA453FF407AFB5F9303018EB06082C
:105B800029F8023BF5D3686A01F0D0F96B6AA0EB03
:105B900063002886EDE7AB6A4FF6FF724FF0FF3BDC
:105BA00000984FEA13490394811D4FEA5308A2EB72
:105BB000090200F5837AD5F824C06FF00047BBFBDB
:105BC000F9F9BBFBF2FB6FEA53020292019A029CC5
:105BD000A2EB530E0BE01B0C0CFB03F31B1421F880
:105BE000023C02313244B644514500F08280130C2D
:105BF000904509FB03F3EED808EB02034FEA1E4081
:105C000094424FEA13430BFB107069D900140CFB4C
:105C100000F00314E3E705F1380A019FA3464FF0B3
:105C200000083744424650463946FFF775FD39466D
:105C30005046FFF71FFD08F00F0208F1010805EBC1
:105C40008202B8F1800FB2F94831C2F84801696A9E
:105C5000AF6301FB03F34FEA23432BF8023BE0D190
:105C600091E605F13809019FA0464FF0000B029420
:105C7000AC6A37445B46484622463946FFF794FDF6
:105C800039464846FFF7F6FC1E4BA3FB043C0BF0DD
:105C90000F030BF1010BA4EB0C0A05EB8303BBF123
:105CA000800F0CEB5A0CD3F848114FEA1C4CCCF582
:105CB000405C6044C3F848014FEA61136A6AC3EB71
:105CC0006103AF631BB202FB03F34FEA234328F8DF
:105CD000023BCDD1DDE9013403EBC613019356E657
:105CE00009FB03F303F100431B140CFB03F31B1428
:105CF00075E7019B039C03EBC613019347E600BFC6
:105D000034110020016000802DE9F04F002185B0A2
:105D10000646446A00F03EFD0346012130461F4618
:105D2000029300F037FD356AD6F830820190002FDB
:105D300000F0F18096F8393283BB06F130013A1D4C
:105D400007F58279D6F828A08C46C64FDFF81CE309
:105D500047F6FD70DFF818B3039132F9021B0AFB16
:105D600001F121F0784303F10063DB0053FB13F3EF
:105D700053FB17F3C9160EEBC303C1F10E010B4120
:105D8000A3FB04311B0C814243EA01438CBF5D44F9
:105D9000ED184A454CF8045FDFD114E0029B06F190
:105DA0003000D6F828C02A46191D03F582770390E3
:105DB00031F9023B0CFB0323B942224440F8043F73
:105DC000F6D105EBC415029800F098FCF36A356231
:105DD000DBB100F03DFC0290B8B1029A96F838327F
:105DE000141D0C2B38D8DFE813F0E9010802DB00A2
:105DF0001A00550118014501CD017C01BB00BB0013
:105E0000F2004A00029800F079FC019B002B00F0A0
:105E10009080184605B0BDE8F04F00F06FBCDDE99A
:105E2000023006F50C7EF56A991D4FF6FF7C50F89E
:105E3000043F02319F0FDA13013FACEBD33305FB74
:105E400002F2012F05FB03F34FEA224298BF1A1416
:105E5000864521F8042CEAD1B6F93632002B6BD1F5
:105E6000019B002B53D1029C30460022214600F0BA
:105E70006DFC204605B0BDE8F04F00F03FBC019B33
:105E8000002B00F0A48006F50F7903F102082546E7
:105E90004FF0000BDDF80CA0039438F9027F5B464D
:105EA0005AF8044F484607F5004721463F043A4652
:105EB000FFF77AFC21464846FFF7DCFB6A4BA3FB61
:105EC0000723FF1A03EB57031B0CC3F54053184479
:105ED0000BF00F030BF1010B06EB8303BBF1800FFB
:105EE000D3F84C73C3F84C034FEA6713F26AC6F851
:105EF0003C42C3EB67031BB202FB03F34FEA2343AD
:105F000025F8023BC9D1039CB6F93632A3B90198F2
:105F100000F0F4FBA7E706F1300306F50C712A4602
:105F2000039343F8042F8B422244FAD105EBC415A6
:105F30004CE705B0BDE8F08F029A02F582711A466F
:105F400001E0B6F93622B4F90030134403F30F032D
:105F500024F8023BA142F4D1019B002B83D0D6E769
:105F6000DDF80C9006F50F7825464FF0000A5246F2
:105F700059F8041F40460AF1010AFFF779FCF36A59
:105F800096F8382203FB00F00A2A4FEA204008BFA7
:105F90004042BAF1800F00B225F8020BE7D15BE76F
:105FA000F06A20F34F004542029B039A00B22DB2E3
:105FB000063306F50C7C52F8041F02330029ACBFEF
:105FC00001462946944523F8041CF4D144E7DDF842
:105FD0000CB006F50F7AA14600255BF8047F2A462F
:105FE00050463946FFF798FB39465046FFF742FBCB
:105FF00005F00F02013506EB8202802DB2F94C3319
:10600000C2F84C03F26AC6F83C7202FB03F34FEA93
:10601000234329F8023BE0D11EE7019A002ABFD0B2
:10602000F36A23F34F08C8F1000E1346911C029A3D
:10603000039D0FFA88F80FFA8EFE063203F5817978
:1060400031F9023F704655F8047F023203F50043F0
:10605000B7EB034F38BF4046894522F8040CEFD117
:1060600052E700BFABAAAA2A01600080AAAAAA2A06
:106070000000FE7FF06A2246029B0399C04303F5AD
:10608000827551F8043F30FB13F322F8023B95422E
:10609000F7D1E1E6356B002D3FF4B4AE029B21460B
:1060A0000398D6F82CE003F5827C50F8042F130EE9
:1060B000C2F30F225F1CFF2B35F9138014BF05EBD1
:1060C00047072F46B7F90030C2F5803702FB03F3CC
:1060D00007FB083353FB0EF321F8023B8C45E4D158
:1060E000BAE6019B002B3FF49AAE03F10209029B32
:1060F00006F1340E06F50D7703F1060CF56A4FF044
:10610000FF3B10E0BBFBF2F26FF0004302FB1133E8
:106110001B1405FB03F31B14BE450CF1020C2CF8F9
:10612000043C3FF4F1AE39F9022F5EF8041B02F58E
:1061300000420B0C4FEAC238B1EBC23F6FEA080ACB
:10614000BBFBF2F000FB03F34FEA134305FB03F341
:106150004FEA2343E0D308EB01038A45C2F57F42AF
:10616000A1EB08014FEA134302F1FF024FEA11418C
:1061700000FB03F3C6D803F100431B1405FB03F334
:106180001B14C9E7039D06F50C7AA146474606E0B5
:10619000B6F93432AA4529F8023B3FF45DAE3B46DE
:1061A00055F8047F9F42F3D2F06A00F0BFFEF36A15
:1061B000A0EB630003B2A6F83432EBE7029B214662
:1061C000039DD6F82CE003F5827C134855F8042F84
:1061D000130EC2F30F2230F913805F1CC2F5803317
:1061E00030F9177008FB03F302FB073353FB0EF380
:1061F00021F8023B6145E9D12EE6029B2246039934
:10620000F56A03F5827051F8043F35FB13F322F869
:10621000023B8242F7D11FE63411002000224FF4E6
:10622000C041C0E94222C0E9002170472DE9F8438E
:1062300086690EB9BDE8F883044600F009FA054600
:106240000028F7D000F10C0100F5867CE36944F2E8
:10625000A712294812FB13FE9BB200EA0E4702FB6D
:1062600003F303EBDE331F4427F0004303EBD77344
:1062700036FB03F712FB13F800EA084E9BB20EEB55
:10628000D83E02FB03EE2EF0004303EBDE7336FB39
:1062900003FEC7EA0E4712FB13F800EA084E9BB252
:1062A0000EEBD83E02FB03EE2EF0004303EBDE7351
:1062B00036FB03F812FB13F900EA094E9BB20EEB12
:1062C000D93E02FB03EE2EF0004303EBDE7336FBF8
:1062D00003FEC8EA0E4841E9027808316145B9D1A8
:1062E00020462946E361002200F030FA2846BDE846
:1062F000F84300F003BA00BF0000FF7F2DE9F04F24
:1063000000F5807EB1E8A00AB2E84015C5EA064370
:10631000C6EA2544C7EA0845C8EA2746C9EA0A4743
:10632000CAEA2948CBEA0C49CCEA2B4AA0E8F8078C
:106330008645E7D1BDE8F04F70474FF000022DE9E8
:10634000F00F00F5807C00BFB1E8A00AC5EA0203A7
:10635000C2EA2544C7EA0205C2EA2746C9EA02079B
:10636000C2EA2948CBEA0209C2EA2B4AA0E8F807A8
:106370008445E9D1BDE8F00F70474FF000022DE9E8
:10638000F00F00F5807C00BFB1E8A00AC2EA054327
:10639000C2EA0504C2EA0745C2EA0706C2EA09479B
:1063A000C2EA0908C2EA0B49C2EA0B0AA0E8F807E8
:1063B0008445E9D1BDE8F00F70472DE9F00F089C46
:1063C00000F5007B51F8045B53F8046BC5EA0647FF
:1063D000C6EA254952F8045B54F8046BC5EA06483E
:1063E000C6EA254AA0E880078345EBD1BDE8F00F57
:1063F000704700BF08B5007D00F002FF003818BFED
:10640000012008BDC8B2D1B200F00CBF01817047B5
:1064100038B5837A0446016823F004031C4A83726A
:106420000B68934231D1007D00F0EAFE003818BFBE
:106430000120A37AC3F34002904208D0154A83F0AA
:1064400002031268C3F38000A372626038BD114971
:1064500065680A68B4F808C0521B624512D303F09D
:10646000010290420ED0086883F001030A68E568D3
:1064700043F004030968521B6060E160012022615F
:10648000A37238BDC3F3800038BD9847D1E700BF81
:106490001942010010400120807A00F00500A0F1AF
:1064A0000500B0FA80F04009704700BF807AC3074A
:1064B00054BFC0F380000020704700BF00224FF09F
:1064C0000A0C04494260A0F808C08272016002759B
:1064D000704700BFB87300204FF0000CC9B20368CA
:1064E0000E4A10B50175044680F80AC01B68934235
:1064F0000BD1084600F084FE18B1A37A43F00303E1
:10650000A372074B1B68636010BD98470028F8D042
:10651000A37A43F00303A372F3E700BF194201001B
:1065200010400120014B1868704700BF1040012047
:10653000034A044B1068A3FB00308009704700BF7A
:1065400010400120D34D6210012910B504460DD032
:10655000074B084A022908BF1346A3609847002248
:106560000123206062602046237310BD024BF4E7D4
:1065700049430100554301007D4F010038B5836850
:1065800004460D4698470123C4E90005237338BD2E
:1065900038B5037B45682BB1044683689847236868
:1065A000ED1A0544284638BD037B70B50D46466894
:1065B0002BB10446836898472368F61A0644AE4216
:1065C00034BF0020012070BD4FF0E0234022C3F80B
:1065D00008227047F8B5144B144D1C686E689CB1C6
:1065E000237A20466BB123686F681B6898476B68F5
:1065F000E188DB1BC3F38F12B1EB931FA28038BF7E
:10660000E2806469002CEBD1084B094A5B68108872
:106610009B1B084CC3F38F11B0EB931F218038BF35
:106620001180BFF34F8FF8BD5C930020001000E095
:10663000DE5A0120DC5A0120036818470B6803600A
:10664000704700BF0B680360704700BF704700BF12
:1066500030B472B6244D254C2A8804F1700104EB45
:1066600082038B423CD204F16F01501CC91A00EB2B
:10667000910002E00132824232D09C4653F8041B62
:106680000029F7D0B1FA81F04FF00043C34021EA6E
:106690000301CCF8001001B90132154B2A801A8889
:1066A000013291B2198062B6ACEB040C41F67C73F6
:1066B000C0EB00644FEAAC0CC0EB841001240CEB7F
:1066C0008C1C03EBCC1303EB80030A480068C45412
:1066D0001844094B1C88944230BC38BF198070475D
:1066E00062B6002030BC7047E05A01206093002061
:1066F000D85A012058930020DA5A0120428872B6F5
:106700000378012B03D9013B037062B67047D14374
:1067100053090B484FF0004201F01F01CA4050F8E6
:1067200023100A430749B1F800C040F823209C45D4
:10673000054A88BF0B801388013B138062B67047FF
:1067400060930020E05A0120D85A0120C36813B991
:106750001DE0DB68E3B1187A9042FAD110B45868B2
:1067600093F809C0006950F82C4054B1DB682BB194
:10677000187A9042F3D0DB68002BF9D15DF8044B16
:10678000704740F82C10087801300870EEE7704729
:10679000704700BF437A8B4206D90369002253F841
:1067A000210043F8212070470020704738B5437A14
:1067B0008B421BD90369002253F8214043F8212062
:1067C000A4B12378012B01D8204638BDFFF740FF44
:1067D000054628B14FF48072211D043000F062FD9F
:1067E0002378013B23702C46204638BD00242046E8
:1067F00038BD00BF00220449C0E9002202810274B2
:106800000A680860C2607047D0930020037CFBB91F
:1068100003680146FBB14368EBB1427A5B7A9A4266
:106820001CD230B472B62B4B1C68ECB1E368C3B118
:10683000486801E0DB68A3B15A688242FAD193F854
:1068400009C04A7A9445F5D162B6042030BC70473D
:10685000012062B67047032062B67047022062B61C
:1068600070476469002CE1D11B4C236843B1994205
:1068700002D10BE0994207D01A46DB68002BF9D110
:10688000052062B630BC704702F10C040D68E86860
:10689000E8B1C3681BB908E0DA683AB1134681422F
:1068A0001846F9D162B60620D0E70346D960CB6816
:1068B000002023600123C860AA7A2B721A44AA72AE
:1068C0004A68947A13721C4494720B74D9E7E96095
:1068D000EDE700BF5C930020D093002010B5047C4E
:1068E0009DF808E00CB1012010BD027280F809E0AB
:1068F000C0E90013BDE81040FFF788BF38B5037C3E
:10690000002B36D043680446427A5B7A9A4238D2EA
:1069100072B60168CB68002B2DD0984233D01A464E
:10692000DB689C422AD0002BF9D16268607A136937
:1069300053F8200048B1FFF7E1FE72B66268002507
:10694000607A1369216843F820508B7A013BDBB2EF
:106950008B7203B90B72937A013BDBB2937203B96A
:1069600013720A4B00201A6820741C60E26062B641
:1069700038BD012038BD62B6032038BDE368D3605E
:10698000D3E7022038BDC368CB60CEE7D0930020A8
:1069900010B50446FFF7B2FF094A136843B19C42A1
:1069A00002D108E09C4205D01A46DB68002BF9D1E1
:1069B000204610BD0C32E3682046136010BD00BFB6
:1069C000D09300200C4B1A789AB90C4A0C4910B499
:1069D000C2F858110B48D02401224FF0E02180F872
:1069E000464040241046C1F808415DF8044B1A7037
:1069F00070470020704700BFFD5A0120008C002026
:106A0000F943010000E400E030B472B621B9036834
:106A100013B102790F2A3BD9244C2188002341FA73
:106A200003F212F0010208D00133102BF7D162B645
:106A300000220371026030BC70474FF0010C0CFA69
:106A400003FC41EA0C01218062B619495FFA83FC1C
:106A5000184C194480F804C04B01E16F41F0C001AB
:106A6000E16740F2824414490C6081F81AC081F851
:106A70001EC081F818C081F81FC0036030BCC3E994
:106A80000022C3E90222C3E90422C3E906227047B7
:106A9000064C218841FA02F5ED07BFD5044D154497
:106AA000B3EB451FBAD162B6C5E700BFEC5A01206F
:106AB0008074000200C00F4000800E4003790F2B4D
:106AC00011D8094A937672B60849012290F804C099
:106AD0000B8802FA0CF223EA02030B8062B6102242
:106AE000002302710360704700800E40EC5A0120C1
:106AF000704700BF704700BF704700BF704700BFBE
:106B000070B51A4C1A4D2368AB4202D0194AD168AD
:106B100029BBA369AB4202D0164AD169C9B9236B1C
:106B2000AB4202D0134AD16A69B9A36CAB4209D017
:106B3000104AD16B31B101211B680F48D163BDE808
:106B40007040184770BD01211B680C48D1629847FE
:106B5000EBE701211B680A48D1619847DFE7012173
:106B60001B6804F10800D1609847D2E7C08E00206E
:106B7000B471002000410840108F0020F88E0020E2
:106B8000E08E002038B5064CA4F1600554F8083CAE
:106B90002046183CDB689847AC42F7D138BD00BFAF
:106BA000108F002003682DE9F041044688B0174695
:106BB000002B4BD000229A600122DA60304D04A8ED
:106BC000DFF8E0801D4451F8083B2D1102935B680B
:106BD00005EB45069847F60006F1080058F8063020
:106BE0004044DB6801909847264A04A9DDE9010387
:106BF000029248F806309B689847029B04A8DB681D
:106C000098472368032220481F609A601F4A23790F
:106C10001F4C535513785178C0F828428B4228BF37
:106C20000B469178D2788B4228BF0B46934228BFFF
:106C30001346184C4FF0E0224FF08061012084F899
:106C40007A30C2F80C1108B0BDE8F081124AD36E58
:106C500043F44053D3660122104B1A60104A134686
:106C60000260403298680028A8D010339342236015
:106C7000F8D100231846236008B0BDE8F08100BFBA
:106C800000BFF7BFB4710020008C0020FC82002000
:106C90002549010000E400E000C00F40004008402A
:106CA00000410840C08E002010B4064B0020064C66
:106CB000064A1C609C611C639C6405495DF8044B9A
:106CC00003F0C4B9C08E0020B4710020848300207A
:106CD000A949010000207047084602F0F9BE00BF34
:106CE000012A70B508BF0A228AB091B34FF0210E75
:106CF00001E05FFA86FE0EF1FF36B1FBF2F502FB12
:106D000015145FFA84FC092C0CF137040CF1300CDB
:106D100098BF5FFA8CF40EF1280C88BFE4B2914260
:106D2000EC4429460CF8244CE3D24BB10EF1FF3E63
:106D30002D225FFA8EFE0EF128036B4403F8242CFB
:106D4000036801A9CEF122025B68714498470AB03A
:106D500070BD30224FF0210E8DF82520E5E700BFF1
:106D6000002903DB00230A22FFF7BABF49422D2383
:106D70000A22FFF7B5BF00BF00B5036883B040F635
:106D80000D2C022201A95B68ADF804C0984703B03E
:106D90005DF804FB5AB90368C9B2074A1B689342FD
:106DA00000B506D108465DF804EB02F091BEFFF78E
:106DB00097BF5DF804EB1847FD4A0100B4EE400BA5
:106DC00070B5F1EE10FA05462DED028B86B07CD63B
:106DD000B0EEC07B9FED476BB4EE467BF1EE10FA50
:106DE0006BDC9FED467BB4EEC70BF1EE10FA5ADC7C
:106DF0009FED447BB4EEC70BF1EE10FA53D4B5EE21
:106E0000C00B0C46F1EE10FA5BD40023B6EE007B0B
:106E1000002C5ED04FF0000C9FED3C6B0CF1010C90
:106E200027EE067B5FFA8CF2A242F7D330EE070B17
:106E30000A222846FCEEC07BB8EE678B17EE901A4C
:106E400030EE488BFFF74CFF0F2C4FF02E03B2EEC5
:106E5000046B064628BF0F248DF808300DF1090396
:106E600002AA611E53FA81F128EE060BFCEEC07BEC
:106E7000CDED017A9DF8043007EE903A3033B8EE4C
:106E8000E78B02F8013F914230EE488BECD12B6842
:106E9000013402A928465B68E2B29847304606B042
:106EA000BDEC028B70BD2B6803221A495B6806B0EB
:106EB000BDEC028BBDE870401847036803221649F9
:106EC000F4E7B1EE400B0123A0E703680322134966
:106ED000ECE730EE070B0A222846FCEEC07B17EEEB
:106EE000901A06B0BDEC028BBDE87040FFF7F8BE0B
:106EF000AFF30080FFFFFFFFFFFFEF7F000000E028
:106F0000FFFFEF41000000E0FFFFEFC19A99999960
:106F10009999B93FB0710020AC710020A871002090
:106F200008B1014B186070475493002000B97047B6
:106F300014490A68EAB1D31730B4134C134D84FBDB
:106F4000024C134C9444C3EB2C4304FB132244F235
:106F5000A71405FB03F304FB0233002B10DA6FF0D8
:106F600000421A440A60B2FBF0F330BC00FB13206D
:106F70007047084AB2FBF0F30A6000FB1320704729
:106F80001A46EFE7549300205F0B4E83ECF4FFFFAB
:106F90001DF3010042CE0C1F884200DB704730B465
:106FA000124C091A2368EBB1114A124D82FB032CD3
:106FB000DA179C44C2EB2C4244F2A71C05FB1233A7
:106FC0000D4D05FB02F20CFB0322002A0CDA6FF0D8
:106FD000004313442360B3FBF1F201FB123330BCD6
:106FE00018447047054BF5E71346F3E75493002028
:106FF0005F0B4E831DF30100ECF4FFFF42CE0C1F2C
:107000001C2849D8F8B5254F04463B78E3B9244BF2
:107010001B5DFF2B29D0234A02EB041291680A68FA
:1070200002F44050B0F5805F30D01C061FD41E4CD7
:107030002360236AD80704D402F0DEFD236AD9074F
:10704000FAD5194B586AF8BD174D184E01E002F0F9
:10705000D3FDAB6C1B06FAD4B36C13F08003F6D1EE
:107060003B700F4B1B5DFF2BD5D10020F8BD0F4CA3
:1070700003F07F032360236ADA0704D402F0BCFD27
:10708000236ADB07FAD5094B586AF8BD22F480520F
:107090001C060A60EBD4CAE7002070470F5B012092
:1070A000C0770020B874002000400C4000800C40E5
:1070B00000B970472DE9F84F01218146214C224D3E
:1070C000224E54E8003F2A68306844E80013002B41
:1070D000F7D11F494B684FF47A7BDFF878A01B1A71
:1070E00001270BFB02F8DAF80020A3FB02325A4515
:1070F00094BF9044D84454E8003F2A68306844E87C
:107100000073002BF7D14B68DAF800C01B1A0BFB99
:1071100002F2A3FB0C3CBCF57A7F94BF624402F5FB
:107120007A72A2EB0802B2F57A7F06D3B9F10109AF
:1071300008F57A78DFD1BDE8F88F02F05DFD0449EB
:10714000D9E700BF14400120104001200C4001206D
:10715000001000E0EC36012030B40F4B4FF0010C72
:107160000E4D0F4C53E8002F2868216843E800C2F9
:10717000002AF7D10B4B5B680B4A5B1A4FF47A710C
:10718000126801FB00F0A3FB023230BC8A4294BFBC
:1071900080184018704700BF1440012010400120A3
:1071A0000C400120001000E0EC360120272816D802
:1071B0000201104B03EB00109B5810B4C2685C68CE
:1071C000144205D061B95DF8044BC3F888207047BC
:1071D000836851B1084A5DF8044B1A6070477047E4
:1071E0005DF8044BC3F884207047044A5DF8044BF3
:1071F0001A607047B874002038F001003830010080
:1072000027280BD8064B020103EB00109A58C368DD
:1072100092681A4214BF0120002070470020704776
:10722000B8740020272829D8164B0201012903EB46
:1072300000109A5810B45368C4680ED004290CD0BA
:1072400023EA040353608368A9B1022917D00329F4
:107250000CBF0D4A0D4A1A6007E023430129536011
:10726000836808D040F638021A60436815225DF83A
:10727000044B1A60704738221A60F6E77047044AD8
:107280001A60F2E7B87400203830010038000100BD
:1072900038F0010008B5F6F7BFFFF7F733FB02F04F
:1072A000ABFCFAE7844641EA000313F003036DD117
:1072B000403A41D351F8043B40F8043B51F8043BB9
:1072C00040F8043B51F8043B40F8043B51F8043BC0
:1072D00040F8043B51F8043B40F8043B51F8043BB0
:1072E00040F8043B51F8043B40F8043B51F8043BA0
:1072F00040F8043B51F8043B40F8043B51F8043B90
:1073000040F8043B51F8043B40F8043B51F8043B7F
:1073100040F8043B51F8043B40F8043B51F8043B6F
:1073200040F8043B51F8043B40F8043B51F8043B5F
:1073300040F8043B403ABDD2303211D351F8043BFF
:1073400040F8043B51F8043B40F8043B51F8043B3F
:1073500040F8043B51F8043B40F8043B103AEDD2AE
:107360000C3205D351F8043B40F8043B043AF9D2FF
:10737000043208D0D2071CBF11F8013B00F8013BD2
:1073800001D30B8803806046704700BF082A13D3DF
:107390008B078DD010F003038AD0C3F10403D21AF7
:1073A000DB071CBF11F8013B00F8013B80D331F82B
:1073B000023B20F8023B7BE7043AD9D3013A11F8AB
:1073C000013B00F8013BF9D20B7803704B78437016
:1073D0008B7883706046704704F08AB804F088B8F0
:1073E00004F08EB804F08CB801F1FF3C70B566462D
:1073F000002400E00134B0FBF2F502FB1503092B79
:1074000003F1370E03F130035FFA8EFE98BF5FFA87
:1074100083FE9042284606F801EFEBD2631C00225F
:10742000C818CA547CB162461CF8015F10F8016D9F
:10743000A1EB0C0302328CF80060013B521A05707C
:1074400023449A42EFDB084670BD00BF4FF0010CA9
:107450000CFA01FC01EB410100EB411170B5B1F8F0
:107460000EE01FFA8CF5254C1FFA8EFE24782E01B3
:107470000EFB033306F0F006E340B0F88841734595
:10748000A4B228BF73463443012AA0F888410DD026
:10749000022A28D0C2B10CF00F02B0F888C11FFA3E
:1074A0008CFC4CEA020CA0F888C170BD9BB20CF0B9
:1074B0000F022D02CB82B0F8803105F470659BB2CB
:1074C0002B43A0F88031E8E7AEEB030E0CF00F027F
:1074D0001FFA8EFEA1F80AE0B0F880319BB2134388
:1074E000A0F88031D9E79BB20CF00F02CB83B0F843
:1074F00080319BB21E43A0F88061CEE74C8A002009
:1075000027284BD8F8B52A4D044615F8202005EB5E
:107510008005012A2DD0022A3FD16B78C3F30110D8
:1075200003283ED0234A02EB803203F0030C2248AA
:1075300089B2634602EB4C1C0678BCF806E05801A1
:10754000BCF810301FFA8EFECEF1011E1EFA83F336
:1075500003F1FF3E0EFB01F1F1408E4523D95B1A8A
:10756000C3F101039BB289B20244ACF80630118228
:107570000DE06A78C2F30113032B10D00F4800EB23
:1075800083308BB202F00301AA78FFF75FFF0C4B48
:10759000EA7803EB04135B681A60F8BD704709488A
:1075A000EFE7094AC1E7991E4FF6FF73DBE700BF1B
:1075B000DC77002000C01D404C8A002000C03D4008
:1075C000B874002000803E4000801E4000230F223F
:1075D00048F2B82C194610B54FF470444FF4806E41
:1075E000A0F88C414FF46044A0F88E210A46A0F820
:1075F0009031B0F888319BB243F0F003A0F88831A5
:1076000001EB4103013100EB431304299C80A3F8F3
:1076100006E05A841A865A805A81A3F80EC05A820C
:10762000DA825A83DA83EBD1B0F888319BB243F027
:107630000F03A0F88831B0F888319BB243F470632F
:10764000A0F8883110BD00BF374B384A996F3848D1
:1076500041F47F0170B5996741F20106D3F88010BB
:1076600045F6C05543F226040A43C3F88020FFF7CD
:10767000ADFF00F58040FFF7A9FF00F58040FFF760
:10768000A5FF00F58040FFF7A1FF0022A0F5031041
:107690004FF00F0E114600EB42134FEA421C01322D
:1076A0009981042A5981A3F80EE09E82DD8020F89A
:1076B0000C1019829C81EED100221E484FF00F0E53
:1076C00041F20106114645F6C05543F2260400EB8F
:1076D00042134FEA421C01329981042A5981A3F8CE
:1076E0000EE09E82DD8020F80C1019829C81EED184
:1076F000002211480F2641F20105114645F6C054FB
:1077000043F2260E00EB42134FEA421C01329981EC
:10771000042A5981DE819D82DC8020F80C101982B8
:10772000A3F80CE0EED170BD00C00F40000003FCD8
:1077300000C03D4000001E4000401E4072B6EFF306
:107740000583524CC4F884301EF0040F0CBFEFF3D5
:107750000882EFF309824FF0E0234D4E4D4DD3F8F0
:10776000280DD3F82C1DC4E92201D3F8341DD3F819
:10777000383DC4E924139369C4F89830D369C4F838
:107780009C3000F0BFF884ED280A02F04DFC0B217C
:107790004FF0FF32C4F8A4000B46C4F880103E49F5
:1077A000301D5A40202402F00103013C01FB03F389
:1077B00083EA5202F7D1A84202D073680646EFE787
:1077C000324BC3F8A820BFF34F8F4FF0E02330496E
:1077D000324AC3F8701FC3F8702FBFF34F8FBFF347
:1077E0006F8F2F4A02252F48D36E2F4943F4405301
:1077F000D3660560D3692D4823F07F0343F040032F
:10780000D3610B6883423DD8264D00214FF0E02321
:107810004FF0FF3229600126C5F808112449C5F848
:107820000011C5F80861C3F88021C3F88421C3F8AA
:107830008821C3F88C21C3F8902101E000F0D4F92D
:10784000D5F80C31002BF9D00134C5F80C614F2C60
:10785000F4D9184B022018494FF00042C1F84001FA
:107860005A63D5F80C313BB9144815490D4A0163E8
:10787000D2F80C31002BFAD04FF0E023114AC3F8B4
:107880000C2DFEE702F058FABEE700BF00FF2720EC
:1078900080FF2720A8FF27202083B8EDA0FF272006
:1078A00000C00F40004008407C7E0020803DCD0B92
:1078B000009F240000900D4000002E4000800F40EB
:1078C000F100AD0B0400FA050A490A6838B108B5A1
:1078D00013180948834204D810460B6008BD1046AF
:1078E000704704F03BF90C234FF0FF320360104661
:1078F00008BD00BF808300200000282030BFFDE7C6
:10790000FFF71CBF124AD2F880305B07FBD5D2F8D4
:1079100080301048C3F30B230F4990ED007A07EE37
:10792000903A91ED006AB8EE477A0C4AF8EEE77AA1
:107930000B4BD2ED006A77EEC77A93ED007AB8EE82
:10794000477A67EE867A87EEA60A37EE400A7047D6
:1079500000810D40C8360120D0360120D4360120E8
:10796000CC36012030B4002931D12B4C2B4B0121D6
:107970001960DAB12A49002248F280054FF001105F
:107980009A605D60C4E91232C1F8BC014FF48032E4
:10799000D1F8B0311343C1F8B031224B20491A60FD
:1079A000D1F8B031002BFBD130BC70471C49802589
:1079B0004FF001109A605D60C4E91232C1F8BC0159
:1079C000D1F8B03143F48033C1F8B031E5E70904B0
:1079D000154B0124002541F0800198601C6059601E
:1079E00000F580510C4CD96000F50051E56019613B
:1079F00000F5405100F58040A36059610849986145
:107A0000D1F8B03143F00103C1F8B031D1F8B03151
:107A1000002BFBD1AAE700BF00000020208F002030
:107A200000002E4078BA0020408F0020836BF0B415
:107A30001BB1536843F40043536072B6446B3CB3CC
:107A40001A4B2260D3F8B0410C421DD1184E776812
:107A500004E07468E41BB4F5166F0BD2D3F8404110
:107A600044F48044C3F84041D3F8B851D3F84041BE
:107A70006404EED50D4007D10C4CC0E90225D4F8C2
:107A8000B0310B43C4F8B031426362B6F0BC70470A
:107A9000064DC0E90224D5F8B0310B43C5F8B0312A
:107AA0000263426362B6F0BC704700BF00002E4024
:107AB000001000E070B5056B9DB106462A46002413
:107AC00003E012680134012A0CD0536813F08003DC
:107AD000F7D032632CB12846B36B2D689847013C30
:107AE000F9D170BDC6E90C33F4E700BF30B4D9B9A1
:107AF0001F4C204B0021204A01254FF001109960B6
:107B00001D60C4E9023180245C60C2F8BC01D2F877
:107B1000B0311A482B43C2F8B0310160D2F8B0310D
:107B2000002BFBD130BC70470904154B104C0125CC
:107B300041F080019860104A596000F580511D6045
:107B4000D96000F50051A364196100F5405100F5BA
:107B50008040596100219861E164D2F8B03143F46A
:107B60008033C2F8B031D2F8B031002BFBD1C0E77E
:107B700000000020208F002000002E4078BA002056
:107B8000408F002010B472B60A4C01220A492378B3
:107B900002FA00F018432070D1F848311A0605D4D3
:107BA00080221343C1F84421C1F8483162B65DF820
:107BB000044B70471B5B012000002E400849012246
:107BC0000B7802FA00F023EA0000087030B9054A89
:107BD000D2F8483123F08003C2F84831704700BF23
:107BE0001B5B012000002E402DE9F04FA84C87B010
:107BF000D4F84461F107C4F8446140F19C80D4F8A2
:107C0000AC31002B63D0A34DDFF89092DFF8ACB21B
:107C1000DFF8AC82C4F8AC31D5E90A70D4F8403151
:107C200043F40053C4F84031D4F840319B04F5D5F7
:107C3000D4F840314FF0011223F40053C4F840311E
:107C4000C4F8B421D4F8B43113F00113FAD1BAB2A4
:107C5000C9F80030B2F5106FCDE9047000F0B281C0
:107C600000F2C38040F202318A4200F0268240F2E4
:107C7000DD8040F281618A4200F2AC80B2F5D06FC3
:107C800080F0D581B2F5A06F40F09E80824AEB640F
:107C900093600123AA641360802353604FF00113A3
:107CA000C4F8BC31D4F8B03143F48033C4F8B031F7
:107CB000D4F8B031002BFBD1BDF812305B0643F095
:107CC0008073C4F85431D4F8AC31002BA2D1704B7E
:107CD000D3F8BC417CB3714AC3F8BC4111680C4273
:107CE00040F088826E4B1B681C4024D05FEA144829
:107CF00010D0684D4FF0010998FAA8F7B7FA87F746
:107D000005EBC71009FA07F74030FFF7D3FE38EA52
:107D10000708F1D1A4B274B15E4D4FF0010894FA96
:107D2000A4F7B7FA87F705EBC71008FA07F7FFF7CC
:107D3000C1FEBC43F3D1720616D5554BD3F8AC2126
:107D4000C3F8AC21D3F8BC21C3F8BC21D3F8B041AF
:107D5000002CFBD14FF0FF32C3F8B421D3F88431AB
:107D600001F04EFD4E4B1C60F40103D54D4B1B68DA
:107D700003B19847B00103D54B4B1B6803B198473B
:107D8000710709D5424BD3F8843113F4007300F026
:107D90001081464B01221A703D4BD3F848311A0628
:107DA0000FD533060DD5424A13782BB1013BDBB218
:107DB0001370002B00F0998207B0BDE8F04F01F07E
:107DC000DFB807B0BDE8F08F7CD94FF00113C4F8DD
:107DD000C03178E7B2F5086FF7D1364801219BF83A
:107DE00000300370FFF782FE6DE742F221218A42E4
:107DF00000F0D38140F2998048F2A2118A4200F04B
:107E0000BF8176D948F2A1439A4240F0B680B0F5DE
:107E1000102FDAD203AA284904A800F09BFE0028FC
:107E2000D3D003992448FFF761FE4CE7822A00F083
:107E3000918140F2B580B2F5817F40F0A68010F0CC
:107E4000780F83B2C1D103F07F0213F0800F58F88E
:107E5000223014BF23F4803323F0010348F822308A
:107E600000220D4BEA649A600122AB641A60802202
:107E70005A604FF00113C4F8BC31D4F8B03143F468
:107E80008033C4F8B031D4F8B031002BFBD11AE7FD
:107E900000002E4000000020208F002078BA002033
:107EA0007CBA0020D0410120D4410120285B012070
:107EB0002E5B0120C435012070BA0020275B012011
:107EC000C0012E4040F221339A4204D040F22143B7
:107ED0009A427FF47AAFB0F5102F4FEA1041BFF409
:107EE00074AFB54B0122C3E90070B448FFF73AFD07
:107EF000E9E642F221339A4225D1B14B00229A6041
:107F0000EA640122AB641A6080225A604FF00113C8
:107F1000C4F8BC31D4F8B03143F48033C4F8B03184
:107F2000D4F8B031002BFBD1CDE640F601318A42C6
:107F300000F0ED8042F221039A420AD1010C072998
:107F40007FF443AFCDE748F2A1139A423FF45FAF0D
:107F50003BE740F681239A427FF437AF80B2042892
:107F600000F0BA8105287FF430AF964B1B780121D1
:107F700092480370FFF7BAFDA5E622F4807248F23A
:107F8000A1239A423FF443AF1FE7FFF41EAF40F234
:107F900021139A429FD040F221239A429BD014E7AA
:107FA000802A7FF412AF884802210380FFF79EFDEC
:107FB00089E6864A1370864BD3F848311A067FF556
:107FC00000AFEEE68349C7F3074C4FF0C8120193A8
:107FD0008BF800C0C4F8C811C4F8CC21C4F8D02173
:107FE0004FF0C412C4F8D421C23AC4F8D82101F029
:107FF00009FC00F05BFF00F039FD714A0121019B93
:10800000AA6411608021936051604FF00112EB640B
:10801000C4F8BC21D4F8B02142F48032C4F8B021B5
:10802000C9F80030D4F8B031002BFBD14BE66A4BD5
:10803000596800293FF4C9AE4FEA174C1FFA80FE79
:1080400004E019690C3300293FF4BFAE1A88624579
:10805000F7D15A887245F4D14FEA1C22032A00F066
:10806000E2801A89000C824228BF0246BCF5007FDC
:10807000174640F0DE80554B58491878584BDFF8CA
:1080800064A1002818BF19465648FFF70BF92AF0DB
:108090001F030AEB0701BFF34F8F4FF0E020C0F83A
:1080A000703F20339942FAD8BFF34F8FBFF36F8FE1
:1080B0004C483946FFF71AFD05E610F0780F83B2F9
:1080C0007FF483AE03F07F0213F0800F58F8223064
:1080D00014BF43F4803343F0010348F822300022F8
:1080E000374BEA649A600122AB641A6080225A60BE
:1080F0004FF00113C4F8BC31D4F8B03143F48033ED
:10810000C4F8B031D4F8B031002BFBD1DBE580B23C
:10811000042800F0C58005287FF457AE284AC7F32D
:108120000F4CEB649360274BAA6483F800C00123D3
:108130001360802353604FF00113C4F8BC31D4F8AE
:10814000B03143F48033C4F8B031D4F8B031002BEF
:10815000FBD1B8E583B210F078007FF436AE03F0BF
:108160007F0258F82210184A1080180658D4CF07FA
:1081700001D50123137002211348FFF7B7FCA2E5D4
:10818000B0F5403FFFF421AE0C48032183704AF65E
:1081900044430380FFF7AAFC95E580B200287FF4F2
:1081A000ACAE114BC7F3074C1A68104B1A60104B5A
:1081B00083F800C0A1E600BF3893002070BA002009
:1081C000208F0020225B0120C4350120285B012084
:1081D00000002E400200CC00E47C0020301E006035
:1081E000881F0060807D2020104001205840012021
:1081F000265B0120002142F2210011603D49D1E9B6
:10820000002195B2854228D03B4B9A4203D03B4B8C
:108210009A427FF467AD3A49364800F0CDFC61E5FB
:10822000CB03A6D4A7E70A78000C824228BF0246F7
:108230001746BCF5E06F51D1324B3A46DFF8E4A067
:1082400018783149314B002818BF19465046FFF7BE
:1082500029F807238AF8013019E789B20029D3D118
:1082600027492B4D03C9A98086284FEA1141286070
:10827000A971C9D172B62748017841F04001017057
:10828000D3F848110D0606D441F080018020C3F8D0
:108290004401C3F8481162B61F4B50211970B3E76F
:1082A0001E4AC7F30F4CEB6493601D4BAA6483F81E
:1082B00000C001231360802353604FF00113C4F802
:1082C000BC31D4F8B03143F48033C4F8B031D4F8C1
:1082D000B031002BFBD1F6E4114B47E6DFF844A0A8
:1082E0003A465046FEF7DEFFD1E60620FFF766FC71
:1082F00003F0FCFF3893002021010102210100015D
:1083000070BA0020285B0120881F0060301E0060CA
:10831000504001201B5B01202E5B0120208F00209C
:10832000255B0120807D20202DE9F0471F46831E1C
:10833000042B01D9BDE8F087DFF84C9015460C46B8
:108340003C2209EBC01806464FEAC01A002108F18A
:108350000400240403F098FBB5FA85F201235209C6
:1083600044EA427449F80A40C8F83870C8F808303E
:10837000002FDFD0034AB34011680B431360BDE800
:10838000F08700BF7CBA0020000000202DE9F047F4
:108390000D46811E042901D9BDE8F087C701DFF829
:1083A0004C909246044640373C2200211E4609EB81
:1083B00007082D0408F1040003F066FBBAFA8AF2FC
:1083C000520945EA427249F807200122C8F838608C
:1083D000C8F80820002EDFD0034B10341968A240E3
:1083E0000A431A60BDE8F0877CBA00200000002034
:1083F0002DE9F0471446013A022A04D81D46831E8F
:108400000746042B01D9BDE8F087DFF844900E46FB
:10841000A4073C2209EBC01800214FEAC01A08F15A
:10842000040044EA064403F02FFB012349F80A4004
:10843000C8F83850C8F80830002DE4D0034ABB40D3
:1084400011680B431360BDE8F08700BF7CBA0020C1
:10845000000000202DE9F0471446013A022A04D812
:108460001D46831E0746042B01D9BDE8F0874FEA5D
:10847000C018DFF848A00E46A40708F140083C22C7
:10848000002144EA06440AEB080909F1040003F05C
:10849000FBFA01234AF80840C9F83850C9F80830F7
:1084A000002DE2D0044A07F11000116883400B430D
:1084B0001360BDE8F08700BF7CBA002000000020F8
:1084C00012048160C36101F5405342F0800210B490
:1084D0000124426001F50052046001F5805401F569
:1084E0008041C46081615DF8044BC0E9042370479A
:1084F000831E0A46042B00D97047064B00F1100179
:108500004FF0010C03EBC0100CFA01F14030FFF703
:108510008DBA00BF00000020831E0A46042B00D93C
:1085200070470121024B814003EBC010FFF77EBA78
:10853000000000204068704700EB830398422DE95B
:10854000F04709D30AE050F8044B250C834221F888
:10855000024B22F8025B01D98C07F4D4A3F1080482
:10856000A04230D2A3F1090800F1080C9646174F3B
:10857000A8EB00084FEAD80808F101084FEA88097B
:1085800001EB88065CE902A40CF1080C1FFA8AF5DD
:1085900045EA04453C4041F8045B44EA1A44B142D0
:1085A0004EF8044BEED100EBC8004A44834208D990
:1085B00050F8041B0C0C834226F8021B22F8024BD5
:1085C000F6D8BDE8F0870E46F0E700BF0000FFFFD9
:1085D00038B5114A114B11781A680023104C114D0F
:1085E000CA401148214622602A78FFF769FF2B789C
:1085F0002344BFF34F8F4FF0E022C2F8684F20347E
:10860000A342FAD8BFF34F8FBFF36F8F06490620FE
:10861000BDE83840FFF76CBF245B01200CBC002094
:10862000E07B2020235B01204091002038B50546E7
:108630000021FEF7BBF8012104462846FEF7B6F8F4
:108640003B4B05461B78F3B1002C4AD0002D54D08B
:1086500072B6384B186800283DD0374A1168002997
:1086600056D019603549364B146000240A680D60F5
:1086700034490C801C681A60FEF740F82046FEF76B
:108680003DF862B638BD14B12046FEF737F815B193
:108690002846FEF733F8274C206818B1FEF72EF86D
:1086A00000232360244C206818B1FEF727F800232C
:1086B0002360234C206818B1FEF720F800232360C4
:1086C0001E4C206818B1FEF719F8002323601D4BDB
:1086D00000221A8038BD1C60194A1A4B1560188098
:1086E000CFE7FDF7B5FF0446B0B14FF4807200212B
:1086F000043003F0C9F9002DAAD1FDF7A9FF054602
:1087000088B14FF480720021043003F0BDF99FE777
:108710000A4B14601D60B4E7002DB3D02846BDE8B5
:108720003840FDF7EBBF2046BDE83840FDF7E6BF17
:10873000255B0120FC930020009400200894002079
:1087400004940020E85A01202DE9F84F01224A4BF9
:10875000DFF838A186081A70484BDAF800401F8805
:10876000474BB9461D68002C4AD0002D51D0002E31
:1087700058D0C7F180039E427AD3DFF814B1414F3D
:10878000DFF81081FBB93B68002B37D1D8F80030F7
:10879000002B33D13C60C8F80050FDF759FF044668
:1087A000002843D0FDF754FF0546002846D0344B3F
:1087B000CAF800401860002E33D07F2E4FF0000919
:1087C0004FF0800345D92A1D211D58464E4402EB27
:1087D000490201EB4901803E0BEB830BFFF7ACFE36
:1087E0003B681BB9D8F80030002BD3D08023234A34
:1087F00013801EB1244A136801331360BDE8F88F5B
:10880000FDF726FF04460028F8D0CAF80000002D26
:10881000ADD1FDF71DFF05460028EFD0184B1860BD
:10882000A5E73746154B1F80BDE8F88F144BCAF8F3
:1088300000001860114B1880BDE8F88F2046FDF746
:108840005DFF0F4BCAF800501D600C4B1D80BDE84A
:10885000F88F4F464B462A1D211D584637441A446F
:1088600019443346FFF768FE044B1F80BDE8F88FBC
:108870007B00DFF81CB0EEE7FE5A0120E25A01202F
:10888000E0930020D493002048400120DC93002096
:10889000007C2020D893002008B538B1114B5868CF
:1088A000C0F30E40C0F1B400FFF74EFF0023B42226
:1088B0000D490C48FFF704FE0B4B03F1B401BFF365
:1088C0004F8F4FF0E022C2F85C3F20339942FAD834
:1088D000BFF34F8FBFF36F8F02490520BDE80840FB
:1088E000FFF71ABE608F0020007C20200023034881
:1088F0000349044A03700B6013607047005B01205A
:10890000FC93002004940020394A2DE9F84F1368A5
:108910000133092B2DED028B55D9B42100234FF0E3
:108920002D0908EE101A13600027DFF8D8B0DFF821
:10893000D8A0DBF80000A9EB070200284AD0BAF85B
:1089400000C0051D2B4B05EB4C05D3F80080CCF186
:1089500080039A4208F1040428BF1A46264B04EB10
:108960004C0403EB87065AB1114635F9023B013935
:1089700034F902EB9BB243EA0E4346F8043BF4D1D0
:1089800094441744BCF17F0F0BD81FFA8CFC4F4561
:10899000AAF800C0CDD318EE100ABDEC028BBDE8DA
:1089A000F88FFDF7ABFE4046FDF7A8FE1348144BC9
:1089B0000022016894460260CBF8001019681A6022
:1089C0000C4B1960E3E7B0214FF02C09136008EE5F
:1089D000101AA9E7084B0146920003EB470003F089
:1089E00053F818EE100ABDEC028BBDE8F88F00BFFB
:1089F00078830020049400208092002000940020BE
:108A000008940020FC930020E85A012038B5FFF7B5
:108A10007BFF114A114B054612681B78104CDA4057
:108A2000104900230A60024621460F48FFF748FD1F
:108A30006019BFF34F8F4FF0E023C3F8704F20341D
:108A4000A042FAD8BFF34F8FBFF36F8F06490520BE
:108A5000BDE83840FFF74CBD0CBC0020245B012072
:108A600080920020E07B20206091002038B52B49C7
:108A700000242B4B2B4A1C600C6011782A4BA1421E
:108A80002A4A2B4D21461A600BBF032304230A20D8
:108A9000082020222B70274B1870274802F0F4FF83
:108AA0000122B4210520254BFFF7A2FC2346B42266
:108AB00023492148FFF704FD214B03F1B401BFF323
:108AC0004F8F4FF0E022C2F85C3F20339942FAD832
:108AD000BFF34F8FBFF36F8F17490520FFF71CFDC2
:108AE00020220021174802F0CFFF174B29780122DE
:108AF0000620FFF7AFFC0020FFF76AFD20220021CF
:108B0000124802F0C1FF0520114B0122B421FFF7EA
:108B1000A1FC0020BDE83840FFF778BF48400120A5
:108B20004C400120285B01200CBC00209A99192C94
:108B3000235B0120245B0120608F0020BD660100C3
:108B4000007C202040910020F5630100609100200E
:108B5000316801000378A12B01D000207047C37851
:108B60004078012B08D0022BF7D181380328F4D8A4
:108B7000DFE800F01B17130B10B40E4C18466468A6
:108B80000C705DF8044B13607047012300200B70DC
:108B900002234870012013607047FF2300200B70F0
:108BA000F6E7002318460B70F2E7024B986808704E
:108BB000587AEDE7F08200200378212B01D00020C5
:108BC0007047C3784278012B09D0022BF7D1012AD4
:108BD000F5D1074B104609781A6099607047012A51
:108BE000EDD1034B10460978C3E90021704700BF5F
:108BF000F0820020124A134BD2F8200220F07F406E
:108C0000984210B584B002D200EB800040000E4CB8
:108C100001A90A22FEF7E8FB01A90023204611F86A
:108C2000012B01333AB10A2B20F8022FF7D116237A
:108C3000237004B010BD5B00DBB2237004B010BD24
:108C400000441F4080969800108A002000F0F8BE73
:108C500000F0C8BE00F02CBF00F0E6BE00F082BFFE
:108C600000F058BF0846114600F048BF38B50C4B1D
:108C700004460C4D1B68298843B1B1F5917F09D298
:108C80004B1C9BB2084A2B80545438BDB1F5917FE0
:108C9000F6D338BD00220448984700210123F1E7AC
:108CA00098400120FA5A0120AC400120F8B5144C3C
:108CB0004FF0E025134E4FF4003204EB4024124FE6
:108CC00006EB40160346C5F88C2121463A8830460B
:108CD000FFF7F6FB3B882344BFF34F8FC5F85C4F8B
:108CE0002034A342FAD8BFF34F8FBFF36F8F042015
:108CF0003146FFF711FC4FF40033C5F80C31F8BDD5
:108D0000E07E2020808F0020EE5A012042684FF63E
:108D1000FC71114BC2F30E42C0691B889B1A0B40B9
:108D200017D00E4930B40E4C0E4D227821F8103079
:108D30000021013225F81010062A94BFD1B20A464C
:108D4000217009490C6823440B60084B985430BCCF
:108D50007047FFF7ABBF00BFEE5A01207C36012001
:108D6000165B01209836012074360120B4360120AC
:108D70002DE9F04F0123DFF828A1DFF828B183B0F7
:108D8000414E9AF80020414D414F8BF8003005EBE1
:108D900042153388D7F80080CDE90002002B6DD151
:108DA0003C4CDFF804912846FFF7C4FB10F080002C
:108DB0005DD03B68A3EB0803282B04D90123237063
:108DC00003B0BDE8F08F2378002BF9D199F800307B
:108DD000002BF5D000F010FF3388002BE3D02E4A93
:108DE0009AF800101288D01A043B2C4C9BB22044F5
:108DF000338000EB4120009E4902C0F8006C93BB19
:108E000004F5406428460C442146FFF759FBBFF3A4
:108E10004F8F04F1200204F50073934234BF012305
:108E200010234FF0E02204EB4313C2F8704F2034BC
:108E30009C42FAD1BFF34F8FBFF36F8F04202946B6
:108E4000FFF756FB019B02200133032B94BFDBB2DB
:108E500000238AF80030FEF7B1FE00238BF80030C3
:108E600003B0BDE8F08F0220FEF78CFEF5E70A4B59
:108E70009AF800101A8820701346B5E7064A01993F
:108E80001288D01AB0E700BFF25A0120809100206A
:108E9000104001201C5B0120F65A0120E07E2020BA
:108EA0001E5B0120205B0120275B0120214B70B558
:108EB0001B78002B3BD04FF400731E461E498022C6
:108EC0001E4D00240B8000211D482B8002F0DCFD8C
:108ED0001C4A21461C4B1470C0221C481C8002F006
:108EE000D3FD1B4A31461B4B042094609C60C2E9B1
:108EF0000044194AC3E900441470184B184A1C7006
:108F0000184B14602246FFF70FFA234622462988A1
:108F10000420FFF73BFA20460134FFF7C7FE062C7A
:108F2000F9D100231049114A0B70137070BD402312
:108F30001E46C3E7285B0120EE5A0120F65A0120A5
:108F4000809100201E5B0120F25A0120808F0020BA
:108F50007C36012098360120165B0120185B012029
:108F600074360120316B01001C5B0120205B012065
:108F7000024B1B780BB1FFF7FBBE7047275B01204C
:108F80002DE9F843214B1D7815B9214E33880BB9D3
:108F9000BDE8F883DFF888801E4A98F800701E4C00
:108FA00002EB47191D4A04EB472412884846214624
:108FB000D21A2B46FFF784FABFF34F8F04F1200239
:108FC00004F50073934234BF012310234FF0E022D5
:108FD00004EB4313C2F8704F20349C42FAD1BFF324
:108FE0004F8FBFF36F8F013749460420FFF780FA98
:108FF000032F4FF000034FF0020098BFFDB2338003
:1090000088F80050BDE8F843FEF7D8BD205B01208A
:10901000F25A012080910020E08A2020F65A012097
:109020001E5B0120F8B54FF400324FF0E023204CD6
:10903000C3F88C211F4B227819788A422ED0D3B2E4
:109040001D4A1E4F01331E491E4E072B28BF002309
:10905000D05C37F8102001EB40218D580432316884
:1090600092B2043927F810203160174931F81010F6
:10907000914207D94FF0E0234FF400322846C3F85D
:109080000C21F8BDDBB22370FFF710FE4FF0E02398
:109090004FF400322846C3F80C21F8BD00254FF0EC
:1090A000E0234FF400322846C3F80C21F8BD00BF7E
:1090B000185B0120165B0120B43601209836012090
:1090C000E07E2020743601207C3601202DE9F0411D
:1090D0000746FFF7A7FF98B1C0F3032300F00F0581
:1090E0009F4A04465E1CC0F303134FEA1028137016
:1090F000A5F10803062B06D8002F47D0BE4245D065
:109100000020BDE8F081AB1E5FFA88F0012B19D971
:10911000F72818BFF02801D9052D13D0042D00F031
:1091200089816B1F022B40F249810F2DE8D1F7286E
:1091300008D8F02803D08B4B1B88002BE0D0FFF71A
:1091400095FDDDE7F1380E28DAD801A353F820F0B9
:10915000F57001000771010023710100256F010006
:10916000256F010031710100256F01003F71010081
:10917000256F010079700100AD700100957001004C
:10918000256F0100C5700100DD700100082DC4F3DA
:10919000033318D1082B16D173498022734BC4F3C3
:1091A00007450F68F6B2240E1A701FB129463046E3
:1091B0002246B8476E4901206E4A6F4B0E701570FB
:1091C0001C70BDE8F081092D14D1092B12D1220E9B
:1091D000664B00F0B7809021C4F30745F6B21970D2
:1091E000D4B2664B1B68002BE4D022462946304699
:1091F0009847DFE70A2D05D10A2B03D1604BA02148
:109200005A4A06E00B2D11D10B2B0FD15D4BB0212B
:10921000564A1B68C4F30745F6B21170240E002BA2
:10922000C8D02946304622469847C3E70C2D40F067
:1092300081800C2B7ED1544BC0214C4A1B68C4F357
:109240000745F6B21170240E002BB3D029463046E4
:109250009847AFE74D4B1B68002B00F0FF80C4F32D
:1092600007459847414AF6B2240E82F80080A1E7EC
:10927000474B1B68002BF2D1464B1B682BB3FC20DD
:10928000C4F307459847EDE7434B1B68002BE6D135
:10929000404B1B68CBB1FB20C4F307459847E1E77F
:1092A0003E4B1B68002BDAD13A4B1B686BB1FE209A
:1092B000C4F307459847D5E7394B1B68002BCED13F
:1092C000344B1B680BB1FF209847C4F30745C9E72F
:1092D000344BC4F307451B68002BC3D0284698477E
:1092E000C0E7314B1A68002AEFD0630CC4F3064084
:1092F000250C03F47E53EDB218439047B2E72B4B95
:10930000C4F307451B68002BE8D1ABE7284BC4F337
:1093100007451B68002BA4D1A4E7264B1B68002B34
:109320009DD11C4B1B68002BCFD0F820C4F3074500
:10933000984797E70D2D62D10D2B60D11E4BD021A0
:109340000A4A7BE78021F6B2C4F307451970064B41
:109350001B68002B79D0294630461446984729E7E8
:10936000295B0120FA5A0120704001202D5B012069
:109370002A5B01202B5B01202C5B01207440012023
:10938000A84001206C4001207C4001208C4001203D
:109390009040012080400120684001205C40012075
:1093A0009C400120A04001208440012088400120F1
:1093B000A44001206440012060400120FFF756FCDA
:1093C000052D08D0C4F30740FFF750FC072D02D14C
:1093D000200EFFF74BFC2A4B2A4819882A4A0170B5
:1093E000080A2A4C10700020294A1880F0232468AB
:1093F000137064B327480122A047012081E60E2D97
:109400007FF47EAE0E2B7FF47BAE234BE021204A0F
:109410001B68117063B3610CC4F30642F6B201F429
:109420007E51250C3046240E1143EDB2A1F50051BA
:109430009847BFE6FFF71AFCC4F30740FFF716FC96
:10944000200EFFF713FC00205BE61C46B2E6134B30
:109450001B6893B10F489847012052E6104B1B68D8
:10946000002B3FF432AFFA20C4F307459847F9E6E2
:10947000C4F30745F6B2240E9CE6012041E600BF86
:10948000FA5A01202B5B01202C5B0120984001201F
:109490002D5B0120AC400120784001209440012048
:1094A00080400120F8B5144C4FF0E025134E4FF4E6
:1094B000003204EB4024124F06EB40160346C5F879
:1094C0008C2121463A883046FEF7FAFF3B88234438
:1094D000BFF34F8FC5F85C4F2034A342FAD8BFF3D7
:1094E0004F8FBFF36F8F03203146FFF715F84FF40E
:1094F0000033C5F80C31F8BDE092202040900020E8
:10950000F05A0120244B2DE9F0411C884368C569BD
:10951000C3F30E43E41A002C24DD204920480A78C6
:109520000078D3B21F4E82421F4807D010F8038044
:1095300036F81870C7F50072944218D9013300222A
:1095400026F81540082B194E88BF134626F815201B
:1095500098BFDAB2C554164B0A701A6814441C60DE
:10956000BDE8F0812846BDE8F041FFF79BBF07EB5F
:109570004820104922462744084401EB4521FDF7C5
:1095800091FE0B4A284626F8187013682344BDE85C
:10959000F0411360FFF786BFF05A0120175B0120EE
:1095A000195B012088360120BC360120A436012039
:1095B00078360120E09220201D4B1A78002A36D1FF
:1095C00002F0FF031B4A12788AB32DE9F0411A4DCD
:1095D0002A8852B3194EC2F50068194F3278194CD7
:1095E00007EB421704EBC224424638462146FEF7F9
:1095F00067FF04EB0802BFF34F8F4FF0E023C3F87F
:10960000704F2034A242FAD8BFF34F8FBFF36F8F51
:1096100003203946FEF76CFF33780133DBB2032BAE
:1096200088BF0023337000232B80BDE8F081704792
:10963000215B0120275B0120F45A01201F5B0120E0
:1096400000920020E0A220202DE9F04F85B0CDE966
:109650000110002900F0BF800023604CDFF89881E2
:10966000DFF898A15E4F009301235E4A23705E4BA2
:109670001978B8F8003002EB4119002B40F0A780B0
:109680001E461D469B464846FEF754FF10F08000DC
:1096900000F08C80BFF34F8F9AF8003084F800B050
:1096A00005B93E68002B7DD13B689B1B782B00F2EF
:1096B00087804E4B1B78002B74D000F09DFA01225E
:1096C000B8F8003015462270002BDCD0464AC3F5AE
:1096D000006011781A4600EBC120454DC9022844AC
:1096E000019D954217D20393DDE901512A46FDF70A
:1096F000D9FD039B4FF040425B1BA8F800303D4B67
:10970000C3F88420BFF34F8F0098002328442370B0
:1097100005B0BDE8F08F364BCD180299FDF7C2FDBC
:1097200000234FF4006229464846FEF7C9FEBFF306
:109730004F8F05F1200205F50063934234BF0123EA
:1097400040234FF0E02205EB4313C2F8705F203551
:10975000AB42FAD1BFF34F8FBFF36F8F032049465F
:10976000FEF7C6FE204A13780133DBB2032B84BF19
:1097700000231D4A1370B8F80030019AD11A009ADC
:109780001A4401910092029A1A4400230292194A43
:10979000A8F80030C2F88430BFF34F8F237000293F
:1097A0007FF462AF009805B0BDE8F08F4FF400621F
:1097B0000D4B8AF8000019781346A8F800208AE7B4
:1097C000012300988AF8003005B0BDE8F08F1A46F2
:1097D000C3F500607FE70198E5E700BF215B01204A
:1097E00010400120009200201F5B0120275B012018
:1097F000E0A2202000002E40F45A01201D5B012031
:10980000704700BF2D4B002180222D4870B51B787A
:1098100000242C4D8B422C4E0CBF40234FF4007380
:109820002B80338002F030F9284A2146284B1470EF
:109830004FF4807227481C8002F026F9264A102136
:10984000264B0220C2E90044C2E90244244AC3E98B
:1098500000441470234AC3E90244234B1C7023467E
:1098600014602246FEF792FD2246318803201F4BEA
:10987000FEF75AFD2346012229880320FEF786FDC4
:1098800020460134FFF70EFE082CF9D1184B0021B9
:109890004A221848184C0460C3F88410C3F880208A
:1098A000D3F84821154942F08072C3F8482121B10C
:1098B000134A137843F00103137070BD285B012035
:1098C00000920020F85A0120F05A01201F5B01206D
:1098D000F45A01204090002088360120A43601204F
:1098E000175B012078360120195B012029730100E4
:1098F00000002E40D0410120DD7301000000000077
:109900002F5B01202DE9F04F4FF0E0234FF40032A0
:10991000DFF8C8A083B0C3F88C218B469AF80040CA
:1099200000294FD08046E4B20027DFF8B490264BE0
:10993000ABEB070225491B78A34204F101043FD099
:10994000092C234B404628BF00241E5D39F816C061
:109950000CEB462319441F4B33F81650A5EB0C05AE
:10996000AA421CD20CEB462C18491B4C61440192B4
:10997000FDF798FC216839F816505846019AA1EB7A
:109980000B012A44394429F8162021604FF0E023C6
:109990004FF40032C3F80C2103B0BDE8F08F2A4623
:1099A0002F44FDF77FFC0C49E3B230460A68A84417
:1099B000521B0A608AF80030FFF774FDBB45B6D829
:1099C0003846E3E70846E1E7175B0120E0922020F4
:1099D000BC3601208836012078360120195B012031
:1099E000A43601200B4B0C4A12781978D3B28A4264
:1099F0000DD0013309480A4A092B0A4928BF002320
:109A0000C35C31F8131002EB4323585C70474FF0EE
:109A1000FF307047175B0120195B0120BC36012025
:109A2000E0922020A4360120044B10B51C680CB134
:109A3000204610BD00F0E0F8204610BD7836012029
:109A40002DE9F84F144E154D33782A78934221D0E2
:109A5000DCB2DFF85090DFF850B0DFF85080104FE4
:109A60000134082C5FFA84FA01D90024A24619F8BF
:109A70000400DBF8003038F8102037F81010521AC4
:109A80009B1ACBF80030FFF70DFD86F800A02B786D
:109A9000A342E5D1BDE8F88F195B0120175B0120D7
:109AA000A4360120BC3601207836012088360120FA
:109AB00000B583B001210DF10700FFF723FF20B1AE
:109AC0009DF8070003B05DF804FB4FF0FF30F9E7A5
:109AD000094B00B583B01B788DF807003BB101211D
:109AE0000DF10700FFF7B0FD03B05DF804FB03F0D4
:109AF000FF0003B05DF804FB275B0120044B1B78DB
:109B000003F0FF020BB1FFF79FBD1046704700BF87
:109B1000275B01202DE9F0410024DFF84480012378
:109B20000D4D27460D4E88F80030337828462035F5
:109B3000A34204F1010405D0FEF7FCFC030658BF64
:109B400007F50067042CF0D1BFF34F8F0023384690
:109B500088F80030BDE8F081009200201F5B0120F2
:109B6000215B01202DE9F8431D4B1B7813B11D4DDE
:109B70002A880AB9BDE8F8831B4EC2F500691B4963
:109B800033784A461A4C01EB43181A4F04EBC324AE
:109B9000012340463B7021460023FEF791FC04EB75
:109BA0000902BFF34F8F4FF0E023C3F8704F20340A
:109BB000A242FAD8BFF34F8FBFF36F8F0320414605
:109BC000FEF796FC33780133DBB2032B88BF00230A
:109BD000337000232B80BFF34F8F3B70BDE8F883B9
:109BE000275B0120F45A01201F5B01200092002016
:109BF000E0A22020215B01202DE9F8432D4B1E78A7
:109C000066B12D4F3B784BB90123F1073B7043D42C
:109C1000B20726D400233B70730701D4BDE8F88354
:109C2000264B1A68002AF9D0EFF30582002AF5D1F5
:109C3000EFF3108572B61868002834D0204C2178D4
:109C4000002930D10122227042691A60002A2ED0E8
:109C5000916105B962B600258368457798472570FC
:109C6000DCE7DFF8648098F80030002BD2D00025C4
:109C7000DFF858902B4659F82340013523682046D9
:109C80001B69984710B163699B68984798F8002052
:109C9000EBB29A42EFD8BDE7FFF7C6FE0028B7D077
:109CA000AFF30080B4E7002DB8D162B6B6E7054B3C
:109CB0001A60CEE72F5B0120065B01200C94002088
:109CC000015B012018940020025B01201C940020FD
:109CD00070B5EFF3108272B60C4C206880B10C4E58
:109CE00000254369236073B19D6102B962B6836840
:109CF00045779847EFF3108272B620680028F0D1BC
:109D000002B962B670BD3360EFE700BF1494002063
:109D100010940020FFF7DCBF0449054A4968054B51
:109D20001960136801331360704700BF001000E032
:109D3000104001200C400120A249A34B88422DE98C
:109D4000F047A24C5E699A69D4F80C801BD9A04BED
:109D5000984240F20281C31A9E491B0AA1FB0313D9
:109D600040F22761DB0903EB830303EB830303F278
:109D7000E2438B4228BF0B46A3F54877964BA3FBE3
:109D80000737FF0804E0954FB8428CBF0E2706271F
:109D90008D4908F01F09D1F88030B94543F0C00360
:109DA000C1F880300CD228F01F08A1F5F82148EA4C
:109DB0000708C1F80C800B68002BFCDA08F01F09BB
:109DC00016F0007324D186490C698649A14300F03E
:109DD000EA8082F4805134464FF4805514F0605F7D
:109DE00004D026F060561E43774B5E6111F4405F4D
:109DF00007D022F4405274492A438A618B6C1A07B7
:109E0000FCD446F00076704A5661936C9B06FCD4F5
:109E1000754CA04200F2CE804FF0010C0146634623
:109E200003FB011203F1010E0CF10105A24218D847
:109E3000BEF1080F4FF0010340F08D80BCF1040F1C
:109E400000F291800A18A24200F2A48005FB00F102
:109E5000AC4603F1010E03FB01120CF10105A24215
:109E6000E6D90CF1FF318C0286EA81215F4810446B
:109E70005F4A90427FD9DFF8A4A16C225D48584D1B
:109E8000B0FBFEF0D5F800E0B0FBFCF0DFF890C1CD
:109E90000EEA0C0CD44509D042F400524FF4805C19
:109EA000C5F800C02A602A68002AFCDA464A15690B
:109EB00005F007059D4203D01361936CDD03FCD4CC
:109EC00011F4E05F09D026F4E05604F4E0543E4A71
:109ED00026435661936C9907FCD44749474A01448D
:109EE00091423CD8464BC909A3FB0131090B4B1EDB
:109EF0001B0286EA030212F4407F06D026F4407665
:109F000003F44073304A334353612F4A536923F0BB
:109F100000735361936C9B06FCD43A4B4F45A3FBF3
:109F200000234FF0FF324FEA9343B0FBF1F1B2FB55
:109F3000F3F3354A1060354A1160354A136008D290
:109F400028F01F08214A48EA0707D7601368002B4A
:109F5000FCDABDE8F087734662E7122718E74FF492
:109F600040730421C5E70CF1FF31204807238C0220
:109F7000104486EA8121274ADFF8A8A0A2FB00202E
:109F8000020D2548362A38BF362202FB00F042EA8D
:109F90000A0A74E74FEA8C24002386EA8C214FF0EA
:109FA000010EAC4662E71D4686F0C05411464FF0E4
:109FB000C05313E700244FF0010C024631462346FC
:109FC000E64653E700A4781F00C00F400000084099
:109FD0000046C32323B24C001F85EB5100366E01AF
:109FE00000800D4040300080FFB19F26808D5B00D7
:109FF000FF7EF64D00643F4D7FD1F0087F17B42CF3
:10A000009F10E50083DE1B437C7E0020787E0020CD
:10A01000EC360120819F5E16001BB7006C2000808B
:10A020007F30018000200080074A506A936A1946F9
:10A030008446506A936A9942F9D18445F7D1DB0B83
:10A0400043EA4040704700BF00400D4003460846C9
:10A05000194601F06BBD00BF90F8A32090F8A20054
:10A06000101A704790F8A23090F8A3209A4205D9B0
:10A070005A1C034480F8A220987E70474FF0FF30AE
:10A08000704700BF90F8A23090F8A3209A4202D9FE
:10A090001844807E70474FF0FF307047704700BF14
:10A0A0000346B0F8300178B193F82F21882A03D9FC
:10A0B000012200205A60704702F1010C01201A446D
:10A0C00083F82FC182F8A510704700BF38B5B0F8EB
:10A0D00030410CB9204638BD90F82F310546C3F108
:10A0E0008904A2420DD8144605F1A5002246184461
:10A0F000FDF7D8F895F82F312046234485F82F3105
:10A1000038BD01224260EFE72DE9F04FD0F814A0EE
:10A110001524017E8146437E83B00AEB0111384A43
:10A120000AEB0313374F097A93F8283002EB011535
:10A130000901E86852F8018002EB0311D5F804B078
:10A140001B01CE68D558CBF80040C8F88400D8F879
:10A1500004304A6803432C490192C8F80430146063
:10A16000C5F884606B6833436B60284B4C683A6871
:10A17000A3FB0232920C02EB820252004B681B1BC3
:10A180009A42FBD84FF0090C1F4ADFF880E0D8F85C
:10A190000830034202D0AB6833422FD1C5F8886043
:10A1A00054683968AEFB0131890C01EB81015368B9
:10A1B0001B1B9942FBD8C5F8846054683968AEFB14
:10A1C0000131890C01EB810153681B1B9942FBD8BB
:10A1D000BCF1010CDBD1604699F81830019A0AEB0A
:10A1E0000313DB68CBF8003099F819300AEB031A37
:10A1F000DAF82C30136003B0BDE8F08F0120EBE7F4
:10A20000B87400207C7E0020001000E083DE1B4339
:10A210000E4A10B51168046905E0DB0107D4136824
:10A220005B1A102B08D8636913F0007FF5D14FF447
:10A23000FE430120636110BDFFF766FF0028FAD0DE
:10A240004FF4FE4301206361F5E700BF1040012099
:10A250002DE9F04790F82FA10569BAF1000F4FD012
:10A2600081468846FFF7D4FF002849D0374E0024A6
:10A27000376818E06B69190551D4DA0455D45805CC
:10A2800059D4990441D43268D21B322A3DD854455E
:10A2900007D9EA6D520704D19B0555D4B8F1000FD8
:10A2A00052D0FFF7A9FC5445E4D8EA6D500702F0FC
:10A2B0000703DFD413E099F8A5200133022442F408
:10A2C0008062042B2A661ED08A4503F1010309EB44
:10A2D00001020ED992F8A520042B2A66CAD00121CA
:10A2E000002CE8D02146013301348A4509EB0102F4
:10A2F000F0D8B8F1000FBDD04FF400732B66B9E76A
:10A300000420BDE8F0870124B4E72B694FF4007204
:10A31000042043F440732B612A66BDE8F0872B6963
:10A32000042043F440732B61EBE72B69052043F4D1
:10A3300040732B61E5E72B694FF40072022043F470
:10A3400040732B612A66DCE70020DAE71040012029
:10A350002DE9F84F83460C4615461F46D0F810A04D
:10A36000FFF756FF002800F09E806100012DDFF806
:10A370003C8140F20146CBB24FF0000138BF0125CD
:10A38000D8F800900C461E43ABF8A21020E09BF8D2
:10A39000A330872B3FD9DAF8142010055AD412F4D1
:10A3A000105F70D1D8F80030A3EB0903322B6AD8C4
:10A3B0009BF8A330AB4209D3022C07D9DAF85C3002
:10A3C000590703D193054BD4002F49D0FFF714FC54
:10A3D000022CDCD8DAF85C3003F007025B07D6D435
:10A3E000681E224440F480704CB9CAF860600134A1
:10A3F000131B032BCBD8022CC9D8002CF5D0012C71
:10A4000037D01FB14FF40073CAF860309BF8A33007
:10A410000324872BBFD8DAF85C2012F4E02FC2F3B4
:10A42000024CB8D0591C9C441933C9B25FFA8CFC59
:10A430005BFA83F3DAF870004A1C61458BF8A310CD
:10A44000D1B203F8010FA6D08929F3D1DAF814208C
:10A450001005A4D5DAF8103043F44073CAF8103070
:10A46000DAF85C3013F4E02F06D19BF8A300BDE8C6
:10A47000F88FCAF86000BAE7DAF8103043F40073D6
:10A48000CAF81030F1E7DAF810304FF4007243F4F4
:10A490004073CAF81030CAF86020DAF85C3013F460
:10A4A000E02FE2D0E8E70420BDE8F88F104001205B
:10A4B000F8B506690446D6F8145115F4706301D056
:10A4C000C6F81431A8070BD5D6F8702111043DD574
:10A4D0000023012184F8A230234484F8A3109A7643
:10A4E000EA0710D594F83071F7B194F82E7194F80A
:10A4F0002F31BB4226D97B1C274484F82E3197F894
:10A50000A530C6F86031AB050DD594F8A30018B19D
:10A51000D4F83C3103B198470023A4F8A230A4F842
:10A520002E3184F83031F8BDD4F8383103B1984772
:10A53000002384F82E31012384F8303194F82F3130
:10A54000BB42D8D80023C6F86031DCE794F8A330CA
:10A55000872BC5D8591CC9B2BEE700BF0148FFF719
:10A56000A7BF00BF907E00200148FFF7A1BF00BF3A
:10A57000D07F00200148FFF79BBF00BF1081002063
:10A5800010EE103AB3F17E5F3ED0A3F50001B1F1B9
:10A59000FE4F10EE102A3AD2BFEE002B02F14043DC
:10A5A000284903F54D03C3F3C34001EB001091EDBF
:10A5B000424B91ED447B91ED406B91ED465BD90DA3
:10A5C000C9052DED028B90ED021B90ED008B521A08
:10A5D000DB1500EE103A03EE902AB8EEC00BB7EE92
:10A5E000E33A30EE010BA8EE032BBDEC028B22EE1A
:10A5F000023BA4EE027BA5EE020BA6EE037BA3EECC
:10A60000070BB7EEC00B70479FED0F0A704759005C
:10A6100014D0B3F1FF4F14D0002B0BDBB1F17F4FFF
:10A6200008D2DFED0A7A60EE277A17EE903AA3F1AE
:10A630003862B1E700EE103A00F0DABB012000F01A
:10A64000C5BB7047C8040020000000000000004B9C
:10A650000000000070B553EC102B784C03F1404C17
:10A660004FF0FF350CF5901C954274EB0C042DED6A
:10A67000068B10EE100A1E4652D24FEA134EAEF170
:10A68000100547F6DF74A54200F29F80BFEE008BF5
:10A6900006F1404303F5D013C3F346324FEA135C8F
:10A6A0001B1507EE903A664B03EB021493ED006B1B
:10A6B00094ED261B4FEA0C5C93ED0C4BB8EEE79B38
:10A6C00093ED025BA6EE091B93ED042B93ED083B83
:10A6D00093ED067B94ED240B93ED0A6B021EA6EB23
:10A6E0000C0343EC1A2BAAEE008BA4EE086BA3EE2E
:10A6F000087B28EE084BA6EE047B38EE016B31EEAA
:10A70000460B30EE080B28EE048BA5EE090BA2EEEB
:10A71000040BA8EE070B30EE060BBDEC068B70BDEC
:10A72000484CA34208BF002A79D0B7EE001B30EE98
:10A73000411B434921EE01AB91ED123B91ED184BCA
:10A7400091ED107B91ED166BA3EE017BA4EE016BF6
:10A7500091ED1E3B91ED1C4B91ED0E8BA3EE014B49
:10A760009FED309B91ED145B91ED200BA5EE0A7BE4
:10A77000B0EE415B91ED1A2BA0EE0A4BA1EE095B06
:10A7800091ED223BA1EE495BA2EE0A6BB0EE410BCC
:10A7900021EE0AABA3EE0A4BA4EE0A6B25EE054BA5
:10A7A000A6EE0A7BA4EE080B31EE456B31EE055B9D
:10A7B00028EE066B31EE401BA4EE081BA6EE051B2F
:10A7C000A7EE0A1B30EE010BA7E7941843EB030535
:10A7D0002C431DD01C4CA34208BF002A9DD01EF460
:10A7E000004F0DD147F6F07131EA0E0108D09FED10
:10A7F0000F7B20EE077B51EC170BA1F1507645E75C
:10A80000BDEC068B43EC102BBDE8704000F026BB7E
:10A81000BDEC068B0120BDE8704000F007BB9FED4A
:10A82000050B7AE7000000000000A04100000000D6
:10A83000000030430000000000000000FF0803009B
:10A84000E80500200000F03F0000F07F30B410EE7B
:10A85000103A2DED028BA3F5000110EE902AB1F114
:10A86000FE4F10EE104A82B04FEA42017CD201F155
:10A87000FF3C6FF08070844580F0F780002004F189
:10A88000404303F54D03C3F3C342DB0DDB05E11A7F
:10A89000DB1507EE903AB14B03EB021292ED003B51
:10A8A00004EE101AB7EEE06AB7EEC44ABFEE000B32
:10A8B000A3EE040B93ED443B20EE001B93ED464BBF
:10A8C00093ED402BA0EE034B93ED425B93ED483BA1
:10A8D000A0EE025B21EE012B92ED028BB8EEE77B3E
:10A8E00037EE087BA0EE037BA1EE047BA5EE027B96
:10A8F00026EE077B17EE903A48F2BF01C3F3CF3341
:10A900008B4250D2B7EE000B954B93ED402B37EEB8
:10A91000023B13EE102A33EE423B02F01F01821875
:10A9200003EBC10093ED424B37EE437B53F83140CC
:10A93000456893ED446B93ED465BA7EE046B27EE01
:10A94000074B0023181905EBC231A7EE050B41ECAC
:10A95000170BA6EE040B20EE070BB7EEC00B02B0F0
:10A96000BDEC028B30BC70474D1E6FF0807085428D
:10A9700080F0CE8059004D1E854280F09280002BE1
:10A9800055DB0020B4F5000FBFF479AFDFED757A29
:10A9900007EE103A67EE277A17EE904A24F000444B
:10A9A000A4F138646BE79FED656BB4EEC67BF1EE06
:10A9B00010FA15DC9FED636BB4EEC67BF1EE10FA76
:10A9C00020DD4FF04C5388B10193DDED016ABFEEFD
:10A9D000006A76EE666AF4EE466AF1EE10FA11D07D
:10A9E00002B0BDEC028B30BC00F0EAB90093DDEDA3
:10A9F000006AB7EE006A76EE866AF4EE466AF1EE19
:10AA000010FAEDD19FED516BB4EEC67BF1EE10FA6A
:10AA100057D99FED506BB4EEC67BF1EE10FA7FF57F
:10AA200071AF02B0BDEC028B30BC00F0C3B9C2F311
:10AA3000C7517E2911DD962954DC0120C1F1960110
:10AA400000FA01F1481E104207D1114214BF012043
:10AA50000020000424F0004494E700EE103A02B015
:10AA6000BDEC028B30BC00F0C3B9002952D0B3F169
:10AA70007E5F2CD06400B4F17F4F2ED8B1F17F4FB0
:10AA80002BD1B4F1FE4F4BD0B4F1FE4F6FEA02026E
:10AA900034BF00240124D20F94424CD09FED320ADF
:10AAA0005DE7002B20EE000A1EDB002000293AD1D2
:10AAB000002ABFF654AF02B0BDEC028B30BC00F0F0
:10AAC00085B902B0BDEC028B30BC00F06DB982F4E8
:10AAD0008002520012F5000F22D907EE903A37EEAD
:10AAE000A00A3CE70020B5E7C2F3C753A3F17F00FB
:10AAF0001728DAD8C3F19600012303FA00F0441EA8
:10AB00001442D2D11040D1D0B1EE400A1846CDE760
:10AB10000029AFD184F48002520012F5000FDCD876
:10AB2000B7EE000A1BE7002ABFF619AFF7EE007A6E
:10AB300087EE800A13E720EEA00A10E771D5D1FF57
:10AB4000FFFF5F40E2AAA3FFFFFF5F40000000009D
:10AB500000C062C00000000000A062C0780E0020AB
:10AB6000800300200000004B0000000030B510EE14
:10AB7000104AC4F30A53B3F57D7FB7EEC06A83B0C1
:10AB80001BD226EE065BB3F5667F6ED326EE052B51
:10AB900025EE021B734B93ED1A3B93ED187B93ED5F
:10ABA000164BA5EE037BA2EE046BB0EE460BA7EEB0
:10ABB000010BB7EEC00B03B030BD40F22E42934202
:10ABC0005ED8684991ED087B26EE077BFDEEC77BDA
:10ABD00091ED0A5B17EE903A03F500031B1613F094
:10ABE000020F07EE903A01F1700208BF0A46D8073B
:10ABF000B8EEE77BA7EE456B26EE067B1BD403F091
:10AC0000030301EBC30192ED1A4B91ED002B92ED82
:10AC1000185B26EE026B92ED163BA7EE045B26EE68
:10AC2000074B27EE047BA4EE036BA5EE076BB7EE94
:10AC3000C60B03B030BD92ED142B27EE075B92EDEF
:10AC4000126B92ED0E3BA7EE026B92ED0C0B92EDA8
:10AC5000104BA7EE030B27EE057BA5EE040BA6EE2B
:10AC6000070BB7EEC00B03B030BD220D12F4FF6F1F
:10AC7000DFD1B7EEC55B00EE104A8DED015AD8E783
:10AC8000B3F5FF6F4BD2384BC4F3836203EB820002
:10AC900053F822200569C4F31603C4F3C25143F4E8
:10ACA00000038B40016A03FB02F2A3FB0110E3FBEC
:10ACB000050202F100518D0F01F04041511A00F0E0
:10ACC0006BFA2A4B9FED257B05EBD47441EC160BF8
:10ACD00014F0020FA3F1700208BF1346E90726EE35
:10ACE000077B27EE076B1FD404F0030402EBC402BA
:10ACF00093ED1A4B92ED002B93ED185B27EE027B40
:10AD000093ED163BA6EE045B27EE064B26EE046B96
:10AD1000A4EE037BA5EE067BB7EEC70B89E703B075
:10AD2000BDE8304000F064B893ED142B26EE065BCE
:10AD300093ED127B93ED0E3BA6EE027B93ED0C0B95
:10AD400093ED104BA6EE030B26EE056BA5EE040B60
:10AD5000A7EE060BB7EEC00B6BE700BF182D4454EF
:10AD6000FB21193CA00F00200874002010100020C7
:10AD700010B582B08DED010A044600F0EFFE9DEDA6
:10AD8000010A046002B010BD30B1F1EE407A27EE46
:10AD9000800A2220FFF7ECBFF0EE407A27EE800A0F
:10ADA0002220FFF7E5BF00BF9FED010AFFF7ECBFD0
:10ADB000000000109FED010AFFF7E6BF0000201A17
:10ADC0009FED010AFFF7E0BF000000709FED070A4A
:10ADD000FFEE007AB7EE007A00284FF0220047FE1F
:10ADE000277A87EE800AFFF7C3BF00BF000000008C
:10ADF00070EE407AB4EE400A87EEA77AF1EE10FAD0
:10AE0000B0EE470A02D62120FFF7B2BF704700BF5D
:10AE100010B582B08DED000B044600F09FFE9DED55
:10AE2000000B046002B010BD0000000082B00028DA
:10AE3000B7EE006BBFEE007B06FE077B8DED007B5F
:10AE40009DED000B9FED037B222080EE070B02B0EF
:10AE5000FFF7DEBF0000000000000000B4EE400B72
:10AE6000F1EE10FA30EE407B87EE076BB0EE460B4A
:10AE700002D62120FFF7CCBF704700BF81F0004110
:10AE800002E000BF83F0004330B54FEA41044FEACF
:10AE9000430594EA050F08BF90EA020F1FBF54EA6A
:10AEA000000C55EA020C7FEA645C7FEA655C00F006
:10AEB000E2804FEA5454D4EB5555B8BF6D420CDDD7
:10AEC0002C4480EA020281EA030382EA000083EA5A
:10AED000010180EA020281EA0303362D88BF30BDFA
:10AEE00011F0004F4FEA01314FF4801C4CEA113150
:10AEF00002D0404261EB410113F0004F4FEA0333AF
:10AF00004CEA133302D0524263EB430394EA050F39
:10AF100000F0A780A4F10104D5F1200E0DDB02FAA8
:10AF20000EFC22FA05F2801841F1000103FA0EF23C
:10AF3000801843FA05F359410EE0A5F120050EF102
:10AF4000200E012A03FA0EFC28BF4CF0020C43FA33
:10AF500005F3C01851EBE37101F0004507D54FF040
:10AF6000000EDCF1000C7EEB00006EEB0101B1F590
:10AF7000801F1BD3B1F5001F0CD349085FEA3000D6
:10AF80004FEA3C0C04F101044FEA445212F5800FE1
:10AF900080F09A80BCF1004F08BF5FEA500C50F17E
:10AFA000000041EB045141EA050130BD5FEA4C0C61
:10AFB000404141EB0101013C28BFB1F5801FE9D2BE
:10AFC00091F0000F04BF01460020B1FA81F308BFE1
:10AFD0002033A3F10B03B3F120020CDA0C3208DDAD
:10AFE00002F1140CC2F10C0201FA0CF021FA02F188
:10AFF0000CE002F11402D8BFC2F1200C01FA02F1F8
:10B0000020FA0CFCDCBF41EA0C019040E41AA2BF1C
:10B0100001EB0451294330BD6FEA04041F3C1CDAE4
:10B020000C340EDC04F11404C4F1200220FA04F004
:10B0300001FA02F340EA030021FA04F345EA0301AE
:10B0400030BDC4F10C04C4F1200220FA02F001FA70
:10B0500004F340EA0300294630BD21FA04F02946F2
:10B0600030BD94F0000F83F4801306BF81F480118B
:10B070000134013D4EE77FEA645C18BF7FEA655CFE
:10B0800029D094EA050F08BF90EA020F05D054EAD0
:10B09000000C04BF1946104630BD91EA030F1EBFD5
:10B0A0000021002030BD5FEA545C05D140004941D9
:10B0B00028BF41F0004130BD14F580043CBF01F5CC
:10B0C000801130BD01F0004545F0FE4141F47001B2
:10B0D0004FF0000030BD7FEA645C1ABF194610468D
:10B0E0007FEA655C1CBF0B46024650EA013406BF8E
:10B0F00052EA033591EA030F41F4002130BD00BF4D
:10B1000090F0000F04BF0021704730B54FF4806409
:10B1100004F132044FF000054FF0000150E700BF8A
:10B1200090F0000F04BF0021704730B54FF48064E9
:10B1300004F1320410F0004548BF40424FF00001D6
:10B140003EE700BF42004FEAE2014FEA31014FEA19
:10B1500002701FBF12F07F4393F07F4F81F0605168
:10B16000704732F07F4208BF704793F07F4F04BFB3
:10B1700041F40021704730B54FF4607401F0004590
:10B1800021F000411CE700BF50EA010208BF7047F0
:10B1900030B54FF000050AE050EA010208BF7047E1
:10B1A00030B511F0004502D5404261EB41014FF44A
:10B1B000806404F132045FEA915C3FF4D8AE4FF052
:10B1C00003025FEADC0C18BF03325FEADC0C18BF35
:10B1D000033202EBDC02C2F1200300FA03FC20FA86
:10B1E00002F001FA03FE40EA0E0021FA02F11444D3
:10B1F000BDE600BF53B94AB9002908BF00281CBFEB
:10B200004FF0FF314FF0FF3000F070B9ADF1080C96
:10B210006DE904CE00F006F8DDF804E0DDE9022374
:10B2200004B070472DE9F047089E0D4604460F46CE
:10B23000002B4AD18A42944665D9B2FA82F343B1CF
:10B2400002FA03FCC3F120029F4020FA02F21743E6
:10B250009C404FEA1C4E1FFA8CF5B7FBFEF1220C06
:10B260000EFB117742EA074201FB05F090420AD932
:10B270001CEB020201F1FF3780F01C81904240F28A
:10B28000198102396244121AA4B2B2FBFEF00EFB1D
:10B29000102244EA024400FB05F5A5420AD91CEB42
:10B2A000040400F1FF3280F00781A54240F20481DE
:10B2B0006444023840EA0140641B00211EB1DC40B6
:10B2C0000023C6E90043BDE8F0878B4208D9002E71
:10B2D00000F0ED800021C6E900050846BDE8F087D2
:10B2E000B3FA83F1002949D1AB4202D3824200F282
:10B2F000F880841A65EB030201201746002EE2D085
:10B30000C6E90047DFE702B9FFDEB2FA82F3002B9D
:10B3100040F090808A1A4FEA1C471FFA8CFE0121E8
:10B32000B2FBF7F507FB1520220C42EA00420EFBA8
:10B3300005F0904208D91CEB020205F1FF3802D259
:10B34000904200F2CB804546121AA4B2B2FBF7F04D
:10B3500007FB102244EA02440EFB00FEA64508D972
:10B360001CEB040400F1FF3202D2A64500F2BB80C0
:10B370001046A4EB0E0440EA05409FE7C1F1200708
:10B380008B4022FA07FC4CEA030C05FA01F420FA80
:10B3900007F3FD404FEA1C492343B5FBF9F81FFAB8
:10B3A0008CFE09FB18551C0C44EA054408FB0EF5FD
:10B3B000A54202FA01F200FA01F00BD91CEB0404D9
:10B3C00008F1FF3A80F08880A54240F28580A8F11C
:10B3D00002086444641B9DB2B4FBF9F309FB1344F7
:10B3E00045EA044403FB0EFEA64508D91CEB040401
:10B3F00003F1FF356CD2A6456AD9023B644443EAA7
:10B400000843A3FB0295A4EB0E04AC42C846AE462B
:10B4100056D353D056B1B0EB080264EB0E0404FAD5
:10B4200007F7CA40CC401743C6E90074184600210C
:10B43000BDE8F087C3F1200102FA03FC20FA01F213
:10B4400025FA01F19D402A434FEA1C471FFA8CFE62
:10B45000B1FBF7F007FB1015110C41EA054100FBA9
:10B460000EF58D4204FA03F408D91CEB010100F13A
:10B47000FF382FD28D422DD902386144491B92B238
:10B48000B1FBF7F507FB151142EA014205FB0EF18E
:10B49000914208D91CEB020205F1FF3816D2914205
:10B4A00014D9023D6244521A45EA004138E7314658
:10B4B000304608E73946E6E61046FBE64845A9D29D
:10B4C000B9EB020865EB0C0E013BA3E74546EAE742
:10B4D0002B4694E74046D1E7D0467BE7023D6244E5
:10B4E00032E708460AE76444023842E7704700BF83
:10B4F000024B0146186800F00BB800BF9887002087
:10B50000024B0146186800F0EBBD00BF9887002091
:10B510002DE9F04F01F10B06162E83B0044624D816
:10B52000102900F2BA8000F0A3FA10261822022097
:10B53000B54F3A44A2F1080153688B4200F0BA803B
:10B540005A68D96822F003021A449D68E9608D6048
:10B55000516841F001012046516003F1080500F0F7
:10B560008DFA284603B0BDE8F08F36F0070600F1EB
:10B570009480B14200F2918000F07AFAB6F5FC7F37
:10B58000C0F09A81730A00F08F80042B00F26F8163
:10B59000B30903F1390003F1380CC3009A4F3B445F
:10B5A000A3F108055B689D4206D10CE0002980F2FA
:10B5B0002781DB689D4206D05A6822F00302911B66
:10B5C0000F29F3DD60463D69DFF850C265457CD048
:10B5D0006A6822F00302931B0F2B00F37B81002B80
:10B5E000C7E904CC80F26C81B2F5007F80F01A814B
:10B5F000D308796801334FEA521E012202FA0EF293
:10B600000A4357F833E0C5F808E007EBC3010839EF
:10B61000E9607A6047F83350CEF80C50831001216E
:10B620009940914257D8114206D120F003004900B9
:10B63000114200F10400FAD007EBC0094D468646DE
:10B64000D5F80C80454508D11DE1002B80F22481FE
:10B65000D8F80C80454500F01681D8F8042022F077
:10B660000302931B0F2BF0DD2046D8E9025408EBB0
:10B67000060146F00106C8F80460EC60A56043F0DE
:10B680000104C7E90411C1E902CC4C6048F802305A
:10B6900000F0F4F908F1080502E00C23236000250E
:10B6A000284603B0BDE8F08F4FF4007340204FF000
:10B6B0003F0C73E7D3689A4208BF02307FF440AF73
:10B6C0003D69DFF858C1654582D17A688310012150
:10B6D00099409142A7D9BD686B6823F003094E4594
:10B6E00003D8A9EB06030F2B7ADCDFF834B1474B04
:10B6F000DBF800201B680132334405EB090A00F037
:10B70000338103F580530F3323F47F6828F00F084B
:10B710004146204600F010FA411C024600F0F3803A
:10B72000824500F2EE803A4B1968414419600846A0
:10B7300000F04E81DBF80010019301311BBFA2EB3A
:10B740000A010918CBF80020196012F0070B00F06D
:10B750001781CBF108010A44CBF5805190440831A0
:10B76000A1EB0801C1F30B0A51462046009200F0FC
:10B77000E3F9421CDDE9002300F04F81801A00EB61
:10B780000A081968BA6048F001005144BD4250608F
:10B79000196000F02981B9F10F0F40F22781686824
:10B7A000A9F10C0C2CF0070C00F0010040EA0C0091
:10B7B00068604FF0050E05EB0C00BCF10F0FC0E9FF
:10B7C00001EE00F2328150681546124B1A688A4227
:10B7D00038BF1960104B1A688A4238BF196094E06C
:10B7E000AA1943F0010346F001066E602046BA60D4
:10B7F000536000F043F90835284603B0BDE8F08FE8
:10B80000D9681A44A1E600BF888300200C96002066
:10B81000DC950020049600200896002090830020EC
:10B8200090870020B2F5206F4FEA522363D3142B88
:10B8300000F2B78003F15C01C9005B3307EB010E36
:10B840007958AEF1080E8E4500F091804B6823F0D8
:10B850000303934202D989688E45F7D1D1F80CE0F1
:10B860007A68C5E9021ECEF80850CD60D6E6142BE2
:10B8700059D9542B00F29D80330B03F16F0003F173
:10B880006E0CC3008AE60EF1010E1EF0030F05F1E7
:10B8900008057FF4D5AE51E0424445465368D8F8D8
:10B8A0000C1043F00103536055F8083F2046D9605F
:10B8B0008B6000F0E3F8F3E6F00806F1080237E6E3
:10B8C0002A442046536843F001035360083500F0D2
:10B8D000D5F8E5E6A919204646F0010643F0010433
:10B8E0006E60C7E90411C1E902CC4C60AB5000F0B6
:10B8F000C5F80835D4E6930903F13901C900383396
:10B900009CE7BD425FD0BD68686820F003084645EB
:10B91000A8EB060302D80F2B3FF762AF204600F0DA
:10B92000ADF80025BCE603F15C0003F15B0CC3003D
:10B9300034E659F808394B4540F0968010F0030F73
:10B9400000F1FF30F5D17B6823EA01037B604900F9
:10B9500099423FF6C0AE19B9BDE649000EF1040E9A
:10B960001942FAD0704667E603F11008D0E69A1043
:10B970004FF001087B6808FA02F21A437A6070E718
:10B9800002EB08014942C1F30B0A514620460092DE
:10B9900000F0D2F8431CDDE900237FF4EFAEDA4675
:10B9A000EFE6542B25D8130B03F16F01C9006E335A
:10B9B00044E7B3F5AA7F25D8F30B03F1780003F130
:10B9C000770CC300EAE5294B186840441860B1E6DB
:10B9D000CAF30B0CBCF1000F7FF4ACAEBD68C844D9
:10B9E00048F001006860F0E61546EEE6012353607A
:10B9F00094E7B3F5AA7F23D8D30B03F17801C900EC
:10BA000077331BE740F25452934223D8B30C03F12F
:10BA10007D0003F17C0CC300C0E5ABF1080BD844FA
:10BA2000A8EB02084FF0000AABE605F1080120463A
:10BA3000009300F055FBBD68009B68681968C4E678
:10BA400040F254518B420BD8930C03F17D01C90095
:10BA50007C33F3E64FF47E737F204FF07E0C9DE540
:10BA60004FF47E717E23E9E67B6870E7DC95002069
:10BA7000014800F015BA00BFD8950020014800F039
:10BA800011BA00BFD8950020830730B548D0541EA6
:10BA9000002A3FD0CAB2034601E0013C3AD303F882
:10BAA000012B9D07F9D1032C2DD9CDB245EA0525EF
:10BAB0000F2C45EA054536D9A4F1100222F00F0CEF
:10BAC00003F1200EE6444FEA121C03F1100242E992
:10BAD000045542E9025510327245F8D10CF10102C9
:10BAE00014F00C0F03EB021204F00F0C13D0ACF1A6
:10BAF000040323F003030433134442F8045B93422A
:10BB0000FBD10CF003042CB1C9B21C4403F8011B97
:10BB10009C42FBD130BD64461346002CF4D1F9E7BA
:10BB200003461446BFE71A46A446E0E713460A4612
:10BB30000146022000F040BA38B5074D0022044605
:10BB400008462A60FBF7C0FE431C00D038BD2B68B6
:10BB5000002BFBD0236038BD08BC0020014B1868C7
:10BB6000704700BF98870020000000000000000020
:10BB7000000000000000000000000000A2EB030035
:10BB8000704700BF02780B78012A28BF9A42F5D18E
:10BB90006DE9044540EA0104CDE902676FF0000C4D
:10BBA0004FEA447212B380EA010414F0070F6AD11D
:10BBB00000F0070420F0070004F0030521F007015E
:10BBC0004FEAC505F0E8042314F0040FF1E8046718
:10BBD0000CFA05F462EA040266EA04060AD063EA93
:10BBE0000403624667EA0407664603E0F0E80423BC
:10BBF000F1E8046782FA4CF582EA0604A4FA8CF4B0
:10BC00006CBB83FA4CF583EA0705A5FA8CF595B968
:10BC100050E9022351E9026782FA4CF582EA0604F0
:10BC2000A4FA8CF483FA4CF583EA0705A5FA8CF59F
:10BC30002543DBD09CB92DBAB5FA85F424F007046E
:10BC400027FA04F1DDE9026723FA04F303F0FF00A9
:10BC500001F0FF01FDE80445A0EB0100704724BAA4
:10BC6000B4FA84F424F0070426FA04F1DDE902674B
:10BC700022FA04F202F0FF0001F0FF01FDE80445A2
:10BC8000A0EB0100704714F0030F3CD110F0030447
:10BC900028D150F8082B51F8083B82FA4CF582EA7B
:10BCA0000305A5FA8CF55DB950F8042C51F8043C55
:10BCB00082FA4CF582EA0305A5FA8CF5002DE8D04E
:10BCC0002DBAB5FA85F424F0070423FA04F122FA18
:10BCD00004F202F0FF0001F0FF01FDE80445A0EBD3
:10BCE000010070474FEAC40420F0030050F8082B0D
:10BCF00021F0030151F8083B0CFA04F462EA040253
:10BD000063EA0403C9E710F003041AD0A1EB0401AD
:10BD100020F00300E40750F8042B06D00FD28B78F4
:10BD20005FFAA2F4E41A06D12BB1CB785FFAB2F431
:10BD3000E41A00D11BB920465DF8104B704701F1A1
:10BD4000040150F8042BCC0721F0030151F8043B07
:10BD500048D824D222F07F4482FA4CF594EA132585
:10BD6000A5FA8CF50AD165B951F8043B84EA0204BE
:10BD7000B4EB036F0ED150F8042BEBE74FEA13231B
:10BD800055E035F07F454DD10878FDE80445C0F118
:10BD9000000070474FEA126203F0FF0347E002EA37
:10BDA0001C4482FA4CF594EA1345A5FA8CF50AD1A5
:10BDB00065B951F8043B84EA0204B4EB034F0CD19B
:10BDC00050F8042BEBE74FEA134330E015EA1C452B
:10BDD00028D10B884FEA124229E04FEA124203EAC7
:10BDE0001C4324E002F0FF0482FA4CF594EA136548
:10BDF000A5FA8CF50AD165B951F8043B84EA02042E
:10BE0000B4EB032F09D150F8042BEBE74FEA13638F
:10BE10000DE015F0FF0F05D10B684FEA122223F059
:10BE20007F4304E04FF00000FDE80445704712BA7C
:10BE30001BBA82FA4CF482EA0304A4FA8CF5B5FA30
:10BE400085F402FA04F203FA04F34FEA1260FDE803
:10BE50000445A0EB1360704770B50D4E0D4D761B79
:10BE6000B61006D0002455F8043B01349847A6428A
:10BE7000F9D1094E094D761B00F040FAB61006D0F4
:10BE8000002455F8043B01349847A642F9D170BD0F
:10BE9000D01D0060D01D0060F01D0060D01D00604E
:10BEA000704700BF704700BF0000000000000000A6
:10BEB0000000000000000000000000000000000082
:10BEC0000000000000000000000000000000000072
:10BED00000000000000000000000000090F800F0EA
:10BEE0006DE9024520F007016FF0000C10F0070427
:10BEF00091F820F040F049804FF000046FF0070007
:10BF0000D1E9002391F840F000F1080082FA4CF2E8
:10BF1000A4FA8CF283FA4CF3A2FA8CF34BBBD1E96E
:10BF2000022382FA4CF200F10800A4FA8CF283FAA0
:10BF30004CF3A2FA8CF3E3B9D1E9042382FA4CF270
:10BF400000F10800A4FA8CF283FA4CF3A2FA8CF305
:10BF50007BB9D1E9062301F1200182FA4CF200F10C
:10BF60000800A4FA8CF283FA4CF3A2FA8CF3002BAB
:10BF7000C6D0002A04BF04301A4612BAB2FA82F2BE
:10BF8000FDE8024500EBD2007047D1E9002304F040
:10BF90000305C4F100004FEAC50514F0040F91F841
:10BFA00040F00CFA05F562EA05021CBF63EA0503DE
:10BFB00062464FF00004A9E72DE9F047DFF87CA0C6
:10BFC0000646DAF8000098460F469146FFF768FFEC
:10BFD000184B1C6824B365681F2D24DC5EB96B1CEC
:10BFE0000235DAF80000636044F82570FFF75AFF65
:10BFF0000020BDE8F08704EB85010123C1F888909B
:10C00000D4F88821AB401A43022EC4F88821C1F825
:10C010000881E4D1D4F88C211A43C4F88C21DEE7DE
:10C02000054C1C60D7E7DAF80000FFF73BFF4FF044
:10C03000FF30DEE740940020449400207C83002001
:10C04000F8B5244F0C460646FFF712FDBB685D6845
:10C05000C4F57E610F3125F003054B1923F47F638E
:10C0600023F00F03A3F58054B4F5805F07DB0021B4
:10C070003046FFF761FDBB682B44984204D0304640
:10C08000FFF7FCFC0020F8BD61423046FFF754FD8D
:10C0900001300DD0104ABB682D1B45F001055D60D5
:10C0A000136830461B1B1360FFF7E8FC0120F8BD46
:10C0B00000213046FFF740FDBA68831A0F2BDEDD02
:10C0C00043F001035360054B03491B68C01A086025
:10C0D000D5E700BF88830020DC95002090870020F2
:10C0E000002961D0F8B50C460646FFF7C1FC54F8AC
:10C0F000042C7B4FA4F1080522F0010105EB010C93
:10C10000B868DCF80430604523F0030300F08B804E
:10C11000D207CCF8043032D454F8082CAD1A1144AC
:10C12000AA6807F1080082426AD00CEB0304D4F835
:10C1300004E0EC68D4601EF0010FA26000F097806C
:10C1400041F001036B60CCF80010B1F5007F35D2EF
:10C150007868CB080122490901338A40024357F825
:10C1600033107A6007EBC302083AC5E9021247F8B8
:10C170003350CD603046BDE8F840FFF77FBC0CEB94
:10C1800003025268D00710D4194407F10800DCF804
:10C190000830834273D0DCF80C20DA60936041F001
:10C1A00001036B606950D0E7704741F00103B1F5BE
:10C1B000007F44F8043CCCF80010C9D3B1F5206FDF
:10C1C0004FEA512348D28B0903F1390003F13802B9
:10C1D000C300F818FB580838984259D05A6822F022
:10C1E00003028A4202D99B689842F7D1D868C5E910
:10C1F00002308560DD603046BDE8F840FFF73EBCA8
:10C200000CEB03025268D20763D40B44DCE9021240
:10C21000CA60916043F001026A603046EB50BDE8AD
:10C22000F840FFF72BBC0B44D10707D454F8082C77
:10C23000AD1A1344D5E90212CA60916043F00102BD
:10C240006A60284ABD6012689A4293D8264B3046ED
:10C250001968FFF7F5FE8DE7142B0AD9542B1FD868
:10C260000B0B03F16F0003F16E02C300B1E7194439
:10C270008DE703F15C0003F15B02C300A9E741F025
:10C280000103C7E90455C5E902006B60695071E715
:10C2900079689210012404FA02F20A437A60A6E750
:10C2A000B3F5AA7F06D8CB0B03F1780003F1770230
:10C2B000C3008EE740F25452934206D88B0C03F130
:10C2C0007D0003F17C02C30083E74FF47E737E227E
:10C2D0007FE741F001036B60CCF800104AE700BF34
:10C2E00088830020948700200C9600205FF800F0DF
:10C2F000A51B00605FF800F0711600605FF800F0A9
:10C30000751D00605FF800F00D1D00605FF800F023
:0CC31000C51600600000000000000000E6
:04C31C00F8B500BFB1
:08C320002CDDFF7F010000008D
:10C328000000000000000000000000000000000005
:10C3380000000000000000000000000000000000F5
:10C3480000000000000000000000000000000000E5
:10C3580000000000000000000000000000000000D5
:10C3680000000000000000000000000000000000C5
:10C3780000000000000000000000000000000000B5
:10C3880000000000000000000000000000000000A5
:10C398000000000000000000000000000000000095
:10C3A8000000000000000000000000000000000085
:10C3B8000000000000000000000000000000000075
:10C3C8000000000000000000000000000000000065
:10C3D8000000000000000000000000000000000055
:10C3E8000000000000000000000000000000000045
:10C3F8000000000000000000000000000000000035
:10C408000000000000000000000000000000000024
:10C418000000000000000000000000000000000014
:10C428000000000000000000000000000000000004
:10C4380000000000000000000000000000000000F4
:10C4480000000000000000000000000000000000E4
:10C4580000000000000000000000000000000000D4
:10C4680000000000000000000000000000000000C4
:10C4780000000000000000000000000000000000B4
:10C4880000000000000000000000000000000000A4
:10C498000000000000000000000000000000000094
:10C4A8000000000000000000000000000000000084
:10C4B8000000000000000000000000000000000074
:10C4C8000000000000000000000000000000000064
:10C4D8000000000000000000000000000000000054
:10C4E8000000000000000000000000000000000044
:10C4F8000000000000000000000000000000000034
:10C508000000000000000000000000000000000023
:10C518000000000000000000000000000000000013
:10C528000000000000000000000000000000000003
:10C5380000000000000000000000000000000000F3
:10C5480000000000000000000000000000000000E3
:10C5580000000000000000000000000000000000D3
:10C5680000000000000000000000000000000000C3
:10C5780000000000000000000000000000000000B3
:10C5880000000000000000000000000000000000A3
:10C598000000000000000000000000000000000093
:10C5A8000000000000000000000000000000000083
:10C5B8000000000000000000000000000000000073
:10C5C8000000000000000000000000000000000063
:10C5D8000000000000000000000000000000000053
:10C5E8000000000000000000000000000000000043
:10C5F8000000000000000000000000000000000033
:10C608000000000000000000000000000000000022
:10C618000000000000000000000000000000000012
:10C628000000000000000000000000000000000002
:10C6380000000000000000000000000000000000F2
:10C6480000000000000000000000000000000000E2
:10C6580000000000000000000000000000000000D2
:10C6680000000000000000000000000000000000C2
:10C6780000000000000000000000000000000000B2
:10C6880000000000000000000000000000000000A2
:10C698000000000000000000000000000000000092
:10C6A800000000000000F03F748515D3B0D9EF3FBB
:10C6B8000F89F96C58B5EF3F515B12D00193EF3FEA
:10C6C8007B517D3CB872EF3FAAB968318754EF3F80
:10C6D8003862756E7A38EF3FE1DE1FF59D1EEF3F39
:10C6E80015B7310AFE06EF3FCBA93A37A7F1EE3F5F
:10C6F8002234124CA6DEEE3F2D89616008CEEE3F53
:10C70800272A36D5DABFEE3F824F9D562BB4EE3F2F
:10C71800295448DD07ABEE3F85553AB07EA4EE3F7D
:10C72800CD3B7F669EA0EE3F745FECE8759FEE3FC1
:10C738008701EB7314A1EE3F13CE4C9989A5EE3F08
:10C74800DBA02A42E5ACEE3FE5C5CDB037B7EE3FFA
:10C7580090F0A38291C4EE3F5D253EB203D5EE3F33
:10C76800ADD35A999FE8EE3F475EFBF276FFEE3F66
:10C778009C5285DD9B19EF3F6990EFDC2037EF3F36
:10C7880087A4FBDC1858EF3F5F9B7B33977CEF3F18
:10C79800DA90A4A2AFA4EF3F40456E5B76D0EF3F9E
:10C7A800000000000000E8429423914BF86AAC3F77
:10C7B800F3C4FA50CEBFCE3FD6520CFF422EE63F0E
:10C7C8000000000000003843FE822B6547154740F3
:10C7D8009423914BF86ABC3EF3C4FA50CEBF2E3F67
:10C7E800D6520CFF422E963FBEF3F879EC61F63F25
:10C7F8001930965BC6FEDEBF3D88AF4AED71F53F46
:10C80800A4FCD432680BDBBFB010F0F03995F43FCC
:10C818007BB71F0A8B41D7BF8503B8B095C9F33FD3
:10C828007BCF6D1AE99DD3BFA564880C190DF33F22
:10C8380031B6F2F39B1DD0BFA08E0B7B225EF23F78
:10C84800F07A3B1B1D7CC9BF3F341A4A4ABBF13FF3
:10C858009F3CAF93E3F9C2BFBAE58AF05823F13F92
:10C868005C8D78BFCB60B9BFA70099413F95F03F79
:10C87800CE5F47B69D6FAABF000000000000F03FE2
:10C888000000000000000000AC479AFD8C60EE3FFD
:10C898003DF5249FCA38B33FA06A021FB3A4EC3FFA
:10C8A800BA913854A976C43FE6FC6A573620EB3F64
:10C8B800D2E4C44A0B84CE3F2DAAA163D1C2E93F7A
:10C8C8001C65C6F04506D43FED417803E686E83F8F
:10C8D800F89F1B2C9C8ED83F624853F5DC67E73FD6
:10C8E800CC7BB14EA4E0DC3F4D7E0AF7B612D7BF31
:10C8F800E0326849BFCADE3FDEE3FA9F4715E7BF6B
:10C90800B8C8355F4715F73F0038FAFE422EE63FB4
:10C918003067C79357F32E3D010000000000E0BFC9
:10C928005B3051555555D53F9045EBFFFFFFCFBFC5
:10C938001101F124B399C93F9FC806E57555C5BFD4
:10C94800000000000000E0BF775555555555D53F0C
:10C95800CBFDFFFFFFFFCFBF0CDD95999999C93F2C
:10C96800A74567555555C5BF30DE44A32449C23F86
:10C97800653D42A4FFFFBFBFCAD62A288471BC3FC9
:10C98800FF68B043EB99B9BF85D0AFF78281B73F55
:10C99800CD45D1751352B5BF9FDEE0C3F034F73FE4
:10C9A8000090E6797FCCD7BF1FE92C6A7813F73F50
:10C9B80000000DC2EE6FD7BFA0B5FA0860F2F63FCF
:10C9C80000E05113E313D7BF7D8C131FA6D1F63FA8
:10C9D800007828385BB8D6BFD1B4C50B49B1F63F4B
:10C9E80000788090555DD6BFBA0C2F334791F63F3B
:10C9F80000001876D002D6BF234222189F71F63F56
:10CA080000909086CAA8D5BFD91EA5994F52F63F67
:10CA180000500356434FD5BFC4248FAA5633F63F60
:10CA280000406BC337F6D4BF14DC9D6BB314F63FDC
:10CA38000050A8FDA79DD4BF4C5CC65264F6F53FD4
:10CA480000A889399245D4BF4F2C91B567D8F53FD6
:10CA580000B8B039F4EDD3BFDE905BCBBCBAF53F7C
:10CA680000708F44CE96D3BF781AD9F2619DF53FF6
:10CA780000A0BD171E40D3BF875646125680F53F0B
:10CA8800008046EFE2E9D2BFD36BE7CE9763F53F6C
:10CA980000E030381B94D2BF937FA7E22547F53FCB
:10CAA8000088DA8CC53ED2BF83450642FF2AF53F8F
:10CAB80000902729E1E9D1BFDFBDB2DB220FF53FA6
:10CAC80000F8482B6D95D1BFD7DE34478FF3F43F7C
:10CAD80000F8B99A6741D1BF4028DECF43D8F43F68
:10CAE8000098EF94D0EDD0BFC8A378C03EBDF43F06
:10CAF8000010DB18A59AD0BF8A25E0C37FA2F43FB7
:10CB080000B86352E647D0BF3484D4240588F43F84
:10CB180000F0864522EBCFBF0B2D191BCE6DF43FDD
:10CB280000B017754A47CFBF541839D3D953F43FCB
:10CB38000030103D44A4CEBF5A84B444273AF43F91
:10CB480000B0E9440D02CEBFFBF81541B520F43F13
:10CB580000F07729A260CDBFB1F43EDA8207F43F36
:10CB68000090950401C0CCBF8FFE575D8FEEF33F58
:10CB7800001089562920CCBFE94C0BA0D9D5F33F2A
:10CB88000010818D1781CBBF2BC110C060BDF33F52
:10CB980000D0D3CCC9E2CABFB8DA752B24A5F33FBD
:10CBA8000090122E4045CABF02D09FCD228DF33F80
:10CBB80000F01D6877A8C9BF1C7A84C55B75F33F70
:10CBC800003048696D0CC9BFE236AD49CE5DF33F10
:10CBD80000C045A62071C8BF40D44D987946F33FA0
:10CBE800003014B48FD6C7BF24CBFFCE5C2FF33FE1
:10CBF8000070623CB83CC7BF490DA1757718F33F78
:10CC08000060379B9AA3C6BF90393E37C801F33FEF
:10CC180000A0B754310BC6BF41F895BB4EEBF23FAD
:10CC2800003024767D73C5BFD1A919020AD5F23F19
:10CC38000030C28F7BDCC4BF2AFDB7A8F9BEF23F23
:10CC48000000D2512C46C4BFAB1B0C7A1CA9F23F82
:10CC5800000083BC8AB0C3BF30B514607293F23F42
:10CC68000000496B991BC3BFF5A15757FA7DF23FE6
:10CC78000040A4905487C2BFBF3B1D9BB368F23FDE
:10CC880000A079F8B9F3C1BFBDF58F839D53F23F7A
:10CC980000A02C25C860C1BF3B08C9AAB73EF23F17
:10CCA8000020F7577FCEC0BFB640A92B012AF23F1C
:10CCB80000A0FE49DC3CC0BF3241CC967915F23F5A
:10CCC80000804BBCBD57BFBF9BFCD21D2001F23F6B
:10CCD800004040960837BEBF0B484D49F4ECF13F81
:10CCE8000040F93E9817BDBF69658F52F5D8F13FEE
:10CCF80000A0D84E67F9BBBF7C7E571123C5F13F12
:10CD080000602F2079DCBABFE926CB747CB1F13FF3
:10CD1800008028E7C3C0B9BFB61A2C0C019EF13FAA
:10CD280000C072B346A6B8BFBD70B67BB08AF13FEB
:10CD38000000ACB3018DB7BFB6BCEF258A77F13FD1
:10CD480000003845F174B6BFDA314C358D64F13FD7
:10CD58000080876D0E5EB5BFDD5F2790B951F13F4A
:10CD680000E0A1DE5C48B4BF4CD232A40E3FF13FD4
:10CD780000A06A4DD933B3BFDAF910728B2CF13F9A
:10CD88000060C5F87920B2BF31B5EC28301AF13F00
:10CD980000206298460EB1BFAF3484DAFB07F13F3A
:10CDA8000000D26A6CFAAFBFB36B4E0FEEF5F03FDE
:10CDB8000040774A8DDAADBFCE9F2A5D06E4F03F8A
:10CDC800000085E4ECBCABBF21A52C6344D2F03F46
:10CDD80000C0124089A1A9BF1A98E27CA7C0F03F01
:10CDE80000C002335888A7BFD136C6832FAFF03FA3
:10CDF8000080D6675E71A5BF3913A098DB9DF03F10
:10CE0800008065498A5CA3BFDFE752AFAB8CF03F77
:10CE180000401564E349A1BFFB284E2F9F7BF03FDC
:10CE28000080EB82C0729EBF198F358CB56AF03FC7
:10CE380000805252F1559ABF2CF9ECA5EE59F03FFB
:10CE4800008081CF623D96BF902CD1CD4949F03FFB
:10CE58000000AA8CFB2892BFA9ADF0C6C638F03FE7
:10CE68000000F9207B318CBFA93279136528F03F87
:10CE78000000AA5D351984BF4873EA272418F03FDB
:10CE88000000ECC2031278BF95B114060408F03F05
:10CE980000002479090460BF1AFA26F71FE0EF3F63
:10CEA80000009084F3EF6F3F74EA61C21CA1EF3F6A
:10CEB80000003D3541DC873F2E9981B01063EF3F7C
:10CEC8000080C2C4A3CE933FCDADEE3CF625EF3F24
:10CED80000008914C19F9B3FE7139103C8E9EE3F07
:10CEE800000011CED8B0A13FABB1CB7880AEEE3FF9
:10CEF80000C001D05B8AA53F9B0C9DA21A74EE3F2F
:10CF08000080D840835CA93FB5990A83913AEE3FE7
:10CF1800008057EF6A27AD3F569A6009E001EE3F5F
:10CF280000C098E59875B03F98BB77E501CAED3F1A
:10CF380000200DE3F553B23F03917C0BF292ED3FD5
:10CF48000000388BDD2EB43FCE5CFB66AC5CED3F59
:10CF580000C057875906B63F9DDE5EAA2C27ED3FD5
:10CF680000006A3576DAB73FCD2C6B3E6EF2EC3FA7
:10CF780000601C4E43ABB93F0279A7A26DBEEC3FDF
:10CF880000600DBBC778BB3F6D08376D268BEC3F43
:10CF98000020E7321343BD3F04585DBD9458EC3F71
:10CFA8000060DE71310ABF3F8C9FBB33B526EC3F72
:10CFB8000040912B1567C03F3FE7ECEE83F5EB3F50
:10CFC80000B092828547C13FC196DB75FDC4EB3F37
:10CFD8000030CACD6E26C23F284A860C1E95EB3F0C
:10CFE8000050C5A6D703C33F2C3EEFC5E265EB3F13
:10CFF8000010333CC3DFC33F8B88C9674837EB3F1A
:10D0080000807A6B36BAC43F4A301D214B09EB3F8A
:10D0180000F0D1283993C53F7EEFF285E8DBEA3F7F
:10D0280000F01824CD6AC63FA23D60311DAFEA3F2B
:10D03800009066ECF840C73FA758D33FE682EA3F26
:10D0480000F01AF5C015C83F8B7309EF4057EA3F47
:10D058000080F65429E9C83F274BAB902A2CEA3FB9
:10D068000040F80236BBC93FD1F29313A001EA3F52
:10D0780000002C1CED8BCA3F1B3CDB249FD7E93FEB
:10D0880000D0015C515BCB3F90B1C70525AEE93FAD
:10D0980000C0BCCC6729CC3F2FCE97F22E85E93F44
:10D0A800006048D535F6CC3F754BA4EEBA5CE93F35
:10D0B80000C04634BDC1CD3F3848E79DC634E93F7E
:10D0C80000E0CFB8018CCE3FE652672F4F0DE93F05
:10D0D800009017C00955CF3F9DD7FF8E52E6E83F15
:10D0E80000B81F126C0ED03F7C00CC9FCEBFE83F2B
:10D0F80000D0930EB871D03F0EC3BEDAC099E83F96
:10D108000070869E6BD4D03FFB1723AA2774E83F94
:10D1180000D04B338736D13F089AB3AC004FE83F75
:10D12800004823670D98D13F553E65E8492AE83FF6
:10D138000080CCE0FFF8D13F6002F4950106E83F9B
:10D14800006863D75F59D23F29A3E06325E2E73F30
:10D1580000A8140930B9D23FADB5DC77B3BEE73FBC
:10D16800006043107218D33FC2259767AA9BE73F18
:10D178000018EC6D2677D33F570617F20779E73F7B
:10D188000030AFFB4FD5D33F0C13D6DBCA56E73F71
:10D1980000E02FE3EE32D43FBEF3F879EC61F63FBE
:10D1A8001930965BC6FEDEBF3D88AF4AED71F53F8C
:10D1B800A4FCD432680BDBBFB010F0F03995F43F13
:10D1C8007BB71F0A8B41D7BF8503B8B095C9F33F1A
:10D1D8007BCF6D1AE99DD3BFA564880C190DF33F69
:10D1E80031B6F2F39B1DD0BFA08E0B7B225EF23FBF
:10D1F800F07A3B1B1D7CC9BF3F341A4A4ABBF13F3A
:10D208009F3CAF93E3F9C2BFBAE58AF05823F13FD8
:10D218005C8D78BFCB60B9BFA70099413F95F03FBF
:10D22800CE5F47B69D6FAABF000000000000F03F28
:10D238000000000000000000AC479AFD8C60EE3F43
:10D248003DF5249FCA38B33FA06A021FB3A4EC3F40
:10D25800BA913854A976C43FE6FC6A573620EB3FAA
:10D26800D2E4C44A0B84CE3F2DAAA163D1C2E93FC0
:10D278001C65C6F04506D43FED417803E686E83FD5
:10D28800F89F1B2C9C8ED83F624853F5DC67E73F1C
:10D29800CC7BB14EA4E0DC3F0B6E49C91676D23F79
:10D2A8007AC675A06919D7BFDDBAA76C0AC7DE3F71
:10D2B800C8F6BE484715E7BF2BB82A654715F73F9C
:10D2C800000000000000F03F000000000000F0BF78
:10D2D800000000000000F0BF000000000000F03F68
:10D2E80083C8C96D305F6441182D4454FB21F93F50
:10D2F800000000000000F03F1C620CFDFFFFDFBFD4
:10D30800198F06E15355A53F9D359AE887C056BF4A
:10D31800C3F87B024393F93E03A695595455C5BFFC
:10D32800C40B23057610813F24CF7437EB9429BFB3
:10D33800000000000000F03F000000000000F0BF07
:10D34800000000000000F0BF000000000000F03FF7
:10D3580083C8C96D305F6441182D4454FB21F93FDF
:10D36800000000000000F0BF1C620CFDFFFFDF3F63
:10D37800198F06E15355A5BF9D359AE887C0563FDA
:10D38800C3F87B024393F9BE03A695595455C5BF0C
:10D39800C40B23057610813F24CF7437EB9429BF43
:10D3A800050000000A0000000A0000001900000043
:10D3B80032000000B07B0020847C0020947C002098
:10D3C800907A0020A07C0020A47C0020187C0020FB
:10D3D800207C00202C7C0020387C0020407C002011
:10D3E8004C7C0020547C0020687C00207C7C002041
:10D3F800787B00207C7B00202C170020807B00207D
:10D40800847B0020887B00208C7B0020907B002080
:10D41800947B0020987B00209C7B0020A07B002030
:10D42800DC7B0020EC7B0020FC7B0020A07A002025
:10D438000C7C0020A47B0020CC7B0020C07B00203B
:10D44800A47B0020A47B0020B07B0020C07B0020B0
:10D45800A47B00200000240348066A098C0CAB0F4B
:10D46800C812E215F9180B1C1A1F23222825262892
:10D478001F2B112EFB30DF33BA368C39563C173F41
:10D48800CE417A441C47B4493F4CBF4E33519B535D
:10D49800F5554258825AB35CD75EEB60F162E86496
:10D4A800CF66A6686D6A236CC96D5E6FE2705472B0
:10D4B800B573047541766B77847889797C7A5C7B5F
:10D4C800297CE37C897D1D7E9C7E097F617FA67F08
:10D4D800D87FF57FFF7FF57FD87FA67F617F097FA3
:10D4E8009C7E1D7E897DE37C297C5C7B7C7A8979A6
:10D4F80084786B7741760475B5735472E2705E6F09
:10D50800C96D236C6D6AA668CF66E864F162EB604A
:10D51800D75EB35C825A4258F5559B533351BF4E80
:10D528003F4CB4491C477A44CE41173F563C8C398E
:10D53800BA36DF33FB30112E1F2B2628282523224D
:10D548001A1F0B1CF918E215C812AB0F8C0C6A09CC
:10D55800480624030000DCFCB8F996F674F355F08D
:10D5680038ED1EEA07E7F5E3E6E0DDDDD8DADAD7DD
:10D57800E1D4EFD105CF21CC46C974C6AAC3E9C00E
:10D5880032BE86BBE4B84CB6C1B341B1CDAE65ACD2
:10D598000BAABEA77EA54DA329A1159F0F9D189B79
:10D5A80031995A979395DD933792A2901E8FAC8D3F
:10D5B8004B8CFC8ABF8995887C8777868485A48470
:10D5C800D7831D837782E3816481F7809F805A80A7
:10D5D80028800B8001800B8028805A809F80F780EC
:10D5E8006481E38177821D83D783A48484857786C9
:10D5F8007C879588BF89FC8A4B8CAC8D1E8FA29046
:10D608003792DD9393955A973199189B0F9D159FE3
:10D6180029A14DA37EA5BEA70BAA65ACCDAE41B18D
:10D62800C1B34CB6E4B886BB32BEE9C0AAC374C65F
:10D6380046C921CC05CFEFD1E1D4DAD7D8DADDDD80
:10D64800E6E0F5E307E71EEA38ED55F074F396F6E1
:10D65800B8F9DCFC000000005C7B0020687B00203F
:10D66800707B0020287B0020347B00203C7B00203E
:10D67800447B00204C7B0020547B0020047B00204E
:10D688000C7B0020147B00201C7B00203D3D3D20AE
:10D6980054696D6520746F20726567656E3A200065
:10D6A800203D3D3D3D3D3D3D3D3D3D3D3D3D3D3DBF
:10D6B800000000002D2D2D20426C6F73736F6D20BC
:10D6C8002D2D2D00426C6F73736F6D3A2000000092
:10D6D8004441484F4E20284C6561662900000000EF
:10D6E80042495455494E202852616469616C2900A9
:10D6F800414C4F4E202857617665290042554E44CB
:10D708004F4B20284D6F756E7461696E29000000BB
:10D71800556E6B6E6F776E00536B656C6574616CDC
:10D728000000000052616E646F6D0000436F6E74FC
:10D738006F7572004F7468657200000053747261EF
:10D74800696768740000000042726F6B656E0000C4
:10D758005265737400000000526576657273650047
:10D768005061747465726E206E6F2E004368616F2D
:10D7780073000000426C6F73736F6D20536F756E8A
:10D78800643A204D4F525048202844696365200070
:10D79800292000002062616E6B200000202D2000EF
:10D7A8004E6F697365204D6F64653A204E2F4100B6
:10D7B8002D2D2D204D75736963202D2D2D00000012
:10D7C8004B65793A200000006D7300004E6F746558
:10D7D800733A20002C20000043757272656E742025
:10D7E8006E6F7465202861637469766520616C6763
:10D7F8006F726974686D293A2000000020487A2009
:10D808002800000020205B616C673A2000000000BF
:10D818005D00000050756E637475726520696E64F2
:10D8280065783A200000000050756E637475726563
:10D8380020696E6465783A204E2F41002D2D2D20E9
:10D8480042617373202D2D2D000000004261737317
:10D85800205061747465726E3A200000202D2045B6
:10D868004E41424C4544000042617373205061743C
:10D878007465726E3A2044495341424C4544000055
:10D888002D2D2D204861726D6F6E79202D2D2D0064
:10D898004861726D6F6E79313A2000004861726D8F
:10D8A8006F6E79323A2000002D2D2D204C445220E5
:10D8B8002D2D2D004C44522056616C75653A200080
:10D8C8005468726573686F6C643A20004348414F2E
:10D8D8005320283E3D20302E3935290048494748F5
:10D8E80020283E3D20302E39342900004D4544493A
:10D8F800554D20283E3D20302E37342900000000A9
:10D908004C4F5720283E3D20302E36342900000049
:10D918004441524B20283E3D20302E34322900000D
:10D9280056455259204441524B20283C20302E3431
:10D9380032290000594553004E4F00004F4646001B
:10D948004F4E00000A3D3D3D204C4452204566663E
:10D958006563747320537461747573203D3D3D0095
:10D96800526177204C44523A20000000536D6F6F8B
:10D9780074686564204C44523A200000446562751E
:10D9880067206C6F6767696E673A20003D3D3D3DD3
:10D998003D3D3D3D3D3D3D3D3D3D3D3D3D3D3D3DAF
:10D9A8003D3D3D3D0A0000004861726D6F6E793261
:10D9B800206F766572726964652061637469766543
:10D9C8003A2000004861726D6F6E7931206F76657C
:10D9D8007272696465206163746976653A20000033
:10D9E80042617373206F7665727269646520616342
:10D9F800746976653A2000004465627567206D6F2A
:10DA0800646520636F6E66696775726564202D2092
:10DA180055736572206F76657272696465732061EB
:10DA280070706C69656400006D7574656420287396
:10DA38006F6C6F2900000000534F4C4F000000002E
:10DA480061637469766500004D55544544000000D3
:10DA58000A3D3D3D2043757272656E7420446562CF
:10DA6800756720436F6E66696775726174696F6E5A
:10DA7800203D3D3D00000000467265657665726296
:10DA8800202872657665726231293A20000000000C
:10DA9800202000000A506172616D65746572204F24
:10DAA80076657272696465733A0000002020526FCF
:10DAB8006F743A200000000020205363616C653ABF
:10DAC80020000000202054656D706F3A200000008F
:10DAD8002020426C6F73736F6D20547970653A2003
:10DAE800000000002020416C676F726974686D3A0D
:10DAF8002000000020204D6F64653A2000000000DF
:10DB080020205061747465726E3A20002020286EBF
:10DB18006F6E6529000000000A4D6978657220471C
:10DB280061696E204F76657272696465733A0000A8
:10DB38002020426173736973743A20002020486181
:10DB4800726D6F6E79313A20000000002020486124
:10DB5800726D6F6E79323A20000000002020426C0E
:10DB68006F73736F6D3A200020204E6F69736531B3
:10DB780020284C293A20000020204E6F6973653216
:10DB8800202852293A200000202042697264732F0D
:10DB98004472756D733A20003D3D3D3D3D3D3D3D30
:10DBA8003D3D3D3D3D3D3D3D3D3D3D3D3D3D3D3D9D
:10DBB8003D3D3D3D3D3D3D3D3D3D3D0A00000000B4
:10DBC800566F696365205374617475733A00000079
:10DBD8004672656576657262206D7574653A2000D7
:10DBE800426C6F73736F6D20646961676E6F7374D5
:10DBF80069637320000000003E3E3E204348414FC9
:10DC080053206D6F6465206163746976617465641F
:10DC1800202835207365636F6E6473290000000047
:10DC28003E3E3E204C445220636F6E74726F6C6CA3
:10DC3800696E67204348414F53202873757070728E
:10DC480065737320686F746B657929000A3D3D3DE3
:10DC58002053657269616C20436F6D6D616E6473EA
:10DC6800203D3D3D00000000442F64202D20546FCE
:10DC780067676C65204C4452206465627567206C48
:10DC88006F6767696E670000422F62202D20546F0E
:10DC980067676C65204C44522042617373206F762D
:10DCA8006572726964650000312020202D20546F50
:10DCB80067676C65204C4452204861726D6F6E79BD
:10DCC80031206F7665727269646500003220202009
:10DCD8002D20546F67676C65204C44522048617250
:10DCE8006D6F6E7932206F766572726964650000B7
:10DCF8004C2F6C202D205072696E74204C44522099
:10DD08007374617475730000532F73202D20507243
:10DD1800696E742073797374656D2073746174759A
:10DD280073000000432F63202D205072696E742009
:10DD3800646562756720636F6E666967000000003E
:10DD4800522F72202D20546F67676C65207265769C
:10DD5800657262206D7574652028667265657665E2
:10DD6800726231206F75747075742900472F6720AF
:10DD78002D20546F67676C6520626C6F73736F6DCD
:10DD880020646961676E6F737469637300000000D3
:10DD9800582F78202D205472696767657220434890
:10DDA800414F53206D6F64652070726576696577A1
:10DDB800202835207365632900000000482F682F4C
:10DDC8003F202D2053686F77207468697320686539
:10DDD8006C7000003D3D3D3D3D3D3D3D3D3D3D3D83
:10DDE8003D3D3D3D3D3D3D3D3D3D0A00556E6B6E23
:10DDF8006F776E20636F6D6D616E643A2027000047
:10DE080027202D205072657373204820666F72207A
:10DE180068656C7000000000726F6F74000000008D
:10DE2800526F6F74206E6F74653A20007363616C73
:10DE3800650000005363616C653A200074656D707D
:10DE48006F00000054656D706F3A2000626C6F734C
:10DE5800736F6D5F7479706500000000426C6F73BA
:10DE6800736F6D20747970653A200000616C676F7C
:10DE780000000000416C676F726974686D3A200099
:10DE88006D6F6465000000004D6F64653A20000006
:10DE98007061747465726E005061747465726E3A64
:10DEA80020000000626C6F73736F6D5F736F756E27
:10DEB80064000000426C6F73736F6D20536F756E52
:10DEC800643A20006E6F6973655F6D6F646500006A
:10DED8004E6F697365204D6F64653A20000000003D
:10DEE800626173736973745F64696365000000003D
:10DEF800626173736973745F736F756E6400000099
:10DF08004261737369737420536F756E643A2000AD
:10DF18006861726D6F6E79315F64696365000000D6
:10DF28006861726D6F6E79315F736F756E64000032
:10DF38004861726D6F6E793120536F756E643A2047
:10DF4800000000006861726D6F6E79325F6469630A
:10DF5800650000006861726D6F6E79325F736F756E
:10DF68006E6400004861726D6F6E793220536F7570
:10DF78006E643A20000000004C44522042617373E2
:10DF8800206F766572726964652028554920666C31
:10DF98006167206F6E6C79293A2000004E6F7465B6
:10DFA8003A2061637475616C2042617373206F76E7
:10DFB80065727269646520697320636F6D70696C3E
:10DFC800652D74696D65206F6E6C792E20526562BF
:10DFD80075696C6420746F206170706C792E000014
:10DFE8004C4452206465627567206C6F6767696E80
:10DFF800672028554920666C6167206F6E6C792907
:10E008003A2000004E6F74653A2061637475616C44
:10E01800204C4452206465627567206C6F6767699D
:10E028006E6720697320636F6E74726F6C6C6564C1
:10E0380020617420636F6D70696C652D74696D65FE
:10E048002E0000004D6F72706820656E61626C650D
:10E05800643A2062616E6B3D0000000020616D70C3
:10E068003D0000004C4452204861726D6F6E79315A
:10E07800206F766572726964652028554920666C40
:10E088006167206F6E6C79293A2000004E6F7465C5
:10E098003A2061637475616C204861726D6F6E79A6
:10E0A80031206F7665727269646520697320636FC9
:10E0B8006D70696C652D74696D65206F6E6C792E55
:10E0C8002052656275696C6420746F206170706C91
:10E0D800792E00004C4452204861726D6F6E79327F
:10E0E800206F766572726964652028554920666CD0
:10E0F8006167206F6E6C79293A2000004E6F746555
:10E108003A2061637475616C204861726D6F6E7935
:10E1180032206F7665727269646520697320636F57
:10E128006D70696C652D74696D65206F6E6C792EE4
:10E138002052656275696C6420746F206170706C20
:10E14800792E000032000000330000003400000087
:10E1580035000000360000003700000038000000DD
:10E16800390000003A0000003B0000003C000000BD
:10E178003D0000003E0000006C4F00206C4F002066
:10E18800805900205443002004000000807A0020B9
:10E198008059002080590020544300206C4F0020F3
:10E1A80004000000887A00205443002054430020D3
:10E1B800805900206C4F002004000000907A002055
:10E1C80038350020483D002038350020483D0020E3
:10E1D80004000000987A002014230020242B00203B
:10E1E80014230020242B002004000000A07A002023
:10E1F8009061002090610020805900205443002045
:10E2080004000000A87A0020805900205443002010
:10E218006C4F00201423002004000000B07A002076
:10E2280014230020242B002038350020483D0020EE
:10E2380004000000B87A00207453002074530020B2
:10E24800885D00206049002004000000807A0020DA
:10E25800885D0020885D00206049002074530020FC
:10E2680004000000887A00206049002060490020EE
:10E27800885D00207453002004000000907A00207C
:10E288003C3700204C3F00203C3700204C3F00200A
:10E2980004000000987A0020182500202C2F002068
:10E2A800182500202C2F002004000000A07A002050
:10E2B8009463002094630020885D0020604900205A
:10E2C80004000000A87A0020885D00206049002032
:10E2D800745300201825002004000000B07A0020A4
:10E2E800182500202C2F00203C3700204C3F002010
:10E2F80004000000B87A00207855002078550020E6
:10E308008C5F0020644B002004000000807A00200D
:10E318008C5F00208C5F0020644B00207855002023
:10E3280004000000887A0020644B0020644B002021
:10E338008C5F00207855002004000000907A0020AF
:10E348004039002050410020403900205041002031
:10E3580004000000987A00201C270020303100209B
:10E368001C2700203031002004000000A07A002083
:10E3780098650020986500208C5F0020644B002081
:10E3880004000000A87A00208C5F0020644B002065
:10E39800785500201C27002004000000B07A0020D7
:10E3A8001C27002030310020403900205041002037
:10E3B80004000000B87A00200100000001000000FD
:10E3C8000100000001000000010000010000010040
:10E3D8000100010001000000010000000000010030
:10E3E800010000010100000001010000010000001F
:10E3F8000100000000000000010000000101000011
:10E4080001000100010001000100010001000100FC
:10E4180001000001000000000000003F00000000B3
:10E4280000000040000080400000C04000000041A3
:10E438004D004B0CB118FE25D332993F2F4BD855C0
:10E44800F05EBB66956CE56F20710970A76C176765
:10E45800945F4F568B4BC23F8B332927E71A3B0FEC
:10E468006D04FFFA0EF391ECBAE7DAE4A9E3A6E447
:10E47800ABE750EC63F254F9C4001508EB0E5715DE
:10E488002F1B13209524E428542DF831D7362F3C20
:10E49800D342904A6253E25C31667E6F7177277D82
:10E4A800E57F9E7F5F7C6376446E87647559404E36
:10E4B8009C426137B42CCD21AD17C20E69071EFFEF
:10E4C80065F806F2BAEB3AE675DEAAD697CC5DC3D4
:10E4D8009DBB14B327AE61AA9BA880A8EFA82EAB5A
:10E4E800B5AD64B081B481B9E1BD98C3EACA0DD3B2
:10E4F8008FDCB1E7B1F229FFAD0A9A13C01BC72020
:10E508005F235024AF2063194810CB05E4FBC2F108
:10E518002EE8F1DF42DB23DAE6DA5ADCB1DD34E05B
:10E5280055E254E346E394E1B3DE66DA1CD373C9DB
:10E5380008C023B9A1B447B112AFABAF77B414BDCB
:10E548001BC87CD3B4DE1BEACEF2BAF728FAFAF974
:10E558009FF744F488EFE2EA87EAB7EE80F68D0089
:10E56800DE0BDD17D423932D833408396B3A6F39CA
:10E57800FD35223082295F23DD1D00199513B10E68
:10E588004F0CD20B3E0CE00C620D530F1F12F61409
:10E59800DA17C21AAB1E7F23BD27A52AB02CBA2DC5
:10E5A800A12D792BF626AD1FB216990C210135F550
:10E5B80062E98EDEFBD4FDCC79C784C5C8C7FFCC21
:10E5C800F0D36FDC0CE680F0BCFAA6031F0BFA1040
:10E5D800FB15041ACA1C011F5420FB20A1201E1E73
:10E5E800101A3E157D0FD9095A047AFFE7FB51F935
:10E5F800F8F74FF77AF722F815F8DDF64DF489F0B9
:10E6080022ECA6E711E399DE0FDB5FD8EDD6CDD675
:10E6180041D794D8DEDA1BDE57E169E4EBE612E96C
:10E628007BEA14EBB2EA4EEACCEA6BEC45F0E7F58C
:10E638004D0000004D004B0CB118FE25D332993F18
:10E648002F4BD855F05EBB66956CE56F207109704D
:10E65800A76C1767945F4F568B4BC23F8B332927A4
:10E66800E71A3B0F6D04FFFA0EF391ECBAE7DAE410
:10E67800A9E3A6E4ABE750EC63F254F9C40015082B
:10E68800EB0E57152F1B13209524E428542DF83131
:10E69800D7362F3CD342904A6253E25C31667E6F94
:10E6A8007177277DE57F9E7F5F7C6376446E876404
:10E6B8007559404E9C426137B42CCD21AD17C20E1E
:10E6C80069071EFF65F806F2BAEB3AE675DEAAD6C8
:10E6D80097CC5DC39DBB14B327AE61AA9BA880A845
:10E6E800EFA82EABB5AD64B081B481B9E1BD98C3D4
:10E6F800EACA0DD38FDCB1E7B1F229FFAD0A9A134C
:10E70800C01BC7205F235024AF2063194810CB05D6
:10E71800E4FBC2F12EE8F1DF42DB23DAE6DA5ADC69
:10E72800B1DD34E055E254E346E394E1B3DE66DA62
:10E738001CD373C908C023B9A1B447B112AFABAF9A
:10E7480077B414BD1BC87CD3B4DE1BEACEF2BAF78B
:10E7580028FAFAF99FF744F488EFE2EA87EAB7EE75
:10E7680080F68D00DE0BDD17D423932D8334083912
:10E778006B3A6F39FD35223082295F23DD1D001980
:10E788009513B10E4F0CD20B3E0CE00C620D530FDB
:10E798001F12F614DA17C21AAB1E7F23BD27A52A4B
:10E7A800B02CBA2DA12D792BF626AD1FB216990CD7
:10E7B800210135F562E98EDEFBD4FDCC79C784C52D
:10E7C800C8C7FFCCF0D36FDC0CE680F0BCFAA60318
:10E7D8001F0BFA10FB15041ACA1C011F5420FB203A
:10E7E800A1201E1E101A3E157D0FD9095A047AFF62
:10E7F800E7FB51F9F8F74FF77AF722F815F8DDF645
:10E808004DF489F022ECA6E711E399DE0FDB5FD81F
:10E81800EDD6CDD641D794D8DEDA1BDE57E169E4D0
:10E82800EBE612E97BEA14EBB2EA4EEACCEA6BECCF
:10E8380045F0E7F54D0000004D004B0CB118FE25E2
:10E84800D332993F2F4BD855F05EBB66956CE56F78
:10E8580020710970A76C1767945F4F568B4BC23FA6
:10E868008B332927E71A3B0F6D04FFFA0EF391EC5F
:10E87800BAE7DAE4A9E3A6E4ABE750EC63F254F9AB
:10E88800C4001508EB0E57152F1B13209524E428F8
:10E89800542DF831D7362F3CD342904A6253E25C6C
:10E8A80031667E6F7177277DE57F9E7F5F7C63761B
:10E8B800446E87647559404E9C426137B42CCD2113
:10E8C800AD17C20E69071EFF65F806F2BAEB3AE605
:10E8D80075DEAAD697CC5DC39DBB14B327AE61AADB
:10E8E8009BA880A8EFA82EABB5AD64B081B481B960
:10E8F800E1BD98C3EACA0DD38FDCB1E7B1F229FFB5
:10E90800AD0A9A13C01BC7205F235024AF20631998
:10E918004810CB05E4FBC2F12EE8F1DF42DB23DA35
:10E92800E6DA5ADCB1DD34E055E254E346E394E13B
:10E93800B3DE66DA1CD373C908C023B9A1B447B1E2
:10E9480012AFABAF77B414BD1BC87CD3B4DE1BEADF
:10E95800CEF2BAF728FAFAF99FF744F488EFE2EA18
:10E9680087EAB7EE80F68D00DE0BDD17D423932DF2
:10E97800833408396B3A6F39FD35223082295F2399
:10E98800DD1D00199513B10E4F0CD20B3E0CE00C97
:10E99800620D530F1F12F614DA17C21AAB1E7F232B
:10E9A800BD27A52AB02CBA2DA12D792BF626AD1F8F
:10E9B800B216990C210135F562E98EDEFBD4FDCC47
:10E9C80079C784C5C8C7FFCCF0D36FDC0CE680F0EC
:10E9D800BCFAA6031F0BFA10FB15041ACA1C011F68
:10E9E8005420FB20A1201E1E101A3E157D0FD909A8
:10E9F8005A047AFFE7FB51F9F8F74FF77AF722F84C
:10EA080015F8DDF64DF489F022ECA6E711E399DE5E
:10EA18000FDB5FD8EDD6CDD641D794D8DEDA1BDE32
:10EA280057E169E4EBE612E97BEA14EBB2EA4EEA55
:10EA3800CCEA6BEC45F0E7F54D0000004D004B0CBF
:10EA4800B118FE25D332993F2F4BD855F05EBB66DF
:10EA5800956CE56F20710970A76C1767945F4F5626
:10EA68008B4BC23F8B332927E71A3B0F6D04FFFA04
:10EA78000EF391ECBAE7DAE4A9E3A6E4ABE750ECCD
:10EA880063F254F9C4001508EB0E57152F1B132019
:10EA98009524E428542DF831D7362F3CD342904A98
:10EAA8006253E25C31667E6F7177277DE57F9E7FDA
:10EAB8005F7C6376446E87647559404E9C4261372B
:10EAC800B42CCD21AD17C20E69071EFF65F806F2FA
:10EAD800BAEB3AE675DEAAD697CC5DC39DBB14B3F4
:10EAE80027AE61AA9BA880A8EFA82EABB5AD64B0ED
:10EAF80081B481B9E1BD98C3EACA0DD38FDCB1E70F
:10EB0800B1F229FFAD0A9A13C01BC7205F23502416
:10EB1800AF2063194810CB05E4FBC2F12EE8F1DF02
:10EB280042DB23DAE6DA5ADCB1DD34E055E254E3BD
:10EB380046E394E1B3DE66DA1CD373C908C023B98F
:10EB4800A1B447B112AFABAF77B414BD1BC87CD327
:10EB5800B4DE1BEACEF2BAF728FAFAF99FF744F4C2
:10EB680088EFE2EA87EAB7EE80F68D00DE0BDD1764
:10EB7800D423932D833408396B3A6F39FD3522300D
:10EB880082295F23DD1D00199513B10E4F0CD20B9E
:10EB98003E0CE00C620D530F1F12F614DA17C21A5E
:10EBA800AB1E7F23BD27A52AB02CBA2DA12D792B0A
:10EBB800F626AD1FB216990C210135F562E98EDEF5
:10EBC800FBD4FDCC79C784C5C8C7FFCCF0D36FDCB4
:10EBD8000CE680F0BCFAA6031F0BFA10FB15041A0A
:10EBE800CA1C011F5420FB20A1201E1E101A3E150E
:10EBF8007D0FD9095A047AFFE7FB51F9F8F74FF767
:10EC08007AF722F815F8DDF64DF489F022ECA6E73C
:10EC180011E399DE0FDB5FD8EDD6CDD641D794D876
:10EC2800DEDA1BDE57E169E4EBE612E97BEA14EB76
:10EC3800B2EA4EEACCEA6BEC45F0E7F54D0000008D
:10EC48004A009E02A2059208F30B620FEA1275169B
:10EC58004A1A4F1E80223026AE29092DDE2FA932EE
:10EC68001F3542371C39A33A443C8A3DC23E2540F1
:10EC78007241ED42F9448947544A414DF24FE952F5
:10EC8800EC55BE58655B715D845E695E475D505B9F
:10EC9800675888549F4FE849FB43003E8F38D53367
:10ECA800E32FD42C6B2AF3287728B3283C299829FA
:10ECB800B529E629442A662AFE29C3280D27B9243E
:10ECC80030217A1CCF165310060912015AF878EF32
:10ECD800BFE65DDE9DD68BCF6DC94DC42FC02CBD60
:10ECE80082BBEABA5CBBDBBC4ABF6EC2ECC5A3C937
:10ECF80094CD8FD126D565D81CDB1FDD6ADEDADE20
:10ED080089DE48DDF3DA78D7DAD265CD24C707C0C3
:10ED180048B83CB062A8E5A0DC998D930A8E7C893E
:10ED2800BA85C882DC800B802B8042812F83CE85F8
:10ED38000C89398C728FD6922C963199FB9B929EB6
:10ED480018A1AEA334A6D9A8D4AB47AF48B3DCB753
:10ED5800EEBC76C278C8D4CE50D5D2DB6DE21DE9C0
:10ED6800C5EF84F627FD9C03E70908101016F51B6C
:10ED78008E21C726C82B9D30FF340A39A33CBF3FDC
:10ED88009A42B244414628474A4709471E46F0443A
:10ED9800A6434B421F4104409A3FD93F5640574132
:10EDA800C44297448A4679484E4AA14B6B4C9C4CC6
:10EDB800E04B164AAF475744FF3FF43A5335E12E2C
:10EDC8001A286921411B0316BE10D50B9D07100494
:10EDD8006B0186FFE3FD26FCAFFA96F99BF87CF7FA
:10EDE800ADF61AF640F5A2F424F4BEF34EF3A3F2FE
:10EDF80072F233F2CAF17BF154F120F20AF211F205
:10EE08006EF3D6F494F609F8FFF976FC73FE540015
:10EE1800C501D402830378031103000258006CFE75
:10EE280074FC43FA10F807F6A6F41EF4FCF326F473
:10EE3800DCF4DBF5C0F614F861F9E5FAEAFCE7FE64
:10EE48004A0000004A009E02A2059208F30B620FD6
:10EE5800EA1275164A1A4F1E80223026AE29092D4D
:10EE6800DE2FA9321F3542371C39A33A443C8A3D6C
:10EE7800C23E25407241ED42F9448947544A414D0A
:10EE8800F24FE952EC55BE58655B715D845E695E70
:10EE9800475D505B675888549F4FE849FB43003EE5
:10EEA8008F38D533E32FD42C6B2AF3287728B3284F
:10EEB8003C299829B529E629442A662AFE29C32827
:10EEC8000D27B92430217A1CCF16531006091201D8
:10EED8005AF878EFBFE65DDE9DD68BCF6DC94DC47D
:10EEE8002FC02CBD82BBEABA5CBBDBBC4ABF6EC27A
:10EEF800ECC5A3C994CD8FD126D565D81CDB1FDD01
:10EF08006ADEDADE89DE48DDF3DA78D7DAD265CD73
:10EF180024C707C048B83CB062A8E5A0DC998D9327
:10EF28000A8E7C89BA85C882DC800B802B8042815E
:10EF38002F83CE850C89398C728FD6922C96319975
:10EF4800FB9B929E18A1AEA334A6D9A8D4AB47AF19
:10EF580048B3DCB7EEBC76C278C8D4CE50D5D2DB85
:10EF68006DE21DE9C5EF84F627FD9C03E70908104B
:10EF78001016F51B8E21C726C82B9D30FF340A3981
:10EF8800A33CBF3F9A42B244414628474A470947F3
:10EF98001E46F044A6434B421F4104409A3FD93FC6
:10EFA80056405741C44297448A4679484E4AA14B35
:10EFB8006B4C9C4CE04B164AAF475744FF3FF43A22
:10EFC8005335E12E1A286921411B0316BE10D50BB3
:10EFD8009D0710046B0186FFE3FD26FCAFFA96F946
:10EFE8009BF87CF7ADF61AF640F5A2F424F4BEF3CC
:10EFF8004EF3A3F272F233F2CAF17BF154F120F22C
:10F008000AF211F26EF3D6F494F609F8FFF976FCD9
:10F0180073FE5400C501D402830378031103000270
:10F0280058006CFE74FC43FA10F807F6A6F41EF4B8
:10F03800FCF326F4DCF4DBF5C0F614F861F9E5FA24
:10F04800EAFCE7FE4A0000004A009E02A205920878
:10F05800F30B620FEA1275164A1A4F1E80223026E9
:10F06800AE29092DDE2FA9321F3542371C39A33AA4
:10F07800443C8A3DC23E25407241ED42F9448947ED
:10F08800544A414DF24FE952EC55BE58655B715DEB
:10F09800845E695E475D505B675888549F4FE849B6
:10F0A800FB43003E8F38D533E32FD42C6B2AF3284B
:10F0B8007728B3283C299829B529E629442A662ABD
:10F0C800FE29C3280D27B92430217A1CCF165310E6
:10F0D800060912015AF878EFBFE65DDE9DD68BCFA0
:10F0E8006DC94DC42FC02CBD82BBEABA5CBBDBBC6A
:10F0F8004ABF6EC2ECC5A3C994CD8FD126D565D8B9
:10F108001CDB1FDD6ADEDADE89DE48DDF3DA78D75C
:10F11800DAD265CD24C707C048B83CB062A8E5A0DC
:10F12800DC998D930A8E7C89BA85C882DC800B8035
:10F138002B8042812F83CE850C89398C728FD69291
:10F148002C963199FB9B929E18A1AEA334A6D9A800
:10F15800D4AB47AF48B3DCB7EEBC76C278C8D4CEE0
:10F1680050D5D2DB6DE21DE9C5EF84F627FD9C037F
:10F17800E70908101016F51B8E21C726C82B9D30ED
:10F18800FF340A39A33CBF3F9A42B244414628475C
:10F198004A4709471E46F044A6434B421F410440D4
:10F1A8009A3FD93F56405741C44297448A467948C6
:10F1B8004E4AA14B6B4C9C4CE04B164AAF47574408
:10F1C800FF3FF43A5335E12E1A286921411B0316F3
:10F1D800BE10D50B9D0710046B0186FFE3FD26FCCE
:10F1E800AFFA96F99BF87CF7ADF61AF640F5A2F45B
:10F1F80024F4BEF34EF3A3F272F233F2CAF17BF1B8
:10F2080054F120F20AF211F26EF3D6F494F609F8EA
:10F21800FFF976FC73FE5400C501D402830378031A
:10F228001103000258006CFE74FC43FA10F807F64C
:10F23800A6F41EF4FCF326F4DCF4DBF5C0F614F8AF
:10F2480061F9E5FAEAFCE7FE4A0000004A009E027E
:10F25800A2059208F30B620FEA1275164A1A4F1E9E
:10F2680080223026AE29092DDE2FA9321F354237DC
:10F278001C39A33A443C8A3DC23E25407241ED42C6
:10F28800F9448947544A414DF24FE952EC55BE586A
:10F29800655B715D845E695E475D505B6758885445
:10F2A8009F4FE849FB43003E8F38D533E32FD42CDA
:10F2B8006B2AF3287728B3283C299829B529E62909
:10F2C800442A662AFE29C3280D27B92430217A1C2E
:10F2D800CF165310060912015AF878EFBFE65DDE23
:10F2E8009DD68BCF6DC94DC42FC02CBD82BBEABA49
:10F2F8005CBBDBBC4ABF6EC2ECC5A3C994CD8FD141
:10F3080026D565D81CDB1FDD6ADEDADE89DE48DD3E
:10F31800F3DA78D7DAD265CD24C707C048B83CB04D
:10F3280062A8E5A0DC998D930A8E7C89BA85C8828B
:10F33800DC800B802B8042812F83CE850C89398C11
:10F34800728FD6922C963199FB9B929E18A1AEA3F0
:10F3580034A6D9A8D4AB47AF48B3DCB7EEBC76C265
:10F3680078C8D4CE50D5D2DB6DE21DE9C5EF84F65E
:10F3780027FD9C03E70908101016F51B8E21C726E8
:10F38800C82B9D30FF340A39A33CBF3F9A42B24490
:10F39800414628474A4709471E46F044A6434B4280
:10F3A8001F4104409A3FD93F56405741C4429744B1
:10F3B8008A4679484E4AA14B6B4C9C4CE04B164A06
:10F3C800AF475744FF3FF43A5335E12E1A286921D5
:10F3D800411B0316BE10D50B9D0710046B0186FF59
:10F3E800E3FD26FCAFFA96F99BF87CF7ADF61AF622
:10F3F80040F5A2F424F4BEF34EF3A3F272F233F212
:10F40800CAF17BF154F120F20AF211F26EF3D6F44C
:10F4180094F609F8FFF976FC73FE5400C501D4028E
:10F42800830378031103000258006CFE74FC43FA4E
:10F4380010F807F6A6F41EF4FCF326F4DCF4DBF56A
:10F44800C0F614F861F9E5FAEAFCE7FE4A000000A4
:10F458004A009E02A2059208F30B620FEA12751683
:10F468004A1A4F1E80223026AE29092DDE2FA932D6
:10F478001F3542371C39A33A443C8A3DC23E2540D9
:10F488007241ED42F9448947544A414DF24FE952DD
:10F49800EC55BE58655B715D845E695E475D505B87
:10F4A800675888549F4FE849FB43003E8F38D5334F
:10F4B800E32FD42C6B2AF3287728B3283C299829E2
:10F4C800B529E629442A662AFE29C3280D27B92426
:10F4D80030217A1CCF165310060912015AF878EF1A
:10F4E800BFE65DDE9DD68BCF6DC94DC42FC02CBD48
:10F4F80082BBEABA5CBBDBBC4ABF6EC2ECC5A3C91F
:10F5080094CD8FD126D565D81CDB1FDD6ADEDADE07
:10F5180089DE48DDF3DA78D7DAD265CD24C707C0AB
:10F5280048B83CB062A8E5A0DC998D930A8E7C8926
:10F53800BA85C882DC800B802B8042812F83CE85E0
:10F548000C89398C728FD6922C963199FB9B929E9E
:10F5580018A1AEA334A6D9A8D4AB47AF48B3DCB73B
:10F56800EEBC76C278C8D4CE50D5D2DB6DE21DE9A8
:10F57800C5EF84F627FD9C03E70908101016F51B54
:10F588008E21C726C82B9D30FF340A39A33CBF3FC4
:10F598009A42B244414628474A4709471E46F04422
:10F5A800A6434B421F4104409A3FD93F564057411A
:10F5B800C44297448A4679484E4AA14B6B4C9C4CAE
:10F5C800E04B164AAF475744FF3FF43A5335E12E14
:10F5D8001A286921411B0316BE10D50B9D0710047C
:10F5E8006B0186FFE3FD26FCAFFA96F99BF87CF7E2
:10F5F800ADF61AF640F5A2F424F4BEF34EF3A3F2E6
:10F6080072F233F2CAF17BF154F120F20AF211F2EC
:10F618006EF3D6F494F609F8FFF976FC73FE5400FD
:10F62800C501D402830378031103000258006CFE5D
:10F6380074FC43FA10F807F6A6F41EF4FCF326F45B
:10F64800DCF4DBF5C0F614F861F9E5FAEAFCE7FE4C
:10F658004A00000078003F06430C2C121718DD1DE5
:10F668008A230429602E8E33AB38A83D98426D4713
:10F67800334CD450505594599F5D6161D9640968E1
:10F68800FA6AB66D4770BF721D75617783796D7BB5
:10F698000F7D5E7E497FD47FFF7FDA7F707FD87EC3
:10F6A800237E637D9F7CCF7BE57AD1798078E8766D
:10F6B8000875E0727470CC6DF56AFD67EE64CE6112
:10F6C8009C5E505BE4574E548D50A54C9F4888442F
:10F6D8006940533C4C385A347E30B52CF4282B25DD
:10F6E8004B21461D1819C3145410D80B67070A0379
:10F6F800D5FED3FA09F782F342F04AED95EA1EE8FF
:10F70800E0E5D5E3FCE156E0E0DE97DD78DC80DB80
:10F71800ACDAF9D967D9F8D8ABD884D889D8C0D8A1
:10F7280034D9E5D9D9DA08DC72DD0BDFC3E087E22A
:10F738003EE4D2E525E727E8C1E8E9E898E8CAE722
:10F7480081E6C1E49AE211E03CDD27DADAD65FD33C
:10F75800BDCFF2CBFFC7E7C3ABBF50BBDCB656B2D9
:10F76800C5AD36A9B6A459A0329C5698DB94D6915B
:10F77800588F768D408CC88B1C8C478D4D8F33925B
:10F78800F5958F9AF29F18A6EEAC64B468BCE3C4F2
:10F79800C1CDECD651E0D9E973F30BFD8A06E10F30
:10F7A800F718B5210D2AE7313E3903402D46B74BEE
:10F7B8009850CD545258255B435DAD5E615F625FE2
:10F7C800B15E565D565BBB588E55D4519A4DE14893
:10F7D800B643233E3138F1316C2BAD24C01DAE1633
:10F7E800810F4108FA00B6F97EF25EEB60E48CDD29
:10F7F800E5D672D035CA35C470BEEFB8B0B3BBAE6B
:10F8080011AABCA5BDA11D9EDC9AFB977B955D93B3
:10F818009E913E90378F898E378E408EA68E6C8F44
:10F828008F900D92E29303966D98199B079E31A1D4
:10F838009AA441A831AC60B0D9B48BB97BBE90C34F
:10F84800CDC81BCE80D3EBD870DE00E4B0E974EFEE
:10F858005CF53DFB7800000078003F06430C2C1255
:10F868001718DD1D8A230429602E8E33AB38A83D76
:10F8780098426D47334CD450505594599F5D6161FF
:10F88800D9640968FA6AB66D4770BF721D756177E9
:10F8980083796D7B0F7D5E7E497FD47FFF7FDA7F22
:10F8A800707FD87E237E637D9F7CCF7BE57AD1797C
:10F8B8008078E8760875E0727470CC6DF56AFD673B
:10F8C800EE64CE619C5E505BE4574E548D50A54C5F
:10F8D8009F4888446940533C4C385A347E30B52C94
:10F8E800F4282B254B21461D1819C3145410D80B86
:10F8F80067070A03D5FED3FA09F782F342F04AED07
:10F9080095EA1EE8E0E5D5E3FCE156E0E0DE97DDA8
:10F9180078DC80DBACDAF9D967D9F8D8ABD884D8E9
:10F9280089D8C0D834D9E5D9D9DA08DC72DD0BDF3B
:10F93800C3E087E23EE4D2E525E727E8C1E8E9E845
:10F9480098E8CAE781E6C1E49AE211E03CDD27DAEB
:10F95800DAD65FD3BDCFF2CBFFC7E7C3ABBF50BB8F
:10F96800DCB656B2C5AD36A9B6A459A0329C569895
:10F97800DB94D691588F768D408CC88B1C8C478D24
:10F988004D8F3392F5958F9AF29F18A6EEAC64B41A
:10F9980068BCE3C4C1CDECD651E0D9E973F30BFDE3
:10F9A8008A06E10FF718B5210D2AE7313E390340E1
:10F9B8002D46B74B9850CD545258255B435DAD5EEC
:10F9C800615F625FB15E565D565BBB588E55D45120
:10F9D8009A4DE148B643233E3138F1316C2BAD24C2
:10F9E800C01DAE16810F4108FA00B6F97EF25EEB33
:10F9F80060E48CDDE5D672D035CA35C470BEEFB888
:10FA0800B0B3BBAE11AABCA5BDA11D9EDC9AFB97E5
:10FA18007B955D939E913E90378F898E378E408E71
:10FA2800A68E6C8F8F900D92E29303966D98199B1A
:10FA3800079E31A19AA441A831AC60B0D9B48BB962
:10FA48007BBE90C3CDC81BCE80D3EBD870DE00E45C
:10FA5800B0E974EF5CF53DFB7800000078003F06E4
:10FA6800430C2C121718DD1D8A230429602E8E33AF
:10FA7800AB38A83D98426D47334CD45050559459F3
:10FA88009F5D6161D9640968FA6AB66D4770BF7293
:10FA98001D75617783796D7B0F7D5E7E497FD47F8D
:10FAA800FF7FDA7F707FD87E237E637D9F7CCF7B4C
:10FAB800E57AD1798078E8760875E0727470CC6D53
:10FAC800F56AFD67EE64CE619C5E505BE4574E5468
:10FAD8008D50A54C9F4888446940533C4C385A3453
:10FAE8007E30B52CF4282B254B21461D1819C3143C
:10FAF8005410D80B67070A03D5FED3FA09F782F327
:10FB080042F04AED95EA1EE8E0E5D5E3FCE156E06F
:10FB1800E0DE97DD78DC80DBACDAF9D967D9F8D894
:10FB2800ABD884D889D8C0D834D9E5D9D9DA08DC93
:10FB380072DD0BDFC3E087E23EE4D2E525E727E884
:10FB4800C1E8E9E898E8CAE781E6C1E49AE211E089
:10FB58003CDD27DADAD65FD3BDCFF2CBFFC7E7C3E8
:10FB6800ABBF50BBDCB656B2C5AD36A9B6A459A0DA
:10FB7800329C5698DB94D691588F768D408CC88BE2
:10FB88001C8C478D4D8F3392F5958F9AF29F18A64E
:10FB9800EEAC64B468BCE3C4C1CDECD651E0D9E99D
:10FBA80073F30BFD8A06E10FF718B5210D2AE7312B
:10FBB8003E3903402D46B74B9850CD545258255BDB
:10FBC800435DAD5E615F625FB15E565D565BBB587B
:10FBD8008E55D4519A4DE148B643233E3138F13120
:10FBE8006C2BAD24C01DAE16810F4108FA00B6F982
:10FBF8007EF25EEB60E48CDDE5D672D035CA35C4A2
:10FC080070BEEFB8B0B3BBAE11AABCA5BDA11D9E16
:10FC1800DC9AFB977B955D939E913E90378F898EFA
:10FC2800378E408EA68E6C8F8F900D92E29303963E
:10FC38006D98199B079E31A19AA441A831AC60B078
:10FC4800D9B48BB97BBE90C3CDC81BCE80D3EBD8BB
:10FC580070DE00E4B0E974EF5CF53DFB780000006D
:10FC680078003F06430C2C121718DD1D8A2304293F
:10FC7800602E8E33AB38A83D98426D47334CD45034
:10FC8800505594599F5D6161D9640968FA6AB66DE7
:10FC98004770BF721D75617783796D7B0F7D5E7EBE
:10FCA800497FD47FFF7FDA7F707FD87E237E637D94
:10FCB8009F7CCF7BE57AD1798078E8760875E07209
:10FCC8007470CC6DF56AFD67EE64CE619C5E505B26
:10FCD800E4574E548D50A54C9F4888446940533C86
:10FCE8004C385A347E30B52CF4282B254B21461D30
:10FCF8001819C3145410D80B67070A03D5FED3FA92
:10FD080009F782F342F04AED95EA1EE8E0E5D5E30B
:10FD1800FCE156E0E0DE97DD78DC80DBACDAF9D98F
:10FD280067D9F8D8ABD884D889D8C0D834D9E5D918
:10FD3800D9DA08DC72DD0BDFC3E087E23EE4D2E506
:10FD480025E727E8C1E8E9E898E8CAE781E6C1E4D9
:10FD58009AE211E03CDD27DADAD65FD3BDCFF2CBE9
:10FD6800FFC7E7C3ABBF50BBDCB656B2C5AD36A9BB
:10FD7800B6A459A0329C5698DB94D691588F768DAC
:10FD8800408CC88B1C8C478D4D8F3392F5958F9A7C
:10FD9800F29F18A6EEAC64B468BCE3C4C1CDECD63F
:10FDA80051E0D9E973F30BFD8A06E10FF718B52185
:10FDB8000D2AE7313E3903402D46B74B9850CD54B4
:10FDC8005258255B435DAD5E615F625FB15E565D13
:10FDD800565BBB588E55D4519A4DE148B643233EE5
:10FDE8003138F1316C2BAD24C01DAE16810F41089E
:10FDF800FA00B6F97EF25EEB60E48CDDE5D672D0EF
:10FE080035CA35C470BEEFB8B0B3BBAE11AABCA535
:10FE1800BDA11D9EDC9AFB977B955D939E913E90BC
:10FE2800378F898E378E408EA68E6C8F8F900D926D
:10FE3800E29303966D98199B079E31A19AA441A855
:10FE480031AC60B0D9B48BB97BBE90C3CDC81BCEE2
:10FE580080D3EBD870DE00E4B0E974EF5CF53DFBCD
:10FE6800780000003D00D3088112DF1B3125602E89
:10FE7800873790405F49B95174596D609A66106C24
:10FE8800D470F3746278217B2C7D947E6F7FE47F3D
:10FE9800FE7FBE7FFB7E967D457BEC7787732E6E5B
:10FEA80010687161955AC353344D0A476341413C08
:10FEB8008F372933D82E532A5F25D61FBE194813EA
:10FEC800C00C7A06BB00A6FB3AF75FF3F2EFD7EC5B
:10FED800FEE943E783E495E168DE09DBA8D788D427
:10FEE800EED10FD0E6CE55CE12CEC1CD1DCDFBCB77
:10FEF8004CCA28C8B0C515C39BC081BE17BD94BCE9
:10FF08001ABD99BECBC042C37FC515C7BEC778C747
:10FF180070C6F5C465C321C272C188C179C231C433
:10FF280079C6F7C841CBEDCCA7CD4DCDFBCB04CAE4
:10FF3800DBC7F7C5C5C48AC462C535C7B5C96FCCA8
:10FF4800E4CEA8D060D1EBD066CF25CD94CA1FC827
:10FF580015C6B9C438C4A7C4FCC502C85DCA97CCC5
:10FF680055CE4DCF73CFFACE33CE8CCD6FCD24CEB8
:10FF7800CECF67D2CED5D5D92ADE6FE23DE649E9A4
:10FF880060EB87ECEAECE5ECEEEC67ED94EE83F0E1
:10FF98001CF346F6E7F9EBFD30029206E00AF50E8F
:10FFA800BD122A163819E81B2D1EF21F3521F8211B
:10FFB80048222F22C3211E215220821FD01E6C1ED0
:10FFC800781E051F0B207921332322253627542933
:10FFD8006E2B752D5B2F07315B32393388333B33FA
:10FFE8005132C3309C2EEA2BDA28BA25F9221E2179
:08FFF8009920B02155243D2899
:02000004600298
:10000000DA2C9D310C36C439833C193E6E3E803D5E
:10001000713B7B38F8343D31812DD1290726F12100
:10002000631D4F18C712F80C1907490181FBF4F53D
:10003000D2F027EC0FE88EE490E1C4DED1DB44D8A7
:10004000E8D3A1CEA2C837C2BBBB95B53EB017ACB2
:100050006FA97DA85EA912AC66B016B6C0BC1FC45D
:10006000EACB1DD486DC56E53AEE8BF73D00000066
:100070003D00D3088112DF1B3125602E8737904069
:100080005F49B95174596D609A66106CD470F374FD
:100090006278217B2C7D947E6F7FE47FFE7FBE7F24
:1000A000FB7E967D457BEC7787732E6E10687161C1
:1000B000955AC353344D0A476341413C8F37293326
:1000C000D82E532A5F25D61FBE194813C00C7A06B6
:1000D000BB00A6FB3AF75FF3F2EFD7ECFEE943E78C
:1000E00083E495E168DE09DBA8D788D4EED10FD090
:1000F000E6CE55CE12CEC1CD1DCDFBCB4CCA28C805
:10010000B0C515C39BC081BE17BD94BC1ABD99BEB6
:10011000CBC042C37FC515C7BEC778C770C6F5C47C
:1001200065C321C272C188C179C231C479C6F7C81A
:1001300041CBEDCCA7CD4DCDFBCB04CADBC7F7C57A
:10014000C5C48AC462C535C7B5C96FCCE4CEA8D0D2
:1001500060D1EBD066CF25CD94CA1FC815C6B9C4EF
:1001600038C4A7C4FCC502C85DCA97CC55CE4DCFD4
:1001700073CFFACE33CE8CCD6FCD24CECECF67D217
:10018000CED5D5D92ADE6FE23DE649E960EB87ECB2
:10019000EAECE5ECEEEC67ED94EE83F01CF346F64A
:1001A000E7F9EBFD30029206E00AF50EBD122A16C1
:1001B0003819E81B2D1EF21F3521F82148222F2265
:1001C000C3211E215220821FD01E6C1E781E051FC7
:1001D0000B20792133232225362754296E2B752DA8
:1001E0005B2F07315B32393388333B335132C330B5
:1001F0009C2EEA2BDA28BA25F9221E219920B0215B
:1002000055243D28DA2C9D310C36C439833C193EE7
:100210006E3E803D713B7B38F8343D31812DD129D4
:100220000726F121631D4F18C712F80C1907490161
:1002300081FBF4F5D2F027EC0FE88EE490E1C4DE08
:10024000D1DB44D8E8D3A1CEA2C837C2BBBB95B599
:100250003EB017AC6FA97DA85EA912AC66B016B609
:10026000C0BC1FC4EACB1DD486DC56E53AEE8BF742
:100270003D0000003D00D3088112DF1B3125602EB8
:10028000873790405F49B95174596D609A66106C18
:10029000D470F3746278217B2C7D947E6F7FE47F31
:1002A000FE7FBE7FFB7E967D457BEC7787732E6E4F
:1002B00010687161955AC353344D0A476341413CFC
:1002C0008F372933D82E532A5F25D61FBE194813DE
:1002D000C00C7A06BB00A6FB3AF75FF3F2EFD7EC4F
:1002E000FEE943E783E495E168DE09DBA8D788D41B
:1002F000EED10FD0E6CE55CE12CEC1CD1DCDFBCB6B
:100300004CCA28C8B0C515C39BC081BE17BD94BCDC
:100310001ABD99BECBC042C37FC515C7BEC778C73B
:1003200070C6F5C465C321C272C188C179C231C427
:1003300079C6F7C841CBEDCCA7CD4DCDFBCB04CAD8
:10034000DBC7F7C5C5C48AC462C535C7B5C96FCC9C
:10035000E4CEA8D060D1EBD066CF25CD94CA1FC81B
:1003600015C6B9C438C4A7C4FCC502C85DCA97CCB9
:1003700055CE4DCF73CFFACE33CE8CCD6FCD24CEAC
:10038000CECF67D2CED5D5D92ADE6FE23DE649E998
:1003900060EB87ECEAECE5ECEEEC67ED94EE83F0D5
:1003A0001CF346F6E7F9EBFD30029206E00AF50E83
:1003B000BD122A163819E81B2D1EF21F3521F8210F
:1003C00048222F22C3211E215220821FD01E6C1EC4
:1003D000781E051F0B207921332322253627542927
:1003E0006E2B752D5B2F07315B32393388333B33EE
:1003F0005132C3309C2EEA2BDA28BA25F9221E216D
:100400009920B02155243D28DA2C9D310C36C43971
:10041000833C193E6E3E803D713B7B38F8343D3164
:10042000812DD1290726F121631D4F18C712F80C21
:100430001907490181FBF4F5D2F027EC0FE88EE4AF
:1004400090E1C4DED1DB44D8E8D3A1CEA2C837C244
:10045000BBBB95B53EB017AC6FA97DA85EA912AC29
:1004600066B016B6C0BC1FC4EACB1DD486DC56E508
:100470003AEE8BF73D0000003D00D3088112DF1BF0
:100480003125602E873790405F49B95174596D60AE
:100490009A66106CD470F3746278217B2C7D947E04
:1004A0006F7FE47FFE7FBE7FFB7E967D457BEC7792
:1004B00087732E6E10687161955AC353344D0A4785
:1004C0006341413C8F372933D82E532A5F25D61FED
:1004D000BE194813C00C7A06BB00A6FB3AF75FF3BF
:1004E000F2EFD7ECFEE943E783E495E168DE09DB50
:1004F000A8D788D4EED10FD0E6CE55CE12CEC1CD3E
:100500001DCDFBCB4CCA28C8B0C515C39BC081BE4E
:1005100017BD94BC1ABD99BECBC042C37FC515C7D9
:10052000BEC778C770C6F5C465C321C272C188C191
:1005300079C231C479C6F7C841CBEDCCA7CD4DCD3A
:10054000FBCB04CADBC7F7C5C5C48AC462C535C7BF
:10055000B5C96FCCE4CEA8D060D1EBD066CF25CDA5
:1005600094CA1FC815C6B9C438C4A7C4FCC502C8FC
:100570005DCA97CC55CE4DCF73CFFACE33CE8CCD4E
:100580006FCD24CECECF67D2CED5D5D92ADE6FE2BD
:100590003DE649E960EB87ECEAECE5ECEEEC67ED73
:1005A00094EE83F01CF346F6E7F9EBFD3002920679
:1005B000E00AF50EBD122A163819E81B2D1EF21F8F
:1005C0003521F82148222F22C3211E215220821FCB
:1005D000D01E6C1E781E051F0B2079213323222587
:1005E000362754296E2B752D5B2F07315B3239333B
:1005F00088333B335132C3309C2EEA2BDA28BA259C
:10060000F9221E219920B02155243D28DA2C9D3154
:100610000C36C439833C193E6E3E803D713B7B38BD
:10062000F8343D31812DD1290726F121631D4F1862
:10063000C712F80C1907490181FBF4F5D2F027EC39
:100640000FE88EE490E1C4DED1DB44D8E8D3A1CE3C
:10065000A2C837C2BBBB95B53EB017AC6FA97DA889
:100660005EA912AC66B016B6C0BC1FC4EACB1DD4DE
:1006700086DC56E53AEE8BF73D000000E400870388
:10068000AC06A5093E0C3D0EB20FD3101612B013E6
:100690004F157F16091721170917131789174518C2
:1006A00003199919311AFF1A2C1CDB1DF01F222285
:1006B0001124BE254E27E728822AFE2B302D032E3B
:1006C0007B2EBF2E0F2FAD2FA230A2315532A33279
:1006D000C5322233EA3302354936BB375339E13A62
:1006E0005C3CC93D4D3FFE4005436045F047824AB2
:1006F000054D8F4F1D528654A1569C58B65AFE5C2C
:10070000225FF6609F626E649D661F69AF6B1D6E0F
:1007100054704C722674FA75F377047AFA7B8D7DE7
:10072000887E1B7F8B7FED7FEB7F4C7F257EB97CA6
:10073000087BF378A8768774E4729B719770AC6F2E
:10074000B66E8F6D536C336B3F6A4369E767126611
:10075000B963F560D05D4B5A43569451524CB04644
:10076000EB402B3B93354530452B5E266421401CE6
:10077000F9169E11350CE206DA0132FDFDF845F559
:100780000AF25BEF31ED72EB0DEA03E96DE84CE83C
:100790006EE85BE8B7E79FE682E5AEE4E7E3E7E211
:1007A00086E1DADFEFDDCDDB7AD906D778D4F2D176
:1007B000ABCFC8CD69CC7ECB01CBBDCA77CAF2C95D
:1007C0003CC97DC8B9C7D0C6B6C59EC4A2C3B1C214
:1007D00096C14CC0E8BE9BBD74BC72BB76BA61B911
:1007E00034B819B731B637B5D2B3F5B10CB06DAE78
:1007F000F7AC0FAB75A878A5BBA271A05E9E259C37
:100800009799B696BE9326910D8F788D4E8C9A8BC4
:10081000528B4D8B6B8B868B7C8B228B778A958949
:100820009E889987828669857084C783788375835B
:10083000A9831A84DD840D86CA87268AFA8C1390D0
:100840005993A296D699E19CD09FA4A265A516A81B
:10085000A5AAF1ACF1AEC9B0C6B22AB5DEB7DCBA12
:1008600036BE12C25BC6DACA7ECF68D49ED908DF14
:1008700087E4FEE977EFB3F489F9DEFDE4000000D8
:10088000E4008703AC06A5093E0C3D0EB20FD31061
:100890001612B0134F157F160917211709171317D2
:1008A0008917451803199919311AFF1A2C1CDB1DD9
:1008B000F01F22221124BE254E27E728822AFE2B74
:1008C000302D032E7B2EBF2E0F2FAD2FA230A23145
:1008D0005532A332C5322233EA3302354936BB37AB
:1008E0005339E13A5C3CC93D4D3FFE40054360450C
:1008F000F047824A054D8F4F1D528654A1569C5891
:10090000B65AFE5C225FF6609F626E649D661F6948
:10091000AF6B1D6E54704C722674FA75F377047ABF
:10092000FA7B8D7D887E1B7F8B7FED7FEB7F4C7FFD
:10093000257EB97C087BF378A8768774E4729B7176
:100940009770AC6FB66E8F6D536C336B3F6A4369B3
:10095000E7671266B963F560D05D4B5A4356945110
:10096000524CB046EB402B3B93354530452B5E2631
:100970006421401CF9169E11350CE206DA0132FDA5
:10098000FDF845F50AF25BEF31ED72EB0DEA03E994
:100990006DE84CE86EE85BE8B7E79FE682E5AEE419
:1009A000E7E3E7E286E1DADFEFDDCDDB7AD906D7F0
:1009B00078D4F2D1ABCFC8CD69CC7ECB01CBBDCA48
:1009C00077CAF2C93CC97DC8B9C7D0C6B6C59EC4EE
:1009D000A2C3B1C296C14CC0E8BE9BBD74BC72BB81
:1009E00076BA61B934B819B731B637B5D2B3F5B103
:1009F0000CB06DAEF7AC0FAB75A878A5BBA271A01B
:100A00005E9E259C9799B696BE9326910D8F788D04
:100A10004E8C9A8B528B4D8B6B8B868B7C8B228B67
:100A2000778A95899E889987828669857084C7832D
:100A300078837583A9831A84DD840D86CA87268A04
:100A4000FA8C13905993A296D699E19CD09FA4A2B8
:100A500065A516A8A5AAF1ACF1AEC9B0C6B22AB573
:100A6000DEB7DCBA36BE12C25BC6DACA7ECF68D445
:100A70009ED908DF87E4FEE977EFB3F489F9DEFD5C
:100A8000E4000000E4008703AC06A5093E0C3D0E1F
:100A9000B20FD3101612B0134F157F160917211776
:100AA000091713178917451803199919311AFF1ACD
:100AB0002C1CDB1DF01F22221124BE254E27E72807
:100AC000822AFE2B302D032E7B2EBF2E0F2FAD2F13
:100AD000A230A2315532A332C5322233EA33023575
:100AE0004936BB375339E13A5C3CC93D4D3FFE4086
:100AF00005436045F047824A054D8F4F1D5286548D
:100B0000A1569C58B65AFE5C225FF6609F626E64E6
:100B10009D661F69AF6B1D6E54704C722674FA751A
:100B2000F377047AFA7B8D7D887E1B7F8B7FED7F48
:100B3000EB7F4C7F257EB97C087BF378A8768774A1
:100B4000E4729B719770AC6FB66E8F6D536C336BA4
:100B50003F6A4369E7671266B963F560D05D4B5A37
:100B600043569451524CB046EB402B3B93354530A5
:100B7000452B5E266421401CF9169E11350CE206B9
:100B8000DA0132FDFDF845F50AF25BEF31ED72EB6B
:100B90000DEA03E96DE84CE86EE85BE8B7E79FE62D
:100BA00082E5AEE4E7E3E7E286E1DADFEFDDCDDB25
:100BB0007AD906D778D4F2D1ABCFC8CD69CC7ECB69
:100BC00001CBBDCA77CAF2C93CC97DC8B9C7D0C676
:100BD000B6C59EC4A2C3B1C296C14CC0E8BE9BBDFF
:100BE00074BC72BB76BA61B934B819B731B637B5CF
:100BF000D2B3F5B10CB06DAEF7AC0FAB75A878A55C
:100C0000BBA271A05E9E259C9799B696BE93269135
:100C10000D8F788D4E8C9A8B528B4D8B6B8B868B78
:100C20007C8B228B778A95899E88998782866985B5
:100C30007084C78378837583A9831A84DD840D86C5
:100C4000CA87268AFA8C13905993A296D699E19C6A
:100C5000D09FA4A265A516A8A5AAF1ACF1AEC9B013
:100C6000C6B22AB5DEB7DCBA36BE12C25BC6DACA75
:100C70007ECF68D49ED908DF87E4FEE977EFB3F42E
:100C800089F9DEFDE4000000E4008703AC06A50955
:100C90003E0C3D0EB20FD3101612B0134F157F1637
:100CA00009172117091713178917451803199919D7
:100CB000311AFF1A2C1CDB1DF01F22221124BE2525
:100CC0004E27E728822AFE2B302D032E7B2EBF2EA7
:100CD0000F2FAD2FA230A2315532A332C5322233AD
:100CE000EA3302354936BB375339E13A5C3CC93DFA
:100CF0004D3FFE4005436045F047824A054D8F4F0A
:100D00001D528654A1569C58B65AFE5C225FF6606E
:100D10009F626E649D661F69AF6B1D6E54704C724E
:100D20002674FA75F377047AFA7B8D7D887E1B7FB3
:100D30008B7FED7FEB7F4C7F257EB97C087BF37842
:100D4000A8768774E4729B719770AC6FB66E8F6DE6
:100D5000536C336B3F6A4369E7671266B963F560AA
:100D6000D05D4B5A43569451524CB046EB402B3B0E
:100D700093354530452B5E266421401CF9169E11A3
:100D8000350CE206DA0132FDFDF845F50AF25BEFBB
:100D900031ED72EB0DEA03E96DE84CE86EE85BE8D3
:100DA000B7E79FE682E5AEE4E7E3E7E286E1DADF74
:100DB000EFDDCDDB7AD906D778D4F2D1ABCFC8CD71
:100DC00069CC7ECB01CBBDCA77CAF2C93CC97DC80C
:100DD000B9C7D0C6B6C59EC4A2C3B1C296C14CC0E5
:100DE000E8BE9BBD74BC72BB76BA61B934B819B7A2
:100DF00031B637B5D2B3F5B10CB06DAEF7AC0FABC1
:100E000075A878A5BBA271A05E9E259C9799B69601
:100E1000BE9326910D8F788D4E8C9A8B528B4D8B75
:100E20006B8B868B7C8B228B778A95899E889987A2
:100E3000828669857084C78378837583A9831A84C1
:100E4000DD840D86CA87268AFA8C13905993A29660
:100E5000D699E19CD09FA4A265A516A8A5AAF1AC3D
:100E6000F1AEC9B0C6B22AB5DEB7DCBA36BE12C220
:100E70005BC6DACA7ECF68D49ED908DF87E4FEE974
:100E800077EFB3F489F9DEFDE4000000E4008703A6
:100E9000AC06A5093E0C3D0EB20FD3101612B013CE
:100EA0004F157F16091721170917131789174518AA
:100EB00003199919311AFF1A2C1CDB1DF01F22226D
:100EC0001124BE254E27E728822AFE2B302D032E23
:100ED0007B2EBF2E0F2FAD2FA230A2315532A33261
:100EE000C5322233EA3302354936BB375339E13A4A
:100EF0005C3CC93D4D3FFE4005436045F047824A9A
:100F0000054D8F4F1D528654A1569C58B65AFE5C13
:100F1000225FF6609F626E649D661F69AF6B1D6EF7
:100F200054704C722674FA75F377047AFA7B8D7DCF
:100F3000887E1B7F8B7FED7FEB7F4C7F257EB97C8E
:100F4000087BF378A8768774E4729B719770AC6F16
:100F5000B66E8F6D536C336B3F6A4369E7671266F9
:100F6000B963F560D05D4B5A43569451524CB0462C
:100F7000EB402B3B93354530452B5E266421401CCE
:100F8000F9169E11350CE206DA0132FDFDF845F541
:100F90000AF25BEF31ED72EB0DEA03E96DE84CE824
:100FA0006EE85BE8B7E79FE682E5AEE4E7E3E7E2F9
:100FB00086E1DADFEFDDCDDB7AD906D778D4F2D15E
:100FC000ABCFC8CD69CC7ECB01CBBDCA77CAF2C945
:100FD0003CC97DC8B9C7D0C6B6C59EC4A2C3B1C2FC
:100FE00096C14CC0E8BE9BBD74BC72BB76BA61B9F9
:100FF00034B819B731B637B5D2B3F5B10CB06DAE60
:10100000F7AC0FAB75A878A5BBA271A05E9E259C1E
:101010009799B696BE9326910D8F788D4E8C9A8BAC
:10102000528B4D8B6B8B868B7C8B228B778A958931
:101030009E889987828669857084C7837883758343
:10104000A9831A84DD840D86CA87268AFA8C1390B8
:101050005993A296D699E19CD09FA4A265A516A803
:10106000A5AAF1ACF1AEC9B0C6B22AB5DEB7DCBAFA
:1010700036BE12C25BC6DACA7ECF68D49ED908DFFC
:1010800087E4FEE977EFB3F489F9DEFDE4000000C0
:10109000D00097093612321B4224922DEF36E23FE0
:1010A000CF48345138597E6031671C6D4E72957649
:1010B000207ACC7C987EA17FFF7F447F3F7E297D74
:1010C000BE7AA178E575CD7200706E6C4D69C96508
:1010D0008D62305FDF5B91580755FF51A94EB34BCE
:1010E0007C488F45A142EF3F203D843A0138663568
:1010F0001A33C830AB2E7F2C762A6A288C2683249C
:10110000CA22F420281F891DBD1BFE197118A116C3
:10111000E31450137511D40F1E0E5F0CAD0ADE08D8
:10112000220755058C03DC01F4FF1DFE6EFC8FFACF
:10113000ABF8E9F6EBF42AF369F18BEFB6EDE8EBE7
:101140002FEA64E89FE6BDE410E331E172DFC9DD18
:10115000ECDB3BDA5AD88FD6C3D4FCD22BD16ACF82
:1011600074CDA8CBE2C9E2C72FC633C46EC28EC00D
:10117000ADBED3BC01BB19B955B77CB599B3F7B1B6
:101180000BB080AED6AC31ABD0A94BA8E4A6A3A5DA
:1011900045A435A329A22BA181A0DF9F4E9FF89ED5
:1011A000D59ED49E139F809F3AA047A18EA23FA4B4
:1011B00040A6B1A8D4AB45AF89B339B868BD4BC31D
:1011C000D3C9D4D066D875E0E6E8C3F1A5FAF00338
:1011D000DE0CB215611E9426522E5335AD3B5441A0
:1011E00027461A4A354D704FE050B5519D51EE508B
:1011F000AA4FD04D924BBB48A9454F42C23E1B3B24
:101200004A373433632F4F2B4B279B23AA1FE21BF4
:101210003D188A144E11FA0DB20AB907A804DE016E
:1012200026FFB4FC47FACEF765F55CF313F109EF3E
:1012300034ED11EB6EE960E7A7E5FCE327E2A8E0F7
:10124000E4DE53DD92DBFAD96AD8D0D642D5A3D3F7
:1012500036D286D014CFB8CD30CCEECAADC95DC879
:1012600036C71DC632C56AC4B2C337C3E4C2DFC2C3
:1012700022C38CC34EC479C51EC7FDC85ACB1DCE30
:1012800097D182D5FAD911DF9EE4ECEA99F1DDF825
:10129000D0000000D00097093612321B4224922D54
:1012A000EF36E23FCF48345138597E6031671C6DCC
:1012B0004E729576207ACC7C987EA17FFF7F447F0A
:1012C0003F7E297DBE7AA178E575CD7200706E6C87
:1012D0004D69C9658D62305FDF5B91580755FF51DD
:1012E000A94EB34B7C488F45A142EF3F203D843A45
:1012F000013866351A33C830AB2E7F2C762A6A281F
:101300008C268324CA22F420281F891DBD1BFE19A8
:101310007118A116E31450137511D40F1E0E5F0C33
:10132000AD0ADE08220755058C03DC01F4FF1DFE23
:101330006EFC8FFAABF8E9F6EBF42AF369F18BEF68
:10134000B6EDE8EB2FEA64E89FE6BDE410E331E197
:1013500072DFC9DDECDB3BDA5AD88FD6C3D4FCD2BE
:101360002BD16ACF74CDA8CBE2C9E2C72FC633C454
:101370006EC28EC0ADBED3BC01BB19B955B77CB52A
:1013800099B3F7B10BB080AED6AC31ABD0A94BA8B6
:10139000E4A6A3A545A435A329A22BA181A0DF9F84
:1013A0004E9FF89ED59ED49E139F809F3AA047A142
:1013B0008EA23FA440A6B1A8D4AB45AF89B339B83B
:1013C00068BD4BC3D3C9D4D066D875E0E6E8C3F195
:1013D000A5FAF003DE0CB215611E9426522E533589
:1013E000AD3B544127461A4A354D704FE050B55138
:1013F0009D51EE50AA4FD04D924BBB48A9454F424C
:10140000C23E1B3B4A373433632F4F2B4B279B2362
:10141000AA1FE21B3D188A144E11FA0DB20AB90731
:10142000A804DE0126FFB4FC47FACEF765F55CF3AD
:1014300013F109EF34ED11EB6EE960E7A7E5FCE38A
:1014400027E2A8E0E4DE53DD92DBFAD96AD8D0D6F1
:1014500042D5A3D336D286D014CFB8CD30CCEECA85
:10146000ADC95DC836C71DC632C56AC4B2C337C36D
:10147000E4C2DFC222C38CC34EC479C51EC7FDC8F7
:101480005ACB1DCE97D182D5FAD911DF9EE4ECEA72
:1014900099F1DDF8D0000000D00097093612321B18
:1014A0004224922DEF36E23FCF48345138597E60C6
:1014B00031671C6D4E729576207ACC7C987EA17F28
:1014C000FF7F447F3F7E297DBE7AA178E575CD728E
:1014D00000706E6C4D69C9658D62305FDF5B91583D
:1014E0000755FF51A94EB34B7C488F45A142EF3FB2
:1014F000203D843A013866351A33C830AB2E7F2C34
:10150000762A6A288C268324CA22F420281F891D63
:10151000BD1BFE197118A116E31450137511D40FD9
:101520001E0E5F0CAD0ADE08220755058C03DC0198
:10153000F4FF1DFE6EFC8FFAABF8E9F6EBF42AF32C
:1015400069F18BEFB6EDE8EB2FEA64E89FE6BDE4C6
:1015500010E331E172DFC9DDECDB3BDA5AD88FD61C
:10156000C3D4FCD22BD16ACF74CDA8CBE2C9E2C7D9
:101570002FC633C46EC28EC0ADBED3BC01BB19B979
:1015800055B77CB599B3F7B10BB080AED6AC31ABE3
:10159000D0A94BA8E4A6A3A545A435A329A22BA1B5
:1015A00081A0DF9F4E9FF89ED59ED49E139F809F63
:1015B0003AA047A18EA23FA440A6B1A8D4AB45AFA4
:1015C00089B339B868BD4BC3D3C9D4D066D875E0E8
:1015D000E6E8C3F1A5FAF003DE0CB215611E94260D
:1015E000522E5335AD3B544127461A4A354D704F64
:1015F000E050B5519D51EE50AA4FD04D924BBB4893
:10160000A9454F42C23E1B3B4A373433632F4F2B11
:101610004B279B23AA1FE21B3D188A144E11FA0D7B
:10162000B20AB907A804DE0126FFB4FC47FACEF7D8
:1016300065F55CF313F109EF34ED11EB6EE960E74A
:10164000A7E5FCE327E2A8E0E4DE53DD92DBFAD96C
:101650006AD8D0D642D5A3D336D286D014CFB8CD4F
:1016600030CCEECAADC95DC836C71DC632C56AC426
:10167000B2C337C3E4C2DFC222C38CC34EC479C530
:101680001EC7FDC85ACB1DCE97D182D5FAD911DF1E
:101690009EE4ECEA99F1DDF8D0000000D000970953
:1016A0003612321B4224922DEF36E23FCF4834519E
:1016B00038597E6031671C6D4E729576207ACC7CED
:1016C000987EA17FFF7F447F3F7E297DBE7AA178EF
:1016D000E575CD7200706E6C4D69C9658D62305FC5
:1016E000DF5B91580755FF51A94EB34B7C488F459E
:1016F000A142EF3F203D843A013866351A33C830A5
:10170000AB2E7F2C762A6A288C268324CA22F420CA
:10171000281F891DBD1BFE197118A116E314501353
:101720007511D40F1E0E5F0CAD0ADE082207550599
:101730008C03DC01F4FF1DFE6EFC8FFAABF8E9F6BA
:10174000EBF42AF369F18BEFB6EDE8EB2FEA64E8EE
:101750009FE6BDE410E331E172DFC9DDECDB3BDA8B
:101760005AD88FD6C3D4FCD22BD16ACF74CDA8CB94
:10177000E2C9E2C72FC633C46EC28EC0ADBED3BCB1
:1017800001BB19B955B77CB599B3F7B10BB080AEB1
:10179000D6AC31ABD0A94BA8E4A6A3A545A435A3EC
:1017A00029A22BA181A0DF9F4E9FF89ED59ED49E9B
:1017B000139F809F3AA047A18EA23FA440A6B1A844
:1017C000D4AB45AF89B339B868BD4BC3D3C9D4D006
:1017D00066D875E0E6E8C3F1A5FAF003DE0CB215B1
:1017E000611E9426522E5335AD3B544127461A4A6A
:1017F000354D704FE050B5519D51EE50AA4FD04D30
:10180000924BBB48A9454F42C23E1B3B4A3734333B
:10181000632F4F2B4B279B23AA1FE21B3D188A14D3
:101820004E11FA0DB20AB907A804DE0126FFB4FC76
:1018300047FACEF765F55CF313F109EF34ED11EBE0
:101840006EE960E7A7E5FCE327E2A8E0E4DE53DD0C
:1018500092DBFAD96AD8D0D642D5A3D336D286D075
:1018600014CFB8CD30CCEECAADC95DC836C71DC6E1
:1018700032C56AC4B2C337C3E4C2DFC222C38CC359
:101880004EC479C51EC7FDC85ACB1DCE97D182D58F
:10189000FAD911DF9EE4ECEA99F1DDF8D0000000FE
:1018A000D00097093612321B4224922DEF36E23FC8
:1018B000CF48345138597E6031671C6D4E72957631
:1018C000207ACC7C987EA17FFF7F447F3F7E297D5C
:1018D000BE7AA178E575CD7200706E6C4D69C965F0
:1018E0008D62305FDF5B91580755FF51A94EB34BB6
:1018F0007C488F45A142EF3F203D843A0138663550
:101900001A33C830AB2E7F2C762A6A288C26832483
:10191000CA22F420281F891DBD1BFE197118A116AB
:10192000E31450137511D40F1E0E5F0CAD0ADE08C0
:10193000220755058C03DC01F4FF1DFE6EFC8FFAB7
:10194000ABF8E9F6EBF42AF369F18BEFB6EDE8EBCF
:101950002FEA64E89FE6BDE410E331E172DFC9DD00
:10196000ECDB3BDA5AD88FD6C3D4FCD22BD16ACF6A
:1019700074CDA8CBE2C9E2C72FC633C46EC28EC0F5
:10198000ADBED3BC01BB19B955B77CB599B3F7B19E
:101990000BB080AED6AC31ABD0A94BA8E4A6A3A5C2
:1019A00045A435A329A22BA181A0DF9F4E9FF89EBD
:1019B000D59ED49E139F809F3AA047A18EA23FA49C
:1019C00040A6B1A8D4AB45AF89B339B868BD4BC305
:1019D000D3C9D4D066D875E0E6E8C3F1A5FAF00320
:1019E000DE0CB215611E9426522E5335AD3B544188
:1019F00027461A4A354D704FE050B5519D51EE5073
:101A0000AA4FD04D924BBB48A9454F42C23E1B3B0B
:101A10004A373433632F4F2B4B279B23AA1FE21BDC
:101A20003D188A144E11FA0DB20AB907A804DE0156
:101A300026FFB4FC47FACEF765F55CF313F109EF26
:101A400034ED11EB6EE960E7A7E5FCE327E2A8E0DF
:101A5000E4DE53DD92DBFAD96AD8D0D642D5A3D3DF
:101A600036D286D014CFB8CD30CCEECAADC95DC861
:101A700036C71DC632C56AC4B2C337C3E4C2DFC2AB
:101A800022C38CC34EC479C51EC7FDC85ACB1DCE18
:101A900097D182D5FAD911DF9EE4ECEA99F1DDF80D
:101AA000D000000070008C05EA0AD00FB013D316E6
:101AB000F1199B1DE0215B266B2A802D772FA43026
:101AC0007C314F326033FE34A737DA3BE9418A4933
:101AD000CD516C59625F5E63D06599679269196CEC
:101AE000066FF0717E74A2768978617A277CA67D74
:101AF000B77E637FD87FFE7F367F457CDB75656B65
:101B0000A85DB54E224111376A31B82F97306E3239
:101B1000FD338534C333C431BE2EFA2ABC262522B8
:101B2000061DE6162F0FA105BBFAC8EF7FE636E0CB
:101B300024DD52DC2ADC4FDB3CD925D689D2A1CE6C
:101B400058CA98C5A6C027BCD7B82EB72BB75FB860
:101B500010BA6DBBA9BB1FBA7FB6F5B02BAA47A3BD
:101B6000B39DB79A009B5B9ED7A33EAABBB015B7A7
:101B700065BD91C312C937CD9CCF61D0EFCF90CE58
:101B800045CCF6C8E4C4E7C027BEACBDFBBFD1C49A
:101B900022CB6FD148D6E2D868D9D0D84FD8D0D888
:101BA000D1DA7DDEDEE3B5EA45F27DF973FFF203BB
:101BB0008F07120BCD0E5612F21435165A16311627
:101BC000A7167E18021C0521CF26562CA5305833A7
:101BD000B4345535BD351A366C36C1365B37753879
:101BE0001F3A393CA13E4C412F442247CB49C74BB9
:101BF000CA4CA34C414BBD487B453742BA3F793E66
:101C00006A3E213F2F40404119426642C84106408A
:101C1000433DE6395436BF32232F722B9B276E2368
:101C2000B51E4A1962138E0D6A081D043A0007FC9E
:101C3000FDF618F1C5EA95E4EFDE00DABAD5D7D1A2
:101C4000EACD87C98DC43FBF25BAC2B54CB2A3AF98
:101C500071AD63AB55A95EA7C8A5E3A4B8A4C7A49A
:101C60001FA4DDA1BD9D629819932F8F738D198ECE
:101C7000D9901D950D9ACA9ECEA249A621AA3FAF22
:101C8000C8B5BFBC9CC254C615C820C9F3CA73CE20
:101C900092D39AD9A2DF03E570E90FED64F0EFF378
:101CA000CCF7E2FB7000000070008C05EA0AD00F50
:101CB000B013D316F1199B1DE0215B266B2A802DF2
:101CC000772FA4307C314F326033FE34A737DA3BB4
:101CD000E9418A49CD516C59625F5E63D06599676D
:101CE0009269196C066FF0717E74A2768978617AB8
:101CF000277CA67DB77E637FD87FFE7F367F457CBD
:101D0000DB75656BA85DB54E224111376A31B82F7E
:101D100097306E32FD338534C333C431BE2EFA2A78
:101D2000BC262522061DE6162F0FA105BBFAC8EF1B
:101D30007FE636E024DD52DC2ADC4FDB3CD925D6B9
:101D400089D2A1CE58CA98C5A6C027BCD7B82EB78D
:101D50002BB75FB810BA6DBBA9BB1FBA7FB6F5B081
:101D60002BAA47A3B39DB79A009B5B9ED7A33EAA1D
:101D7000BBB015B765BD91C312C937CD9CCF61D03B
:101D8000EFCF90CE45CCF6C8E4C4E7C027BEACBDCB
:101D9000FBBFD1C422CB6FD148D6E2D868D9D0D806
:101DA0004FD8D0D8D1DA7DDEDEE3B5EA45F27DF951
:101DB00073FFF2038F07120BCD0E5612F214351675
:101DC0005A163116A7167E18021C0521CF26562C4E
:101DD000A5305833B4345535BD351A366C36C13656
:101DE0005B3775381F3A393CA13E4C412F4422479E
:101DF000CB49C74BCA4CA34C414BBD487B453742EE
:101E0000BA3F793E6A3E213F2F4040411942664227
:101E1000C8410640433DE6395436BF32232F722B6A
:101E20009B276E23B51E4A1962138E0D6A081D0486
:101E30003A0007FCFDF618F1C5EA95E4EFDE00DA9A
:101E4000BAD5D7D1EACD87C98DC43FBF25BAC2B5AF
:101E50004CB2A3AF71AD63AB55A95EA7C8A5E3A40F
:101E6000B8A4C7A41FA4DDA1BD9D629819932F8FAC
:101E7000738D198ED9901D950D9ACA9ECEA249A632
:101E800021AA3FAFC8B5BFBC9CC254C615C820C963
:101E9000F3CA73CE92D39AD9A2DF03E570E90FEDAE
:101EA00064F0EFF3CCF7E2FB7000000070008C05EB
:101EB000EA0AD00FB013D316F1199B1DE0215B265F
:101EC0006B2A802D772FA4307C314F326033FE3463
:101ED000A737DA3BE9418A49CD516C59625F5E63AD
:101EE000D06599679269196C066FF0717E74A2765D
:101EF0008978617A277CA67DB77E637FD87FFE7F55
:101F0000367F457CDB75656BA85DB54E2241113788
:101F10006A31B82F97306E32FD338534C333C43104
:101F2000BE2EFA2ABC262522061DE6162F0FA10575
:101F3000BBFAC8EF7FE636E024DD52DC2ADC4FDB5B
:101F40003CD925D689D2A1CE58CA98C5A6C027BCEF
:101F5000D7B82EB72BB75FB810BA6DBBA9BB1FBAE5
:101F60007FB6F5B02BAA47A3B39DB79A009B5B9EA3
:101F7000D7A33EAABBB015B765BD91C312C937CD73
:101F80009CCF61D0EFCF90CE45CCF6C8E4C4E7C07B
:101F900027BEACBDFBBFD1C422CB6FD148D6E2D89F
:101FA00068D9D0D84FD8D0D8D1DA7DDEDEE3B5EA13
:101FB00045F27DF973FFF2038F07120BCD0E561217
:101FC000F21435165A163116A7167E18021C052172
:101FD000CF26562CA5305833B4345535BD351A3676
:101FE0006C36C1365B3775381F3A393CA13E4C41DF
:101FF0002F442247CB49C74BCA4CA34C414BBD4849
:102000007B453742BA3F793E6A3E213F2F404041EF
:1020100019426642C8410640433DE6395436BF3254
:10202000232F722B9B276E23B51E4A1962138E0D28
:102030006A081D043A0007FCFDF618F1C5EA95E4AC
:10204000EFDE00DABAD5D7D1EACD87C98DC43FBF5C
:1020500025BAC2B54CB2A3AF71AD63AB55A95EA7AB
:10206000C8A5E3A4B8A4C7A41FA4DDA1BD9D629820
:1020700019932F8F738D198ED9901D950D9ACA9E25
:10208000CEA249A621AA3FAFC8B5BFBC9CC254C6C8
:1020900015C820C9F3CA73CE92D39AD9A2DF03E53B
:1020A00070E90FED64F0EFF3CCF7E2FB7000000095
:1020B00070008C05EA0AD00FB013D316F1199B1DDE
:1020C000E0215B266B2A802D772FA4307C314F32A4
:1020D0006033FE34A737DA3BE9418A49CD516C5968
:1020E000625F5E63D06599679269196C066FF071E3
:1020F0007E74A2768978617A277CA67DB77E637F1D
:10210000D87FFE7F367F457CDB75656BA85DB54E5D
:10211000224111376A31B82F97306E32FD33853442
:10212000C333C431BE2EFA2ABC262522061DE6166C
:102130002F0FA105BBFAC8EF7FE636E024DD52DCA5
:102140002ADC4FDB3CD925D689D2A1CE58CA98C506
:10215000A6C027BCD7B82EB72BB75FB810BA6DBBD7
:10216000A9BB1FBA7FB6F5B02BAA47A3B39DB79AF8
:10217000009B5B9ED7A33EAABBB015B765BD91C3BC
:1021800012C937CD9CCF61D0EFCF90CE45CCF6C8E9
:10219000E4C4E7C027BEACBDFBBFD1C422CB6FD126
:1021A00048D6E2D868D9D0D84FD8D0D8D1DA7DDE99
:1021B000DEE3B5EA45F27DF973FFF2038F07120BF8
:1021C000CD0E5612F21435165A163116A7167E1871
:1021D000021C0521CF26562CA5305833B434553572
:1021E000BD351A366C36C1365B3775381F3A393C07
:1021F000A13E4C412F442247CB49C74BCA4CA34C6C
:10220000414BBD487B453742BA3F793E6A3E213F4C
:102210002F40404119426642C8410640433DE639DD
:102220005436BF32232F722B9B276E23B51E4A19BB
:1022300062138E0D6A081D043A0007FCFDF618F1C2
:10224000C5EA95E4EFDE00DABAD5D7D1EACD87C981
:102250008DC43FBF25BAC2B54CB2A3AF71AD63AB5D
:1022600055A95EA7C8A5E3A4B8A4C7A41FA4DDA16F
:10227000BD9D629819932F8F738D198ED9901D95DE
:102280000D9ACA9ECEA249A621AA3FAFC8B5BFBC2F
:102290009CC254C615C820C9F3CA73CE92D39AD92A
:1022A000A2DF03E570E90FED64F0EFF3CCF7E2FB9A
:1022B0007000000070008C05EA0AD00FB013D3162E
:1022C000F1199B1DE0215B266B2A802D772FA4300E
:1022D0007C314F326033FE34A737DA3BE9418A491B
:1022E000CD516C59625F5E63D06599679269196CD4
:1022F000066FF0717E74A2768978617A277CA67D5C
:10230000B77E637FD87FFE7F367F457CDB75656B4C
:10231000A85DB54E224111376A31B82F97306E3221
:10232000FD338534C333C431BE2EFA2ABC262522A0
:10233000061DE6162F0FA105BBFAC8EF7FE636E0B3
:1023400024DD52DC2ADC4FDB3CD925D689D2A1CE54
:1023500058CA98C5A6C027BCD7B82EB72BB75FB848
:1023600010BA6DBBA9BB1FBA7FB6F5B02BAA47A3A5
:10237000B39DB79A009B5B9ED7A33EAABBB015B78F
:1023800065BD91C312C937CD9CCF61D0EFCF90CE40
:1023900045CCF6C8E4C4E7C027BEACBDFBBFD1C482
:1023A00022CB6FD148D6E2D868D9D0D84FD8D0D870
:1023B000D1DA7DDEDEE3B5EA45F27DF973FFF203A3
:1023C0008F07120BCD0E5612F21435165A1631160F
:1023D000A7167E18021C0521CF26562CA53058338F
:1023E000B4345535BD351A366C36C1365B37753861
:1023F0001F3A393CA13E4C412F442247CB49C74BA1
:10240000CA4CA34C414BBD487B453742BA3F793E4D
:102410006A3E213F2F40404119426642C841064072
:10242000433DE6395436BF32232F722B9B276E2350
:10243000B51E4A1962138E0D6A081D043A0007FC86
:10244000FDF618F1C5EA95E4EFDE00DABAD5D7D18A
:10245000EACD87C98DC43FBF25BAC2B54CB2A3AF80
:1024600071AD63AB55A95EA7C8A5E3A4B8A4C7A482
:102470001FA4DDA1BD9D629819932F8F738D198EB6
:10248000D9901D950D9ACA9ECEA249A621AA3FAF0A
:10249000C8B5BFBC9CC254C615C820C9F3CA73CE08
:1024A00092D39AD9A2DF03E570E90FED64F0EFF360
:1024B000CCF7E2FB70000000B106577883633D6FF4
:1024C000E266CE6C8468436C5369626BA669706A7D
:1024D0009E696269EB697E644037C00843EEB0DAFA
:1024E0002CD562D237DC8FE620FD4B10B62D2C4266
:1024F000D660CB658F6B3A63456F9A18C0895E8C46
:10250000C2896C8BD68AE38A098BC68AF08B598B79
:10251000198DF98B738E738BBFACF3EAD91DCD4E39
:10252000B96AC3693D6ABB69EE69AE69BE697F6914
:102530007F6945694E690369EE6869682A6856676C
:10254000C3675667E84CDA241812A6022C039C03D2
:10255000A3120A1F5D38B74A1E67E861DA6D4A4266
:10256000139748853A8B4E87CF8A5287018A2287F4
:102570001B8AB887A98A81887B8BDD885BA878DA7B
:1025800031FFC31758215423921B921076FD2DE979
:10259000BDCE6DB6BA9AE78BF88B988BC98D23A9FF
:1025A0001E3EB7737E64826D9766176CBE67A46B20
:1025B000E467DD6AC867EC69276737697D66BD69CE
:1025C0000559DF315F1845081802FF015909341514
:1025D000F226723A8751D564F067CE665B67A766CC
:1025E000126776667866D865CC6560655365086560
:1025F000F264C664A0648E64696452640C64ED6322
:102600009E63876343631E63DF62AB6280623A62EC
:102610001962BE61A1611861DF6024604560CE5F10
:10262000515F305C775A0358F8568B54D852494F53
:102630007D4B1D45D33CC22E7517FCE98397018065
:102640005C820080A6810080568106801D813D80CD
:102650006781C080D18140815E829181DF82E88084
:10266000E28D2EA79EB475B990B46FA9C597AE85BB
:10267000F4820984B18362840B84C68466844D85A8
:10268000D384D18553858486D68517873986798703
:102690008886CC871787248956888489D688CC89F0
:1026A0008989FE89488A0B8A318BE089968C1A8A3F
:1026B000A78E9E883D92D681B1060000B10657785C
:1026C00083633D6FE266CE6C8468436C5369626BD2
:1026D000A669706A9E696269EB697E644037C008CA
:1026E00043EEB0DA2CD562D237DC8FE620FD4B10FA
:1026F000B62D2C42D660CB658F6B3A63456F9A1826
:10270000C0895E8CC2896C8BD68AE38A098BC68AA3
:10271000F08B598B198DF98B738E738BBFACF3EAE9
:10272000D91DCD4EB96AC3693D6ABB69EE69AE6910
:10273000BE697F697F6945694E690369EE686968AA
:102740002A685667C3675667E84CDA241812A6024F
:102750002C039C03A3120A1F5D38B74A1E67E86169
:10276000DA6D4A42139748853A8B4E87CF8A528753
:10277000018A22871B8AB887A98A81887B8BDD889A
:102780005BA878DA31FFC31758215423921B9210AB
:1027900076FD2DE9BDCE6DB6BA9AE78BF88B988B96
:1027A000C98D23A91E3EB7737E64826D9766176C30
:1027B000BE67A46BE467DD6AC867EC6927673769A1
:1027C0007D66BD690559DF315F1845081802FF01B4
:1027D00059093415F226723A8751D564F067CE66EE
:1027E0005B67A766126776667866D865CC656065B4
:1027F00053650865F264C664A0648E6469645264BB
:102800000C64ED639E63876343631E63DF62AB62A8
:1028100080623A621962BE61A1611861DF60246062
:102820004560CE5F515F305C775A0358F8568B5441
:10283000D852494F7D4B1D45D33CC22E7517FCE93C
:10284000839701805C820080A6810080568106808B
:102850001D813D806781C080D18140815E829181F0
:10286000DF82E880E28D2EA79EB475B990B46FA97F
:10287000C597AE85F4820984B18362840B84C684D3
:1028800066844D85D384D18553858486D685178704
:10289000398679878886CC871787248956888489E2
:1028A000D688CC898989FE89488A0B8A318BE08950
:1028B000968C1A8AA78E9E883D92D681B10600001A
:1028C000B106577883633D6FE266CE6C8468436CD3
:1028D0005369626BA669706A9E696269EB697E647E
:1028E0004037C00843EEB0DA2CD562D237DC8FE631
:1028F00020FD4B10B62D2C42D660CB658F6B3A6312
:10290000456F9A18C0895E8CC2896C8BD68AE38A1F
:10291000098BC68AF08B598B198DF98B738E738B4B
:10292000BFACF3EAD91DCD4EB96AC3693D6ABB6934
:10293000EE69AE69BE697F697F6945694E69036961
:10294000EE6869682A685667C3675667E84CDA24F8
:102950001812A6022C039C03A3120A1F5D38B74A63
:102960001E67E861DA6D4A42139748853A8B4E87B5
:10297000CF8A5287018A22871B8AB887A98A8188D1
:102980007B8BDD885BA878DA31FFC317582154238D
:10299000921B921076FD2DE9BDCE6DB6BA9AE78BEB
:1029A000F88B988BC98D23A91E3EB7737E64826D08
:1029B0009766176CBE67A46BE467DD6AC867EC694D
:1029C000276737697D66BD690559DF315F1845089E
:1029D0001802FF0159093415F226723A8751D5645D
:1029E000F067CE665B67A766126776667866D8651D
:1029F000CC65606553650865F264C664A0648E6446
:102A0000696452640C64ED639E63876343631E6371
:102A1000DF62AB6280623A621962BE61A1611861D5
:102A2000DF6024604560CE5F515F305C775A0358A9
:102A3000F8568B54D852494F7D4B1D45D33CC22E7E
:102A40007517FCE9839701805C820080A681008075
:102A5000568106801D813D806781C080D181408183
:102A60005E829181DF82E880E28D2EA79EB475B9E7
:102A700090B46FA9C597AE85F4820984B18362844E
:102A80000B84C68466844D85D384D1855385848622
:102A9000D6851787398679878886CC8717872489D2
:102AA00056888489D688CC898989FE89488A0B8A88
:102AB000318BE089968C1A8AA78E9E883D92D681AA
:102AC000B106000000000000020000000400000049
:102AD0000600000007000000090000000B000000D5
:102AE0000C0000000E0000001000000000000000BC
:102AF00002000000040000000500000007000000C4
:102B0000090000000A0000000C0000000E00000098
:102B1000100000000000000002000000040000009F
:102B2000060000000B0000000C0000000E0000007A
:102B3000100000001200000017000000000000005C
:102B40000400000005000000070000000A0000006B
:102B50000C00000010000000110000001300000035
:102B60001600000000000000020000000500000048
:102B7000070000000A0000000C0000000E0000002A
:102B8000110000001300000016000000000000000B
:102B90000200000004000000050000000700000023
:102BA000090000000B0000000C0000000E000000F7
:102BB00010000000000000000200000004000000FF
:102BC00007000000090000000C0000000E000000DB
:102BD00010000000130000001500000000000000BD
:102BE0000300000005000000070000000A000000CC
:102BF0000C0000000F000000110000001300000096
:102C000016000000000000000200000003000000A9
:102C10000500000007000000090000000A00000095
:102C20000C0000000E0000000F000000009F2400B8
:102C3000010001000000010001000100000001008E
:102C40000100000001000000010000000100000080
:102C5000010100010100010001000100010001006B
:102C6000010000010000010000010000010101005D
:102C7000010101000100010100010000010000004C
:102C800000000100000001000000000008690020B1
:102C900010000000186900201000000028690020C2
:102CA000080000003069002008000000386900209A
:102CB0000C00000044690020080000004C6900205E
:102CC000080000005469002010000000000000000F
:102CD00000000000000000000000000000000000F4
:102CE00000000000000000000000000000000000E4
:102CF00000000000000000000000000000000000D4
:102D000000000000000000000000000000000000C3
:102D100000000000000000000000000000000000B3
:102D200000000000000000000000000000000000A3
:102D30000000000000000000000000000000000093
:102D40000000000000000000000000000000000083
:102D50000000000000000000000000000000000073
:102D60000000000000000000000000000000000063
:102D70000000000000000000000000000000000053
:102D80000000000000000000000000000000000043
:102D90000000000000000000000000000000000033
:102DA0000000000000000000000000000000000023
:102DB0000000000000000000000000000000000013
:102DC0000000000000000000000000000000000003
:102DD0005B4C44525D204348414F532074726967F5
:102DE0006765726564206174206272696768746ED9
:102DF0006573733A200000005B4C44525D204348E9
:102E0000414F532065786974656420617420627253
:102E1000696768746E6573733A20000002060406E1
:102E20000605060405050606040706060607060548
:102E3000000102030507080908070604020203044B
:102E4000050607080102030405060708090A0B0C1A
:102E50000100000000010D020D0C0D030D0B0D0E05
:102E6000040E0F0A0F100510110911061112081295
:102E70001307000000000000010000000100000036
:102E80000000000003000000020000000C00000031
:102E90000D0000000200000001000000030000001F
:102EA0000D0000000300000001000000020000000F
:102EB000040000000D0000000E00000004000000EF
:102EC00003000000050000000E0000000F000000DD
:102ED00010000000050000000400000006000000D3
:102EE00010000000110000000600000005000000B6
:102EF0000700000011000000120000001300000095
:102F00000700000006000000080000001300000099
:102F10000800000007000000090000001200000087
:102F20001300000009000000080000000A00000073
:102F300011000000120000000A000000090000005B
:102F40000B0000000F000000100000001100000046
:102F50000B0000000A0000000C0000000D00000043
:102F60000E0000000F0000000C0000000100000037
:102F70000B0000000D0000000D000000010000002B
:102F800002000000030000000B0000000C00000025
:102F90000E0000000E00000003000000040000000E
:102FA0000B0000000D0000000F0000000F000000EB
:102FB000040000000A0000000B0000000E000000EA
:102FC00010000000100000000400000005000000D8
:102FD0000A0000000F0000001100000011000000B6
:102FE0000500000006000000090000000A000000C3
:102FF0001000000012000000120000000600000097
:10300000080000000900000011000000130000008B
:103010001300000006000000070000000800000088
:103020001200000004060405040305060405040656
:10303000040504030506040600040205030507064B
:10304000050608050905060401030403000102033F
:103050000405060708090A0B0C0D0E0F10111213B8
:10306000040603070207010801090009130A130BEC
:10307000120B110C110D100E0000000001000000D9
:103080000900000013000000000000000100000023
:103090000200000007000000080000000900000016
:1030A0000100000002000000030000000700000013
:1030B0000200000003000000040000000600000001
:1030C00007000000030000000400000005000000ED
:1030D00006000000040000000500000006000000DB
:1030E00003000000040000000500000006000000CE
:1030F00007000000010000000200000003000000C3
:1031000006000000070000000800000001000000A9
:103110000700000008000000090000000000000097
:103120000100000008000000090000000A00000083
:10313000090000000A0000000B000000130000005E
:103140000A0000000B0000000C000000110000004D
:1031500012000000130000000B0000000C00000033
:103160000D000000110000000C0000000D00000028
:103170000E00000010000000110000000D00000013
:103180000E0000000F000000100000000E00000004
:103190000F000000100000000D0000000E000000F5
:1031A0000F00000010000000110000000B000000E4
:1031B0000C0000000D0000001000000011000000D5
:1031C000120000000B0000001100000012000000BF
:1031D0001300000000000000090000000A000000C9
:1031E0000B000000120000001300000008000000A7
:1031F0001000000014000000180000001C00000077
:10320000426C6F73736F6D20616D70733A207761DC
:1032100076653D302E352064633D302E3335207386
:10322000746167655F6761696E3D00000E030404A9
:10323000040404040404040404030000040002035E
:103240000508060907070504030100000001020341
:103250000405060708090A0B0C0D00000001000216
:103260000003000400050006000700080009000A2A
:10327000000B000C000D0000000000000100000029
:103280000200000003000000040000000500000030
:103290000600000007000000080000000900000010
:1032A0000A0000000B0000000C0000000D000000F0
:1032B0000100000000000000020000000200000009
:1032C00000000000010000000300000003000000F7
:1032D00000000000020000000400000004000000E4
:1032E00000000000030000000500000005000000D1
:1032F00000000000040000000600000006000000BE
:1033000000000000050000000700000007000000AA
:103310000000000006000000080000000800000097
:103320000000000007000000090000000900000084
:1033300000000000080000000A0000000A00000071
:1033400000000000090000000B0000000B0000005E
:10335000000000000A0000000C0000000C0000004B
:10336000000000000B0000000D0000000D00000038
:10337000000000000C00000006060304040504051C
:1033800004050404030606000001020504080509FB
:1033900006070305020100000001020304050607F9
:1033A00008090A0B0C0D0E000301040105000600BC
:1033B000070E080E090D0A0D0B00000000000000AA
:1033C00001000000050000000600000007000000EA
:1033D0000E000000010000000000000002000000DC
:1033E00003000000040000000500000002000000CF
:1033F00001000000030000000300000001000000C5
:1034000002000000040000000400000001000000B1
:10341000030000000500000005000000000000009F
:10342000010000000400000006000000060000008B
:103430000000000005000000070000000700000079
:103440000000000006000000080000000E00000060
:103450000800000007000000090000000E00000046
:1034600009000000080000000A0000000E00000033
:10347000000000000A000000090000000B0000002E
:103480000D0000000B0000000A0000000C0000000E
:103490000D0000000C0000000B0000000D000000FB
:1034A0000D000000090000000A0000000B000000F1
:1034B0000C0000000E0000000E00000000000000E4
:1034C0000700000008000000090000000D000000D7
:1034D0006E616E00696E66006F76660015490100C8
:1034E000194901001D4901002149010000000000A7
:1034F000000000007D2A0100000000000000000024
:103500002157010000000000000000000000000042
:103510000000000021570100215701002157010040
:1035200021570100215701002157010021570100B7
:103530000000000000000000F97A0000C97B0000D4
:1035400081770000B9770000F1770000297800004A
:103550003D7800005178000059780000000000001C
:1035600000000000217B0000997B00001D7A000014
:10357000557A00008D7A0000C17A0000D57A0000EB
:10358000E97A0000F17A000000000000000000006D
:10359000717B0000F97B00006178000095780000E5
:1035A000CD78000005790000197900002D79000020
:1035B000357900000000000000000000FD29010036
:1035C0000000000000000000B12C0100000000001D
:1035D0000000000051640100000000000000000035
:1035E000497B0000297C00003D79000075790000CE
:1035F000AD790000E5790000F97900000D7A00004E
:10360000157A0000000000000000000025190100EC
:103610000000000000000000FD4A0100896A01006E
:10362000856A0100816A01007D6A0100796A0100F2
:10363000756A0100716A01000000000000000000CE
:10364000253701000000000000000000ED1A010015
:103650000000000000000000991D010000000000B3
:10366000000000000527010000000000000000002D
:1036700069170100FD140100611801000115010026
:1036800099170100000000000000000051400100F7
:1036900000000000000000005D310100000000009B
:1036A00000000000252F01000000000000000000C5
:1036B00041330100000000000000000075300100EF
:1036C00000000000000000000529010000000000CB
:1036D000000000002D3B0100000000000000000081
:1036E0001942010029420100000000000000000012
:1036F000C57E0100F17E0100F94A0100C17E010092
:103700007D7E0100897E0100A97E0100AC7C002045
:10371000B87C0020C47C0020D07C0020E07C00200D
:103720005D440100614401006944010071440100ED
:10373000A2000000F9A2000083F9A2006E83F9A2A2
:103740004E6E83F9444E6E8315444E6E2915444ED9
:10375000FC29154427FC29155727FC29D15727FC9C
:10376000F5D1572734F5D157DD34F5D1C0DD34F527
:10377000DBC0DD3462DBC0DD9562DBC0999562DBC6
:103780003C999562433C999590433C994190433CC8
:103790009820002010000000A82000200800000051
:1037A000B020002008000000B82000200800000021
:1037B000C020002008000000C820002008000000F1
:1037C000D020002008000000D820002008000000C1
:1037D000E020002010000000F02000200700000082
:1037E00000000042C8801F40B8821F40080000004F
:1037F00000000042C4801F40B4821F40040000004B
:1038000000C0004224801F4014821F4010000000AE
:1038100000C0004228801F4018821F402000000086
:1038200000C000422C801F401C821F40400000004E
:1038300000C0004234801F4024821F40000100006D
:103840000040004264811F4054831F400004000078
:103850000040004280811F4070831F400000020032
:10386000004000427C811F406C831F40000001002B
:103870000040004268811F4058831F40000800003C
:10388000004000423C811F402C831F40010000008B
:103890000040004244811F4034831F400400000068
:1038A0000040004240811F4030831F400200000062
:1038B0000040004248811F4038831F40080000003C
:1038C0000000004204811F40F4821F4000000400F9
:1038D0000000004208811F40F8821F4000000800DD
:1038E0000000004218811F4008831F400000800034
:1038F0000000004214811F4004831F40000040006C
:103900000000004200811F40F0821F4000000200C2
:1039100000000042FC801F40EC821F4000000100BC
:103920000000004224811F4014831F400000000457
:103930000000004228811F4018831F40000000083B
:10394000000000421C811F400C831F40000000014A
:103950000000004220811F4010831F400000000231
:1039600000000042EC801F40DC821F40001000007D
:1039700000000042F0801F40E0821F400020000055
:103980000000004234811F4024831F40000000409B
:103990000000004238811F4028831F400000008043
:1039A0000080004294801F4084821F400000040079
:1039B00000C0004290801F4080821F4000000080B5
:1039C00000800042A8801F4098821F4000008000B5
:1039D00000800042A4801F4094821F4000004000ED
:1039E000004000426C811F405C831F4000100000BB
:1039F00000C0004230801F4020821F408000000035
:103A000000800042C8811F40B8831F400080000032
:103A100000800042C4811F40B4831F40004000006A
:103A200000800042C0811F40B0831F400020000082
:103A300000800042BC811F40AC831F40001000008A
:103A400000800042D0811F40C0831F400000020060
:103A500000800042CC811F40BC831F400000010059
:103A6000100000000300000004000000050000003A
:103A7000554E4B4E4F574E003D3D3D3D3D3D3D3D2E
:103A80003D3D20424C4F53534F4D20444941474EFA
:103A90004F5354494320484541444552203D3D3D04
:103AA0003D3D3D3D3D3D3D005B52414E445D20006E
:103AB000207C52414E444F4D207C000020637572A3
:103AC000723D000020667265713D00005B4E4F54F0
:103AD000455D2000207365713D00000020703D00B1
:103AE000206E6578743D000007080C0B06050F007A
:103AF0000D0E0102838407080C0B06050F000D0E46
:103B0000010283840101000401000004013201016B
:103B10000132020101100101011101010112010232
:103B20000103020601030106011202020200000164
:103B30000202000102010001021000010222000144
:103B4000022300010000000000000000022100012B
:103B5000022000010000000000000000013001010F
:103B60000131010101020004010300040000000012
:103B700000000000012102010121010100000000FC
:103B8000000000000000000001100201010102011C
:103B90000101010101000201010001010102020114
:103BA0000102010100A019A01AA01BA01CA01EA0C8
:103BB00020A022A024A026A027A027A027A025A0DF
:103BC00021A01DA017A010A007A0FD9FF29FE69FB7
:103BD000DA9FCD9FC19FB59FA99F9F9F969F8F9F63
:103BE0008B9F899F8A9F8D9F949F9E9FAB9FBA9F1B
:103BF000CD9FE19FF79F0FA028A041A05AA071A0E0
:103C000087A09BA0ADA0BAA0C4A0CAA0CBA0C7A00B
:103C1000BEA0B0A09EA087A06BA04DA02BA007A027
:103C2000E19FBB9F959F709F4D9F2E9F129FFC9E73
:103C3000EA9EDF9EDA9EDD9EE69EF69E0D9F2B9FFE
:103C40004F9F789FA69FD79F0AA03FA074A0A8A0CF
:103C5000D9A006A12EA151A16CA17FA18AA18BA1FF
:103C600083A172A157A134A108A1D4A09AA05BA0FE
:103C700018A0D39F8D9F489F069FC79E8F9E5E9ED4
:103C8000369E189E049EFD9D019E129E2F9E589E5C
:103C90008C9ECA9E119F609FB49F0CA067A0C1A07C
:103CA00018A16BA1B8A1FCA135A263A282A294A223
:103CB00096A288A26AA23DA200A2B7A160A100A11B
:103CC00096A027A0B39F3F9FCC9E5E9EF79D9A9D96
:103CD000499D079DD59CB69CAA9CB29CCE9CFF9CFE
:103CE000449D9C9D049E7C9E009F8D9F22A0B9A018
:103CF00050A1E4A16FA2F0A262A3C3A30FA444A4A5
:103D000060A462A44AA415A4C6A35EA3DDA247A230
:103D10009EA1E5A022A0579F8A9EBF9DFC9C459C2A
:103D20009F9B0F9B989A409A089AF399049A3A9A03
:103D3000979A199BBF9B869C6A9D689E7A9F9AA0C2
:103D4000C3A1ECA211A428A52AA612A7D6A772A8DF
:103D5000E0A81AA91CA9E4A86FA8BEA7D1A6AAA585
:103D60004DA4C0A209A12F9F3D9D3D9B399940972D
:103D70005C959D931192C490C58F228FE78E208F02
:103D8000D98F1A91ED9257955E98049C4BA032A55D
:103D9000B4AACEB077B7A7BE52C66DCEE7D6B3DF12
:103DA000BFE8F9F150FBB0045069616E6F0000008C
:103DB000566F696365000000466C7574650000000D
:103DC000426173730000000043656C6C6F0000007B
:103DD00047756974617200004F7267616E696300B4
:103DE000537472696E677300426173736973740010
:103DF0004861726D6F6E7931000000004861726D2C
:103E00006F6E793200000000426C6F73736F6D004B
:103E10004E6F6973650000005768616C6573000040
:103E200042697264732F4472756D73004C4541464C
:103E30000000000052414449414C000057415645A2
:103E4000000000004D4F554E5441494E0000000007
:103E500053545241494748540000000042524F4BCE
:103E6000454E00005245535400000000524556454F
:103E7000525345005041545445524E004348414F1F
:103E800053000000534B454C4554414C000000008A
:103E900052414E444F4D0000434F4E544F55520037
:103EA00043000000432300004423000045000000BD
:103EB00046000000462300004700000047230000A2
:103EC000410000004123000042000000507572656F
:103ED0002053696E65000000547269616E676C65FD
:103EE0002B53696E65000000466C7574652B536931
:103EF0006E65000053696E652B547269616E676C64
:103F000065000000547269616E676C652B536177C0
:103F100000000000566F6963652B455069616E6F44
:103F200000000000456C6563747269632042617330
:103F300073000000506C61696E2053696E6500006B
:103F40004C796469616E00004D69786F6C796469C1
:103F5000616E000050726F6D657468657573000066
:103F6000496E6469616E0000456779707469616EBD
:103F7000000000004D616A6F720000004D616A6FC1
:103F8000722050656E7461746F6E6963000000008A
:103F90004D696E6F722050656E7461746F6E6963E7
:103FA00000000000446F7269616E0000456C65633B
:103FB00074726963205069616E6F000048756D61AD
:103FC0006E20566F69636500536177004D4F525004
:103FD000480000004269726420436869727073008F
:103FE0004D6963726F204265617473004F63656150
:103FF0006E20576176657300526164696F20427567
:1040000072737473000000004F66660000010000C8
:10401000AC8700201200000000060000E0200060D5
:104020000A00000000020000881F00605501000027
:1040300000070000301E0060550100000003000072
:104040002C1E00600000000001030904141E006023
:104050000000000002030904F089002000000000B5
:1040600003030904108A0020000000000000000083
:1040700000000000000000000F0000000A00000027
:10408000000000001096002078960020E0960020A6
:104090000000000000000000000000000000000020
:1040A0000000000000000000000000000000000010
:1040B0000000000000000000000000000000000000
:1040C00000000000000000000000000000000000F0
:1040D00000000000000000000000000000000000E0
:1040E00000000000000000000000000000000000D0
:1040F00000000000000000000000000000000000C0
:1041000000000000000000000000000000000000AF
:10411000000000000000000001000000000000009E
:104120000E33CDAB34126DE6ECDE05000B00000063
:10413000000000000000000000000000000000007F
:10414000000000000000000000000000000000006F
:10415000000000000000000000000000000000005F
:10416000000000000000000000000000000000004F
:10417000000000000000000000000000000000003F
:10418000000000000000000000000000000000002F
:10419000000000000000000000000000000000001F
:1041A0000029DE07007B9A17F07200200000000053
:1041B000E803000000000000C873002000000000B9
:1041C000E80300000000000000003F408C21006078
:1041D00000000000000000000000000000000000DF
:1041E00000000000000000000000000000000000CF
:1041F00000000000000000000000000000000000BF
:1042000000000000000000000000000000000000AE
:10421000000000000000000000000000000000009E
:10422000000000000000000000000000000000008E
:10423000000000000000000000000000000000007E
:10424000000000000000000000000000000000006E
:10425000000000000000000000000000000000005E
:10426000000000000000000000000000000000004E
:10427000000000000000000000000000000000003E
:10428000000000000000000000000000000000002E
:10429000000000000000000000000000000000001E
:1042A000000000000000000000000000000000000E
:1042B00000000000000000000000000000000000FE
:1042C00000000000000000000000000000000000EE
:1042D00000000000000000000000000000000000DE
:1042E00000000000000000000000000000000000CE
:1042F0000000000000000000C87300200000000063
:10430000E80300000000000000803F403C21006006
:10431000000000000000000000000000000000009D
:10432000000000000000000000000000000000008D
:10433000000000000000000000000000000000007D
:10434000000000000000000000000000000000006D
:10435000000000000000000000000000000000005D
:10436000000000000000000000000000000000004D
:10437000000000000000000000000000000000003D
:10438000000000000000000000000000000000002D
:10439000000000000000000000000000000000001D
:1043A000000000000000000000000000000000000D
:1043B00000000000000000000000000000000000FD
:1043C00000000000000000000000000000000000ED
:1043D00000000000000000000000000000000000DD
:1043E00000000000000000000000000000000000CD
:1043F00000000000000000000000000000000000BD
:1044000000000000000000000000000000000000AC
:10441000000000000000000000000000000000009C
:10442000000000000000000000000000000000008C
:104430000000000000000000C87300200000000021
:10444000E80300000000000000C03F40EC200060D6
:10445000000000000000000000000000000000005C
:10446000000000000000000000000000000000004C
:10447000000000000000000000000000000000003C
:10448000000000000000000000000000000000002C
:10449000000000000000000000000000000000001C
:1044A000000000000000000000000000000000000C
:1044B00000000000000000000000000000000000FC
:1044C00000000000000000000000000000000000EC
:1044D00000000000000000000000000000000000DC
:1044E00000000000000000000000000000000000CC
:1044F00000000000000000000000000000000000BC
:1045000000000000000000000000000000000000AB
:10451000000000000000000000000000000000009B
:10452000000000000000000000000000000000008B
:10453000000000000000000000000000000000007B
:10454000000000000000000000000000000000006B
:10455000000000000000000000000000000000005B
:10456000000000000000000000000000000000004B
:1045700000000000000000004C6B0020546B002085
:104580006C6B00207C6B0020946B0020AC6B0020D7
:10459000C06B0020D86B0020E86B0020FC6B002073
:1045A000106C0020286C0020406C0020506C002013
:1045B0006C6C0020846C00209C6C0020B46C00208B
:1045C000D06C0020E86C0020506D0020606D002051
:1045D000786D0020886D00209C6D0020AC6D00205F
:1045E000B86D0020CC6D0020E46D0020F46D00203B
:1045F000086E0020186E0020306E0020406E0020F3
:10460000546E0020646E0020706E0020846E0020C6
:104610009C6E0020AC6E0020000000000000000036
:104620007F000000FFFFFFFF506F0020886F002019
:10463000946F0020A46F0020B46F0020C46F00208E
:10464000D46F0020E46F0020F46F0020047000207D
:10465000147000202470002034700020447000206A
:1046600094700020AC700020C4700020D070002036
:10467000E0700020F0700020047100201471002010
:1046800028710020387100204C7100205C710020DE
:104690006C710020787100209071002001000000F2
:1046A00005000000D4950020E0C22020000000009A
:1046B00000000000000000008883002088830020A4
:1046C000908300209083002098830020988300200E
:1046D000A0830020A0830020A8830020A8830020BE
:1046E000B0830020B0830020B8830020B88300206E
:1046F000C0830020C0830020C8830020C88300201E
:10470000D0830020D0830020D8830020D8830020CD
:10471000E0830020E0830020E8830020E88300207D
:10472000F0830020F0830020F8830020F88300202D
:1047300000840020008400200884002008840020D9
:104740001084002010840020188400201884002089
:104750002084002020840020288400202884002039
:1047600030840020308400203884002038840020E9
:104770004084002040840020488400204884002099
:104780005084002050840020588400205884002049
:1047900060840020608400206884002068840020F9
:1047A00070840020708400207884002078840020A9
:1047B0008084002080840020888400208884002059
:1047C0009084002090840020988400209884002009
:1047D000A0840020A0840020A8840020A8840020B9
:1047E000B0840020B0840020B8840020B884002069
:1047F000C0840020C0840020C8840020C884002019
:10480000D0840020D0840020D8840020D8840020C8
:10481000E0840020E0840020E8840020E884002078
:10482000F0840020F0840020F8840020F884002028
:1048300000850020008500200885002008850020D4
:104840001085002010850020188500201885002084
:104850002085002020850020288500202885002034
:1048600030850020308500203885002038850020E4
:104870004085002040850020488500204885002094
:104880005085002050850020588500205885002044
:1048900060850020608500206885002068850020F4
:1048A00070850020708500207885002078850020A4
:1048B0008085002080850020888500208885002054
:1048C0009085002090850020988500209885002004
:1048D000A0850020A0850020A8850020A8850020B4
:1048E000B0850020B0850020B8850020B885002064
:1048F000C0850020C0850020C8850020C885002014
:10490000D0850020D0850020D8850020D8850020C3
:10491000E0850020E0850020E8850020E885002073
:10492000F0850020F0850020F8850020F885002023
:1049300000860020008600200886002008860020CF
:10494000108600201086002018860020188600207F
:10495000208600202086002028860020288600202F
:1049600030860020308600203886002038860020DF
:10497000408600204086002048860020488600208F
:10498000508600205086002058860020588600203F
:1049900060860020608600206886002068860020EF
:1049A000708600207086002078860020788600209F
:1049B000808600208086002088860020888600204F
:1049C00090860020908600209886002098860020FF
:1049D000A0860020A0860020A8860020A8860020AF
:1049E000B0860020B0860020B8860020B88600205F
:1049F000C0860020C0860020C8860020C88600200F
:104A0000D0860020D0860020D8860020D8860020BE
:104A1000E0860020E0860020E8860020E88600206E
:104A2000F0860020F0860020F8860020F88600201E
:104A300000870020008700200887002008870020CA
:104A4000108700201087002018870020188700207A
:104A5000208700202087002028870020288700202A
:104A600030870020308700203887002038870020DA
:104A7000408700204087002048870020488700208A
:104A8000508700205087002058870020588700203A
:104A900060870020608700206887002068870020EA
:104AA000708700207087002078870020788700209A
:104AB0008087002080870020FFFFFFFF00000200AA
:104AC000587D002003000000CDCCCC3E9A99993E41
:104AD0000400000012010002EF020140C0168A0427
:104AE000790201020301000002000000040000003E
:104AF000FFFFFFFF0000003FCDCC4C3F09D002413B
:104B000059970A4113D5124138901B4114D02441C2
:104B1000E09C2E412EFF38412EFF4341B5A64F4168
:104B200000005C41E4146941D8F07641DFCF824156
:104B300059978A41FED492412E909B4148D0A4417E
:104B4000159DAE412EFFB84163FFC341E9A6CF4199
:104B50000000DC41E414E9410DF1F641F9CF0242D5
:104B600059970A42FED412422E901B4248D024424A
:104B70002F9D2E4248FF384263FF4342E9A64F4231
:104B800000005C42E41469420DF1764207D0824293
:104B900059978A420BD592423B909B4248D0A442FF
:104BA0002F9DAE4248FFB84263FFC342E9A6CF4201
:104BB0000000DC427B14E942A4F0F642DFCF02435E
:104BC0004C970A43FED4124321901B4321D0244327
:104BD0002F9D2E433BFF38433BFF4343E9A64F4302
:104BE00000005C43BC146943E5F0764300D0824387
:104BF0004C978A43FED4924321909B4342D0A443D6
:104C00002F9DAE433BFFB8435CFFC343E9A6CF43B0
:104C10000000DC43DD14E94306F1F64310D0024402
:104C20005C970A440ED5124431901B4452D0244460
:104C30002F9D2E443BFF38445CFF4344FAA64F446B
:104C400000005C44EE14694406F1764400D08244CE
:104C50005C978A44CDD4924400909B4452D0A444A3
:104C60001F9DAE440AFFB8445CFFC344B8A6CF44BE
:104C70000000DC44CD14E944F6F0F64400D00245CF
:104C80005C970A45F6D4124529901B4552D024451D
:104C90001F9D2E4533FF38455CFF4345E1A64F4538
:104CA00000005C45F6146945F6F0764500D0824573
:104CB0005C978A450AD592453D909B4552D0A445C4
:104CC000339DAE4548FFB8455CFFC345F6A6CF45CA
:104CD0000000DC45F614E9450AF1F6450AD0024623
:104CE0005C970A4614D512463D901B4600D02446D8
:104CF000339D2E4633FF384633FF43460000003EC7
:104D00000000803E0000003F0000803FFFFFFFFFEB
:104D10003C000000E80300001E035400610068002E
:104D20006900670061006D006900200044003100E7
:104D30002D003400300000000C03000000000000D3
:104D40000000000000000000000000000000000063
:104D5000C07A0020C87A0020D47A0020E07A0020AF
:104D6000E87A0020F07A0020F87A0020B87A002053
:104D700001FFFFFF081001010101FFFFFF01010119
:104D80000000000000000000000000000000000023
:104D90000000000000000000000000000000000013
:104DA0000000000000000000000000000000000003
:104DB00000000000000000000000000000000000F3
:104DC00000000000000000000000000000000000E3
:104DD00000000000000000000000000000000000D3
:104DE00000000000000000000000000000000000C3
:104DF00000000000000000000000000000000000B3
:104E000000000000000000000000000000000000A2
:104E10000000000000000000000000000000000092
:104E20000000000000000000000000000000000082
:104E30000000000000000000000000000000000072
:104E40000000000000000000000000000000000062
:104E50000000000000000000000000000000000052
:104E60000000000000000000000000000000000042
:104E70000000000000000000000000000000000032
:104E80000000000000000000000000000000000022
:104E90000000000000000000000000000000000012
:104EA0000000000000000000000000000000000002
:104EB00000000000000000000000000000000000F2
:104EC00000000000000000000000000000000000E2
:104ED00000000000000000000000000000000000D2
:104EE00000000000000000000000000000000000C2
:104EF00000000000000000000000000000000000B2
:104F000000000000000000000000000000000000A1
:104F10000000000000000000000000000000000091
:104F20000000000000000000000000000000000081
:104F30000000000000000000000000000000000071
:104F40000000000000000000000000000000000061
:104F50000000000000000000000000000000000051
:104F60000000000000000000000000000000000041
:104F70000000000000000000000000000000000031
:104F80000000000000000000000000000000000021
:104F90000000000000000000000000000000000011
:104FA0000000000000000000000000000000000001
:104FB00000000000000000000000000000000000F1
:104FC00000000000000000000000000000000000E1
:104FD00000000000000000000000000000000000D1
:104FE00000000000000000000000000000000000C1
:104FF00000000000000000000000000000000000B1
:1050000000000000000000000000000000000000A0
:105010000000000000000000000000000000000090
:105020000000000000000000000000000000000080
:105030000000000000000000000000000000000070
:105040000000000000000000000000000000000060
:105050000000000000000000000000000000000050
:105060000000000000000000000000000000000040
:105070000000000000000000000000000000000030
:105080000000000000000000000000000000000020
:105090000000000000000000000000000000000010
:1050A0000000000000000000000000000000000000
:1050B00000000000000000000000000000000000F0
:1050C00000000000000000000000000000000000E0
:1050D00000000000000000000000000000000000D0
:1050E00000000000000000000000000000000000C0
:1050F00000000000000000000000000000000000B0
:10510000000000000000000000000000000000009F
:10511000000000000000000000000000000000008F
:10512000000000000000000000000000000000007F
:10513000000000000000000000000000000000006F
:10514000000000000000000000000000000000005F
:10515000000000000000000000000000000000004F
:10516000000000000000000000000000000000003F
:10517000000000000000000000000000000000002F
:10518000000000000000000000000000000000001F
:10519000000000000000000000000000000000000F
:1051A00000000000000000000000000000000000FF
:1051B00000000000000000000000000000000000EF
:1051C00000000000000000000000000000000000DF
:1051D00000000000000000000000000000000000CF
:0851E0000000000000000000C7
:1051E800FFFFFFFFFFFFFFFFFFFFFFFFFFFFFFFFC7
:1051F800FFFFFFFFFFFFFFFFFFFFFFFFFFFFFFFFB7
:10520800FFFFFFFFFFFFFFFFFFFFFFFFFFFFFFFFA6
:10521800FFFFFFFFFFFFFFFFFFFFFFFFFFFFFFFF96
:10522800FFFFFFFFFFFFFFFFFFFFFFFFFFFFFFFF86
:10523800FFFFFFFFFFFFFFFFFFFFFFFFFFFFFFFF76
:10524800FFFFFFFFFFFFFFFFFFFFFFFFFFFFFFFF66
:10525800FFFFFFFFFFFFFFFFFFFFFFFFFFFFFFFF56
:10526800FFFFFFFFFFFFFFFFFFFFFFFFFFFFFFFF46
:10527800FFFFFFFFFFFFFFFFFFFFFFFFFFFFFFFF36
:10528800FFFFFFFFFFFFFFFFFFFFFFFFFFFFFFFF26
:10529800FFFFFFFFFFFFFFFFFFFFFFFFFFFFFFFF16
:1052A800FFFFFFFFFFFFFFFFFFFFFFFFFFFFFFFF06
:1052B800FFFFFFFFFFFFFFFFFFFFFFFFFFFFFFFFF6
:1052C800FFFFFFFFFFFFFFFFFFFFFFFFFFFFFFFFE6
:1052D800FFFFFFFFFFFFFFFFFFFFFFFFFFFFFFFFD6
:1052E800FFFFFFFFFFFFFFFFFFFFFFFFFFFFFFFFC6
:1052F800FFFFFFFFFFFFFFFFFFFFFFFFFFFFFFFFB6
:10530800FFFFFFFFFFFFFFFFFFFFFFFFFFFFFFFFA5
:10531800FFFFFFFFFFFFFFFFFFFFFFFFFFFFFFFF95
:10532800FFFFFFFFFFFFFFFFFFFFFFFFFFFFFFFF85
:10533800FFFFFFFFFFFFFFFFFFFFFFFFFFFFFFFF75
:10534800FFFFFFFFFFFFFFFFFFFFFFFFFFFFFFFF65
:10535800FFFFFFFFFFFFFFFFFFFFFFFFFFFFFFFF55
:10536800FFFFFFFFFFFFFFFFFFFFFFFFFFFFFFFF45
:10537800FFFFFFFFFFFFFFFFFFFFFFFFFFFFFFFF35
:10538800FFFFFFFFFFFFFFFFFFFFFFFFFFFFFFFF25
:10539800FFFFFFFFFFFFFFFFFFFFFFFFFFFFFFFF15
:1053A800FFFFFFFFFFFFFFFFFFFFFFFFFFFFFFFF05
:1053B800FFFFFFFFFFFFFFFFFFFFFFFFFFFFFFFFF5
:1053C800FFFFFFFFFFFFFFFFFFFFFFFFFFFFFFFFE5
:1053D800FFFFFFFFFFFFFFFFFFFFFFFFFFFFFFFFD5
:1053E800FFFFFFFFFFFFFFFFFFFFFFFFFFFFFFFFC5
:1053F800FFFFFFFFFFFFFFFF0000000000000000AD
:105408000000000000000000000000000000000094
:105418000000000000000000000000000000000084
:105428000000000000000000000000000000000074
:105438000000000000000000000000000000000064
:105448000000000000000000000000000000000054
:105458000000000000000000000000000000000044
:105468000000000000000000000000000000000034
:105478000000000000000000000000000000000024
:105488000000000000000000000000000000000014
:105498000000000000000000000000000000000004
:1054A80000000000000000000000000000000000F4
:1054B80000000000000000000000000000000000E4
:1054C80000000000000000000000000000000000D4
:1054D80000000000000000000000000000000000C4
:1054E80000000000000000000000000000000000B4
:1054F80000000000000000000000000000000000A4
:105508000000000000000000000000000000000093
:105518000000000000000000000000000000000083
:105528000000000000000000000000000000000073
:105538000000000000000000000000000000000063
:105548000000000000000000000000000000000053
:105558000000000000000000000000000000000043
:105568000000000000000000000000000000000033
:105578000000000000000000000000000000000023
:105588000000000000000000000000000000000013
:105598000000000000000000000000000000000003
:1055A80000000000000000000000000000000000F3
:1055B80000000000000000000000000000000000E3
:1055C80000000000000000000000000000000000D3
:1055D80000000000000000000000000000000000C3
:1055E80000000000000000000000000000000000B3
:1055F80000000000000000000000000000000000A3
:105608000000000000000000000000000000000092
:105618000000000000000000000000000000000082
:105628000000000000000000000000000000000072
:105638000000000000000000000000000000000062
:105648000000000000000000000000000000000052
:105658000000000000000000000000000000000042
:105668000000000000000000000000000000000032
:105678000000000000000000000000000000000022
:105688000000000000000000000000000000000012
:105698000000000000000000000000000000000002
:1056A80000000000000000000000000000000000F2
:1056B80000000000000000000000000000000000E2
:1056C80000000000000000000000000000000000D2
:1056D80000000000000000000000000000000000C2
:1056E80000000000000000000000000000000000B2
:1056F80000000000000000000000000000000000A2
:105708000000000000000000000000000000000091
:105718000000000000000000000000000000000081
:105728000000000000000000000000000000000071
:105738000000000000000000000000000000000061
:105748000000000000000000000000000000000051
:105758000000000000000000000000000000000041
:105768000000000000000000000000000000000031
:105778000000000000000000000000000000000021
:105788000000000000000000000000000000000011
:105798000000000000000000000000000000000001
:1057A80000000000000000000000000000000000F1
:1057B80000000000000000000000000000000000E1
:1057C80000000000000000000000000000000000D1
:1057D80000000000000000000000000000000000C1
:1057E80000000000000000000000000000000000B1
:1057F80000000000000000000000000000000000A1
:105808000000000000000000000000000000000090
:105818000000000000000000000000000000000080
:105828000000000000000000000000000000000070
:105838000000000000000000000000000000000060
:105848000000000000000000000000000000000050
:105858000000000000000000000000000000000040
:105868000000000000000000000000000000000030
:105878000000000000000000000000000000000020
:105888000000000000000000000000000000000010
:105898000000000000000000000000000000000000
:1058A80000000000000000000000000000000000F0
:1058B80000000000000000000000000000000000E0
:1058C80000000000000000000000000000000000D0
:1058D80000000000000000000000000000000000C0
:1058E80000000000000000000000000000000000B0
:1058F80000000000000000000000000000000000A0
:10590800000000000000000000000000000000008F
:10591800000000000000000000000000000000007F
:10592800000000000000000000000000000000006F
:10593800000000000000000000000000000000005F
:10594800000000000000000000000000000000004F
:10595800000000000000000000000000000000003F
:10596800000000000000000000000000000000002F
:10597800000000000000000000000000000000001F
:10598800000000000000000000000000000000000F
:1059980000000000000000000000000000000000FF
:1059A80000000000000000000000000000000000EF
:1059B80000000000000000000000000000000000DF
:1059C80000000000000000000000000000000000CF
:1059D80000000000000000000000000000000000BF
:1059E80000000000000000000000000000000000AF
:1059F800000000000000000000000000000000009F
:105A0800000000000000000000000000000000008E
:105A1800000000000000000000000000000000007E
:105A2800000000000000000000000000000000006E
:105A3800000000000000000000000000000000005E
:105A4800000000000000000000000000000000004E
:105A5800000000000000000000000000000000003E
:105A6800000000000000000000000000000000002E
:105A7800000000000000000000000000000000001E
:105A8800000000000000000000000000000000000E
:105A980000000000000000000000000000000000FE
:105AA80000000000000000000000000000000000EE
:105AB80000000000000000000000000000000000DE
:105AC80000000000000000000000000000000000CE
:105AD80000000000000000000000000000000000BE
:105AE80000000000000000000000000000000000AE
:105AF800000000000000000000000000000000009E
:105B0800000000000000000000000000000000008D
:105B1800000000000000000000000000000000007D
:105B2800000000000000000000000000000000006D
:105B3800000000000000000000000000000000005D
:105B4800000000000000000000000000000000004D
:105B5800000000000000000000000000000000003D
:105B6800000000000000000000000000000000002D
:105B7800000000000000000000000000000000001D
:105B8800000000000000000000000000000000000D
:105B980000000000000000000000000000000000FD
:105BA80000000000000000000000000000000000ED
:105BB80000000000000000000000000000000000DD
:105BC80000000000000000000000000000000000CD
:105BD80000000000000000000000000000000000BD
:105BE80000000000000000000000000000000000AD
:105BF800000000000000000000000000000000009D
:105C0800000000000000000000000000000000008C
:105C1800000000000000000000000000000000007C
:105C2800000000000000000000000000000000006C
:105C3800000000000000000000000000000000005C
:105C4800000000000000000000000000000000004C
:105C5800000000000000000000000000000000003C
:105C6800000000000000000000000000000000002C
:105C7800000000000000000000000000000000001C
:105C8800000000000000000000000000000000000C
:105C980000000000000000000000000000000000FC
:105CA80000000000000000000000000000000000EC
:105CB80000000000000000000000000000000000DC
:105CC80000000000000000000000000000000000CC
:105CD80000000000000000000000000000000000BC
:105CE80000000000000000000000000000000000AC
:105CF800000000000000000000000000000000009C
:105D0800000000000000000000000000000000008B
:105D1800000000000000000000000000000000007B
:105D2800000000000000000000000000000000006B
:105D3800000000000000000000000000000000005B
:105D4800000000000000000000000000000000004B
:105D5800000000000000000000000000000000003B
:105D6800000000000000000000000000000000002B
:105D7800000000000000000000000000000000001B
:105D8800000000000000000000000000000000000B
:105D980000000000000000000000000000000000FB
:105DA80000000000000000000000000000000000EB
:105DB80000000000000000000000000000000000DB
:105DC80000000000000000000000000000000000CB
:105DD80000000000000000000000000000000000BB
:105DE80000000000000000000000000000000000AB
:105DF800000000000000000000000000000000009B
:105E0800000000000000000000000000000000008A
:105E1800000000000000000000000000000000007A
:105E2800000000000000000000000000000000006A
:105E3800000000000000000000000000000000005A
:105E4800000000000000000000000000000000004A
:105E5800000000000000000000000000000000003A
:105E6800000000000000000000000000000000002A
:105E7800000000000000000000000000000000001A
:105E8800000000000000000000000000000000000A
:105E980000000000000000000000000000000000FA
:105EA80000000000000000000000000000000000EA
:105EB80000000000000000000000000000000000DA
:105EC80000000000000000000000000000000000CA
:105ED80000000000000000000000000000000000BA
:105EE80000000000000000000000000000000000AA
:105EF800000000000000000000000000000000009A
:105F08000000000000000000000000000000000089
:105F18000000000000000000000000000000000079
:105F28000000000000000000000000000000000069
:105F38000000000000000000000000000000000059
:105F48000000000000000000000000000000000049
:105F58000000000000000000000000000000000039
:105F68000000000000000000000000000000000029
:105F78000000000000000000000000000000000019
:105F88000000000000000000000000000000000009
:105F980000000000000000000000000000000000F9
:105FA80000000000000000000000000000000000E9
:105FB80000000000000000000000000000000000D9
:105FC80000000000000000000000000000000000C9
:105FD80000000000000000000000000000000000B9
:105FE80000000000000000000000000000000000A9
:085FF8000000000000000000A1
:040000056000100087
:00000001FF
