:0200000460009A
:100000004643464200000156000000000103030081
:1000100000000000000000000000000000000000E0
:1000200000000000000000000000000000000000D0
:1000300000000000000000000000000000000000C0
:1000400000000000010408000000000000000000A3
:100050000000200000000000000000000000000080
:100060000000000000000000000000000000000090
:100070000000000000000000000000000000000080
:10008000EB04180A063204260000000000000000FD
:10009000050404240000000000000000000000002F
:1000A0000000000000000000000000000000000050
:1000B0000604000000000000000000000000000036
:1000C0000000000000000000000000000000000030
:1000D00020041808000000000000000000000000DC
:1000E0000000000000000000000000000000000010
:1000F0000000000000000000000000000000000000
:10010000D8041808000000000000000000000000F3
:100110000204180804200000000000000000000095
:1001200000000000000000000000000000000000CF
:10013000600400000000000000000000000000005B
:1001400000000000000000000000000000000000AF
:10015000000000000000000000000000000000009F
:10016000000000000000000000000000000000008F
:10017000000000000000000000000000000000007F
:10018000000000000000000000000000000000006F
:10019000000000000000000000000000000000005F
:1001A000000000000000000000000000000000004F
:1001B000000000000000000000000000000000003F
:1001C000000100000010000001000000000000001D
:1001D000000001000000000000000000000000001E
:1001E000000000000000000000000000000000000F
:1001F00000000000000000000000000000000000FF
:10020000FFFFFFFFFFFFFFFFFFFFFFFFFFFFFFFFFE
:10021000FFFFFFFFFFFFFFFFFFFFFFFFFFFFFFFFEE
:10022000FFFFFFFFFFFFFFFFFFFFFFFFFFFFFFFFDE
:10023000FFFFFFFFFFFFFFFFFFFFFFFFFFFFFFFFCE
:10024000FFFFFFFFFFFFFFFFFFFFFFFFFFFFFFFFBE
:10025000FFFFFFFFFFFFFFFFFFFFFFFFFFFFFFFFAE
:10026000FFFFFFFFFFFFFFFFFFFFFFFFFFFFFFFF9E
:10027000FFFFFFFFFFFFFFFFFFFFFFFFFFFFFFFF8E
:10028000FFFFFFFFFFFFFFFFFFFFFFFFFFFFFFFF7E
:10029000FFFFFFFFFFFFFFFFFFFFFFFFFFFFFFFF6E
:1002A000FFFFFFFFFFFFFFFFFFFFFFFFFFFFFFFF5E
:1002B000FFFFFFFFFFFFFFFFFFFFFFFFFFFFFFFF4E
:1002C000FFFFFFFFFFFFFFFFFFFFFFFFFFFFFFFF3E
:1002D000FFFFFFFFFFFFFFFFFFFFFFFFFFFFFFFF2E
:1002E000FFFFFFFFFFFFFFFFFFFFFFFFFFFFFFFF1E
:1002F000FFFFFFFFFFFFFFFFFFFFFFFFFFFFFFFF0E
:10030000FFFFFFFFFFFFFFFFFFFFFFFFFFFFFFFFFD
:10031000FFFFFFFFFFFFFFFFFFFFFFFFFFFFFFFFED
:10032000FFFFFFFFFFFFFFFFFFFFFFFFFFFFFFFFDD
:10033000FFFFFFFFFFFFFFFFFFFFFFFFFFFFFFFFCD
:10034000FFFFFFFFFFFFFFFFFFFFFFFFFFFFFFFFBD
:10035000FFFFFFFFFFFFFFFFFFFFFFFFFFFFFFFFAD
:10036000FFFFFFFFFFFFFFFFFFFFFFFFFFFFFFFF9D
:10037000FFFFFFFFFFFFFFFFFFFFFFFFFFFFFFFF8D
:10038000FFFFFFFFFFFFFFFFFFFFFFFFFFFFFFFF7D
:10039000FFFFFFFFFFFFFFFFFFFFFFFFFFFFFFFF6D
:1003A000FFFFFFFFFFFFFFFFFFFFFFFFFFFFFFFF5D
:1003B000FFFFFFFFFFFFFFFFFFFFFFFFFFFFFFFF4D
:1003C000FFFFFFFFFFFFFFFFFFFFFFFFFFFFFFFF3D
:1003D000FFFFFFFFFFFFFFFFFFFFFFFFFFFFFFFF2D
:1003E000FFFFFFFFFFFFFFFFFFFFFFFFFFFFFFFF1D
:1003F000FFFFFFFFFFFFFFFFFFFFFFFFFFFFFFFF0D
:10040000FFFFFFFFFFFFFFFFFFFFFFFFFFFFFFFFFC
:10041000FFFFFFFFFFFFFFFFFFFFFFFFFFFFFFFFEC
:10042000FFFFFFFFFFFFFFFFFFFFFFFFFFFFFFFFDC
:10043000FFFFFFFFFFFFFFFFFFFFFFFFFFFFFFFFCC
:10044000FFFFFFFFFFFFFFFFFFFFFFFFFFFFFFFFBC
:10045000FFFFFFFFFFFFFFFFFFFFFFFFFFFFFFFFAC
:10046000FFFFFFFFFFFFFFFFFFFFFFFFFFFFFFFF9C
:10047000FFFFFFFFFFFFFFFFFFFFFFFFFFFFFFFF8C
:10048000FFFFFFFFFFFFFFFFFFFFFFFFFFFFFFFF7C
:10049000FFFFFFFFFFFFFFFFFFFFFFFFFFFFFFFF6C
:1004A000FFFFFFFFFFFFFFFFFFFFFFFFFFFFFFFF5C
:1004B000FFFFFFFFFFFFFFFFFFFFFFFFFFFFFFFF4C
:1004C000FFFFFFFFFFFFFFFFFFFFFFFFFFFFFFFF3C
:1004D000FFFFFFFFFFFFFFFFFFFFFFFFFFFFFFFF2C
:1004E000FFFFFFFFFFFFFFFFFFFFFFFFFFFFFFFF1C
:1004F000FFFFFFFFFFFFFFFFFFFFFFFFFFFFFFFF0C
:10050000FFFFFFFFFFFFFFFFFFFFFFFFFFFFFFFFFB
:10051000FFFFFFFFFFFFFFFFFFFFFFFFFFFFFFFFEB
:10052000FFFFFFFFFFFFFFFFFFFFFFFFFFFFFFFFDB
:10053000FFFFFFFFFFFFFFFFFFFFFFFFFFFFFFFFCB
:10054000FFFFFFFFFFFFFFFFFFFFFFFFFFFFFFFFBB
:10055000FFFFFFFFFFFFFFFFFFFFFFFFFFFFFFFFAB
:10056000FFFFFFFFFFFFFFFFFFFFFFFFFFFFFFFF9B
:10057000FFFFFFFFFFFFFFFFFFFFFFFFFFFFFFFF8B
:10058000FFFFFFFFFFFFFFFFFFFFFFFFFFFFFFFF7B
:10059000FFFFFFFFFFFFFFFFFFFFFFFFFFFFFFFF6B
:1005A000FFFFFFFFFFFFFFFFFFFFFFFFFFFFFFFF5B
:1005B000FFFFFFFFFFFFFFFFFFFFFFFFFFFFFFFF4B
:1005C000FFFFFFFFFFFFFFFFFFFFFFFFFFFFFFFF3B
:1005D000FFFFFFFFFFFFFFFFFFFFFFFFFFFFFFFF2B
:1005E000FFFFFFFFFFFFFFFFFFFFFFFFFFFFFFFF1B
:1005F000FFFFFFFFFFFFFFFFFFFFFFFFFFFFFFFF0B
:10060000FFFFFFFFFFFFFFFFFFFFFFFFFFFFFFFFFA
:10061000FFFFFFFFFFFFFFFFFFFFFFFFFFFFFFFFEA
:10062000FFFFFFFFFFFFFFFFFFFFFFFFFFFFFFFFDA
:10063000FFFFFFFFFFFFFFFFFFFFFFFFFFFFFFFFCA
:10064000FFFFFFFFFFFFFFFFFFFFFFFFFFFFFFFFBA
:10065000FFFFFFFFFFFFFFFFFFFFFFFFFFFFFFFFAA
:10066000FFFFFFFFFFFFFFFFFFFFFFFFFFFFFFFF9A
:10067000FFFFFFFFFFFFFFFFFFFFFFFFFFFFFFFF8A
:10068000FFFFFFFFFFFFFFFFFFFFFFFFFFFFFFFF7A
:10069000FFFFFFFFFFFFFFFFFFFFFFFFFFFFFFFF6A
:1006A000FFFFFFFFFFFFFFFFFFFFFFFFFFFFFFFF5A
:1006B000FFFFFFFFFFFFFFFFFFFFFFFFFFFFFFFF4A
:1006C000FFFFFFFFFFFFFFFFFFFFFFFFFFFFFFFF3A
:1006D000FFFFFFFFFFFFFFFFFFFFFFFFFFFFFFFF2A
:1006E000FFFFFFFFFFFFFFFFFFFFFFFFFFFFFFFF1A
:1006F000FFFFFFFFFFFFFFFFFFFFFFFFFFFFFFFF0A
:10070000FFFFFFFFFFFFFFFFFFFFFFFFFFFFFFFFF9
:10071000FFFFFFFFFFFFFFFFFFFFFFFFFFFFFFFFE9
:10072000FFFFFFFFFFFFFFFFFFFFFFFFFFFFFFFFD9
:10073000FFFFFFFFFFFFFFFFFFFFFFFFFFFFFFFFC9
:10074000FFFFFFFFFFFFFFFFFFFFFFFFFFFFFFFFB9
:10075000FFFFFFFFFFFFFFFFFFFFFFFFFFFFFFFFA9
:10076000FFFFFFFFFFFFFFFFFFFFFFFFFFFFFFFF99
:10077000FFFFFFFFFFFFFFFFFFFFFFFFFFFFFFFF89
:10078000FFFFFFFFFFFFFFFFFFFFFFFFFFFFFFFF79
:10079000FFFFFFFFFFFFFFFFFFFFFFFFFFFFFFFF69
:1007A000FFFFFFFFFFFFFFFFFFFFFFFFFFFFFFFF59
:1007B000FFFFFFFFFFFFFFFFFFFFFFFFFFFFFFFF49
:1007C000FFFFFFFFFFFFFFFFFFFFFFFFFFFFFFFF39
:1007D000FFFFFFFFFFFFFFFFFFFFFFFFFFFFFFFF29
:1007E000FFFFFFFFFFFFFFFFFFFFFFFFFFFFFFFF19
:1007F000FFFFFFFFFFFFFFFFFFFFFFFFFFFFFFFF09
:10080000FFFFFFFFFFFFFFFFFFFFFFFFFFFFFFFFF8
:10081000FFFFFFFFFFFFFFFFFFFFFFFFFFFFFFFFE8
:10082000FFFFFFFFFFFFFFFFFFFFFFFFFFFFFFFFD8
:10083000FFFFFFFFFFFFFFFFFFFFFFFFFFFFFFFFC8
:10084000FFFFFFFFFFFFFFFFFFFFFFFFFFFFFFFFB8
:10085000FFFFFFFFFFFFFFFFFFFFFFFFFFFFFFFFA8
:10086000FFFFFFFFFFFFFFFFFFFFFFFFFFFFFFFF98
:10087000FFFFFFFFFFFFFFFFFFFFFFFFFFFFFFFF88
:10088000FFFFFFFFFFFFFFFFFFFFFFFFFFFFFFFF78
:10089000FFFFFFFFFFFFFFFFFFFFFFFFFFFFFFFF68
:1008A000FFFFFFFFFFFFFFFFFFFFFFFFFFFFFFFF58
:1008B000FFFFFFFFFFFFFFFFFFFFFFFFFFFFFFFF48
:1008C000FFFFFFFFFFFFFFFFFFFFFFFFFFFFFFFF38
:1008D000FFFFFFFFFFFFFFFFFFFFFFFFFFFFFFFF28
:1008E000FFFFFFFFFFFFFFFFFFFFFFFFFFFFFFFF18
:1008F000FFFFFFFFFFFFFFFFFFFFFFFFFFFFFFFF08
:10090000FFFFFFFFFFFFFFFFFFFFFFFFFFFFFFFFF7
:10091000FFFFFFFFFFFFFFFFFFFFFFFFFFFFFFFFE7
:10092000FFFFFFFFFFFFFFFFFFFFFFFFFFFFFFFFD7
:10093000FFFFFFFFFFFFFFFFFFFFFFFFFFFFFFFFC7
:10094000FFFFFFFFFFFFFFFFFFFFFFFFFFFFFFFFB7
:10095000FFFFFFFFFFFFFFFFFFFFFFFFFFFFFFFFA7
:10096000FFFFFFFFFFFFFFFFFFFFFFFFFFFFFFFF97
:10097000FFFFFFFFFFFFFFFFFFFFFFFFFFFFFFFF87
:10098000FFFFFFFFFFFFFFFFFFFFFFFFFFFFFFFF77
:10099000FFFFFFFFFFFFFFFFFFFFFFFFFFFFFFFF67
:1009A000FFFFFFFFFFFFFFFFFFFFFFFFFFFFFFFF57
:1009B000FFFFFFFFFFFFFFFFFFFFFFFFFFFFFFFF47
:1009C000FFFFFFFFFFFFFFFFFFFFFFFFFFFFFFFF37
:1009D000FFFFFFFFFFFFFFFFFFFFFFFFFFFFFFFF27
:1009E000FFFFFFFFFFFFFFFFFFFFFFFFFFFFFFFF17
:1009F000FFFFFFFFFFFFFFFFFFFFFFFFFFFFFFFF07
:100A0000FFFFFFFFFFFFFFFFFFFFFFFFFFFFFFFFF6
:100A1000FFFFFFFFFFFFFFFFFFFFFFFFFFFFFFFFE6
:100A2000FFFFFFFFFFFFFFFFFFFFFFFFFFFFFFFFD6
:100A3000FFFFFFFFFFFFFFFFFFFFFFFFFFFFFFFFC6
:100A4000FFFFFFFFFFFFFFFFFFFFFFFFFFFFFFFFB6
:100A5000FFFFFFFFFFFFFFFFFFFFFFFFFFFFFFFFA6
:100A6000FFFFFFFFFFFFFFFFFFFFFFFFFFFFFFFF96
:100A7000FFFFFFFFFFFFFFFFFFFFFFFFFFFFFFFF86
:100A8000FFFFFFFFFFFFFFFFFFFFFFFFFFFFFFFF76
:100A9000FFFFFFFFFFFFFFFFFFFFFFFFFFFFFFFF66
:100AA000FFFFFFFFFFFFFFFFFFFFFFFFFFFFFFFF56
:100AB000FFFFFFFFFFFFFFFFFFFFFFFFFFFFFFFF46
:100AC000FFFFFFFFFFFFFFFFFFFFFFFFFFFFFFFF36
:100AD000FFFFFFFFFFFFFFFFFFFFFFFFFFFFFFFF26
:100AE000FFFFFFFFFFFFFFFFFFFFFFFFFFFFFFFF16
:100AF000FFFFFFFFFFFFFFFFFFFFFFFFFFFFFFFF06
:100B0000FFFFFFFFFFFFFFFFFFFFFFFFFFFFFFFFF5
:100B1000FFFFFFFFFFFFFFFFFFFFFFFFFFFFFFFFE5
:100B2000FFFFFFFFFFFFFFFFFFFFFFFFFFFFFFFFD5
:100B3000FFFFFFFFFFFFFFFFFFFFFFFFFFFFFFFFC5
:100B4000FFFFFFFFFFFFFFFFFFFFFFFFFFFFFFFFB5
:100B5000FFFFFFFFFFFFFFFFFFFFFFFFFFFFFFFFA5
:100B6000FFFFFFFFFFFFFFFFFFFFFFFFFFFFFFFF95
:100B7000FFFFFFFFFFFFFFFFFFFFFFFFFFFFFFFF85
:100B8000FFFFFFFFFFFFFFFFFFFFFFFFFFFFFFFF75
:100B9000FFFFFFFFFFFFFFFFFFFFFFFFFFFFFFFF65
:100BA000FFFFFFFFFFFFFFFFFFFFFFFFFFFFFFFF55
:100BB000FFFFFFFFFFFFFFFFFFFFFFFFFFFFFFFF45
:100BC000FFFFFFFFFFFFFFFFFFFFFFFFFFFFFFFF35
:100BD000FFFFFFFFFFFFFFFFFFFFFFFFFFFFFFFF25
:100BE000FFFFFFFFFFFFFFFFFFFFFFFFFFFFFFFF15
:100BF000FFFFFFFFFFFFFFFFFFFFFFFFFFFFFFFF05
:100C0000FFFFFFFFFFFFFFFFFFFFFFFFFFFFFFFFF4
:100C1000FFFFFFFFFFFFFFFFFFFFFFFFFFFFFFFFE4
:100C2000FFFFFFFFFFFFFFFFFFFFFFFFFFFFFFFFD4
:100C3000FFFFFFFFFFFFFFFFFFFFFFFFFFFFFFFFC4
:100C4000FFFFFFFFFFFFFFFFFFFFFFFFFFFFFFFFB4
:100C5000FFFFFFFFFFFFFFFFFFFFFFFFFFFFFFFFA4
:100C6000FFFFFFFFFFFFFFFFFFFFFFFFFFFFFFFF94
:100C7000FFFFFFFFFFFFFFFFFFFFFFFFFFFFFFFF84
:100C8000FFFFFFFFFFFFFFFFFFFFFFFFFFFFFFFF74
:100C9000FFFFFFFFFFFFFFFFFFFFFFFFFFFFFFFF64
:100CA000FFFFFFFFFFFFFFFFFFFFFFFFFFFFFFFF54
:100CB000FFFFFFFFFFFFFFFFFFFFFFFFFFFFFFFF44
:100CC000FFFFFFFFFFFFFFFFFFFFFFFFFFFFFFFF34
:100CD000FFFFFFFFFFFFFFFFFFFFFFFFFFFFFFFF24
:100CE000FFFFFFFFFFFFFFFFFFFFFFFFFFFFFFFF14
:100CF000FFFFFFFFFFFFFFFFFFFFFFFFFFFFFFFF04
:100D0000FFFFFFFFFFFFFFFFFFFFFFFFFFFFFFFFF3
:100D1000FFFFFFFFFFFFFFFFFFFFFFFFFFFFFFFFE3
:100D2000FFFFFFFFFFFFFFFFFFFFFFFFFFFFFFFFD3
:100D3000FFFFFFFFFFFFFFFFFFFFFFFFFFFFFFFFC3
:100D4000FFFFFFFFFFFFFFFFFFFFFFFFFFFFFFFFB3
:100D5000FFFFFFFFFFFFFFFFFFFFFFFFFFFFFFFFA3
:100D6000FFFFFFFFFFFFFFFFFFFFFFFFFFFFFFFF93
:100D7000FFFFFFFFFFFFFFFFFFFFFFFFFFFFFFFF83
:100D8000FFFFFFFFFFFFFFFFFFFFFFFFFFFFFFFF73
:100D9000FFFFFFFFFFFFFFFFFFFFFFFFFFFFFFFF63
:100DA000FFFFFFFFFFFFFFFFFFFFFFFFFFFFFFFF53
:100DB000FFFFFFFFFFFFFFFFFFFFFFFFFFFFFFFF43
:100DC000FFFFFFFFFFFFFFFFFFFFFFFFFFFFFFFF33
:100DD000FFFFFFFFFFFFFFFFFFFFFFFFFFFFFFFF23
:100DE000FFFFFFFFFFFFFFFFFFFFFFFFFFFFFFFF13
:100DF000FFFFFFFFFFFFFFFFFFFFFFFFFFFFFFFF03
:100E0000FFFFFFFFFFFFFFFFFFFFFFFFFFFFFFFFF2
:100E1000FFFFFFFFFFFFFFFFFFFFFFFFFFFFFFFFE2
:100E2000FFFFFFFFFFFFFFFFFFFFFFFFFFFFFFFFD2
:100E3000FFFFFFFFFFFFFFFFFFFFFFFFFFFFFFFFC2
:100E4000FFFFFFFFFFFFFFFFFFFFFFFFFFFFFFFFB2
:100E5000FFFFFFFFFFFFFFFFFFFFFFFFFFFFFFFFA2
:100E6000FFFFFFFFFFFFFFFFFFFFFFFFFFFFFFFF92
:100E7000FFFFFFFFFFFFFFFFFFFFFFFFFFFFFFFF82
:100E8000FFFFFFFFFFFFFFFFFFFFFFFFFFFFFFFF72
:100E9000FFFFFFFFFFFFFFFFFFFFFFFFFFFFFFFF62
:100EA000FFFFFFFFFFFFFFFFFFFFFFFFFFFFFFFF52
:100EB000FFFFFFFFFFFFFFFFFFFFFFFFFFFFFFFF42
:100EC000FFFFFFFFFFFFFFFFFFFFFFFFFFFFFFFF32
:100ED000FFFFFFFFFFFFFFFFFFFFFFFFFFFFFFFF22
:100EE000FFFFFFFFFFFFFFFFFFFFFFFFFFFFFFFF12
:100EF000FFFFFFFFFFFFFFFFFFFFFFFFFFFFFFFF02
:100F0000FFFFFFFFFFFFFFFFFFFFFFFFFFFFFFFFF1
:100F1000FFFFFFFFFFFFFFFFFFFFFFFFFFFFFFFFE1
:100F2000FFFFFFFFFFFFFFFFFFFFFFFFFFFFFFFFD1
:100F3000FFFFFFFFFFFFFFFFFFFFFFFFFFFFFFFFC1
:100F4000FFFFFFFFFFFFFFFFFFFFFFFFFFFFFFFFB1
:100F5000FFFFFFFFFFFFFFFFFFFFFFFFFFFFFFFFA1
:100F6000FFFFFFFFFFFFFFFFFFFFFFFFFFFFFFFF91
:100F7000FFFFFFFFFFFFFFFFFFFFFFFFFFFFFFFF81
:100F8000FFFFFFFFFFFFFFFFFFFFFFFFFFFFFFFF71
:100F9000FFFFFFFFFFFFFFFFFFFFFFFFFFFFFFFF61
:100FA000FFFFFFFFFFFFFFFFFFFFFFFFFFFFFFFF51
:100FB000FFFFFFFFFFFFFFFFFFFFFFFFFFFFFFFF41
:100FC000FFFFFFFFFFFFFFFFFFFFFFFFFFFFFFFF31
:100FD000FFFFFFFFFFFFFFFFFFFFFFFFFFFFFFFF21
:100FE000FFFFFFFFFFFFFFFFFFFFFFFFFFFFFFFF11
:100FF000FFFFFFFFFFFFFFFFFFFFFFFFFFFFFFFF01
:10100000D1002043491600600000000000000000ED
:10101000201000600010006000300460000000003C
:1010200000000060003C040000000000FFFFFFFF24
:10103000FFFFFFFFFFFFFFFFFFFFFFFFFFFFFFFFC0
:10104000FFFFFFFFFFFFFFFFFFFFFFFFFFFFFFFFB0
:10105000FFFFFFFFFFFFFFFFFFFFFFFFFFFFFFFFA0
:10106000FFFFFFFFFFFFFFFFFFFFFFFFFFFFFFFF90
:10107000FFFFFFFFFFFFFFFFFFFFFFFFFFFFFFFF80
:10108000FFFFFFFFFFFFFFFFFFFFFFFFFFFFFFFF70
:10109000FFFFFFFFFFFFFFFFFFFFFFFFFFFFFFFF60
:1010A000FFFFFFFFFFFFFFFFFFFFFFFFFFFFFFFF50
:1010B000FFFFFFFFFFFFFFFFFFFFFFFFFFFFFFFF40
:1010C000FFFFFFFFFFFFFFFFFFFFFFFFFFFFFFFF30
:1010D000FFFFFFFFFFFFFFFFFFFFFFFFFFFFFFFF20
:1010E000FFFFFFFFFFFFFFFFFFFFFFFFFFFFFFFF10
:1010F000FFFFFFFFFFFFFFFFFFFFFFFFFFFFFFFF00
:10110000FFFFFFFFFFFFFFFFFFFFFFFFFFFFFFFFEF
:10111000FFFFFFFFFFFFFFFFFFFFFFFFFFFFFFFFDF
:10112000FFFFFFFFFFFFFFFFFFFFFFFFFFFFFFFFCF
:10113000FFFFFFFFFFFFFFFFFFFFFFFFFFFFFFFFBF
:10114000FFFFFFFFFFFFFFFFFFFFFFFFFFFFFFFFAF
:10115000FFFFFFFFFFFFFFFFFFFFFFFFFFFFFFFF9F
:10116000FFFFFFFFFFFFFFFFFFFFFFFFFFFFFFFF8F
:10117000FFFFFFFFFFFFFFFFFFFFFFFFFFFFFFFF7F
:10118000FFFFFFFFFFFFFFFFFFFFFFFFFFFFFFFF6F
:10119000FFFFFFFFFFFFFFFFFFFFFFFFFFFFFFFF5F
:1011A000FFFFFFFFFFFFFFFFFFFFFFFFFFFFFFFF4F
:1011B000FFFFFFFFFFFFFFFFFFFFFFFFFFFFFFFF3F
:1011C000FFFFFFFFFFFFFFFFFFFFFFFFFFFFFFFF2F
:1011D000FFFFFFFFFFFFFFFFFFFFFFFFFFFFFFFF1F
:1011E000FFFFFFFFFFFFFFFFFFFFFFFFFFFFFFFF0F
:1011F000FFFFFFFFFFFFFFFFFFFFFFFFFFFFFFFFFF
:10120000FFFFFFFFFFFFFFFFFFFFFFFFFFFFFFFFEE
:10121000FFFFFFFFFFFFFFFFFFFFFFFFFFFFFFFFDE
:10122000FFFFFFFFFFFFFFFFFFFFFFFFFFFFFFFFCE
:10123000FFFFFFFFFFFFFFFFFFFFFFFFFFFFFFFFBE
:10124000FFFFFFFFFFFFFFFFFFFFFFFFFFFFFFFFAE
:10125000FFFFFFFFFFFFFFFFFFFFFFFFFFFFFFFF9E
:10126000FFFFFFFFFFFFFFFFFFFFFFFFFFFFFFFF8E
:10127000FFFFFFFFFFFFFFFFFFFFFFFFFFFFFFFF7E
:10128000FFFFFFFFFFFFFFFFFFFFFFFFFFFFFFFF6E
:10129000FFFFFFFFFFFFFFFFFFFFFFFFFFFFFFFF5E
:1012A000FFFFFFFFFFFFFFFFFFFFFFFFFFFFFFFF4E
:1012B000FFFFFFFFFFFFFFFFFFFFFFFFFFFFFFFF3E
:1012C000FFFFFFFFFFFFFFFFFFFFFFFFFFFFFFFF2E
:1012D000FFFFFFFFFFFFFFFFFFFFFFFFFFFFFFFF1E
:1012E000FFFFFFFFFFFFFFFFFFFFFFFFFFFFFFFF0E
:1012F000FFFFFFFFFFFFFFFFFFFFFFFFFFFFFFFFFE
:10130000FFFFFFFFFFFFFFFFFFFFFFFFFFFFFFFFED
:10131000FFFFFFFFFFFFFFFFFFFFFFFFFFFFFFFFDD
:10132000FFFFFFFFFFFFFFFFFFFFFFFFFFFFFFFFCD
:10133000FFFFFFFFFFFFFFFFFFFFFFFFFFFFFFFFBD
:10134000FFFFFFFFFFFFFFFFFFFFFFFFFFFFFFFFAD
:10135000FFFFFFFFFFFFFFFFFFFFFFFFFFFFFFFF9D
:10136000FFFFFFFFFFFFFFFFFFFFFFFFFFFFFFFF8D
:10137000FFFFFFFFFFFFFFFFFFFFFFFFFFFFFFFF7D
:10138000FFFFFFFFFFFFFFFFFFFFFFFFFFFFFFFF6D
:10139000FFFFFFFFFFFFFFFFFFFFFFFFFFFFFFFF5D
:1013A000FFFFFFFFFFFFFFFFFFFFFFFFFFFFFFFF4D
:1013B000FFFFFFFFFFFFFFFFFFFFFFFFFFFFFFFF3D
:1013C000FFFFFFFFFFFFFFFFFFFFFFFFFFFFFFFF2D
:1013D000FFFFFFFFFFFFFFFFFFFFFFFFFFFFFFFF1D
:1013E000FFFFFFFFFFFFFFFFFFFFFFFFFFFFFFFF0D
:1013F000FFFFFFFFFFFFFFFFFFFFFFFFFFFFFFFFFD
:10140000814205D051F8043B40F8043B8242F9D8B0
:10141000704700BF044A05494FF0000342F8043BFF
:101420009142FBD8704700BFC0EE0020607B0120D6
:101430002DE98848BFF34F8F00BF00BF00BF00BF3A
:1014400000F0E6F9674B0822C3F8542100BF00BF43
:1014500000BF00BF00BF00BF00BF00BF00BF00BF94
:1014600000BF00BF00BF00BF00BF00BF5E4A5F49B2
:101470005F48FFF7C5FF5F4A5F496048FFF7C0FF5D
:101480005F4CFFF7C7FF4FF470004FF0E0210023DF
:101490005C4AC1F8880D44F823200133B02BFAD1FF
:1014A000594B8021594A03F8011B9342FBD14FF05D
:1014B000E0254C4E4FF08039DFF880B1DFF880A195
:1014C0004FF0FF31C5F8084D0027C6F80491C6F863
:1014D00000B1C6F8F490C6F8F0A0D5F8243DDFF8C6
:1014E000648143F4E0234A4AC5F8243DD8F81C300F
:1014F00023F07F0343F04003C8F81C30D8F82430B1
:1015000023F07F0343F04003C8F824309166D1668E
:101510001167516700F084F93E4B3F49A3633F4B8D
:10152000E36363236B610323AF612B613C4BC5F81D
:10153000203DD5F8FC3D43F08073C5F8FC3D394BA8
:101540001A6842F001021A605B680B6000F0F0F963
:10155000C6F804913448C6F800B1C6F8F490C6F84D
:10156000F0A000F019FCD8F86C10304B304A41F470
:101570004051C8F86C101F60C3F80871C3F81871A7
:10158000C3F82871C3F83871936BDB0708D442F6AF
:101590001563284951651365936B43F00103936309
:1015A000234A254C936843F00113936000F006F939
:1015B00000F0EAFB00F0EAF900F02CF92368132BA5
:1015C000FCD900F07BFA2368B3F5967FFBD300F0DB
:1015D00025F900F021F900F0E7FB00F0E1FB30BF56
:1015E000FDE700BF00800D40181C0300E8210060EB
:1015F00000000000C0EE0020043E03600000002058
:1016000000EC00201175020000E400E0A0E400E01E
:1016100000C00A40119B0200FC5F0120159B0200E4
:1016200000002020001000E00046C32300400840D6
:1016300000400D400000C056006001201B10182023
:101640000C0D111300C00F40054B4FF42A01054A41
:1016500005485A641864054A99639546FFF7E8FE01
:1016600000C00A40FFBFAAAA070020000080042093
:101670001BB9124B1B6F9B041ED400F03F000F4B95
:1016800022F0604221F0604140F489101867C3F8ED
:101690008010C3F890201A6F22F480521A671A6FD4
:1016A000002AFCDAD3F87011054A0A40C3F8702109
:1016B0001A6F22F480321A67704700BF00800D4015
:1016C000FF7F7FFFB1F5607FF0B50E468DB028BF7C
:1016D0004FF460760F46054672B62E4B00247022FA
:1016E000186021462C4B2D481C8000F061FBCFB1C7
:1016F00021462A484FF0010C4A0901F01F0301312D
:1017000050F822400CFA03F38E4243EA040340F8F7
:101710002230F1D8284600234380013300F582703F
:101720009E42F9D81E4C257815B162B60DB0F0BDB9
:10173000082000F045FB1B4B80220646009302A9BF
:101740000693194B0271056008A8029300F03CFB58
:1017500006A9164A304600F01BFB069B08A8DB686A
:101760009847009B02A8DB6898472378002BDCD1C0
:101770000F4B104AC3F858210F49D0204FF0E023F7
:10178000402281F84600C3F808210123237062B685
:101790000DB0F0BD94F40020D27A01209CF400201A
:1017A000F87A012088A50020A15B02001B1001002F
:1017B00000EC0020AD5B020000E400E0104BA02034
:1017C000104AD96E41F4403110B4D96640F2376402
:1017D000D96E41F44071D96654649064936C1B06D1
:1017E000FCD4094A40F23761A02351649364936C9E
:1017F00013F08003FBD1054A13705DF8044B70476A
:1018000000C00F4000400C4000800C400B7B0120CA
:10181000704700BF704700BF704700BF00BF7047F0
:1018200010B44FF0E023002110243148C3F8941D78
:10183000C3F89C4D1124C3F8A00D2E48C3F89C4D4D
:101840001224C3F8A00D2C48C3F89C4D2B4AC3F8B2
:10185000A00D2B4C42F015022A48C3F89C4DC3F84A
:10186000A00D294C2948C3F89C4DC3F8A00D284C65
:10187000C3F89C2D2748284AC3F8A04DC3F89C0DF7
:10188000C3F8A02D02F5A022244C0C322448C3F842
:101890009C4DC3F8A02D234AC3F89C0D224CC3F8DD
:1018A000A02D02F14062C3F89C4D2048C3F8A02D42
:1018B0000C32C3F89C0DC3F8A02D00BF00BF00BFC1
:1018C00000BF00BF0122C3F8942DBFF34F8FBFF3B9
:1018D0006F8FC3F8501FBFF34F8FBFF36F8FD3F8D5
:1018E000142D5DF8044B42F44032C3F8142D7047B8
:1018F0003F0000102500080709001000607B012050
:101900001300200021000207140000202500081306
:10191000090000101600202027000B1317000040BC
:10192000180000602F000B07190000701A000080DB
:10193000F0B4154A40274FF480314FF480564FF4ED
:1019400000554FF4404443F24200136913F0020F74
:101950000ED113F4005F0FD013F4805F0ED0002B74
:10196000F3DA13F4803F0BD15B060BD5F0BC704764
:10197000946151619061E8E75561E6E75661E4E7FB
:101980009161E2E75761E0E700800D403F4A0320A4
:101990003F49F3EE095AD2F880304FF0000C9FED2A
:1019A0003D6A23F001039FED3C5A30B4C2F8803009
:1019B000C2F89000D1F8E010384DCBB2384C39481D
:1019C0002B6007EE903A0B0DC1F30B21F8EEE77A8E
:1019D00006EE903A07EE101A334BB8EEC77A216044
:1019E000F8EEE66A314937EEC66A37EEC55A76EE4A
:1019F000C76A77EEE57A26EE266AC3ED006A25EE21
:101A0000265AD2F8803067EEA64AC0ED007AC6EEBC
:101A1000275A274885EE276AC4EEA76A75EE875ACB
:101A2000FCEEE55A36EE076A15EE904ABCEEC66A41
:101A300043EA045376EE877AC2F8803016EE103A05
:101A4000D2F89041FCEEE77A01EA0341214317EE18
:101A5000903AC2F89011C3F30B03D2F890110B43E4
:101A60001449C2F89031D2F8803043F00203C2F832
:101A70008030114B80F840C0C1F840314FF0E02376
:101A8000012230BCC3F80821704700BF00810D401F
:101A900000441F400000AA420000B4429C560120AE
:101AA00098560120A0560120A45601200000FF0FE7
:101AB00000E400E000EC0020FD760200314B40F62F
:101AC000617210B5C3F8202140F2044400F058F9C7
:101AD0002D4A2E49D2F880302D4843F00303C2F836
:101AE00080302C4BC1F8604102681A4203D1D1F812
:101AF000A8319A071BD0254A4FF00041244B596367
:101B0000D2F8403143F00203C2F84031D2F84031FC
:101B10009B07FBD44FF400304FF0E0211C4B4FF0FB
:101B20000042C1F88C0219209A6300F045F9184A66
:101B30004FF08040154C002190630A20164B116035
:101B40004FF46072C4F8A801184600F031F94FF460
:101B5000800203464FF4810040F243111860C4F83C
:101B600058311A640D4B0E4AC4F84811C3F80422C8
:101B70004FF0E0224FF400310123C2F80C11C4F8F9
:101B8000403110BD00800D4000C00F4000002E40CD
:101B900000900D40001C1E000000002000EC002002
:101BA000E579020008B50E4B1B6E9B0700D4FBBE07
:101BB00072B60C4B00200C4AC3F8400103F160439D
:101BC0000A49A3F55F2311649D46BFF34F8F4FF47D
:101BD00000130748074ADB6902609B68984700BF0B
:101BE00000441F4000002E4000C00A4003002000B7
:101BF00000802020000012EB43690A4A03EB011029
:101C000010B4037A084C02EB0313D3E901321460D9
:101C1000C2681A6003690BB142691A605DF8044B2F
:101C2000704700BF84A8002061F801004369027E6C
:101C300003EB021292F808C08C451CD01A7AFF2AD6
:101C400019D0914210B5044616D01A7EFF2A06D04C
:101C50000121D3E9002312681A4201D1217610BD77
:101C6000064B0522204603EB0C135B681A60FFF756
:101C7000C3FF2176F3E770470021EAE784A800203C
:101C800043690A4A03EB011010B490F82830084C5D
:101C900002EB0313D3E901321460C26A1A60036BCA
:101CA0000BB1426B1A605DF8044B704784A80020AA
:101CB00061F801004369427E03EB021292F828C0EA
:101CC0008C451ED093F82820FF2A1AD0914210B5D7
:101CD000044617D093F83820FF2A06D00121D3E913
:101CE000002312681A4201D1617610BD064B05220D
:101CF000204603EB0C135B681A60FFF7C1FF6176A7
:101D0000F3E770470021EAE784A8002016494269FA
:101D10008B6B23F47C0343F4802370B58B63044600
:101D2000124DD2E900130A681A4303690A600222BD
:101D300000211A610E4A19619A6401225A629D6259
:101D40004FF43035DD624FF001159E6C1E6519624F
:101D50009D651A61017EFFF74FFF617E2046BDE859
:101D60007040FFF78DBF00BF00C00F40B80B0505E6
:101D70003B372819F8B500BFF8BC08BC9E46704731
:101D80005FF800F0F18902005FF800F01D740200B6
:101D90005FF800F07D6102005FF800F08D670200DF
:101DA0005FF800F0697002005FF800F01DC70200E4
:101DB0005FF800F035C202005FF800F07D6A0200B3
:101DC0005FF800F0AD7102005FF800F0155C0200F2
:101DD0004500000001CB00001DF5000031F70000B8
:101DE0002D8B0100E9C60100552F02004931020088
:0C1DF000E13402000D4602008162020096
:101DFC0024035400650065006E0073007900200018
:101E0C004D004900440049002F004100750064005A
:101E1C0069006F0018035400650065006E007300C4
:101E2C0079006400750069006E006F0004030904FA
:101E3C0009025501060100C032080B000202020122
:101E4C000009040000010202010005240010010534
:101E5C002401010104240206052406000107058261
:101E6C000310001009040100020A0000000705031A
:101E7C000240000007058302400000090402000232
:101E8C0001030000072401000125000624020101C2
:101E9C0000062402020200092403010301020100CE
:101EAC000924030204010101000905040240000099
:101EBC000000052501010109058402400000000015
:101ECC000525010103080B030301010000090403AC
:101EDC000000010100000A240100013E000204057B
:101EEC000C24020102060002030000000924030274
:101EFC0001010001000C2402030101000203000097
:101F0C00000A240631030101020200092403040221
:101F1C000600310009040400000102000009040459
:101F2C00010101020000072401020301000B24023D
:101F3C00010202100144AC0009058509B40001003E
:101F4C000007250100000000090405000001020043
:101F5C00000904050102010200000724010303012A
:101F6C00000B2402010202100144AC000905050516
:101F7C00B400010086072501000000000905861148
:101F8C00030001050000000009025501060100C014
:101F9C0032080B00020202010009040000010202D7
:101FAC00010005240010010524010101042402068E
:101FBC000524060001070582031000050904010031
:101FCC00020A000000070503020002000705830255
:101FDC0000020009040200020103000007240100B2
:101FEC000125000624020101000624020202000958
:101FFC00240301030102010009240302040101016D
:10200C000009050402000200000005250101010978
:10201C0005840200020000000525010103080B03E2
:10202C0003010100000904030000010100000A245F
:10203C000100013E000204050C240201020600020C
:10204C00030000000924030201010001000C24021A
:10205C000301010002030000000A24063103010100
:10206C0002020009240304020600310009040400E2
:10207C000001020000090404010101020000072410
:10208C0001020301000B2402010202100144AC0006
:10209C0009058509B40004000007250100000000B3
:1020AC0009040500000102000009040501020102F7
:1020BC000000072401030301000B2402010202109B
:1020CC000144AC0009050505B40004008607250190
:1020DC000000000009058611040004070000000040
:1020EC000A060002EF0201400100000080C00F4010
:1020FC00000000031900000010000000E8841F40DD
:10210C0001000000FF000000FF00000000000000C4
:10211C00000000001800000010000000E4841F40C4
:10212C0001000000FF000000FF00000000000000A4
:10213C00000000001F000000BDA0020070C00F4096
:10214C00000C00001100000011000000E0841F4092
:10215C00020000002400000012000000E0841F4078
:10216C00010000001000000011000000DC841F4082
:10217C00020000002500000012000000DC841F405B
:10218C00010000001E000000B1A0020070C00F4052
:10219C00C00000001200000013000000D0841F409B
:1021AC0001000000FF000000FF0000000000000024
:1021BC00000000001300000013000000CC841F403E
:1021CC0001000000FF000000FF0000000000000004
:0C21DC00000000001C000000A5A0020094
:1021E80000000000000000000000000000000000E7
:1021F80000000000000000000000000000000000D7
:102208000548064B1B1AD90F01EBA301491002D050
:10221800034B03B118477047C0EE0020C0EE002002
:102228000000000008B5054B1BB105490548AFF390
:102238000080BDE80840FFF7E3BF00BF00000000D2
:102248000C3D0120003C046070B52DED028B90ED33
:10225800078A054690ED087AF0EE488A90ED096AFB
:1022680037EE487AD0ED087ADFED3B6AE7EE068A6A
:1022780077EEE87AF0EEE77AF4EEE67AF1EE10FA25
:1022880001D5D0ED088AB5EE408A00212846F1EE46
:1022980010FA04D1F5EE408AF1EE10FA4BD025F091
:1022A80061FE0646002851D0F7EE007AB4EE678A40
:1022B800F1EE10FA04D1F4EE678AF1EE10FA41D08B
:1022C80038EEC87ADFED257AB31C06F5817CDFEDA0
:1022D800246A27EE277A9FED236A234C33F9022FCD
:1022E80007EE902A47F6FF72F8EEE77A67EE887AEB
:1022F800F4EEE67AF1EE10FA0ADCF4EEC67A22463B
:10230800F1EE10FA04D4FDEEE77A17EE902A12B235
:10231800634538EE078A1A80E0D100223146284604
:10232800C5ED078A25F0EEFD3046BDEC028BBDE811
:10233800704025F0BFBD25F009FE0028F5D1BDECA1
:10234800028B70BD014600222846EBE7C5ED078ADF
:10235800BDEC028B70BD00BF17B751390000003CBF
:1023680000FEFF46000000C70080FFFF084B1B78F7
:1023780083420CD900EB400C064B074903EB8C0356
:10238800064A087000211B790548117003707047D0
:1023980064D3002014AB00200C7B0120077B0120B4
:1023A800E3EB0020034B187010B1034B00221A70A6
:1023B800704700BF067B0120077B01202DE9F84FFD
:1023C80006EE103A0446259BF7EE006A00254FF00A
:1023D800020B2361B6EE007A0A9B4FF0005E139859
:1023E80041F2623CE3644FF06F090B9B41F23A18EB
:1023F800C4ED0B6A23650C9B84ED126A63650D9B23
:102408009DF890A0A3650E9B2560E3650F9BA560D2
:102418002366109B25736366119B84F804B0A3663A
:10242800129BDFED3A7ADDE91476C4E91012E3660F
:10243800169BC4ED087AE367179BC4ED097AC4F8C4
:102448008030189BC4ED0F7AC4F88430199B84ED52
:102458000C7AC4F888301A9B84ED0D7AC4F88C3055
:102468002B4BA56163612B4B2585E361FF23A66791
:1024780084F82A30284BA3631B9BC4F890301C9B1C
:10248800C4F894301D9BC4F898301E9BC4E91C07FF
:10249800C4F89C301F9BC0F830E0C4F8A030209BE3
:1024A800A0F834C0C4F8A430219BA0F82A90C4F83E
:1024B800A830229BA0F82E80C4F8AC30239BC7F824
:1024C80030E0C4F8B0304FF0FF33A7F834C0A7F8B5
:1024D8002A90A7F82E80C4F8B830C6F830E0A6F8DD
:1024E80034C084F8B4A0A6F82A90A6F82E80A4F8E0
:1024F800BC50C4F8C05023F07DFD606F23F07AFD16
:10250800A06F23F077FD2046BDE8F88F000000009B
:10251800000070420140FF0052B87E3F07EE901A5B
:10252800B7EE005ADFED455A4FF0010CB8EEE76AF6
:1025380007EE902A826FF8EEE76A07EE903AB5EE5A
:10254800C06AB8EEE77AF1EE10FA10B5D0E91C319E
:1025580084B04FF6FF70CDE901310DF10C0E01A9E1
:10256800039249D466EE257AFCEEE77A17EE902AB4
:102578000732D2088242144628BF04465C85DAB383
:10258800B5EEC07AF1EE10FA3DD467EE257AFCEE8E
:10259800E77A17EE902A0732D2088242144628BFFB
:1025A8000446DC857AB3B5EEC00AF1EE10FA31D4F0
:1025B800B4EEC50AF1EE10FA39DD4FF08042F5EEBF
:1025C800C06A1A63F1EE10FA2BD466EEA57AFCEE17
:1025D800E77A17EE902A0732D2088242144628BFBB
:1025E80004469C86EAB18E451FD0B5EEC06A51F804
:1025F800043FF1EE10FAB5D5B5EEC07AA3F82AC0BB
:10260800F1EE10FAC1D5B5EEC00AA3F82EC0F1EE6E
:1026180010FACDD5F5EEC06A00221A63F1EE10FA71
:10262800D3D58E45A3F834C0DFD104B010BDF0EE89
:10263800407AFEEEC17A17EE902AC0E7666630420D
:1026480030B50E4D87B00FCD6C460FC495E803002A
:1026580084E803006421002026F088F800236946F6
:102668001A4651F8044BDDB201332244904202DB92
:10267800062BF6D10425284607B030BD701100207E
:10268800D0F8A820D0F890302DE9F04792F80080D3
:1026980004462DED0A8B84B01E78B8F1000F00F0C7
:1026A8005C82E14B1F68002F00F0A582D7ED007A0D
:1026B8009FEDDE7AF4EEC77AF1EE10FA40F24D8221
:1026C8009FEDDB7AF4EEC77AF1EE10FA94BF01279A
:1026D80002274FF07E53D4F848E00122D4F84CC0CA
:1026E800E3624FF07C53256C23636363D14BA36390
:1026F8000023E3630023AEF83220CEF82030ACF894
:102708003220721ECCF82030022A00F20082042205
:10271800D4F84490012E2B626A86C9F82030A9F8B3
:10272800322040F0F681F1EE04BAC34B9FEDC3AA04
:10273800EB62F0EE6B8AC24B9FEDC27AC9F82C307F
:10274800C14B032E18BF012EE36300F21B83002F39
:1027580000F01883012F00F0FD82F6EE005A9FED7D
:10276800BB8ADFEDBB9A40F24C42DFEDBA7A4FF4F8
:102778007A73DFEDB96A4B219FEDB89A9FEDB85A8D
:10278800DFEDB84A9FEDB8BAF4EE66BAC4ED0F5A59
:10279800B5EE006A27EE247AF1EE10FAB4EE66AAD6
:1027A80068EE858A76FEABBAF1EE10FAF4EEC67AD8
:1027B80036FE8AAAF1EE10FA40F1FC81B0EE49CA61
:1027C800DFEDAAAAF0EE676A9FEDA95AB7EE006A94
:1027D800F4EE458AF1EE10FAB4EE458A48BFF0EE01
:1027E800458AF1EE10FAF4EEC67A48BFB0EE458A93
:1027F800F1EE10FA40F3CC81F4EEC66A4FF4803063
:102808006862F1EE10FA40F3AA81C9F82400CEF804
:102818002400F3EE047AD4F85890CCF82400B4EEEF
:10282800E77AF1EE10FA00F18C81DFED927AB4EEDE
:10283800E77AF1EE10FA00F3CC81DFED8F7A01919F
:1028480027EE270ACDE90232F0EE407AFEEEE07A72
:1028580017EE905A2AF0F8F8F0EE407A039ADDE97C
:102868000113FEEEE07A17EE900ADFED817AF4EEBE
:10287800E78AC9E90650F1EE10FA00F16081F1EE3D
:10288800047AF4EEE78AF1EE10FA00F3AB81B7EEC2
:10289800007AC7EE287AB0EE677ABEEEC17A17EEF4
:1028A800100AF7EE007A656EC9F82400B4EEE79ACC
:1028B800F1EE10FA40F365814FF48030DFED6F7A66
:1028C8002862F4EEE7AAF1EE10FA00F34381DFED97
:1028D8006C7A6AEEA77AFCEEE77A17EE900AF3EEC6
:1028E800047AE861E56DF4EEE79AF1EE10FA00F18A
:1028F8002D81DFED607AF4EEE79AF1EE10FA00F33D
:102908006B819FED5D0A019129EE800ACDE90232C3
:10291800F0EE407AFEEEE07A17EE909A2AF094F8FC
:10292800F0EE407A039ADDE90113FEEEE07A17EE45
:10293800900ADFED4F7AB4EEE78AC5E90690F1EE2A
:1029480010FA00F10181F1EE047AB4EEE78AF1EEB3
:1029580010FA00F34581B7EE007AC7EE087AB0EEB8
:10296800677ABEEEC17A17EE100AF7EE007AD4F84D
:1029780068C06862B4EEE7CAF1EE10FA40F3FA8074
:102988004FF48035DFED3D7ACCF82050F4EEE7BA0D
:10299800F1EE10FA00F3D080DFED397A6BEEA77A0A
:1029A800FCEEE77A17EE900AF3EE047AD4F860901A
:1029B800CCF81C00F4EEE79AF1EE10FA00F1B880BA
:1029C800DFED2C7AF4EEE79AF1EE10FA00F3FD80D1
:1029D8009FED290A019129EE800ACDE90232F0EE35
:1029E800407AFEEEE07A17EE90AA2AF02DF8F0EE83
:1029F800407A039ADDE90113FEEEE07A17EE900AB9
:102A0800DFED1B7AB4EEE78AC9E906A0F1EE10FA09
:102A180000F18C80F1EE047AB4EEE78AF1EE10FA58
:102A280000F3D1802EE000BF2C3501200000704259
:102A38000000AA4252B87E3FCC880020CDCC4C3E44
:102A4800AC78002000007A449A99993E3333B33F1A
:102A58000000B6437B142E3E9A99193F295C8F3E9D
:102A68003333B33EB81E053FCDCCCC3ECDCC4C3D28
:102A78003333333F00D08946936515380044AC465C
:102A8800C637BE47B7EE007AC7EE087AB0EE677A67
:102A9800BEEEC17A17EE100A5FED087AD4F86CC062
:102AA800B4EEE7AAC9F82400CCF82050F1EE10FAE9
:102AB80039DC5FED0D7A6AEE277AFCEEE77A17EEDD
:102AC800900ACCF81C00B0EE4B0A2046FFF726FD12
:102AD800D4ED0F7A626DF5EEC07AF1EE10FA67D494
:102AE800B7EE007AF4EEC77AF1EE10FA7CDD4FF417
:102AF80080331362B74BA67784F8298084F82A704C
:102B08002362636204B0BDEC0A8BBDE8F087D4F899
:102B18004490B31E032B00F24B81DFE813F0F8005A
:102B2800EA00C7007B004FF00040CAE7AA48B3E7B5
:102B3800AA48DFF8ACA263E74FF0004034E7A648A4
:102B4800AFE6A648A64D90E6A3480EE7A348DFF8EF
:102B58009092EEE64FF00040C1E60027B9E5F0EEAE
:102B6800667AFEEEC87A17EE905AC9F82450CEF865
:102B780024004EE6F0EE4C7AFEEEC87A17EE905A34
:102B880000E7F0EE497AFEEEC87A17EE900A95E66D
:102B9800F0EE675AF4EEC66AFEEEC85AF1EE10FA85
:102BA80015EE900AC5ED095AD9DD4FF48035DCE7FA
:102BB80000239EE7F0EE467ADFED8AAAB0EE49CA16
:102BC800F0EE466A00E6884866E78848DFF820A203
:102BD80016E78648864D48E68448DFF81492A8E64A
:102BE8008148C2E680485CE6B0EE677ABEEEC87AF5
:102BF80017EE103A7DE7D0F88C301B68002B7FF772
:102C080068AD07EE903ADFED7B6AB8EEE77AC6EE7C
:102C1800877A4DE503210023B8F1000F4FF07C526D
:102C280069864FF004012B62B7EE008AA9F83210CA
:102C38007149C9F82030C9F82C1018BF1421CEF8F2
:102C4800203008BF4FF4C871AEF83230CCF82030CD
:102C5800ACF83230694B9FED6ABAE362694B9FED7D
:102C68006A6AA36318BF4FF4FA73226308BF4FF46C
:102C7800AF63626340F26C729FED64AA18BF4FF4B1
:102C88002F72DFED63BA06FE0BBADFED629ADFED55
:102C980062AA9FED629ADFED628A9FED627ADFEDAC
:102CA800626ADFED627A9FED56CA8DE5F5EE006A3D
:102CB80000239FED4CAAB1EE008A2B62F1EE048A44
:102CC8006B86F0EE4AAAC9F82030F0EE667AA9F8C9
:102CD8003230B6EE00BADFED56BA4FF46172DFED6E
:102CE800559A4FF448739FED469A14219FED527AF6
:102CF800D9E7524BF0EE088A9FED51AAEB62514B8F
:102D0800DFED38BA9FED507AC9F82C3018E54F4BF3
:102D1800B1EE04AAF5EE006ADFED4DBAEB62B1EE52
:102D2800008A4C4BF0EE4A8AF0EE667ADFED419A63
:102D3800C9F82C30B6EE00BA474B4FF46172DFED9C
:102D480029AA1421E3634FF448739FED2D9A9FED50
:102D58003A7AA8E7DFED3A5A4FF47A729FED3F8A44
:102D68004FF46173B0EE659ADFED3D9ADFED387A86
:102D78002D21DFED3C6A9FED3C5ADFED3C4A9FED8B
:102D88002BBA01E5F5EE006A9FED1DCAB1EE008A87
:102D9800DFED289AB0EE4C9ADFED12AAF0EE667AD3
:102DA8004FF46172B6EE00BA4FF4487314210BE584
:102DB80000230322B1EE08AADFED21BA2B62F1EE5F
:102DC800048A6A86C9F8203001239FED1B7AA9F886
:102DD8003230B5E4000080BF00B76D5BDE571700E6
:102DE800DF571700CDCC4C3DD0CCCC0C008C3C4BE5
:102DF80000BE6C5000606A47605D0020643B7F3F06
:102E08009A99193F9CC4803F3333733F022B073D87
:102E1800BC74933C0000AF44CDCCCC3C9A99993E0D
:102E2800CDCC8C3F0000C8443D0AD73E6666E63EDE
:102E3800CDCCCC3D00002F4400007A441839002046
:102E4800CDCCCC3E2C4300200000484450550020F7
:102E5800CDCC4C3E404D00209A99993ECDCC0C40AB
:102E68000100FC439A99993FCDCC0C3FEC51383F77
:102E7800F0B5754D0446D0F8B8202B689A422DED70
:102E8800028B83B017D0981FC4F8B830042B18BF32
:102E9800012894BF0120002008D86421002025F0D3
:102EA80065FC27282B68CCBF00200120043B84F850
:102EB800BC0084F8BD30654D2868002800F01882F1
:102EC80000211BF095FE40B1002394F8BC20C4F803
:102ED800C03012B1D4F8A0201370237B3BB128680E
:102EE80028B100211BF084FE002840F0DB83D4F8D1
:102EF800A8301A788AB32868002800F0FF810321D7
:102F08001BF076FE48B3D4F8B010D4E92723127822
:102F18001B7802EB420203EB430351F82220D71837
:102F2800D35C022B08D003F0FD06012E00F0B78415
:102F3800237F002B40F0A08494F8BC20002A40F0A6
:102F4800BC84D4F8A0100B7801330B70D4E9283175
:102F580009781878884228BF1A70206918B190F843
:102F6800A130002B3DD12868002800F015840021ED
:102F78001BF03EFE002800F07E812A684FF4C073E3
:102F88005179B3FBF1F31179D26801FB03F321689E
:102F9800B2FBF3F32279591A9142C0F06C810221F5
:102FA8002360002025F0E2FB034600201421834221
:102FB8000CBF02230423237125F0D8FB244B1B6884
:102FC800032B00F0EC83092840F3EB830D2840F332
:102FD8000A84102840F303844FF0FF330021A360D4
:102FE8000DE0026FA369934200F0DF830023A26122
:102FF80019461A460FF052F8012184ED050AD4F853
:10300800A820137813B1012323731378D4F8AC20C4
:103018001278002A00F0C681002900F035810D4998
:1030280001260D4A096802EB810292ED008ADFED64
:103038000B7AB4EEE78AF1EE10FA1DDDB3EE047AEE
:10304800F6EE006A13E000BF640901202C35012068
:10305800A856012070EB00205CE900200000F04237
:1030680028EE268AB4EEE78AF1EE10FA04DDB4EE13
:10307800C78AF1EE10FAF3DCF3EE047AB4EEE78ACD
:10308800F1EE10FA48BF38EE088A002B40F01381A1
:1030980094F82930002B40F0FF802868002840F081
:1030A800708305460120D4F890301A78A37F9A429D
:1030B80007D1D4F8A8301A7894F829309A4200F049
:1030C80062832046FFF7DCFABF4B1B7843B1BF4A47
:1030D8001278002A40F06481E27F002A00F0F28131
:1030E800D4ED087AE377F4EE487AF1EE10FA41D09D
:1030F800D4ED0B7A226C68EE277AF5EEC07AF1EE01
:1031080010FA00F155819FEDB27AF4EEC77AF1EE2C
:1031180010FA40F3C881AF4BD361D4ED0C7A626CDE
:1031280068EE277AF5EEC07AF1EE10FA00F16581C3
:103138009FEDA77AF4EEC77AF1EE10FA40F3A48176
:10314800A44BD361F6EE007A626D68EE277AF5EE4D
:10315800C07AF1EE10FA00F12E819FED9D7AF4EE1F
:10316800C77AF1EE10FA40F386814FF00043D3613D
:1031780084ED088A002E40F00F81D4F8883093ED52
:10318800000AB8EEC00ADFED947AB4EEE70AF1EE71
:1031980010FA10DDB3EE047AF6EE006A06E020EECF
:1031A800260AB4EEE70AF1EE10FA04DDB4EEC70A17
:1031B800F1EE10FAF3DCF3EE047AB4EEE70AD4ED9C
:1031C800097AF1EE10FA48BF30EE000AF4EE407AC0
:1031D800F1EE10FA2BD0D4ED0D7AA26C60EE277ABE
:1031E800F5EEC07AF1EE10FA00F104819FED787ADD
:1031F800F4EEC77AF1EE10FA40F32E81754BD361E5
:10320800D4ED0E7AE26C60EE277AF5EEC07AF1EE34
:1032180010FA00F1D5809FED6E7AF4EEC77AF1EEE0
:1032280010FA40F30A816B4BD36184ED090AD4F894
:1032380090301B78013B012B7DD994F82820002A77
:1032480000F08E82654DB0EE480A286819F09CFFA0
:10325800D4F8A83002461B78002B47D0237F03B14F
:10326800637F28680221C41C009419F0EDFF03B0A5
:10327800BDEC028BF0BDD4F8AC301B78002B00F00D
:103288000982D4F8A8301B78D4F88820002692ED5B
:10329800008AB8EEC88ACAE6206F22F0ABFE606FDB
:1032A80022F0A8FEA06F22F0A5FED4F8A8301B7863
:1032B800002B3FF4F2AE2868002800F01282D0ED0F
:1032C800007A9FED477AF4EEC77AF1EE10FA40F2F1
:1032D80058829FED447AF4EEC77AF1EE10FA94BF63
:1032E8000125022500211BF083FCDCE64023B8E71A
:1032F800D4F8A8301A78002A3FF42FAE20690028A5
:1033080000F0ED8190F8A120002A7FF46AAE1B78C6
:10331800D4F8AC201278002AB6D1A268561C00F066
:10332800D281D4F88810002601EB820292ED008A3F
:10333800B8EEC88A7BE6D4F8A8301B78002B5FD09B
:10334800227F94F82830002A00F05D81002B7FF45A
:1033580079AF216D72B6244AC8690A62904215D0C5
:1033680080FAA2F2EFF3008313F0006F1F4B00F016
:103378001D8383FB0053C2170344C2EBA3221C4BDB
:103388009B1A002B00F019824B6201230B7662B660
:10339800012384F8283055E720690EF0C5FFF2E6CE
:1033A80000239DE60029B8D094ED058A01263EE663
:1033B8000023D361B1E60023D36184ED088AD9E6FE
:1033C8000023D36131E700BF0F7B01200E7B012072
:1033D8000044AC460000FE7F0000F0427C30012033
:1033E800000070420000AA42C0196626D3C324C652
:1033F8001E6E07000023D36102E70023D361A1E614
:1034080094F82830002B7FF41DAF216D72B6C54AA1
:10341800C8690A629042B9D080FAA2F2EFF3008339
:1034280013F0006FC04B00F0348283FB0053C217C7
:10343800C2EBA322BD4B9B1AA3E79FEDBD7ABD4902
:1034480067EE877AFCEEE77A17EE903AC2ED077AD4
:103458008B423FF6E8AEE8E69FEDB57AB54967EEF0
:10346800877AFCEEE77A17EE903AC2ED077A8B423C
:103478003FF6C4AEC4E69FEDAE7A67EE877AFCEEFF
:10348800E77A17EE903A97E79FEDA97AA94967EE90
:10349800877AFCEEE77A17EE903AC2ED077A8B420C
:1034A8003FF64EAE4EE69FEDA27AA24967EE877AC6
:1034B800FCEEE77A17EE903AC2ED077A8B423FF6B8
:1034C8002AAE2AE69C4A9D481268002A00F0068225
:1034D8000568D2ED187A002D00F08981B5EE007AE2
:1034E800DFED976A67EEA66A67EE877AD5F800C1BE
:1034F800E76FBCF1000F00F07A82002203E001328E
:10350800944500F01C8255F832108F42F7D105EB34
:10351800C20204329FED8B7AF4EEC76AF1EE10FA1C
:1035280008DC9FED897AF4EEC76AF1EE10FA58BF0D
:10353800B0EE667A72B687ED087A87ED077A62B6DA
:103548000AB1C2ED006A0568D4F88070D5F800C1E8
:10355800BCF1000F00F04382002203E00132624513
:1035680000F0DA8155F832108F42F7D105EBC2022C
:1035780004329FED747AF4EEC77AF1EE10FA08DCA3
:103588009FED717AF4EEC77AF1EE10FA58BFB0EEFB
:10359800677A72B687ED087A87ED077A62B60AB15C
:1035A800C2ED007A0068D4F88450D0F80071002F7A
:1035B80000F01082002203E00132BA4200F09D813F
:1035C80050F832108D42F7D100EBC200021D9FED7A
:1035D8005D7AF4EEC77AF1EE10FA08DC9FED5A7ABC
:1035E800F4EEC77AF1EE10FA58BFB0EE677A72B609
:1035F80085ED087A85ED077A62B6002A3FF470AD4A
:10360800C2ED007A6CE5002B3FF41CAED4F88C3088
:103618009FED4E7AD3ED007A216DF8EEE77A67EEEA
:10362800877AFCEEE77A17EE903AC82B38BFC823A2
:1036380007EE903AF8EE677AF5EEC07AF1EE10FAF6
:1036480040F2AF819FED427A67EE877AFDEEE77A26
:1036580017EE903A002B00F09E8172B6C8690A6294
:10366800002800F0C98180FAA2F2EFF300852D014D
:1036780040F1BA81012B02D090FBF3F35A42002AA1
:1036880000F09F814A6201230B7662B6002384F81A
:103698002830D7E5A268D4F8A830561C1B787FF4E8
:1036A80040AE10E00023D4F8A010012223730B7061
:1036B8002277206F22F09EFC606F22F09BFCA06FA7
:1036C80022F098FC13E4D4F88820002692ED007AC2
:1036D800B8EEC77B37EE077BB7EEC78BA7E40123AD
:1036E80016E6D4F88C301B68002B7FF7DAAC07EEAF
:1036F800903A9FED186ADFED186AF8EEE77A86EEE1
:10370800277AB4EEE67AF1EE10FA7FF6CAACDFED6E
:10371800137AB4EEE77AF1EE10FA5AD902250120AD
:10372800C1E400BFC0196626E5DBE27645750400F2
:10373800C637BE470000FE7F88100120442A0120BA
:103748003D0AD73E00FEFF4600FEFFC63333733FF7
:103758006666304200606A47000070420000AA4274
:10376800216D72B6A74BC8690B62984200F0FA80C7
:1037780080FAA3F3EFF30082120140F1B780A24B65
:1037880053E60025AEE594F82A30AB423FF49CACF2
:1037980000283FF499AC94E4D4F8A830B7E5092898
:1037A8001ADC00231946A36029E4D4F8AC301B784E
:1037B8005BB9D4F8A8301B78F6E5924B9842B4BFB1
:1037C80001204FF0FF304862DFE5D4F8A8301B78BD
:1037D80025E40125284666E40E287FF7FFAB04237D
:1037E8000021A3600BE402230021A36007E49FEDFE
:1037F800877ADFED876A27EE877AE26FB4EEE67A9A
:10380800F1EE10FA00F3B880DFED826AB4EE667A62
:10381800F1EE10FA48BFB0EE667AB5EE006ADFED59
:103828007C6AD4F8801082ED087A67EE867AF4EE26
:10383800E67AF1EE10FA00F398809FED767AD4F8E4
:103848008420F4EEC77AF1EE10FAF4EEE67A54BF6B
:10385800B0EE676AB0EE476AF1EE10FA81ED086AD9
:1038680000F3CD80F4EE477AF1EE10FA48BFF0EE9F
:10387800477AC2ED087A33E4206F22F0E3FB606FE9
:1038880022F0E0FBA06F22F0DDFB00232377FFF797
:1038980053BB83FB0253D217C2EBA32371E5206FFE
:1038A80022F0A8FB606F22F0A5FBA06F22F0A2FB1C
:1038B80026777B786377FFF73FBBD4F8C010D4F83E
:1038C800A430013194F8BD00C4F8C0101A7804F08F
:1038D800CFFFD4F8A0301870FFF73FBB0568002D64
:1038E8004DD0F5EE007ADFED496AFFE5464A82FBE6
:1038F8000352DB17C3EBA22343E5202F68D0F9005E
:1039080007F1010C0A1D40F837500144424F0244A8
:103918004F60C0F800C15AE6BCF1200F4DD04FEA05
:10392800CC010CF1010E0A1D45F83C702944DFF862
:10393800E8C02A44C1F804C0C5F800E119E6BCF1A2
:10394800200F3CD04FEACC010CF1010E0A1D45F8BE
:103958003C702944DFF8C0C02A44C1F804C0C5F847
:1039680000E1D7E50A7662B612E5D4F88420F0EED5
:10397800667AC1ED086A7CE7B0EE667A4DE7E26FD9
:10398800B5EE007A25491162F0EE477AD4E92012A3
:1039980081ED087A6DE772B6C1ED077A0B7662B6EB
:1039A80074E672B6CA610A7662B66FE683FB0253A2
:1039B8001344D217C2EBA323E3E40022D9E5002283
:1039C800A8E50028B4BF01234FF0FF334B625AE645
:1039D8000022FCE504224FF0010C394693E704224B
:1039E8004FF0010E61469FE792FBF3F247E604228F
:1039F8004FF0010E6146AAE7087662B646E6F0EE99
:103A0800667A36E7C0196626E5DBE2763D0AD73ED8
:103A180000FEFF4600FEFFC6000080BF3D0AD73EFD
:103A28000121002300224FF0020C0177D0F8A010EA
:103A3800036080F804C0836083610262426280F898
:103A480028300B700373C0F8C030704738B50B6866
:103A58000D4604460BB300210422C362016242866C
:103A6800D5ED027AF5EEC07AF1EE10FA12D4B7EE7F
:103A7800007AF4EEC77AF1EE10FA03DD4FF48033E2
:103A8800636238BDB0EE677ABEEEC87A17EE103AB8
:103A9800636238BD0023636238BDB1F90420036254
:103AA8000B2A42860AD00C2A0DD0093A92B2012A72
:103AB800D6D8C169383023F033FFD1E7C16938302F
:103AC80023F0D6FFCCE7826A383050F81C1C23F06C
:103AD8008BFFC5E770B500F5AE750446C8212846CA
:103AE8002DED048B21F060FE10B9BDEC048B70BD88
:103AF8000021284621F03EFEE26D94F87031D2EDA7
:103B0800007A002B72D1F5EEC07A0123C4ED5B7AFE
:103B180084F87031F1EE10FA79D4B7EE007AF4EE49
:103B2800C77AF1EE10FA3EDDB5EE008ADFED8A8A3B
:103B38009FED8A9A9FED8A7A2669DFED8A7A27EEC9
:103B4800277AF0EE477AB0EE470AFEEEE07A17EEF3
:103B5800905A28F079FFF0EE407AFEEEE07A17EE00
:103B6800903ADFED817AB4EEE79AC6E90653F1EEB2
:103B780010FA56D4DFED7D7AB4EEE79AF1EE10FA3A
:103B880000F39180DFED7A7AB4EEE79AF1EE10FA5D
:103B980047D4F1EE047AB4EEE79AF1EE10FA40F366
:103BA800C080744B3EE09FED746A9FED747ADFED40
:103BB800746AA7EE867AB4EEE67AF1EE10FA7ED54C
:103BC800704B714D9FED716A9FED689ADFED706AD9
:103BD8009FED708AA7EEC69A9FED6F7ADFED6F8A28
:103BE800A7EEA68A2669E7EE878ABAE794ED5B7A9C
:103BF800DFED6B6A37EEC76AF0EE477AE6EE267AB3
:103C0800F5EEC07AC4ED5B7AF1EE10FA85D5DFEDFA
:103C1800638A9FED608A9FED559A9FED587A2669D1
:103C28008BE7604BDFED607A7362B4EEE78AF1EE02
:103C380010FA24D4DFED5D7AB4EEE78AF1EE10FADB
:103C48002EDCB5EEC08A6269F1EE10FA2DD500239C
:103C5800F5EEC08AD361F1EE10FA19D4DFED4B7A94
:103C6800F4EEE78AF1EE10FA17DCF7EE007AF4EEDC
:103C7800E78AF1EE10FA5FDD4FF4803309E040F691
:103C88006933F5EEC08A6269D361F1EE10FAE5D5C1
:103C980000231362BDEC048B70BD47F23333F8E7A1
:103CA80049F62C03EDE7424BBCE7DFED427AB4EE70
:103CB800E78AF1EE10FA46DD4FF00043C8E7DFED82
:103CC8003E6AB4EEE67AF1EE10FA02DD3B4B3C4D6B
:103CD80078E7F3EE046A9FED2D5A9FED249ADFED05
:103CE8002C5AB4EEE67A9FED2B8A9FED2B6AA7EE4D
:103CF800C59ADFED2A8AA7EEA58AF1EE10FA2669A1
:103D0800E7EE868A02D52F4B2F4D2AE7DFED2F7A73
:103D1800B4EEE77AF1EE10FA7FF70FAF2C4B2D4D8A
:103D28001FE7B7EE007AC7EE097AB0EE677ABEEE03
:103D3800C17A17EE103A75E7F0EE687AFEEEC87AA7
:103D480017EE903AA5E7DFED247A28EE278AFCEEF5
:103D5800C87A17EE903A7BE79A99993E0100403F5E
:103D68000000AF44936515389A99193F9A99993F7D
:103D78003333333FD0CCCC0C000061440000FA430D
:103D88000000C84360D9D2016CDDD2016666E63E08
:103D98005C8F423E8FC2753DCDCC4C3ECDCCCC3DE8
:103DA8000AD7A33C00B76D5B8FC2F53CCDCCCC3EA7
:103DB800405555350044AC460000C844F0724A07E7
:103DC800B0754B07DE571700DF57170000D089463C
:103DD800008C3C4B00BE6C50C637BE4770B500F532
:103DE80096750446C82128462DED048B82B021F033
:103DF800DBFC18B902B0BDEC048B70BD002128466D
:103E080021F0B8FCE26D94F84031D2ED007A002B35
:103E180040F08980F5EEC07A0123C4ED4F7A84F82A
:103E28004031F1EE10FA00F19080B7EE007AF4EE2E
:103E3800C77AF1EE10FA46DDB5EE008ADFEDB60A74
:103E4800B6EE009ADFEDB59ADFEDB58A9FEDB57A4B
:103E58002669DFEDB57ACDED010A27EE277AF0EE77
:103E6800477AB0EE470AFEEEE07A17EE905A28F04D
:103E7800EBFDF0EE407ADDED010AFEEEE07A17EE9A
:103E8800903AF6EE007AC6E90653F4EEE78AF1EEC8
:103E980010FA68D4DFEDA57AF4EEE78AF1EE10FAAD
:103EA80000F3D580DFEDA27AF4EEE78AF1EE10FA9E
:103EB80059D4F1EE047AF4EEE78AF1EE10FA40F301
:103EC80010819C4B50E09FED9C6A9FED9C7ADFED42
:103ED8009C6AA7EE867AB4EEE67AF1EE10FA40F123
:103EE800C280984B984D9FED998AB6EE005A9FED87
:103EF800987AF5EE000AF0EE489ADFED8C8AB0EE7B
:103F0800479ADFED945A9FED946AE7EEC58ADFED94
:103F1800936AE7EEA59AA7EE869A2669E7EEC70A9E
:103F2800A7EEA68AADE794ED4F7ADFED8D6A37EEFE
:103F3800C76AF0EE477AE6EE267AF5EEC07AC4ED67
:103F48004F7AF1EE10FA7FF570AF9FED808AF5EEAB
:103F5800000A9FED7F9AF0EE489ADFED748A9FED94
:103F6800777A266975E77F4BDFED7F7A7362F4EE27
:103F7800E79AF1EE10FA34D4F6EE007AF4EEE79A06
:103F8800F1EE10FA60DCF5EEC09A6369F1EE10FA12
:103F98005FD50022B5EEC09ADA61F1EE10FA29D4A5
:103FA800DFED727AB4EEE79AF1EE10FA49DCF7EE3B
:103FB800007AB4EEE79AF1EE10FA40F39D80F5EE40
:103FC800C00A4FF480321A62F1EE10FA19D5B5EE34
:103FD800C08ADFED670AF1EE10FA1FD59FED648AFB
:103FE80024E041F20532B5EEC09A6369DA61F1EE78
:103FF80010FAD5D50022F5EEC00A1A62F1EE10FAD1
:10400800E5D4F6EE007AF4EE670AF1EE10FAB5EEB2
:10401800C08A77FEA00AF1EE10FADFD4DFED4E7AFF
:10402800B4EE678AF1EE10FA37FE888A514BB0EE8B
:10403800480A186802B0BDEC048BBDE870401EF059
:1040480087B948F6CC42D6E74BF63762CBE74A4BFE
:104058008AE7DFED4A7AF4EEE79AF1EE10FA52DDDC
:104068004FF0004296E7DFED466AB4EEE67AF1EEED
:1040780010FA02DD434B444D35E7B3EE046A9FED79
:10408800338ADFED336AB6EE004AF0EE489ADFED88
:10409800278AB4EEC67ADFED2F4AF5EE000A9FEDC7
:1040A8002E5AB0EE669ADFED2D5AF1EE10FA266917
:1040B800E7EEC48AE7EEA49AA7EE859AE7EEE60A49
:1040C800A7EEA58A02D5314B314DDAE6DFED317A1C
:1040D800B4EEE77AF1EE10FA7FF7BBAE2E4B2F4D18
:1040E800CFE6B7EE007AC7EE287AB0EE677ABEEE72
:1040F800C17A17EE103A37E7F0EE497AFEEEC87A41
:1041080017EE902A77E7DFED267A69EEA77AFCEEBC
:10411800E77A17EE902A3DE7CCCC4C3DCCCCCC3E90
:104128003433333F0000E144936515389A99993F39
:104138003333333FD0CCCC0C00007A4400004844E1
:10414800000016447C3EBC02204CBC020AD7A33DAA
:10415800CDCC4C3E0AD7A33E9A99993E7B142E3E6D
:104168000AD7A33C00B76D5BCDCC4C3DCDCC0C3F02
:1041780000000000683C0120405555350044AC461D
:104188000000FA44D0591C0920531E09DE571700B5
:10419800DF57170000D08946008C3C4B00BE6C509E
:1041A800C637BE47036807EE901AD3F89C2130B48F
:1041B80062B192F8301049B1B5EEC00AF1EE10FACA
:1041C80040F39A8003F2244282ED000AF8EEE77A7F
:1041D8009A69F5EEC07AF1EE10FA60D9B7EE007A76
:1041E800B4EEC70AF1EE10FA34DDB4499FEDB47AA3
:1041F80067EE877AFDEEE77A17EE903A002B42D009
:1042080072B6D46911628C4200F0AB8084FAA1F5D1
:10421800EFF3008C1CF0006F69D003F1010CBCF1C6
:10422800020F04D991FBF3F594FBF3F3ED1A002D7B
:1042380043D055620123137662B6B5EEC00AF1EE9B
:1042480010FA2AD843681B783BB30368586C30BC13
:1042580021F0F8BEBFEE007AB4EEC70AF1EE10FA0C
:1042680032D49FED977A67EE877AFDEEE77A17EEFC
:10427800903ADFED947A60EE277AFDEEE77A17EE52
:10428800901A002BBCD172B60023D161137662B6A6
:10429800B5EEC00AF1EE10FAD4D930BC7047F7EE8B
:1042A800007AB4EEE70AF1EE10FA0FDD834B72B62E
:1042B8000021D361117662B6EAE78C42B4BF0124CB
:1042C8004FF0FF345462B5E77F498FE7FFEE007A7D
:1042D800B4EEE70AF1EE10FA00F1A180DFED797A89
:1042E80060EE277AFDEEE77A17EE903ADFE795FB66
:1042F800F3F5002DE1D09CE792F86C1019B1596ED6
:104308000968012931D1F8EEE77A9A69F5EEC07AA1
:10431800F1EE10FA40F285809FED697A67EE877AB0
:10432800FDEEE77A17EE903A002B5FD072B60021C7
:10433800D4691162002C00F0B38084FAA1F1EFF384
:1043480000852D0140F19A805D1C022D02D994FB55
:10435800F3F3594200296AD051620123137662B6F9
:1043680049E00023137662B692E7F8EEE77A03F2A3
:104378002444D2ED1C6A94ED007AF5EEC07A99696E
:1043880027EE267AF1EE10FA7BD9F7EE006AB4EE42
:10439800E67AF1EE10FA51DD484A9FED497A67EE68
:1043A800877AFDEEE77A17EE903A002B5FD072B667
:1043B800CC690A62944200F09D8084FAA2F5EFF37A
:1043C800008C1CF0006F75D003F1010CBCF1020FDA
:1043D80004D992FBF3F594FBF3F3ED1A002D62D0A8
:1043E8004D6201230B7662B6036812E072B6C2ED25
:1043F800077A137662B603680025344A03F58561A7
:1044080083F8FC53146803F22C420968C3F8044487
:10441800116042681278002A3FF43FAF16E72A4B32
:1044280045E772B60023D361137662B6E3E7002C42
:10443800B4BF01234FF0FF3353628EE7FFEE006AEB
:10444800B4EEE67AF1EE10FA42D4DFED1D6A67EEBB
:10445800A67AFDEEE77A17EE903ADFED1A7A27EEA4
:10446800277AFDEEC77A17EE902A002B9FD172B6F5
:104478000023CA610B7662B60368CAE791FBF3F1C1
:1044880068E7F7EE007AB4EEE77AF1EE10FA21DD8C
:104498000A4B72B60022CB610A7662B60368B8E7A7
:1044A800147662B6A7E79442B4BF01244FF0FF34F4
:1044B8004C6296E795FBF3F590E700BF0000FF7F9D
:1044C8006666304200FEFF4E000001800060012059
:1044D8000C4A62E7FFEE007AB4EEE77AF1EE10FAE2
:1044E8000DD4DFED097A27EE277AFDEEC77A17EEAD
:1044F800903ACEE700230B7662B6036889E7014B52
:10450800C7E700BF0000018000FEFF4E144BD0F843
:1045180018221B689B1A312B11D9B5EEC00A026804
:10452800F1EE10FA09D4DFED0F7AB4EEE70AF1EEF6
:1045380010FA05DD0C4BD36170470023D361704737
:10454800DFED0A7A084920EE270AFCEEC07A17EE5A
:10455800903AC2ED077A8B42F1D9034BD361704789
:10456800006001200044AC460000FE7FC637BE470D
:10457800F8B50446016009684FF07C579DF88850EB
:10458800416000210E98C4E90223069B2361079B22
:104598006361089BA361099BE3610A9B23620B9BF0
:1045A80063620C9BA3620D9BC4E90B300F9B04F163
:1045B80078006363109BA363139BE363149B2364DA
:1045C800159B6364119BA364129BE364179B23658B
:1045D800189B6365199BA3651A9BE3651B9B236660
:1045E8001C9B63661D9BA3661E9BE3661F9B23673C
:1045F800209B636721F0A4F8002104F1880021F0D2
:104608009FF8002104F1980021F09AF8002104F1A4
:10461800A80021F095F8002104F1B80021F090F8E5
:10462800002104F1C8000E4621F08AF804F1D800F0
:10463800314621F085F8314604F58A70A4F81061F6
:10464800C4E93A6621F07CF83146C4F8247104F5CF
:10465800967084F8286121F073F83146C4F83C71EB
:1046680004F5A27084F8406121F06AF83146C4F874
:10467800547104F5AE7084F8586121F061F8314640
:10468800C4F86C7104F5BA7084F87061102721F0D1
:1046980057F8314604F5C470C4F8846121F050F825
:1046A800169B314604F5D070C4F89831614BC4F8B4
:1046B8009C3121F045F8314604F5D87021F040F8D6
:1046C8001423314604F54A70C4F8C0314FF6FF731D
:1046D800A4F8CC61A4F8F83184F8FA314FF48023B7
:1046E800C4F8D061C4F8C8316423C4F8C471C4F8EC
:1046F800DC31C4F8E06184F80462C4F80863A4F803
:104708000C63C4F81063A4F82463C4E97566C4E9AB
:104718007F6621F015F8314604F54E7021F010F847
:10472800219B314604F56870C4F8983304F2553378
:1047380084F89673C4F888333F4BC4F85063C4F8C0
:10474800903384F8546384F88C63A4F8946384F8F1
:104758009C53C4E9D26620F0F3FF384904F56E7221
:104768000023C4F8B01304F234403549C4F8E823F0
:10477800C4F8F01304F58161324AC4F8B463C4F88C
:10478800F82304F20C4284F8EC6384F8F46384F8A8
:10479800FC63C4F80064C4F804640B6004F5826127
:1047A800136004F21C420B6004F58461C4F81464BD
:1047B80084F81864136004F224420B6022491160E3
:1047C80004F22C4204F585610B603146136084F8CD
:1047D800306420F0B5FF314604F5896084F84464FC
:1047E80020F0AEFF314604F58B6020F0A9FF31467A
:1047F8004FF4807204F5027084F8686429F00AFEA8
:104808002022314604F1F000C4F81463C4F8186398
:10481800C4F81C63C4F8206329F0FCFD2046C4F8E2
:10482800E461C4F8E861C4F8EC61C4F8F061C4F864
:10483800F461F8BD7C6B0020A8A10020006446004C
:10484800B0A1002000005C433333B33E436F1B78B4
:1048580070B4002B36D1D0F89C31002B51D093F88E
:104868003020002A49D1474941F2053547F233360D
:10487800D0E904249161A1F2E471D1614249516205
:1048880042F2D731826CC4E90756D3ED037AC46C7F
:10489800F5EEC07A1162C2E90611F1EE10FA4FF492
:1048A8008042816822624BD50022D3ED067A4A62A3
:1048B800F5EEC07AC268F1EE10FA4BD500235362C8
:1048C80070BC7047D0E904142E4D47F2333C836C1A
:1048D80042F2D7328D61A5F2E475C06CCD612A4DE4
:1048E8004D6241F20531C4E9071C4FF480411A6258
:1048F800C3E9062270BC01627047826C42F2D7316C
:10490800C3E7D0E904241F4947F2333541F205369D
:104918009161A1F2E471D1611B49516242F2D73130
:10492800826C2562C56CE6614FF480441162C2E96D
:104938000611D0E902124FF400402C624862BEE72B
:10494800B7EE007AF4EEC77AF1EE10FA0CDD4FF408
:104958008032AAE7B7EE007AF4EEC77AF1EE10FAE1
:1049680009DD4FF48033AAE7B0EE677ABEEEC87A65
:1049780017EE102A99E7B0EE677ABEEEC87A17EEFE
:10498800103A9CE7C89447024055553538B5044657
:1049980000230022406F04F58165424984F83024E1
:1049A80084F8FC2384F818242B6004F582650078C9
:1049B8002B6004F21C4509682B6004F584652B60A4
:1049C80004F585652B6004F22C452B60C4F80414AB
:1049D800C4F8001400284BD1236F1D780D2D24D85E
:1049E800C5EBC503304905EB83039A0001EB83034C
:1049F80004321144C4F89C31A068FFF727F8D4F8B2
:104A08009C11E0681031FFF721F8284B186840B175
:104A1800D4F89C310321D3ED0B0A93ED0A0A18F060
:104A2800D5FF234B1B782BB938BD1F4904220546F7
:104A38000B46DEE70F211F4827F04EF800230A2215
:104A480029461D4823F090FD02211C4827F044F810
:104A5800D4F89C311C6834B1204629F081FF014606
:104A6800204627F039F81448BDE8384023F060BDE7
:104A7800134B03210D48C4F89C31A568E3684FF433
:104A8800004400682A6269866C621A625A865A6211
:104A98000028C9D0B5EE000ADFED0A0ABDE83840A3
:104AA80018F094BF006001207C6B0020C8330120FF
:104AB800EDEB002068A1002090D4002078A1002010
:104AC800C06D0020CDCC4C3E70B5036942F2D732A0
:104AD800954E4FF4803595490446C3E906619449DB
:104AE80047F23336596241F205314369C3E9071683
:104AF800836C42F6CC418F4EC3E90821C3E90622F4
:104B08008D49D0E90C329961A1F5AD21A1F510715B
:104B1800D9618A49596249F6991395610021D3618F
:104B280042F61462D0E90F03B26143F2A3025D6258
:104B38001962598680F838122C20E36BDA6240F249
:104B4800E133626C508540F276601163D3854FF48F
:104B580000439086E06C7A4A03621362C2E9063326
:104B6800A36B44F6CC4242621A7ED00772D4D98B2A
:104B780040F6C8501C2918624DD942F001021A7635
:104B8800A36B1A7E950757D4D98B41F2AC402A29DA
:104B9800586201D82B21D98342F002021A76A36BFE
:104BA8001A7E55073AD4D98B41F690303829986245
:104BB80001D83921D98342F004021A76636A40F297
:104BC800962200251121DA8540F23B32598520468C
:104BD8009A861D63FFF7DAFEA36A5A4904F1780042
:104BE800594AC3E90612594A29465A6220F0C2FDB9
:104BF800294604F1A80020F0BDFD294604F1B800BB
:104C080020F0B8FD294604F1C80020F0B3FD504B50
:104C18001B786BBB70BD1D21D983AEE7986A41F63E
:104C28008F31884233D8DA8B382A01D83922DA838F
:104C380041F690329A62C1E7586A41F2AB41884224
:104C480054D8D98B2A2901D82B21D98341F2AC41D8
:104C58005962A6E71D6A40F6C75085422FD8D98BFE
:104C68001C2901D81D21D98340F6C851196289E74A
:104C78002A21384826F030FF022137489FED280BBB
:104C880023F086FC3448BDE8704023F051BC002175
:104C980041F6903003F120060D46986242FA01F081
:104CA800C00707D556F821007F30C009013085427A
:104CB80038BF054601310829F0D1DD837EE740F68B
:104CC800C8501E460D4646F8200F42FA01F0C007AC
:104CD80007D556F821007F30C0090130854238BF1A
:104CE800054601310829F0D1DD834BE7002141F267
:104CF800AC4003F120060D46586242FA01F0C007A5
:104D080007D556F821007F30C0090130854238BFE9
:104D1800054601310829F0D1DD8342E7AFF3008071
:104D2800000000E0A370ED3FC8944702E48C4702FE
:104D380040555535A4050120F00DC40C00721C47E0
:104D48008030012090298F0460EA8E04C0AAAA2A24
:104D5800EDEB00207CA1002090D40020F8B5D0F81D
:104D68009C3104462DED028BB0EE408A80EDFE0AA0
:104D780053B393F824201AB3DFEDA47AB4EEE70A0C
:104D8800F1EE10FA1CDBDFEDA26AB6EE007AC16A1A
:104D98000123C6EE807A00220B7643F6E120D4F890
:104DA8009C318A83086277EE877AFDEEE77A17EE00
:104DB800902AB2F5067FA8BF4FF406724A831BB14A
:104DC80093F83020002A56D1B5EEC08AA268F1EED9
:104DD80010FA1CD4DFED8F7AB4EEE78AF1EE10FA00
:104DE8000CDCDFED8D7A8D4868EE277AFCEEE77AE9
:104DF80017EE901AC2ED077A81420AD98749D16124
:104E0800626F1278012A08D1BDEC028BF8BD00212F
:104E1800D161626F1278012AF6D0002BF4D0D3ED5D
:104E2800067AF5EEC07AF1EE10FAEDDD93ED086A38
:104E3800F2EE080ADFED7A6AB0EE000A93ED077A1F
:104E4800C6EE267AE46877EE877AC7EEA00A27F0DE
:104E58006BFC20EE080AB5EEC00AF1EE10FA00F17C
:104E6800D080DFED6C7AB4EEE70AF1EE10FA69DD76
:104E78006A4BE361C8E794F8FC232AB904F5856214
:104E880004F22C4112680A60D3ED167A0126654FA8
:104E980004F58165F5EEC07A84F8FC633A68F1EEB2
:104EA80010FAC4F8002415DDD5ED007AF5EEC07AC5
:104EB800F1EE10FA0EDD626E1268012A0AD078EE61
:104EC800677AB6EE007AF0EEE77AF4EEC77AF1EE9A
:104ED80010FA45DCB5EEC08A04F582620021F1EED5
:104EE80010FA84F8181482ED008AA26885ED008A09
:104EF80016D4DFED487AB4EEE78AF1EE10FA0CDC4E
:104F0800DFED457A454868EE277AFCEEE77A17EE3A
:104F1800901AC2ED077A814203D94049D16100E075
:104F2800D161626F157835B9D3ED067AF5EEC07A9E
:104F3800F1EE10FA34DC04F21C4484ED008ABDEC76
:104F4800028BF8BDDFED347A344A20EE270AFCEEF6
:104F5800C07A17EE903AC4ED077A934288D853E79F
:104F68006421002023F002FCD4F89C319FED2C7AB8
:104F7800D3ED177A67EE877AFDEEE77A17EE902A77
:104F88009042A7DA296804F20C423B68116004F5E4
:104F9800826282ED008AC4F8143484F8186433E716
:104FA80093ED086AF2EE080ADFED1D6AB0EE000A1A
:104FB80093ED077AC6EE267AE66877EE877AC7EE2B
:104FC800A00A27F0B1FB20EE080AB5EEC00AF1EE00
:104FD80010FA19D4DFED0F7AB4EEE70AF1EE10FA01
:104FE8000CDCDFED0D7A0D4A20EE270AFCEEC07AC4
:104FF80017EE903AC6ED077A93429CD9074BF361B6
:1050080099E70023E361FFE6F56194E70000204299
:1050180000442C470044AC46C637BE470000FE7F1C
:105028000000C8420060012070B5044640680D4683
:1050380043689B6853F8216007EE906A2DED028B58
:10504800B8EEE78AB0EE480AFFF788FE6368D3F83F
:1050580098211AB1596F0978002945D1534901227D
:10506800C3F8E0510E60A16883F8DD2183F8DE21E2
:105078000A681278C3E9745682B3B5EEC08AF1EEB5
:1050880010FA2BD9486890F8F4230AB138EE088A48
:10509800B5EEC08AC16B78EE087AF1EE10FA5DD4ED
:1050A8009FED437AB4EEC78AF1EE10FA48DD414A23
:1050B8004A62F5EEC07A006CF1EE10FA56D49FED14
:1050C8003C7AF4EEC77AF1EE10FA2BDD394AC26168
:1050D80042F6AA200122886281F83922E268127811
:1050E800CAB9BDEC028B70BD3349D2F81802096801
:1050F800091A3129B2D9B5EEC08A1268F1EE10FA50
:1051080045D4DFED2B7AB4EEE78AF1EE10FA30DD04
:105118002849D161A2E7BDEC028B586CBDE870400C
:1051280020F068BF9FED257A224D67EE877AFCEE66
:10513800E77A17EE902AC0ED077AAA42C6D8C7E7E1
:105148009FED1E7A1B4D28EE078ABCEEC87A17EE33
:10515800102A81ED097AAA42A9D8AAE7F5EEC07A01
:105168000022006C4A62F1EE10FAA8D50022C26152
:10517800AEE7DFED127A0F4868EE277AFCEEE77AA1
:1051880017EE901AC2ED077A8142C1D866E700206F
:105198000121D061054AC3F8E05183F8DD1183F895
:1051A800DE111660C3E9745698E700BF0457012062
:1051B8000044AC460000FE7F00600120C637BE47B1
:1051C80003681B78012B00D07047FFF72DBF00BF85
:1051D80003292AD80B4610B504460068A26D50F87A
:1051E8002300216D1360036860609B6898476068BE
:1051F8000368DB689847606803681B699847002361
:10520800C4F8D03184F8CB3184F8CC31C4F80833F1
:10521800A4F82433C4F8E431C4F8E831C4F8EC3114
:10522800C4F8F031C4F8F43110BD704770B50446C5
:1052380000200D4684F8CD01D4F89C01002800F028
:105248009A8090F8301000294AD10B4607EE902A30
:10525800A169F8EEE77AF5EEC07AF1EE10FA40F2BD
:105268008C809FED7B7A67EE877AFDEEE77A17EE02
:10527800902A002A00F0A08072B60020CE69086249
:10528800002E00F09F8086FAA0F0EFF3008C1CF04F
:10529800006F78D002F1010CBCF1020F02D996FB25
:1052A800F2F25042002872D0486201220A7662B6B1
:1052B80063B1684A04F58563002011681A6804F22E
:1052C8002C4384F8FC03C4F804141A60606C20F0C2
:1052D800B9FE25B1D4F8D0310133C4F8D03170BD4E
:1052E800466D002EC8BF3246002BAED090F86C1029
:1052F8000029ABD007EE902A04F22443D0ED1C6AB3
:10530800F8EEE77A93ED007AA16927EE267AF5EEB2
:10531800C07AF1EE10FA41D9F7EE006AB4EEE67AF7
:10532800F1EE10FA51DD4C4A9FED497A67EE877A23
:10533800FDEEE77A17EE903A002B5FD072B6C86997
:105348000A6290427ED080FAA2F6EFF3008C1CF03D
:10535800006F72D003F1010CBCF1020F04D992FB6B
:10536800F3F690FBF3F3F61A002E4DD04E620123AC
:105378000B7662B6AAE7034668E772B60022CA61EE
:105388000A7662B694E790FBF2F000288CD1002EE2
:10539800B4BF01224FF0FF324A6286E7F7EE007A87
:1053A800B4EEE77AF1EE10FA37DD2B4B72B6002235
:1053B800CB610A7662B689E772B6C1ED077A0A76DA
:1053C80062B675E70E7662B672E7FFEE006AB4EE73
:1053D800E67AF1EE10FA1ED4DFED1D6A67EEA67AC2
:1053E800FDEEE77A17EE903ADFED1C7A27EE277A82
:1053F800FDEEC77A17EE902A002B9FD172B60023D4
:10540800CA610B7662B661E79042B4BF01204FF0E3
:10541800FF304862ABE7124A86E7FFEE007AB4EE47
:10542800E77AF1EE10FA11D4DFED0C7A27EE277A3D
:10543800FDEEC77A17EE903AB8E796FBF3F6002E22
:10544800E2D093E700230B7662B63FE7044BADE763
:1054580066663042006001200000FF7F00FEFF4EBC
:1054680000000180426838B5CCB20B461179054678
:10547800A14202D99169095D11B985F8CC4138BDBD
:105488005269002052F82440012202FA03F324EA68
:10549800030423F06BF9431E20B1621E013B144044
:1054A8005A1CFAD194FAA4F4B4FA84F485F8CC41DD
:1054B80038BD00BF0A1E35DDD0F8D031934202DB7B
:1054C8000023C0F8D031836E1B68013B062B26D819
:1054D800DFE803F0092512161B200400D0F8081392
:1054E800032003F0C5B9D0F8D031501E93FBF2F178
:1054F80002FB1133C01A70471146002023F036B959
:10550800D0F80813002003F0B3B9D0F8081301202D
:1055180003F0AEB9D0F80813022003F0A9B9D0F807
:10552800D00170474FF0FF30704700BF10B590F8BA
:1055380025330446012B90F824330ED91BB90023D8
:1055480084F8253310BD013BDBB2C21880F8243340
:1055580092F8143380F8CB31F1E70F2B90F8CB1188
:1055680005D85A1C034480F8242383F814132046D2
:10557800FFF778FF94F8253394F8CC21013384F8A9
:10558800CB21DBB284F8253310BD00BFC36E1B6886
:10559800012B70B50C4674D0D0F89C31054603B386
:1055A80093F83030EBB100F1D806C900304620F04E
:1055B800FBF8002878D107EE904A0222AB6DB8EECE
:1055C800677BC5F8EC201B6837EE077B9342FCEE3F
:1055D800C77B17EE900AC5ED3A7A6ED0032B2CD014
:1055E80070BD05F1D806E100304620F0DDF800284E
:1055F80049D1D5F8EC30012B14D1AB6D07EE104A28
:10560800BBEEEF7B1B68FCEEC77B022B17EE900A04
:10561800C5ED3A7AE2D1F7EE007A95ED497A37EEA0
:10562800277A21E0022B55D0AB6D2046C5F8E8401B
:105638001B68022BEFD0032BD2D1F7EE007AD5ED01
:105648004F5AB6EE006ADFED286AB0EE677AA5EE2B
:10565800C67AB4EEE67AF1EE10FA31D4B4EE677A8F
:10566800F1EE10FA37FE877A07EE900AF8EE677ABD
:10567800C7EE876AFCEEE67A17EE900AC5ED3A7A2D
:1056880070BD084670BD0021304620F073F80A212D
:10569800002023F06BF8062815DD0738012816D8F6
:1056A8000123C5F8EC30A8E73046002120F062F865
:1056B8000A21002023F05AF87DE7B7EE007AD3E7F5
:1056C800B0EE667AD0E70023C5F8EC30ACE70223E9
:1056D800C5F8EC3007EE904AAB6DB8EE677B1B68F7
:1056E80037EE077B8FE700BFCDCCCC3E836D1B68C0
:1056F800022B00D0704770B500F58A750446C821A2
:1057080028462DED028B20F04FF810B9BDEC028B26
:1057180070BD0021284620F02DF8E26D94F828315C
:1057280092ED007A002B40F08180012384ED497AC4
:1057380084F82831B5EEC07AF1EE10FA00F18580D0
:10574800F7EE007AB4EEE77AF1EE10FA4DDDB5EE39
:10575800008ADFED678ADFED677A26699FED667A52
:1057680067EE877AB0EE677AB0EE670ABEEEE07A47
:1057780017EE105A27F068F9F0EE407AFEEEE07A5C
:1057880017EE903ADFED5D7A5D4AF4EEE78A7262D1
:10579800F1EE10FAC6E9065344D4DFED5A7AF4EE76
:1057A800E78AF1EE10FA5ADCF5EEC08A6269F1EE8A
:1057B80010FA57D50023B5EEC08AD361F1EE10FA7E
:1057C80041D4DFED517AB4EEE78AF1EE10FA43DC0A
:1057D800F7EE007AB4EEE78AF1EE10FA78DD4FF4CE
:1057E80080331362BDEC028B70BD9FED486ADFED1C
:1057F800487ADFED486AE7EE067AF4EEE67AF1EEEB
:1058080010FA39D5444B454D9FED458ADFED456A81
:10581800F0EE488ADFED367A2669A7EE278AE7EEAA
:10582800268AAFE740F2CD336269C4E7D4ED497AFE
:10583800DFED3D6A37EE676AE6EE267AB0EE677A04
:10584800C4ED497A76E70023CBE79FED358ADFED93
:10585800307AF0EE488A80E746F26663C1E747F29D
:105868002123E1E7DFED317AF4EEE78AF1EE10FA71
:1058780035DD4FF000439EE7DFED2D6AF4EEE67A62
:10588800F1EE10FA02DD2B4B2B4DBDE7F3EE046A67
:105898009FED238ADFED235AF0EE488A9FED146AC4
:1058A800F4EEE67A2669A7EE068AE7EE258AF1EE97
:1058B80010FA02D5214B224D64E79FED227AF4EECF
:1058C800C77AF1EE10FA7FF749AF1F4B1F4D59E722
:1058D800F0EE487AFEEEC87A17EE903A81E7DFEDEF
:1058E8001C7A68EEA78AFCEEE87A17EE903A62E72F
:1058F800CDCC4C3E00009644936515380AD7233C1E
:1059080000B76D5B9A99993ECDCCCC3E00002F44F0
:105918000000FA430000C84360D9D2016CDDD2010F
:10592800CDCC4C3D9A99193E0AD7A33C0044AC46CD
:105938000080BB4418E9D50650BED606DE571700CE
:10594800DF57170000D08946008C3C4B00BE6C50D6
:10595800C637BE47836D70B51D6805B170BD00F5CB
:10596800A2760446C82130461FF01EFF0028F5D055
:10597800294630461FF0FEFEE26D94F85831D2ED0C
:10598800007AF3B194ED557ADFED476A37EEC76ACE
:10599800F0EE477AE6EE267AC4ED557AF5EEC07A4F
:1059A800F1EE10FA13D4F7EE006AF4EEE67AF1EEAF
:1059B80010FA17DD42F614633C493D4ACD61D361C4
:1059C80070BD0123C4ED557A84F85831E6E745F6F1
:1059D80099159FED387AF0EE477AFEEEC87A17EE01
:1059E800903AE9E79FED347AF4EEC77AF1EE10FACF
:1059F800E0DA36EEE77A9FED316A27EE067AB5EE01
:105A0800C07AF1EE10FA0FD4B4EEE67AF1EE10FA9D
:105A180002DD4FF4803507E0DFED296AB4EEE67A5F
:105A2800F1EE10FA27DD274D9FED237AF4EEC77AC1
:105A3800F1EE10FABEDADFED1F6A9FED236AB0EED1
:105A4800667AA7EE867AB4EEE67AF1EE10FA0FD40B
:105A5800DFED1E7AB4EEE77AF1EE10FAAADCDFED9C
:105A6800187AB4EEE77AF1EE10FA0DDD154BA3E7DC
:105A780040F6CC43A0E7DFED166AB4EEE67AF1EE25
:105A880010FA0AD5134DCFE7DFED117AB4EEE77AB5
:105A9800F1EE10FA9FD50F4B8EE7F0EE476AFEEE57
:105AA800C86A16EE905ABFE78FC2F53D0C56012022
:105AB80060310120CDCC4C3D9A99593F3333B33EE8
:105AC80000FEFF460000FF7FB91E053EEC51383E40
:105AD80000FEFFC600000180134B1B6810B504468A
:105AE80003B30321184619F06BF994F8B033032B6C
:105AF80094F8B23308BF5B0800FB03F3B3F57A7F71
:105B08000ED30A4AA2FB03235B09984228BF184612
:105B1800D4F89C311BB193F8303003B1400010BD6C
:105B28000A20F5E76420E0E72C3501201F85EB51BA
:105B380030B504464068154603682DED028B83B0E6
:105B48009B680191216D984760680368DB689847F6
:105B5800606803681B6998470122636ED4ED757A03
:105B680084F8CD211A68B8EEE78A32BBD4F89831A8
:105B780023B1616F0978002940F0B681B0EE480A78
:105B88002046FFF7EBF86068D4ED757A0368B8EE45
:105B9800E78A9B69984763689B79002800F0F98039
:105BA800002B00F0F680D4F8D0219A4280F0F180E2
:105BB800825C636EC4F8E0211A68022A00F0F18062
:105BC800D4F89C311946002B00F0248193F8241056
:105BD800002966D01946002DC0F2AF807F2DDFED79
:105BE800B66ADFEDB67AA8BF7F259FEDB58A07EEC6
:105BF800105AEDB2B8EEC76A86EE267AA7EE278A63
:105C080084F8DC5179B191F8303063B10D6D04F24C
:105C18002443002D83ED008A05DDE36E1B68012B0C
:105C280000F08F810195DDED017AA169F8EEE77A40
:105C3800F5EEC07AF1EE10FA40F2E380B7EE007AA2
:105C4800B4EEC78AF1EE10FA7BDD9E4B9FED9E7A8B
:105C580067EE877AFDEEE77A17EE902A002A00F0C1
:105C68008A8072B6C8690B62984200F0638180FA34
:105C7800A3F5EFF3008C1CF0006F00F0178102F120
:105C8800010CBCF1020F04D993FBF2F590FBF2F280
:105C9800AD1A002D00F0C7804D6201230B7662B665
:105CA8006EE093F83010002994D1022A92D1A26DA7
:105CB800126832F002028DD194F8F433002B40F0D0
:105CC8003D81B5EEC08AE26B78EE087AF1EE10FA03
:105CD80000F15C819FED7D7AB4EEC78AF1EE10FA8F
:105CE80040F33E817A4B5362F5EEC07A216CF1EEB7
:105CF80010FA00F148819FED757AF4EEC77AF1EE5B
:105D080010FA0CDC9FED737A714867EE877AFCEE27
:105D1800E77A17EE903AC1ED077A834201D96C4BC6
:105D2800CB6142F6AA210123916282F83932606C74
:105D380020F060F9D4F89C114DE764259FED668A40
:105D48005EE7BFEE007AB4EEC78AF1EE10FA71D4BE
:105D58009FED5D7A67EE877AFDEEE77A17EE902A77
:105D6800DFED5E7A28EE278AFDEEC87A17EE903AC4
:105D7800002A7FF476AF72B60022CB610A7662B64B
:105D8800012384F8DD3184F8DE3103B0BDEC028BE9
:105D980030BD0022636EC4F8E0211A68022A7FF43D
:105DA8000FAFD4F898311BB1626F1278002A54D122
:105DB800D4ED767AB8EEE70A2046FEF7CFFF6068A2
:105DC800D4ED767A0368B8EEE78A5B69984763682A
:105DD8005B7930B12BB1D4F8D0219A4201D2825CE0
:105DE80000E00022C4F8E021D4F89C31626E126809
:105DF800002B3FF45AAF93F8241000297FF4EAAE41
:105E08004FE7F7EE007AB4EEE78AF1EE10FA13DD09
:105E18002C4BB0E7002DBFF6E1AE64239FED2E8A30
:105E280084F8DC31FFE69842B4BF01204FF0FF3020
:105E3800486232E72A4B09E7FFEE007AB4EEE78AB8
:105E4800F1EE10FA00F19D80DFED247A28EE278A22
:105E5800FDEEC87A17EE903A8DE7224AD3F8181269
:105E68001268D4ED767A521AB8EEE70A312AA3D925
:105E7800B5EEC00A1B68F1EE10FA00F18A80DFED7A
:105E8800137AB4EEE70AF1EE10FA0CDCDFED117AC2
:105E98000F4960EE277AFCEEE77A17EE902AC3EDF9
:105EA800077A8A4288D90A4ADA6185E795FBF2F5CA
:105EB800002DB8D0F0E600BF0000FE420AD7A33E8E
:105EC8000AD7A33D0000FF7F666630420044AC4617
:105ED8000000FE7FC637BE473333B33E00FEFF4E99
:105EE80000000180006001202B49D3F818020968DE
:105EF800091A31297FF642AEB5EEC08A1B68F1EE69
:105F080010FA3CD4DFED257AB4EEE78AF1EE10FA08
:105F18000DDCDFED237A234968EE277AFCEEE77A79
:105F280017EE902AC3ED077A8A427FF627AE1D4AFC
:105F3800DA6123E600230B7662B621E738EE088A99
:105F4800BFE62046FFF7C8FD174A00EB40004300B4
:105F5800A2FB0323DB08AB4228BF2B46019362E672
:105F68009FED0F7A0F4928EE078ABCEEC87A17EE24
:105F7800103A82ED097A8B423FF6B4AEB4E6DA61A4
:105F8800FCE50A4BF7E60023CB61CAE6002353621F
:105F9800AAE60022DA610FE7006001200044AC465F
:105FA800C637BE470000FE7FCDCCCCCC00000180B8
:105FB80010B504460068D0F8D0318B4202DB0023CC
:105FC800C0F8D03163681B68012B06D023B920685C
:105FD80090F8CD31012B0DD010BD90F8CD110029CE
:105FE800FAD14FF0FF32FFF7A3FD63681B68002B5F
:105FF800EDD0F1E74FF4FA721946BDE81040FFF70B
:1060080015B900BF000000002DE9F043D0F89C51FD
:106018002DED028B83B0002D73D095F83030002B16
:106028006FD0E34A044690F818341668002B6DD1F7
:1060380000F5816393ED008AD5ED188AF5EEC08AE4
:10604800F1EE10FAB5EEC08A40F39A80F1EE10FA3C
:1060580040F3C980D4F80034002B00F09480F31A80
:1060680095ED1A7A07EE903AF8EE677AB4EEE77A89
:10607800F1EE10FA40F1878037EEC77ADFEDCD5A9E
:10608800B7EE006A95ED190AC7EE256ADFEDCA5A20
:1060980087EEA57AB7EEC00AF4EEC66AF1EE10FAFA
:1060A800B7EEC77AD8BF68EEA68A9FEDBF6B20EE21
:1060B800060B20EE070BB7EEC00B26F0C5FC9FEDD4
:1060C800BF7AC8EE877A27EE800A26F05FF928EEB5
:1060D800008A58E095ED137AB5EEC07AF1EE10FA21
:1060E80000F325819FEDB68A04F5856304F23446F2
:1060F8000621304683ED008A1FF056FB002840F049
:10610800A28003B0BDEC028BBDE8F083F7EE006A15
:10611800D0F8143495ED167AF31AB4EEE67A07EE51
:10612800903AF1EE10FAF8EE677A37FE267AC7EE63
:10613800878AF4EEE68AF1EE10FA04DBF0EE668A5E
:10614800002380F8183404F20C4393ED000A26F07B
:1061580085F904F58263B0EE408A93ED000A26F0D3
:106168007DF930EE480AA0EE288AB0EE480A26F0FB
:106178000DF904F58163B0EE408A83ED000A5BE710
:10618800F1EE10FA2FDD04F21C479FED8E7AD7ED61
:10619800007A78EE677AF0EEE77AF4EEC77AF1EEF5
:1061A80010FA20DDB5EEC08AA368F1EE10FA00F10E
:1061B8001A81DFED857AB4EEE78AF1EE10FA40F342
:1061C8001581824ADA61636F93F80080B8F1000F95
:1061D80007D1D5ED067AF5EEC07AF1EE10FA00F3A4
:1061E800148187ED008A94F8FC33002B3FF472AFDA
:1061F800D4F8003495ED107AF31A07EE903AF8EED9
:10620800677AB4EEE77AF1EE10FA00F3B880D5EDCC
:10621800116A37EE266AB4EEE76AF1EE10FA40F337
:10622800DF80F5EEC06A77EEC77A95ED127AB7EEA1
:10623800008AF1EE10FA38EE477AC8BFC7EEA67AA0
:10624800A7EE678A8CE0002130461FF093FA94F895
:10625800303443BBD5ED0F7AF5EEC07AF1EE10FA83
:106268001BDD9FED5B7A2269F4EEC77AF1EE10FA36
:1062780000F10281B1EE047AF4EEC77AF1EE10FA79
:1062880000F30281F7EE006A86EEA77AF0EE477A0D
:10629800FEEEC17A17EE903A53626269002101233B
:1062A800116284F8303495ED0D7AB2EE006AD5EDBE
:1062B8000E6A04F5846576EEC76AD5ED007AA6EE17
:1062C800887A77EE677AF0EEE77AF4EEC67AF1EE3E
:1062D80010FA7FF716AFF3EE047A2669B4EEE77A80
:1062E800F1EE10FA00F1C580DFED3A7AB4EEE77A04
:1062F800F1EE10FA00F3C2809FED370A8DED017AB6
:1063080027EE000AF0EE407AFEEEE07A17EE904AA9
:1063180026F09AFBF0EE407A9DED017AFEEEE07AE7
:1063280017EE903AC6E9064385ED007AE9E6D4F817
:106338000434B7EE008AF31A07EE903AF8EE677A5B
:10634800C7EE876AF4EEC86AF1EE10FABFF6CAAE75
:1063580004F22C4338EE668AD3ED007A28EE278AB9
:10636800B5EEC08AF1EE10FA3FF5BCAEF7EE007A52
:10637800B4EE678AF1EE10FA37FE888AB4E6B5EE15
:10638800C07A04F22C4393ED008AF1EE10FAC8BFEC
:10639800C7EE876AF7EE007AD8BFF7EE006A77EEA5
:1063A800C87AA7EEA68ADBE7182D4454FB211940CA
:1063B800006001200000484300007A440000964431
:1063C800000000000AD7233C0044AC460000FE7FD2
:1063D8003333333F00D0894693651538C637BE47F7
:1063E80095ED128ABCE70022DA61ECE65FED057AEA
:1063F800264968EE277AFCEEE77A17EE902AC3ED75
:10640800077A8A423FF6DDAEDDE695ED086AF2EEE0
:10641800080ADFED1F6AB0EE000A95ED077AC6EEAE
:10642800267AD4F80C9077EE877AC7EEA00A26F081
:106438007BF920EE080AB5EEC00AF1EE10FA20D476
:10644800DFED147AB4EEE70AF1EE10FA0DDCDFEDB9
:10645800127A0E4A20EE270AFCEEC07A17EE903A1E
:10646800C9ED077A93427FF6BCAE084BC9F81C30D9
:10647800B7E60A4B0A4C55E70A4B0DE70A4B0B4C9B
:1064880050E7C9F81C80ACE6094B05E70000FE7F21
:106498000000C8420044AC46C637BE47DE57170066
:1064A800DF57170000B76D5B008C3C4B00BE6C508B
:1064B800D0CCCC0CF8B5002405462B68296D1859AA
:1064C800043403689B689847102CF6D1AB6DAA6A10
:1064D8001B68944823F002039349012BC2E9060183
:1064E80023D16B6D1B68B3F5FA7F23DDEB6D05F1E6
:1064F8008804DFED8E7A93ED007A2046B4EEE77AD1
:10650800F1EE10FACCBF322164211FF04DF90028BA
:1065180042D1502120461FF047F910B1EB69002203
:106528001A76AB6D1B6823F002031BB96B6E1B68F0
:10653800022B00D0F8BD95F85233002BFAD195F80C
:106548005133002BF6D16B6D05F589641968204627
:106558000029B8BF01314910B1F5C87F28BF4FF4F1
:10656800C8715A2938BF5A211FF01EF9002850D186
:1065780095F86834002BDDD05A2105F58B601FF0A3
:1065880013F90028D6D0686A1FF05CFD00232A6A38
:10659800137685F86834F8BD002120461FF0EAF824
:1065A8006B6E1B68022BB4D195F85233002BB0D117
:1065B80095F85163002EACD16B6D05F5BA77196863
:1065C800384689001FF0F0F8002865D1D5ED767AB5
:1065D80017EE903A002B9CDDD5F88431012B69D059
:1065E800022B7BD0B8EEE77A002B74D0DFED507A1F
:1065F800B4EEE77AF1EE10FA77D5EA694FF406734C
:1066080041F6FF71116200215383012391831376B0
:106618007FE7002120461FF0ADF895F81131042BD3
:10662800A6D995F81031033303F007033C3355F826
:106638002330002B9CDD07EE903AB8EEE77ADFEDC9
:106648003C7AB4EEE77AF1EE10FA30D49FED396A6D
:10665800F6EE006AC6EE077A77EEA67AFDEEE77ADE
:1066680017EE903AB3F5067FA8BF4FF406739BB2B6
:106678002A6A0026012441F6FF71538311621476B9
:106688009683686A1FF0B6FC314605F58B6085F87D
:1066980068441FF06FF86BE7314638461FF06AF818
:1066A8000321304622F062F8C5F884018EE74FF4E2
:1066B8000673DDE7B0EE677A41F63331BAEEEF7A6A
:1066C800DFED1B7AB4EEE77AF1EE10FA23D5EA692A
:1066D8004FF4067396E741F6FF71F1E7F8EEE77AB3
:1066E80041F6FF7137EEA77AEAE7F6EE006A9FED0A
:1066F800116AEA6941F6FF71C6EE077A77EEA67A63
:10670800FDEEE77A17EE903AB3F5067FA8BF4FF48F
:1067180006739BB276E7F6EE006A9FED066AEA69B1
:10672800EAE700BF90298F0460EA8E049A99193F1E
:106738000000204200442C472DE9F84FD04B054675
:106748001B68002B00F0B1800021184618F038FBB8
:10675800C100D5F8983113B16B6F1B780BB9BDE840
:10676800F88F05F5C47420461FF01EF8002840F085
:10677800A080D5F89841002CF1D06B6F1B78002BC6
:10678800EDD094F82032002BE9D0BE4AD4F8183264
:106798001668F31A312BE2D9D4ED842AF7EE007A81
:1067A80094ED857A72EE872AF4EEE72AC4ED842AFE
:1067B800F1EE10FA80F2CD80B7EEE27A94F8040296
:1067C800B7EE006B94F8053294F806124200AE4D0D
:1067D80036EE476B94F808724FB1F7EE005A94ED15
:1067E800837AB4EEE57AF1EE10FA00F1CB80024438
:1067F80004F10409B7EE005B04F5017803EB4203EA
:1068080001EB420255F8233055F822004A46991EFA
:10681800C3F1020E023830F9023F0EEB010C07EE0D
:10682800103A31F9023FB8EEC77A04EE103AB8EEE2
:10683800C44B27EE227AB7EEC77AA4EE067BBDEEEC
:10684800C77B17EE103A1BB227B394F804A207EEE1
:10685800903A94F805B20AEB4A0AB8EEE77AD4ED12
:10686800837A0BEB4A0BB7EEE74A55F82B3027EE45
:10687800277A33F90C3035EE444BB7EEC77A03EE7E
:10688800103AB8EEC33BA3EE047BBDEEC77B17EE10
:10689800103A1BB222F8023B9045BCD12368C3F8DA
:1068A8002C90C4F81862BDE8F88F436D1968490147
:1068B8004FE7002120461EF05DFF0821002021F04F
:1068C80055FFD5F89821C3B292F80412082B28BFB7
:1068D8000023994207D00120002182F8073282F86C
:1068E8000802C2F80C120421002021F03FFF50B129
:1068F800012808D00228D5F8984100F0CB8003235E
:1069080084F8213203E0D5F8984184F8210219214E
:10691800052021F02BFF07EE900A9FED534BB8EEB0
:10692800E76B9FED535B86EE047BB7EEC77BB7EE54
:10693800C76AB4EEC56BF1EE10FA20D4F7EE007A10
:10694800B4EE677AF1EE10FA37FE877A84ED857A2D
:106958000FE794F8040200234B4DC4F8103200EB03
:106968004003420005EBC30393F8108094F82132EA
:10697800032B00F2A580DFE803F0654232229FED89
:10698800437AE3E7B7EEC77A9FED3B4B37EE047BDC
:10699800B7EEC77BB4EEE57AF1EE10FA61DB94F856
:1069A80007C20027C4ED835A84F804C24FF0010CD3
:1069B80084F8087284F8057284F806C217E794F818
:1069C8000572B7EE006BDFED322AB7FA87F77F0959
:1069D8003B4684F80672194684F80572FAE6D4F83C
:1069E800243294F805721F44FFB2B84558D9B7EE5F
:1069F800006BDFED272A3B4684F80672EBE7B8F117
:106A0800010F94BF4FF000094FF0010902E0B9F1FE
:106A1800000F0BD04146002021F0A8FE94F8052273
:106A2800C3B29A421F4684F80632F0D0D4ED842AC5
:106A3800B7EE006B94F80402B7EEE27A420036EE45
:106A4800476BC8E794F80532B7EE006BDFED102A04
:106A58000133B3FBF8F108FB1133DFB284F8067297
:106A6800B9E784ED837AC2E60000000000408F4059
:106A7800FCA9F1D24D62503F9A9999999999A93FE9
:106A88002C35012000600120902E00206F12833ADF
:106A980000000000012384F82102C4F8243236E7FC
:106AA800A8F102084FF0FF33B7EE006B5FED082A3C
:106AB8005FFA88F7C4F8243284F806723B468AE7FE
:106AC80094F80672B7EE006B5FED0F2A3B4682E73B
:106AD80090F89C338B4210D901EB4102D0F89833DF
:106AE8004FF0000C80F8941303EB8203034A80F8FC
:106AF80095C31B79117080F8963370470D7B012080
:106B080070B50446284E04210020A36D08251B6893
:106B180006EB830621F02AFE305C84F8B5031EF0EC
:106B280061FB042100283BD121F020FE6B1E305C64
:106B380013F0FF0584F8B503F1D1082584F8B603EE
:106B480003E094F8B53383420AD10421002021F0F0
:106B58000DFE6B1E305C13F0FF0584F8B603F0D110
:106B6800082501E094F8B6031EF03CFB042160B947
:106B780021F0FCFD94F8B523335C9A4201D084F8E7
:106B8800B6336B1E13F0FF05ECD16421002021F011
:106B9800EDFD0E28CCBF0020012084F8530370BD02
:106BA80094F8B503C9E700BF04AB002038B5002549
:106BB800044680F8CB51A0F8CC51C0F8D05180F8E9
:106BC800DF5180F80452C0F80853A0F80C53C0F8FD
:106BD8001053A0F8245380F8955380F8B45380F8E4
:106BE800B75380F8525380F85153C0E97F55FFF7E7
:106BF80087FF04F178002946C4F8E451C4F8E85145
:106C0800C4F8EC51C4F8F051C4F8F4511EF0B2FDC8
:106C1800294604F198001EF0ADFDA36984F82851B7
:106C280084F8405184F8705172B6DD611D7662B601
:106C3800606C1FF007FA002304F5816184F8FC53A7
:106C480084F8185420460B6004F582610C4A0B60E6
:106C580004F21C4112680B6004F584610B6004F5B2
:106C680085610B6004F22C410B6084F83054C4F841
:106C78000424C4F80024BDE83840FDF787BE00BFEF
:106C88000060012001EB4101D0F898338A0003EB42
:106C9800810170B50979044610290D4628BF1025D1
:106CA80039B39E58A9424FF0000328BF29469C4695
:106CB80003EB430201330CF10100B25C5FFA83FE7F
:106CC80002F0FD02012A08BF5FFA80FC8E45EFD36F
:106CD8000CF1020CAC4504F56E734FF00002294626
:106CE800A8BFAC465FFA8CF01EF0D6FA84F8EC53D5
:106CF80070BD4FF0020CEDE710B590F85133044623
:106D0800002B75D190F8B433013303F003029B07CD
:106D180080F8B42351D0032A55D0022A1BD0002270
:106D280094F8B53384F8B72384F8522394F89C2355
:106D38009A420FD903EB4301D4F89823002084F832
:106D4800943302EB81024C4984F8950312790B7055
:106D580084F8962310BD94F8532394F8B633002A88
:106D6800E0D003EB4303D4F898230020012102EB81
:106D7800830284F8B70384F852131079431EDAB2F9
:106D88000F2A75D8DAB204F1030C0321234611FB4C
:106D980002C1002283F85523033383F8532383F871
:106DA80054239942F6D1344BFE2184F88C0384F89D
:106DB800952384F89603197010BDFFF7A1FE94F887
:106DC800B423032AA9D194F8B5132046FFF75AFF34
:106DD8000023012094F8EC13274A84F8523384F8EE
:106DE8009533FF2384F8B70384F89613137010BD06
:106DF80090F8B523013BD0F898034FF0000C02EB54
:106E08004202D9B2012300EB820084F8B7C384F8A8
:106E1800523384F8511390F804C00CF1FF33DAB2FE
:106E28000F2A21D8DAB204F1030E0320234610FBFF
:106E380002E0002283F85523033383F8532383F8B1
:106E480054239842F6D10C4B84F89523FE2284F8FB
:106E58008CC384F896C31A7000297FF47BAFE36E65
:106E680094F854231A6010BD4FF0100C0F23D9E783
:106E780010200F2386E700BF0D7B012070B5044664
:106E880090F84C030D4682B0D4E91A1358B90E682D
:106E980084F84E631E6884F85003A06D84F84F632D
:106EA8000068012812D003200860022104F54A7006
:106EB80019600123002184F84D2384F84C33C4F869
:106EC800485302B0BDE870401EF054BC124E306802
:106ED8000028E8D090F800C0BCF1050FE3D140F2DB
:106EE80001130192A0F850320C4807F0FDF9019AFD
:106EF80018B93368C82183F84D120948019207F080
:106F0800F3F9019A10B9336883F84F020123A16E8F
:106F180084F85033E36EC6E7683C012050A1002096
:106F28005CA10020674B1B682DE9F0410446002B4B
:106F380038D01F790021082518468F4208BF04273A
:106F480017F03EFF0646B5FBF7F506FB05F504F519
:106F5800D078294640461EF027FC00286BD104F55E
:106F6800D878294640461EF01FFC002855D1D4F891
:106F7800C01104F1B80591FBF7F1284606FB01F1B1
:106F88001EF012FC00283CD1D4F8C41104F1C80545
:106F980091FBF7F1284606FB01F11EF005FC38B914
:106FA800BDE8F081436D022504271E68AE40CCE79A
:106FB800002128461EF0DEFB94F84D33002BEFD15C
:106FC80094F84C33002BEBD194F85153002DE7D1B2
:106FD8006421284621F0CAFB01285BDD0D2838DC36
:106FE8001D21082021F0C2FB10F0FF00D8D094F832
:106FF8005133002B56D0E36E012284F851031A60F6
:10700800CEE7002128461EF0B5FB2F4B002019685B
:1070180021F0ACFB2D4B1860B6E7002140461EF06E
:10702800A9FB0521002021F0A1FB294B53F82030B2
:10703800C4F8C4319BE7404600211EF09BFB0521A4
:10704800002021F093FB224B53F82030C4F8C031C4
:1070580085E76421284621F089FB22280DDD3628A2
:1070680025DD452825DD4F2825DD542825DD59282F
:1070780025DD5E28CCBF07250625164B6421002098
:107088001D6021F073FB2C28134BCCBF002001207E
:10709800186085E72A46204641F28831BDE8F0416C
:1070A800FFF7ECBEE36E1A6884F85423A4E70125C1
:1070B800E3E70325E1E70225DFE70425DDE705250A
:1070C800DBE700BF2C35012018DE00207C550120AD
:1070D8003CA10020640901206809012038B590F816
:1070E8004C3333B30446826E002390F84E03E16EAE
:1070F800A4F84C33106094F8502394F84F030860B8
:10710800BAB10C4D2A68A2B10B4882F8503207F088
:10711800EBF818B92B68642283F84D22074807F06A
:10712800E3F818B92B68FF2283F84F22002384F86C
:10713800503338BD683C012050A100205CA10020DC
:10714800F0B5044640682DED048B036891B09B6848
:107158008DF80B200391216D984760680368DB6800
:107168009847606803681B6998479DF80B30012BA6
:1071780000F08981022B00F0AF81002B00F087819D
:10718800636E00261B68022B00F062810025606C8C
:107198008DF817501EF056FFE36C5D620DF10B027F
:1071A80003A90DF117030D940C929DF80B20CDE95E
:1071B8000641022A08A9CDE90834CDE90E13CDE924
:1071C8000A4300F04381131E18BF0123E16E0D68C6
:1071D8005DB1012D40F0A580616E0968994200F00B
:1071E800F38111B0BDEC048BF0BDA16E0F688FBBAD
:1071F800616E09689942F4D1012A40F00682002E96
:1072080000F03E839FEDB28A03E00137BE4200F0F2
:10721800378394F8CB31BB42F7D1039B012B00F0A5
:107228000E82002BF1D194F8CD21012AEDD1184618
:1072380084F8CD314FF47A7121F098FAB0EE480A0B
:1072480001460AA8FCF7AEFF94F8CB112046FEF7DA
:1072580009F9DAE7012F40F0A680616E09689942C2
:10726800BFD1012A00F05382002EBAD0D4F8D071D1
:10727800B74280F2058497FBF6F106FB1177606848
:107288000368002A40F0F9839B69984718B1731E78
:10729800DB1BC55CA80063689DF80B209B681B5826
:1072A800002A40F0E2838B4AC4F8D4311360D4F842
:1072B8009C21002A00F04D8392F83060002E00F0E7
:1072C8004883039B012B40F0AA8194F8CD11002933
:1072D80087D14FF0FF322046FEF72AFCC4F8E05170
:1072E8000123039A84F8DD3184F8DE31002A7FF423
:1072F80078AF94F8CD31012B7FF473AF002E40F0B6
:10730800968100234FF4FA719FED710A0AA884F858
:10731800CD31FCF747FFD4F8D0310133C4F8D03170
:107328005FE7022D7FF45DAF616E096899427FF4D3
:1073380058AF94F84C336BB194F84D5355B9D4F811
:10734800481304F54A701EF02FFA002840F0B8845C
:107358009DF80B20636D1B68002BB8BF0333EF2B20
:107368004FEAA30100F24B811427012A00F09B8306
:10737800002E3FF436AF3146002021F0F7F9039B89
:10738800C4F8D001012B00F04182002B7FF429AF13
:1073980094F8CD31012B7FF424AF3A4619462046A4
:1073A800FDF744FF1DE7022F40F3D080616E0968A6
:1073B80099427FF416AF012A00F08582002E3FF42F
:1073C80010AF31462046FEF775F89DF80B3006469B
:1073D8006068002B40F0598303689B699847002830
:1073E80000F05F83002EC0F25C83855DAA006368AD
:1073F8009B689B589DF80B20002A40F04A83354A29
:10740800C4F8D4311360D4F89C21002A00F0AE826D
:1074180092F83070002F00F0A982039B012B00F036
:107428001F85002B7FF4DDAE94F8CD31012B7FF45E
:10743800D8AE01234FF4FA7220461946FDF7F6FE3E
:10744800D4F808330133C4F80833CAE61346BDE656
:10745800A36D1B6833F002037FF498AED4F89C3117
:107468004BB193F82420002A7FF490AE93F8303083
:10747800002B7FF48BAE0121E36C4FF480428DF832
:1074880017105A628AE66268636E16797AE660684F
:1074980003689B69984763689E791A69002E4ED0E5
:1074A800B0FA80F35B09002849D0D4F8D0118E4295
:1074B800D8BF1946636EC8BF02EB8102186808B9C5
:1074C800C4F8D01112680349C4F8D4210A6059E6F7
:1074D800000000000457012063685E79DA6846B34B
:1074E800D4F8D011636E8E421868CCBF02EB8102CB
:1074F8000021022808BFC4F8D0111268BC49002A2C
:10750800C4F8D8210A607FF73DAE94F8101101F154
:107518003C00013144F8202001F0070194F81121C2
:1075280084F81011072A3FF62DAE013284F8112194
:1075380028E6AF4A636EC4F8D861166022E60022D6
:10754800AC49636EC4F8D4210A601BE67FF449AEE7
:10755800626E12689A427FF444AE636D04F1980734
:107568001B68384607EE103ABAEEEF7BFCEEC77B95
:1075780017EE901A1EF018F9002840F0068394F8C8
:10758800DF310D2B00F2D7829DF80B30012B40F034
:107598004A8494F8CB31002E00F02A849FED9A8A11
:1075A80003E00135AE4200F02384AB42F9D1039ADF
:1075B800012A00F0388122B994F8CD31012B00F06E
:1075C800D78494F8CB31ECE7012A94F8B0334DD046
:1075D800022B3FF406AE03F0FD03012B039B00F0E2
:1075E800DC81012B7FF4FDAD94F8CD31012B7FF4C4
:1075F800F8AD322219462046FDF718FEF1E5B1F53F
:10760800E27F40F293829627AFE6D4F8D0319E42CB
:10761800D8BFC4F8D071039B012B00F0B880002BB1
:107628007FF4DFAD94F8CD31012B7FF4DAAD01237F
:107638004FF4FA7220461946FDF7F8FDD1E594F8A3
:10764800CD0100287FF4E1AD84F8CD31642121F02B
:107658008DF8B6EE000A01460AA8FCF7A3FD0C9BBC
:107668001B78012B00F00984039BDAE5A26E03F076
:10767800FD071368032B02D1012F00F0EB80002EC9
:1076880000F01A8100259FED5C9ADFED5C8A9FED82
:107698005C8A03E00135AE4240F30E8194F8CB31A9
:1076A800AB42F7D1012F40F0F080039B012B7AD039
:1076B800002BEFD194F8CD21012AEBD184F8CD31FC
:1076C800D4F89C31002B00F0BC8393F83030002BA9
:1076D80000F0B7834B4B1868002800F06F84032133
:1076E80017F06EFB00EB400041089FED470A0AA81F
:1076F800FCF758FDA36E1B68072B00F06284032B70
:10770800C8D094F8CB112046FDF7ACFEC2E7002E96
:1077180000F0B6809FED3C8A03E00135AE4200F0F0
:10772800AF8094F8CB31AB42F7D1039B012B18D033
:10773800002BF2D194F8CD21012AEED1184684F815
:10774800CD314FF47A7121F011F8B0EE480A0146B4
:107758000AA8FCF727FD94F8CB112046FDF782FE16
:10776800DBE794F8CD010028D7D184F8CD31642126
:1077780020F0FCFFB6EE000A01460AA8FCF712FD4D
:107788000C9B1B78012B00F02A84039BD0E794F80C
:10779800CD1100297FF425AD4FF0FF322046FEF7CA
:1077A800C7F9039B3BE794F8CD0100287FF472AF3B
:1077B80094F8B133B0EE480A642184F8CD7107EE2D
:1077C800903AF8EEE77A87EE897AA7EE280A8DEDE7
:1077D800010A20F0CBFF9DED010A01460AA8FCF73B
:1077E800E1FC0C9B1B78012B00F00484039B5FE7F2
:1077F80084100120045701200000FE423D0AD73EB4
:107808000AD7A33D2C3501200000000094F8CD31A3
:10781800002B7FF4E6AC4FF0FF320A212046FEF73A
:1078280087F9039BB1E594F8CD0100287FF4B9AE40
:10783800642184F8CD2120F099FFB6EE000A0146B4
:107848000AA8FCF7AFFC0C9B1B78012B00F0EF8318
:10785800039AB0E6039B012B03D0002E7FF412AFEE
:10786800BFE494F8CD010028F7D1314620F07EFF1F
:1078780084F8CB0103E7A36E1F68072F3FF4B1AC70
:1078880094F8CC3184F8CB31ABE494F8B033002BC6
:107898007FF400AF039A012A7FF4FCAE94F8CD215F
:1078A800012A7FF4F7AE1FED280A32210AA884F8CE
:1078B800CD31FCF777FCEDE6A36E1B6823F00403DB
:1078C800032BDDD18DE4002ED7D01FED318A02E0E5
:1078D8000135AE42CFD094F8CB31AB42F8D1039FFB
:1078E800012F20D0002FF3D194F8CD31012BEFD107
:1078F8004FF47A71384684F8CD7120F037FFB0EE36
:10790800480A01460AA8FCF74DFCA36E1B68072B22
:1079180000F04A83032B00F0248394F8CB1120460F
:10792800FDF7A0FDD4E794F8CD010028D0D164215B
:1079380084F8CD7120F01AFFB6EE000A01460AA8B5
:10794800FCF730FC0C9B1B78012B00F02883039F6D
:10795800C8E7039A012A00F02481002A7FF441AC89
:1079680094F8CD31012B7FF43CACCAE4039A012A88
:1079780000F0B281002A7FF434AC94F8CD31012BA9
:107988007FF42FAC00234FF4FA711FED610A0AA8A7
:1079980084F8CD31FCF706FC52E5012B2ED0002BE4
:1079A8007FF41FAC94F8CD31012B7FF41AACBB4B9C
:1079B8001868002800F0F082032117F001FA07EE9A
:1079C800900AF8EE677A9FEDB67A0123204667EEB3
:1079D800877A1946FDEEE77A17EE902AB2F5C87F46
:1079E800A8BF4FF4C872142AB8BF1422FDF71EFCB2
:1079F800A36E1B68032B7FF7F4AB21E594F8CD3118
:107A0800012B00F0D582A36E1B68012B02D0022B3C
:107A180040F31E8231462046FDF74CFD051EC0F29C
:107A280017829DF80B306068002B40F0CF82036806
:107A38009B699847002800F0E882455D63689DF8D7
:107A48000B209B6853F82530002A40F0C382954AE2
:107A5800C4F8D431136094F8B12300212046FEF70E
:107A680067F8039BC4F8E05199E7022A7FF41FAC3A
:107A78008D4AC4F8D831136019E45B69984705E466
:107A88002F46C4F8D051FFF7FABB03685B699847E3
:107A9800A5E4022A7FF4B7AC834AC4F8D83113604E
:107AA800B1E40022A3E43146002020F05FFEC3B217
:107AB80084F8CB31002E3FF494AB00259FED7B8AF0
:107AC80005E00135AE423FF48CAB94F8CB31AB42C4
:107AD800F7D1039B012B13D0002BF2D194F8CD21C1
:107AE800012AEED139460AA8B0EE480A84F8CD3109
:107AF800FCF758FB94F8CB112046FDF7B3FCE0E700
:107B080094F8CD010028DCD184F8CD31322120F061
:107B18002DFEB6EE000A01460AA8FCF743FB0C9BB3
:107B28001B78012B00F06C82039BD5E7604BA3FB0D
:107B380001314F0819E4112B00F262819DF80B30D6
:107B4800012B039B00F09F81012B12D0002B7FF4A7
:107B580048AB94F8CD21012A7FF443AB4FF4FA7176
:107B68009FED520A0AA884F8CD31FCF71BFBFFF7FA
:107B780038BB94F8CD1100297FF433AB4FF0FF32B6
:107B88002046FDF7D5FF039BE0E7294638461DF060
:107B9800F1FD1421284620F0E9FDC3B284F8DF3155
:107BA800EFE494F8CD21002A7FF41BAB07EE903A5E
:107BB8002046B8EEE78AB0EE480AFDF7CFF8D4F8C9
:107BC800980120B1636F1B78002B40F020820123BD
:107BD800B6EE000A00210AA884F8CD31C4F8E051B5
:107BE800FCF7E0FA089B1B78002B4CD0B5EEC08A56
:107BF800F1EE10FA47D9099991F8F4330BB138EE40
:107C0800088AB5EEC08ACA6B78EE087AF1EE10FAE7
:107C180000F10A829FED287AB4EEC78AF1EE10FAD5
:107C28000CDC9FED267A234828EE078ABCEEC87A3A
:107C380017EE103A82ED097A834201D91D4B53623F
:107C4800F5EEC07A096CF1EE10FA00F1EA819FEDC9
:107C58001A7AF4EEC77AF1EE10FA0CDC9FED177A77
:107C6800144867EE877AFCEEE77A17EE903AC1ED92
:107C7800077A834201D90F4BCB6142F6AA2101232F
:107C8800916282F839329DF81760002E3FF428ABD4
:107C9800606C00261EF0AEF9FFF722BB2C350120E0
:107CA8009A99193F04570120841001200000000010
:107CB800ABAAAAAA0000FE7F0044AC46C637BE475E
:107CC800A26E94F84E13E36E116094F84F231A6075
:107CD80084F84C53FFF785BA94F8CD21002A7FF435
:107CE80080AA07EE903A2046B8EEE78AB0EE480A36
:107CF800FDF734F8D4F8980120B1636F1B78002B96
:107D080040F08A810123B6EE000A00210AA884F80F
:107D1800CD31C4F8E051FCF745FA089B1B78002BDD
:107D28004CD0B5EEC08AF1EE10FA47D9099991F80E
:107D3800F4330BB138EE088AB5EEC08ACA6B78EE18
:107D4800087AF1EE10FA00F17A811FED257AB4EE87
:107D5800C78AF1EE10FA0CDC1FED287AC34828EE2A
:107D6800078ABCEEC87A17EE103A82ED097A834288
:107D780001D9BE4B5362F5EEC07A096CF1EE10FAE8
:107D880000F15A819FEDBA7AF4EEC77AF1EE10FA53
:107D98000CDC9FEDB87AB54867EE877AFCEEE77A97
:107DA80017EE903AC1ED077A834201D9AF4BCB6108
:107DB80042F6AA210123916282F839329DF81770A0
:107DC800002F40F012810123039AC4F8D06184F88F
:107DD800DD3184F8DE31002A7FF403AA94F8CD312E
:107DE800012B7FF4FEA9002F3FF4CCADFFF721BB98
:107DF80094F8CC2184F8043284F8CB21FFF7F1B948
:107E0800122B70D0132B7FF4ECA99DF80B30012BAB
:107E180077D0D4F80032314606A8C4F8D031FEF73E
:107E2800C7F8FFF7DEB9D4F8D031D4F8FC21B34253
:107E3800C4E97F32FFF6EFAB0023C4F8D031FFF777
:107E4800EABB4FF47A71002020F090FC01464CE424
:107E580094F8B12300212046FDF76AFE039B9EE5B6
:107E680094F8CD1100297FF4BCA94FF0FF322046C9
:107E7800FDF75EFEC4F8E051A5E739460CA8FDF70A
:107E8800D3F8FFF7F1BB012B16D0002B7FF4A9A97B
:107E980094F8CD21012A7FF4A4A918464FF47A71E9
:107EA80084F8CD3120F062FC9FED730A01460AA8E0
:107EB800FCF778F9FFF795B994F8CD0100287FF41D
:107EC80090A984F8CD31642120F050FCB6EE000A68
:107ED80001460AA8FCF766F994F8CB110CA8FDF73F
:107EE8006FF9039BD1E79DF80B30012B09D0D4F82B
:107EF800FC31314606A8C4F8D031FEF759F8FFF72F
:107F080070B994F80422B242BFF66BA9039B84F8B7
:107F1800CB21012B0FD023B994F8CD21012A00F0F1
:107F2800918094F8CB2194F8CC3184F8042284F819
:107F3800CB31FFF756B994F8CD010028F1D184F878
:107F4800CD31642120F012FCB6EE000A01460AA8E1
:107F5800FCF728F994F8CB110CA8FDF731F9039B2D
:107F6800D9E73146384620F001FC84F8CC01AFE46B
:107F7800104684F8CD214FF47A7120F0F7FBB0EE6B
:107F8800480A01460AA8FCF70DF994F8CB112046D7
:107F9800FDF768FAFFF715BBDFED387A11E52946DA
:107FA8000CA8FDF741F8D2E42046FDF7BFFA8FE4AC
:107FB8001E2200212046FDF739F924E5B421FFF7F8
:107FC80094BB2046FDF7B2FAFFF764BB03685B6910
:107FD80098472FE52A4AC4F8D83113603BE529466B
:107FE8000CA8FDF721F8FFF7D0BB606C00271EF046
:107FF80001F8E8E629460CA8FDF716F8FFF7F6BBE6
:1080080029460CA8FDF710F88EE5054616E5B0EEF2
:10801800480AFCF77BFADAE5B0EE480AFCF776FA8C
:1080280070E60023CB6128E60023536208E6294660
:108038000CA8FCF7F9FF0BE40023CB61B8E600239A
:10804800536298E6184684F8CD314FF47A7120F0DF
:108058008DFB9FED090A01460AA8FCF7A3F894F8DE
:10806800CB112046FDF7FEF95BE700BF0000FE7F5D
:108078000044AC46C637BE4700000000640000005C
:10808800841001202DE9F8430446FCF7DFFB204665
:10809800FEF752FBBE4B1B7813B92046FEF742FF92
:1080A800A36E1B68052B00F0288194F8513323B187
:1080B800A36D1B68032B00F0778194F8C831002B5F
:1080C80040F03881E36E94F8F8211E7894F8F9317D
:1080D800D4E9190105780F78BB4208BFAA4203D139
:1080E80094F8FA31B3423AD094F8CD31012B00F02C
:1080F800FC814FF00008012EC4F80883A4F80C8313
:10810800C4F81083A4F8248300F0F68184F852831D
:1081180084F8B783012D00F0278160680368002D7B
:1081280000F09B805B69984763685979D4F8E0C18F
:1081380060B1B1FA81F35B0941B1013810F8012F40
:10814800944504D00133DAB29142F7D80023C4F839
:10815800D03184F8F85184F8F97184F8FA6120462E
:10816800FEF7A8F92046FDF7F5FB2046FDF7BEFA15
:10817800A36D1B68032B00F0F180012B00F0D68063
:108188002046FDF741FFE36E1D68022D6AD0012DE0
:108198006DD1804D2868002800F00281032104F584
:1081A800687716F025FD002840F0488128680028E7
:1081B80000F0F880032116F003FE064694F8B03369
:1081C800D4F89C21032B94F8B23308BF5B081AB18A
:1081D80092F83020002A71D106FB03F3B3F57A7FB9
:1081E80074D36D4A3846A2FB03235D09B54228BF04
:1081F800354629461DF0D8FA00286ED194F8B033D8
:10820800032B51D1636E1B68012B4DD094F8B383B7
:10821800B8F1000F00F0078205EB560194F8CD5134
:10822800012D41D138461DF0BFFA00283CD007EE99
:10823800906A2B4629462046FBEEEF7AFDEEE77A58
:1082480017EE902AB2F5967FA8BF4FF49672142ABB
:10825800B8BF1422FCF7EAFF26E09B6998476368D9
:10826800997963E794F84C33002B40F0C780636D2D
:1082780004F1780620461968FDF788F90546014695
:1082880030461DF091FA002840F08D8107EE105A13
:10829800BBEECF7B3046FCEEC77B17EE901A1DF085
:1082A80083FA002840F0BA8094F8DE3123B1D4F87C
:1082B800E031132B40F26D81BDE8F883552B38BFB0
:1082C800552306FB03F3B3F57A7F8AD20A2538468D
:1082D80029461DF069FA002890D020460222002184
:1082E800FEF72EFF002220461146FEF729FF012245
:1082F80000212046FEF724FF80E7264B1868002857
:108308003FF4D3AE002116F073FC00283FF4CDAE45
:10831800B4F80C3301339BB2A4F80C33DB0740F1FB
:108328005681D4F80833C4F81033BEE62046FBF76C
:10833800D1FB25E7194D286800261BF07DF994F834
:10834800C93184F8C861002B3FF4BCAE94F8CA1157
:10835800286817F071FD84F8C961B3E62046FBF779
:108368003DFDA36D1B6808E7D4F8E0216368002A87
:108378001B7940DB012BB8BF0123013B9342A8BF07
:108388001346DAB284F8CB2184F8CC21DFE600BFAB
:10839800157B01202C3501201F85EB51683C0120FD
:1083A80004F56877642609E794F8C831002B7FF450
:1083B80089AE636D0127B24D04211E682868002E1E
:1083C8000378B8BF073684F8CA31F610682E28BF7C
:1083D8006826342E38BF342617F02EFD286831461B
:1083E80084F8C9711BF0C2F8A36D84F8C8711B68C2
:1083F800032BA0D166E600221346C3E704F54E76A8
:108408003C2130461DF0D0F9002840F0F8800F21BB
:1084180030461DF0C9F900283FF446AF2046022235
:108428000021FEF78DFE002220461146FEF788FE49
:10843800012200212046FEF783FE35E70021384659
:108448001DF098F90021286884F8B31316F0D0FBC2
:10845800002840F0038194F8952394F896339342CA
:1084680040F2BD8002EB420194F85233002B40F0F9
:10847800E98094F8B733002B00F0E78004F57A73AD
:108488001B68D4F89C015E5C0B4484F8B06359788F
:1084980084F8B1139B7884F8B233002800F0A480E4
:1084A80090F83030002B00F09F8012F0010240F06D
:1084B8009F80032E84F8442402D1012384F8B0332A
:1084C800022201212046FEF73BFE00220121204620
:1084D800FEF736FE012220461146FEF731FE94F8DB
:1084E8009533013384F8953360E60023142220463F
:1084F8001946FCF79BFEFCE5204684F8958384F832
:10850800B48384F8B78384F85283FEF7F9FA94F8B1
:10851800B52394F89C1391420ED902EB4201D4F88A
:10852800983384F8958303EB810384F894231B79AB
:1085380084F89633534B1A7094F85133002B3FF458
:10854800E9AD02EB4202D4F8983303EB82031879C1
:10855800431EDAB20F2A3FD8DBB2E21C032111FB1B
:1085680003212346002283F85523033383F853233A
:1085780083F854239942F6D184F895230122414B7C
:1085880084F85223FE2284F88C0384F896031A7028
:10859800C0E5234493F8E421FF2A3FF48DAE01326D
:1085A80083F8E42188E6304600211DF0E3F82046F0
:1085B80002220121FEF7C4FD204600220121FEF718
:1085C800BFFD012220461146FEF7BAFD5EE6D4F84B
:1085D8001033C4F8083368E510200F23BCE70146C0
:1085E800024684F895033FE7002384F8443467E79C
:1085F8000122022384F8442484F8B03360E730462B
:1086080000211DF0B7F82A4620460121FEF798FD03
:10861800204600220121FEF793FD01222046114643
:10862800FEF78EFDF3E64FEA5609384649461DF037
:10863800BBF8D8B994F8B333002B3FF435AE09EB47
:108648000501EBE504F562731AE794F8943303EB3C
:108658004300D4F8983303EB800311E72046FEF774
:108668004BFB94F8952302EB4201FDE601234146BA
:1086780094F8B123204684F8B333FDF759FAD9E7C3
:10868800683C01200D7B012043682BB3426E1268C1
:10869800012A21D052B99A79F2B1836E19680B1F59
:1086A800032B1CD8DFE803F0130E09045A79F3E70B
:1086B800D0F80813032000F0DBB8D0F80813022024
:1086C80000F0D6B8D0F80813012000F0D1B8D0F8DF
:1086D8000813002000F0CCB84FF0FF307047D0F8F6
:1086E800D001012920EAE070B0FBF2F302FB13008D
:1086F800F4D1013A101A704770B504464068D0B1F9
:10870800012915D0036869B15B6998476368054614
:108718005E792046FFF7B8FF6DB166B1B0420AD264
:10872800285C70BD9B699847636805469E79F0E7A9
:10873800D4F8E00170BD4FF0FF3070BDFFF7A4BF63
:1087480070B504464068002841D0636E1B68012B51
:1087580029D0EBB103685B699847636E05461B68CF
:10876800F3B963689E792046FFF78EFFB6FA86F361
:108778005B0953EAD0732AD14DB3A36E1B68013B42
:10878800062B50D8DFE803F04D4F4F453D35260006
:1087980003689B699847636E05461B68002BE0D009
:1087A80063685E79DFE7D4F8D0110479CAB29442DD
:1087B8000DD98469A45C54B140698B4050F82200FB
:1087C80020EA030090FAA0F0B0FA80F070BD4FF0F4
:1087D800FF3070BDD4F8081332460320013100F091
:1087E80047F80028B8BF8019B042A8BF801B285C92
:1087F80070BDD4F8081332460220013100F038F871
:10880800EFE7D4F8081301203246014400F030F8AD
:10881800E7E7D4F8081332460020013100F028F8C1
:10882800DFE70138DDE70130DEE700BF4368CBB1A1
:10883800D0F8D021416E002A097810B504460CDB27
:1088480001290CD0FFF77CFF002806DB63681A7942
:10885800824202DDC1B2914206D3002010BD90F8D9
:10886800CC01F4E7002070479B6853F8200010BD46
:10887800002A24DD134B4FEA001C03EB001010B450
:10888800847A7CB9047A91FBF4F004FB1011002976
:1088980001DA2144013863445C6893F90930615670
:1088A80000FB031191FBF2F302FB1310002802DB1B
:1088B8005DF8044B704710445DF8044B7047002086
:1088C800704700BFE82D002083604FF42F63436298
:1088D8004FF48033C0E900120B6245F25553002172
:1088E800C2E90A314FF48073A2F83832009BC360A2
:1088F800019B0361029BDDE903124361059BC0E90B
:1089080006120362704700BFB5EEC00A0023D0E923
:108918000012F1EE10FA10B40B6207D4DFED137AEF
:10892800B4EEE70AF1EE10FA11DD114B53624FF481
:1089380080444FF4FA718368D462416272B60D497B
:108948000022D9611A7662B65DF8044B7047DFEDF4
:108958000A7A074920EE270AFCEEC07A17EE903A09
:10896800C2ED097A8B42E0D8E1E700BF0044AC468B
:108978000000FE7F0080FF3FC637BE47DFED2A7A42
:108988004FF48033026860EE277A1362F5EEC07AFE
:10899800F1EE10FA46D49FED257AF4EEC77AF1EE9F
:1089A80010FA39DC9FED227A67EE877AFCEEE77AD7
:1089B80017EE903AB5EEC00AD3614268F1EE10FAAC
:1089C8002DD4DFED1A7AB4EEE70AF1EE10FA0CDCDA
:1089D800DFED177A174920EE270AFCEEC07A17EE6A
:1089E800903AC2ED097A8B4201D9124B536245F293
:1089F80055514FF0010C42F2666382F839C2C2E960
:108A08000A134FF42F628368426272B60A49002241
:108A1800D9611A7662B670474FF00043CAE700235F
:108A28005362E4E70023C5E7F628BC3F0044AC46A0
:108A3800C637BE470000FE7FC019662610B504463B
:108A4800C0681FF061F9002853D0A269F2EE007ADD
:108A5800554B2046126803EB820393ED000A20EE83
:108A6800270AFFF751FF236A03B19847E0681FF010
:108A780041F958B162694C4B2046126803EB8203F6
:108A8800BDE8104093ED000AFFF778BFE36920695D
:108A980019681CF089FE08B1A269ECE7D4ED097ADF
:108AA800A268F8EE677AF5EEC07AF1EE10FA49D9C5
:108AB8009FED3E7A67EE877AFDEEE77A17EE903AF9
:108AC800002B5CD072B6D1691062002969D081FA96
:108AD800A0F0EFF3008424015ED5012B02D091FBB6
:108AE800F3F35842002850D050620123137662B63F
:108AF80010BDD4ED097AA268F8EE677AF5EEC07A6F
:108B0800F1EE10FA26D99FED297A67EE877AFDEE05
:108B1800E77A17EE903A13B372B6D1691062B1B121
:108B280081FAA0F0EFF3008C1CF0006F24D0012B29
:108B380002D091FBF3F35842B8B150620123137687
:108B480062B693E772B6D061107662B610BD117640
:108B580062B68BE772B6D061107662B686E772B6F7
:108B6800C2ED077A137662B680E70029B4BF012305
:108B78004FF0FF335362E1E790FBF3F0DCE772B6A6
:108B8800C2ED077A137662B610BD0029B4BF01237F
:108B98004FF0FF335362A8E790FBF3F00028F4D0BE
:108BA800A2E7117662B610BD5CE900206666304225
:108BB80083604FF07E5C154BC0F880C0C3614FF4F2
:108BC8007F43C0E900120022038400F13003C2622F
:108BD800C0F8842000F1540230B500244FF0FF356E
:108BE8004FF0010E846180F80CE080F82240446266
:108BF80080F82840C0E90455C0E9154443F804CB7F
:108C08009342C3F828C0F9D130BD00BFD4AB0020CF
:108C1800B5EEC00AF1EE10FA22D4B7EE007AB4EE3F
:108C2800C70AF1EE10FA02DD9FED1E0A7047DFED6C
:108C38001E6AB4EEE60AF1EE10FA29D4DFED1B7ACB
:108C4800B4EEE70AF1EE10FA0DD570EE667A9FEDF4
:108C5800187A9FED180A77EEA77AA7EE870A704769
:108C6800B6EE000A7047DFED147AB4EEE70AF1EECB
:108C780010FA02D5B0EE470A704770EE677AB6EE82
:108C8800006AC7EEA65AA5EEC67AB0EE470A704744
:108C980080EE267ADFED097AB6EE000AA7EE270AFB
:108CA800704700BF0200003F9A99193E6666263F4A
:108CB800CDCC4C3ECDCC4C3F9A99593F9A99993E90
:108CC800F6EE007A9FED4E7AD0ED205A90ED216AAB
:108CD800F0EE676AE6EE077AE5EE876A2DE9F0417D
:108CE800FDEEE77A4768064690B0BDEEE67A17EEE5
:108CF800908A17EE100A5FB13F684FB17B68002B6E
:108D080065D097F8E0211979914260D99B699F5CF9
:108D18004FF0000CF4EE006AF6EE005A394B62464A
:108D28009FED396A55250E248242614637DC0DB124
:108D3800454534DD1FFA84FE0CB3DFED347A1A465C
:108D480003F12005B2EC017AAA4277EE877AF9D1CD
:108D5800052F67EEA67A25D9F4EEC67AF1EE10FA59
:108D680003DD04EB4404C4F34F0E96F821405FFA88
:108D78008CF2944208BF4FEA5E0E714489B22DF816
:108D88001CE00CF1010C2C33BCF10B0F12D093F842
:108D9800212093F82040824293F82250C7DD4FF0FB
:108DA800000EECE7022FE0D8F4EEE57AF1EE10FAC7
:108DB800DBD5D6E769B9164B002596F82020F36174
:108DC80086F8205086F8212010B0BDE8F0810027F1
:108DD8009EE700201FF0CAFC00216B4680B20A46BD
:108DE80002E001310B29E6D033F8024BCDB2224420
:108DF80092B29042F5D2064B2C2202FB0133DCE7FB
:108E08000000C842DCAB00203333333F00000000D1
:108E1800D4AB00208268836910B504462DED028B1F
:108E2800002A00F08C80002B48DD07EE903A20687D
:108E3800B8EEE78A84ED0B8A00286CD0037901210B
:108E480008EE903A15F0BCFF07EE900A9FED436AD2
:108E5800F8EE688ADFED426AF8EE677A206867EE16
:108E6800A87A87EE867AB4EEE67AF1EE10FA48BF71
:108E7800B0EE667AC8EE077AB6EE007A77EE877AB1
:108E8800FCEEE77A17EE903A012B55D9072B8CBFE9
:108E98000622002284F8282060B141794FF4C0727C
:108EA80090F804C0B2FBF1F2C1680CFB02F2B1FB0E
:108EB800F2F213446362BDEC028B10BDD2ED007A6E
:108EC800F4EE006A9FED256AB3EE047AF8EEE77ACD
:108ED800C7EE868A68EEA68AF4EEC78AF1EE10FA23
:108EE80033D5F0EE478A40F2213100201FF03EFCD6
:108EF80007EE900ADFED196AF8EEE77A9FED197A26
:108F0800206887EEA68A38EE078A28EE288A84ED3C
:108F18000B8A002892D1F6EE007AE8EE277AFCEE6A
:108F2800E77A17EE903A012BB0D8022384F828008C
:108F3800BDEC028B636210BD02230022AAE7002B5E
:108F48003FF773AFDFED088ACDE7DFED077AF4EE80
:108F5800678AF1EE10FA77FEA88AC4E700007A441F
:108F6800CDCC4C3D9A99193F0000964210B5446803
:108F780054B12368002B5FD093F8524324B993F877
:108F88005143003C18BF0124C369F7EE006A8C46C0
:108F9800DFED2A5A03F1040E9FED296A012300220E
:108FA8009FED285ABEEC017AD0ED207AB5EEC07A52
:108FB80067EE277AF1EE10FA17DDF4EEC67AF1EED5
:108FC80010FA12D5DFED1E7A32B3F4EE667AF1EEBE
:108FD80010FA76FEA77A092BCCED007A17D0013368
:108FE80001320CF1040CDBB2DCE7B5EE407AF1EEAD
:108FF80010FA00D864B992B1F5EEC07AF1EE10FA21
:10900800E3D5DFED107A092BCCED007AE7D110BD5E
:10901800DFED0D7A002AD8D1C1ED005ADFE7F4EE72
:10902800E57AF1EE10FAF7D4F5EEC07AF1EE10FA1F
:10903800CBD58CED005AD2E71C46A5E79A99193F83
:109048003333B33E00000000CDCCCC3E38B500F140
:109058003002044600F15C0300F17C05D3F800E01F
:10906800103353F80CCC103253F8080C53F8041C86
:10907800AB4242F810EC42F80CCC42F8080C42F82B
:10908800041CEBD11968264B11601B6820686365C6
:1090980060B3002115F094FE94ED0B7ADFED216AA0
:1090A80007EE900A27EE267AF8EE677AB5EEC07AD0
:1090B80077EEA77AF1EE10FA0ADDF6EE006A27EEEF
:1090C800267AB4EEE77AF1EE10FA01D5F0EE477A97
:1090D800F5EEC07AF1EE10FA02DC0023A36538BD84
:1090E800FCEEE77A17EE903AA36538BD94ED0B7A5B
:1090F800DFED0C7A27EE277AB5EEC07AF1EE10FA9A
:109108000ADDF6EE006ADFED087A27EE267AB4EE7D
:10911800E77AF1EE10FAD9D44FF47A63A36538BD33
:109128000060012000007A4400007A4510B58AB03A
:10913800044601A9FFF71AFF184BD0E915121B685E
:109148005B1A9A421DD8F7EE006A002004F130013C
:1091580001AA002390B1D1ED007A92ED007A37EEA2
:10916800677AE7EE267A04EB830C01330431043284
:10917800092BCCED177AEDD10AB010BDD2ED007AEB
:10918800F1E707EE903A07EE102A0120F8EE677A29
:10919800B8EE477AC7EE876AD8E700BF00600120BB
:1091A8004369DFED1C6A002B10B50446C0ED216A47
:1091B8002CDB07EE903A9FED186AB8EEE77AC7EE17
:1091C800067AF4EEE67AF1EE10FA1CD4B7EE007ADD
:1091D800F4EE477AF1EE10FA77FE277A0123FF22A0
:1091E8002046C4ED207A84F8223084F82120FFF745
:1091F80067FD2046FFF70EFE00232046A365BDE865
:109208001040FFF793BFF0EE667AE7E7F6EE007AD4
:10921800E4E700BF000000000000C84238B58368DA
:10922800044613B11B68002B31DC6369002B4EDB4D
:1092380007EE903A9FED4D7AF8EEE77A87EE870AC7
:10924800B5EEC00AF1EE10FA55D4F7EE007AB4EE96
:10925800670AF1EE10FA37FE800A237B84ED200AB4
:10926800002B3ED02369E5690A2B47D8404A2C21B8
:1092780084F8203001FB0323E3619D4202D020469D
:10928800FFF7E4FE2046BDE83840FFF74FBF3948F6
:109298001CF07EFAA36807EE900A93ED007AF8EEC8
:1092A800676AB8EEC77AC6EE877AF5EEC07AF1EE4D
:1092B80010FA46D4B7EE007AF4EE477AF1EE10FAD7
:1092C80077FE277A6369C4ED217A002BB0DA94ED32
:1092D800210A2046FFF79CFC237B84ED200A002B03
:1092E800C0D104F15C034FF07E52803443F8042B64
:1092F8009C42FBD138BD9FED200AAEE794F822309E
:1093080013B31E4B1B78002BBCD11D4B1B78002BB5
:10931800B8D120680028B5D042794FF4C073B3FBA8
:10932800F2F3027902FB03F3C268B2FBF3F2636A59
:109338009342A7D894F8281015F05AFC78B9E36935
:109348009BE7DFED0D7ABDE70123204684F8223044
:10935800FFF7B6FC2046FFF75DFDE3698DE7204681
:10936800FFF7AEFC2046FFF755FDE8E70000C842CE
:10937800D4AB002060300120000000000E7B0120EB
:10938800107B012021EAE17101390161704700BFBA
:109398000029D8BF4FF0FF314161704721EAE171E0
:1093A8008161704738B5164A0446164B01251021CD
:1093B80015482DED028B83ED000AB0EE408A15703A
:1093C80022F08AFB2046114D25F0CAFA01462046B4
:1093D80022F082FB02210E4822F07EFBB7EEC80A7B
:1093E800022128461FF0D4F82A210A4822F074FBEB
:1093F8002846BDEC028BBDE838401FF099B800BF85
:10940800147B012048E90020309F002090D40020E0
:10941800449F0020489F002010B51B21474822F098
:109428005BFB47481FF084F80921464822F054FBAB
:10943800454B0321424893ED000A444CB7EEC00A5D
:109448001FF0A6F83E481FF073F80E21404822F09E
:1094580043FB236803213A4893ED060AB7EEC00A96
:109468001FF096F836481FF063F80F21394822F0AC
:1094780033FB2268384B92F8A5203848002A12BFDF
:1094880002210321184622F027FB2D481FF050F82F
:109498001621334822F020FB236893F8A220002AE3
:1094A80034D093F8A0202F4B002A2F4812BF032155
:1094B8000221184622F010FB21481FF039F81A2122
:1094C8002A4822F009FB236893F8A3205ABB0221FB
:1094D800244822F001FB1A481FF02AF81A212448D0
:1094E80022F0FAFA236893F8A42092B902211D48C1
:1094F80022F0F2FA12481FF01BF819211D4822F039
:10950800EBFA0F48BDE810401FF012B802211548C9
:10951800D0E793F8A120144B002A12480EBF02216D
:1095280003211846E4E793F8A1200F4B002A0D48C1
:109538000EBF022103211846CBE700BF64180020A4
:1095480090D400208018002044E9002078300120C1
:109558008C1800209C1800205C180020601800203F
:10956800001900205818002054180020E418002082
:10957800C8180020AC1800202DE9F041694D0446B8
:109588002B682DED028B13B1184617F033FA664B92
:109598001B78012B04D11CB9BDEC028BBDE8F0810E
:1095A800624C0D21624B00202268624E1A601FF047
:1095B800DDF8614B092153F82030002023601FF0AB
:1095C800D5F85E4B5E495F4A91ED008A42F211710F
:1095D80018600020D2ED008A1FF0C8F807EE900A44
:1095E800DFED596AB8EEC88A3368F8EEE77AF8EE24
:1095F800E88A87EEA67A78EEC88AA7EE288A73B337
:10960800152100201FF0B2F800220A244F4F1346FC
:1096180080B23946234403319BB2984208D30132C1
:10962800052A0DD08C78033123449BB29842F6D298
:1096380002EB42023068BB18B95C5A7815F0E2F9BF
:10964800306860B190F82C30002B00F07D8115F067
:109658007DF90121306815F0B3FB034607E09FED63
:109668003C7AC7EE087AFDEEE77A17EE903A394A67
:1096780005210120384C13601FF078F8374B18701B
:10968800F8F7DEFF364B0521187001201FF06EF841
:1096980003460421012023701FF068F82378C0B224
:1096A800304A8342107009D12F49A1FB030101F010
:1096B800FE0000EB51015B1A013313700E210120EB
:1096C8001FF054F8294C03460621002023701FF090
:1096D8004DF8274B024620781A701BF045FB254BA6
:1096E800002019681FF042F8234B0246642100202D
:1096F8001A601FF03BF8222840DD362840F322810B
:10970800452840F327814F2840F32681542840F309
:109718002581592840F324815E28CCBF07220622E0
:109728002DE000BF683C0120157B012058E900208E
:1097380070EB00202C350120282E0020A85601208F
:1097480030DE00202CDE002000401C46243800209B
:1097580000606A4778EB0020E6EB0020ECEB002085
:10976800E4EB0020E7EB0020ABAAAAAAE5EB002077
:10977800167B012018DE00207C5501200022794B41
:1097880064210020784E1A601EF0F0FF0346774AE5
:10979800774C00202C2B3168CCBF002301231360A9
:1097A8001EF0E4FF2368984200F0BA80714B012252
:1097B8001A70714E206030601BF0B0FC0A21002046
:1097C8001EF0D4FF022800F3A780336804216B4EF3
:1097D8000020082406EB83061EF0C8FF16F8008058
:1097E80040461BF0FFFC042138B91EF0BFFF631E82
:1097F80016F8008013F0FF04F2D1042100201EF0B7
:10980800B5FF0824375C38461BF0ECFC042130B95E
:109818001EF0ACFF631E375C13F0FF04F3D1404623
:109828001BF008FD044638461BF004FD844294BF33
:1098380040463846F8F79AFD0120F8F7B3FD0221B3
:1098480000201EF093FFB0FA80F34D495B092A68A7
:109858000B7012B1104617F0FDF84FF4C871642070
:109868001EF084FF07EE900A9FED468AF8EEE77A2D
:10987800454C464DDFED468A87EE887A84ED007ABE
:109888004FF4C87164201EF071FF07EE100AD4ED82
:10989800007AB8EEC77AC7EE086A76EEE77AC5EDC1
:1098A800006AF0EEE77AF4EEE87AF1EE10FAE7D41F
:1098B800384B1C685CB1642100201EF057FF01463C
:1098C80020464A29CCBF0021012108F069F8324B13
:1098D8001C6844B1642100201EF048FF4A28CCBF10
:1098E8000020012020732D4B1C68002C3FF454AE3F
:1098F8005B213C201EF03AFF07EE900A9FED280AF4
:109908002046F8EEE77A0821BDEC028B87EE800A44
:10991800BDE8F0411BF0B6BD0020F8F743FD8EE727
:10992800144F3B780133DBB2022B3B707FF641AF1B
:10993800316800201EF01AFF23689842F8D00123EE
:109948003B7036E701221AE7B0EE480A15F01EF818
:1099580030687CE6032212E7022210E704220EE7B1
:1099680005220CE76409012028DE0020680901208F
:109978006CEB00200A7B01206C09012004AB00205D
:10998800057B012000007A441CDE002020DE002038
:10999800CDCC4C3DA42F01208810012098550120E2
:1099A8000000C842B54A0120B549B64B70B41568E5
:1099B8001468B54AB54E1560B54A087000211460A0
:1099C8000024B44A1B6831701460002B00F0068133
:1099D800D3F80021002A00F0E381AF4C03E0013105
:1099E8008A4200F02A8153F83100A042F7D103EBF4
:1099F800C1010431D1ED007A0020F5EE407AF1EE94
:109A080010FA01D0206208600021A44C03E0013163
:109A18008A4200F0228153F83100A042F7D103EBCB
:109A2800C1010431D1ED007A0020F5EE407AF1EE63
:109A380010FA01D0206208600021994C03E090429E
:109A480000F04081014653F83150481CA542F6D138
:109A580003EBC1010431D1ED007A0020F5EE407A24
:109A6800F1EE10FA01D02062086000218D4C03E06D
:109A78000131914200F0338153F83100A042F7D10F
:109A880003EBC1010431D1ED007A0020F5EE407AF4
:109A9800F1EE10FA01D0206208600021824C03E048
:109AA80001318A4200F02A8153F83100A042F7D1EF
:109AB80003EBC1010431D1ED007A0020F5EE407AC4
:109AC800F1EE10FA01D0206208600021774C03E023
:109AD8000131914280F0218153F83100A042F7D141
:109AE80003EBC101D3F800010431D1ED007A002263
:109AF800F5EE407AF1EE10FA04D022620A600028EE
:109B080000F0528100226A4D03E00132824280F067
:109B1800128153F83210A942F7D103EBC202D3F8ED
:109B280000410432D2ED007A0021F5EE407AF1EEE0
:109B380010FA04D029621160002C00F03A8100224A
:109B48005C4D02E00132A24259D253F83210A942C8
:109B5800F8D103EBC202D3F800010432D2ED007A47
:109B68000021F5EE407AF1EE10FA04D02962116076
:109B7800002800F0238100224F4D02E0013282428A
:109B88004CD253F83210A942F8D103EBC202D3F8F1
:109B980000410432D2ED007A0021F5EE407AF1EE70
:109BA80010FA04D029621160002C00F00C81002208
:109BB800424802E00132A24212D253F832108142E6
:109BC800F8D103EBC2020432D2ED007A0023F5EE9D
:109BD800407AF1EE10FA01D00362136070BC70474E
:109BE800202C00F0B680E100651C0A1D43F8340003
:109BF8001944334C1A444C60C3F80051E4E7202C54
:109C080000F0B580E100601C0A1D43F83450194487
:109C18002B4C1A444C60C3F800019FE7202800F041
:109C2800A180C100441C0A1D43F83050194424483F
:109C38001A444860C3F80041ACE7202A00F0A78026
:109C4800D500501C291D43F832401D441C4A1944B4
:109C58006A600246C3F80001CCE6202A00F09D8025
:109C680003EBC205501C43F832402946144A04311C
:109C78006A600246C3F80001D4E600BF0060012014
:109C88000E7B0120442A0120C02901200F7B0120DE
:109C98007030012054E9002080F9002008F90020E4
:109CA800E0F8002030F90020D0F90020F8F9002071
:109CB80070FA002058F9002020FA002048FA002005
:109CC800000080BF202A65D003EBC00543F8304070
:109CD8008A1C3F48291D6860C3F80021BBE6202A7A
:109CE8004DD003EBC205501C43F832402946384A90
:109CF80004316A600246C3F80001C4E6202A3BD05A
:109D080003EBC205501C43F832402946304A04315F
:109D18006A600246C3F80001CDE6202A32D003EB80
:109D2800C20543F83240501C294A29466A6004316A
:109D3800C3F80001D9E620280FD0C100441C0A1D31
:109D480043F83050194422481A444860C3F8004187
:109D5800E8E6002370BC036270470022D3F8004194
:109D68002A62E9E60022D3F800412A621CE70022B1
:109D7800D3F800012A62FBE600212162A5E6002152
:109D880021628AE60022D3F800012262B7E60021A8
:109D9800216239E60021216267E6002121624BE653
:109DA80004210C4C15464EE7012404220A4D0146B5
:109DB800C6E704220120094D214626E70124042292
:109DC800074D014630E701250422064821460DE7E4
:109DD800000080BF80F9002070FA002058F90020A8
:109DE80020FA002048FA002038B5124C00254FF020
:109DF800FF332572E3606572C4E9005504F07CFA0C
:109E08004FF07A510C4AA161E161A2620B49E2620A
:109E18000B4A0C4B0C48216262630C490C4A606186
:109E2800257423636162E3632564A263A4F8445044
:109E380038BD00BF6C110120AE47613ECDCC4C3E11
:109E48003333B33E6666E63ECDCCCC3DCDCC4C3DFF
:109E58009A99993EBD4B1B78002B00F07681BC4A3D
:109E6800537A2DE9F04F83B02BB1D2F80CC0BCF176
:109E7800000F80F26585DFF818834FF48033B5480A
:109E8800D8F800108361002900F00886D1ED0E7A19
:109E98009FEDB17AF4EEC77AF1EE10FA40F301863D
:109EA800AE494FF48033DFF8ECE2DFF8EC9243621E
:109EB800CEF81830C9F8183092F810C0A84CC0E98C
:109EC8000713A849C1E90633C1E90833A649C1E91E
:109ED8000633C1E908335378002B00F06181236809
:109EE800002B00F07982D3F80061002E01F055872D
:109EF80000259E4803E00135B54201F0918053F8F2
:109F080035108142F7D103EBC505043572B600233D
:109F18000362C36162B62B602568D5F80061002E24
:109F280001F056870021924803E001318E4201F08A
:109F3800878055F831308342F7D105EBC1010431F0
:109F480072B600230362C36162B60B602568D5F858
:109F58000061002E01F050870021864803E001319E
:109F6800B14201F09F8055F831308342F7D105EBBB
:109F7800C101043172B600230362C36162B60B608B
:109F8800236800217C4DA9619178002940F0C281A5
:109F9800002B41D0BCF1000F00F0A885D2ED067A65
:109FA800DFF8F8A1DAF8001019B191ED197A67EE27
:109FB800877A724ED3F8007196ED007A67EE877A49
:109FC800002F01F0C08600266D4803E00136B74235
:109FD80000F0BC8553F836108142F7D103EBC60672
:109FE800043696ED007AF4EE477AF1EE10FA13D0C3
:109FF8009FED597AF4EEC77AF1EE10FA01F3BA80C0
:10A008009FED607AF4EEC77AF1EE10FA01F1B280B2
:10A01800C0ED087AC6ED007A4CF6CC41E961D178FA
:10A02800002940F09981002B41D0BCF1000F00F0CD
:10A038006185D2ED077ADFF864A1DAF8001019B16A
:10A0480091ED1A7A67EE877A4C4ED3F8007196ED47
:10A05800007A67EE877A002F01F07C8600264A484E
:10A0680003E00136BE4200F01D8653F836108142E7
:10A07800F7D103EBC606043696ED007AF4EE477A7C
:10A08800F1EE10FA13D09FED347AF4EEC77AF1EEC0
:10A0980010FA01F37F809FED3B7AF4EEC77AF1EE78
:10A0A80010FA01F17780C0ED087AC6ED007A4FF416
:10A0B800004129621178002940F07081002B00F0DE
:10A0C8009D81BCF1000F00F01D85D2ED087ADFF804
:10A0D800CCA0DAF8001019B191ED177A67EE877AFB
:10A0E800264ED3F8007196ED007A67EE877A002F36
:10A0F80001F00D860026254803E00136BE4200F037
:10A108006C8553F836108142F7D103EBC606043646
:10A1180096ED007AF4EE477AF1EE10FA00F06E81CF
:10A128009FED0D7AF4EEC77AF1EE10FA01F336805E
:10A138009FED147AF4EEC77AF1EE10FA01F12E8051
:10A14800C0ED087AC6ED007A58E17047157B01200A
:10A158006C1101202831012000FEFF460000FF7F1E
:10A16800442A0120F0300120D031012008F90020D4
:10A17800E0F8002030F90020D455012054E90020EF
:10A18800D0F9002000FEFFC6F8F9002080F9002071
:10A1980078300120B8300120983101208810012042
:10A1A8002368002B00F0AE80DFF844A3DAF8001033
:10A1B800002900F0D387D1ED186ABCF1000F00F038
:10A1C800AF8492ED057ABC4E27EE267AD3F800517B
:10A1D800D6ED007A27EE277A002D01F0AD8500270D
:10A1E800B64803E00137AF4200F0C18453F8371096
:10A1F8008142F7D103EBC707043797ED006AB4EE45
:10A20800467AF1EE10FA15D0DFEDBB7AB4EEE77AB4
:10A21800F1EE10FA00F3B287DFEDB87AB4EEE77A20
:10A22800F1EE10FA00F1AA8780ED087A87ED007A3E
:10A23800D6ED007ABCF1000F00F06B8492ED057A40
:10A2480026EE877A00279E4827EE277A03E0013713
:10A25800AF4200F0B08453F837108142F7D103EBD6
:10A26800C707043797ED006AB4EE476AF1EE10FAB3
:10A2780015D0DFEDA17AB4EEE77AF1EE10FA00F32B
:10A288007587DFED9E7AB4EEE77AF1EE10FA00F109
:10A298006D8780ED087A87ED007AD6ED007ABCF1FB
:10A2A800000F00F02B8492ED057A66EE876A00268F
:10A2B800844866EEA77A03E00136B54200F0D284FE
:10A2C80053F836108142F7D103EBC606043696EDF3
:10A2D800007AF4EE477AF1EE10FA13D09FED867A01
:10A2E800F4EEC77AF1EE10FA00F34C879FED837A0B
:10A2F800F4EEC77AF1EE10FA00F14487C0ED087A5F
:10A30800C6ED007A4CF6CC416F4DA96191780029D1
:10A318003FF43EAE002B65D0D3F80071002F01F05A
:10A3280042850026694803E00136B74200F0DB8623
:10A3380053F836108142F7D103EBC606043672B6DD
:10A3480000230362C36162B6336023680021E961B8
:10A35800D17800293FF467AE002B49D0D3F80071BB
:10A36800002F01F027850026594803E00136BE4238
:10A3780000F0768653F836108142F7D103EBC60613
:10A38800043672B600230362C36162B63360236881
:10A3980000212962117800293FF490AECBB1D3F89F
:10A3A8000071002F01F01A8500264A4803E00136A3
:10A3B800B74200F0138653F836108142F7D103EB09
:10A3C800C606043672B600230362C36162B6336000
:10A3D80023680021084615E03B4D9178AB610029C0
:10A3E8003FF41AAE0023EB61D378002B3FF45FAE45
:10A3F800002311782B620029EBD10B464FF4004162
:10A4080042F614606962344988619179002900F044
:10A4180098810025314FCEF82050DFF8D8E0C9F8F0
:10A428002050FD61CEE90855002B00F03583D3F8A4
:10A438000061002E01F0C584294803E00135B542CA
:10A4480000F0408653F835108142F7D103EBC5057B
:10A45800043572B600230362C36162B62B602568B7
:10A46800D5F80061002E01F0C08400211D4803E0EA
:10A478000131B14200F0058655F831308342F7D1F9
:10A4880005EBC101043172B600230362C36162B6F1
:10A498000B602368002B5BD0074E9FED137AD6ED37
:10A4A800007AD3F8005167EE877A002D01F02984ED
:10A4B80000260E4928E000BF54E9002008F90020D2
:10A4C800E0F8002030F90020D4550120D0F9002010
:10A4D800F8F9002080F90020A40501200C5601207D
:10A4E80020FA002048FA00206666E63E98FA002026
:10A4F800881001204032012000FEFF4600FEFFC602
:10A50800A94500F0D9824E4653F8360006F10109F4
:10A518008842F5D103EBC606043696ED007AF4EED0
:10A52800477AF1EE10FA13D01FED0D7AF4EEC77AE0
:10A53800F1EE10FA00F302841FED107AF4EEC77AF8
:10A54800F1EE10FA00F1FA83C1ED087AC6ED007A4F
:10A55800D179002946F2666118BF0021CEE90611BB
:10A56800117A002900F0A081C3B1D3F80061002E50
:10A5780001F048840025BE4803E00135B54200F0EB
:10A588003E8553F835108142F7D103EBC5050435F4
:10A5980072B600230362C36162B62B600023C7E969
:10A5A80008335379002B40F08A802468002C71D03E
:10A5B800B04EDFF8ECA2BCF1000F00F09182D2EDB2
:10A5C8000E7AD4F80051002D01F0AF830020AA497B
:10A5D80003E00130A84200F08A8354F830308B42FF
:10A5E800F7D104EBC000043090ED007AF4EE477A1E
:10A5F800F1EE10FA13D09FEDA17AF4EEC77AF1EEDE
:10A6080010FA00F3DF859FED9E7AF4EEC77AF1EE3B
:10A6180010FA00F1D785C1ED087AC0ED007ABCF1D7
:10A62800000F00F05A82D2ED0F7ADAF800301BB131
:10A6380093ED1C7A67EE877A96ED007A00239148AD
:10A6480067EE877A03E08D4200F01D830B4654F8CD
:10A658003360591C8642F6D104EBC303043393EDEF
:10A66800007AB4EE677AF1EE10FA13D09FED837A90
:10A67800F4EEC77AF1EE10FA00F3A0859FED807A28
:10A68800F4EEC77AF1EE10FA00F19885C0ED087A79
:10A69800C3ED007AD8F80030002B00F04C83D3EDDE
:10A6A8000D7A9FED767AF4EEC77AF1EE10FA40F360
:10A6B8007984754BBB613AE05379002BEAD0256861
:10A6C800002D32D0D5F80061002E01F05F83002301
:10A6D800694903E001339E4200F06F8455F8330066
:10A6E8008842F7D105EBC305281D72B600230B621B
:10A6F800CB6162B603602468D4F80051002D01F0E4
:10A708003F8300235F4803E00133AB4200F0FC8441
:10A7180054F833108142F7D104EBC304211D72B6FB
:10A7280000230362C36162B60B600023BB61574B11
:10A738001B681BB192F8442083F8A42003B0BDE83D
:10A74800F08F4FF48031524FCEF82010C9F8201006
:10A7580045F69911F961002B00F09C81DFF840A1C2
:10A76800DAF80010002900F0FD8491ED1D7ABCF1A3
:10A77800000F00F0B881D2ED0A6A3E4E66EE876A95
:10A78800D3F80051D6ED007A66EEA76A002D01F0E5
:10A79800E8824FF0000E3F4804E00EF1010E7545C7
:10A7A80000F0F78153F83E108142F6D103EBCE0E4C
:10A7B8000EF1040E9EED006AF4EE466AF1EE10FA10
:10A7C80015D0DFED2E7AF4EEE76AF1EE10FA00F319
:10A7D800DD84DFED2B7AF4EEE76AF1EE10FA00F192
:10A7E800D584C0ED086ACEED006AD6ED007ABCF1DA
:10A7F800000F00F09281D2ED0B6A27EE267A4FF017
:10A80800000E254827EE277A03E04D4500F08C819D
:10A81800CE4653F83E100EF101098142F5D103EB03
:10A82800CE0E0EF1040EDEED006AB4EE667AF1EE9D
:10A8380010FA15D0DFED117AB4EEE77AF1EE10FADE
:10A8480000F3B484DFED0E7AB4EEE77AF1EE10FA95
:10A8580000F1AC8480ED087A8EED007AD6ED007AAE
:10A868009FED0E7ADFF83CE067EE877A20E600BFBE
:10A8780058F9002054E90020A8F9002000FEFF46FE
:10A8880000FEFFC670FA00200000FF7F98550120E7
:10A898000C56012020FA002048FA00206666E63EA1
:10A8A8008810012040320120002B3FF405AFBCF195
:10A8B800000F00F02B81D2ED0D7ADFF894A3DAF8BF
:10A8C800001019B191ED1F7A67EE877ACB4ED3F855
:10A8D80000E196ED007A67EE877ABEF1000F01F08D
:10A8E8001D820025C64803E00135AE4500F0EB8126
:10A8F80053F835108142F7D103EBC505043595EDC2
:10A90800007AF4EE477AF1EE10FA13D09FEDBD7A93
:10A91800F4EEC77AF1EE10FA00F344849FEDBA7AA8
:10A92800F4EEC77AF1EE10FA00F13C84C0ED087A33
:10A93800C5ED007A5379002B7FF4C1AE24683AE65E
:10A948004FF48033B149B24CB248DFF808E3B24D56
:10A95800B24FDFF80493DFF804B32668CEF8183056
:10A96800CEF82030C9F81830C9F82030C1E90633CC
:10A97800C1E90833AA49C1E90633C1E9083300210E
:10A98800C0E90633C0E90833C5E90611C5E908116D
:10A99800C7E90611C7E90811CBF81810002E00F016
:10A9A800C383BCF1020F00F0CD81D6F800C1BCF121
:10A9B800000F01F0B5839B4803E00131614501F0C8
:10A9C800058156F831308342F7D106EBC1030433D1
:10A9D80072B600210162C16162B61960D368032BA7
:10A9E80040F0AF812668D6F800C1BCF1000F01F035
:10A9F8008B8300208C4903E00130604501F0D18051
:10AA080056F830308B42F7D106EBC003043372B6E8
:10AA180000200862C86162B61860D368012B40F054
:10AA2800AF812668D6F800C1BCF1000F01F072832F
:10AA380000217E4803E00131614501F05A8056F853
:10AA480031308342F7D106EBC103043372B60021DB
:10AA58000162C16162B619602668D6F800C1BCF10E
:10AA6800000F01F06F830021714803E00131614557
:10AA780001F06D8056F831308342F7D106EBC103FF
:10AA8800043372B600210162C16162B61960D368ED
:10AA98000093CBE1DFF8C8E1002359E51946FFF739
:10AAA80000BA9FED597AF4EEC77AF1EE10FA41F147
:10AAB8008D846049FFF7F5B9202D00F02981E80061
:10AAC800B51C061D43F8391003EBC9095A481E4442
:10AAD800C9F80400C3F800511FE5F6EE087AA4E5AA
:10AAE800DFED567A6DE5DFED556A46E6DFED547A1F
:10AAF800FFF756BAF5EE007AFFF79DBAB5EE007A81
:10AB0800FFF7D3BBDFED4F7AFFF7E1BADFED4E7AFF
:10AB1800D3E6B5EE007AFFF793BBDFED486A6CE643
:10AB28009FED4A7AFFF74FBB202D00F0D1860EF13A
:10AB3800020503EBC901DFF800E143F83900C1F869
:10AB480004E001F1040EC3F800516CE6202F00F078
:10AB5800DA86F90007F1010A0E1D43F83700194497
:10AB6800354F1E444F60C3F800A1FFF73ABA202DB5
:10AB780000F09A86E90005F1010A0F1D43F8350037
:10AB880019442D4D1F444D605546C3F800A1FFF7E9
:10AB980034BB202D00F05787E90005F1010901F1C8
:10ABA800040E43F835001944234D9E444D604D462C
:10ABB800C3F80091FEE5202D00F0F58603EBC507EC
:10ABC800691CDFF874A043F835000437C7F800A003
:10ABD8000D46C3F80011FFF745BB202F00F00B8787
:10ABE800F90007F1010A0E1D43F837001944124F06
:10ABF8001E444F60C3F800A1FFF78ABA54E9002049
:10AC080058F9002000FEFF4600FEFFC6F030012084
:10AC1800442A012028310120D45501200C56012056
:10AC2800D0310120D0F90020A8F9002020FA002016
:10AC380048FA002000000180000080BF6666E63EFA
:10AC48009A99993E1F856B3FCDCCCC3E3D0AD73EA5
:10AC580088100120B830012098310120A405012076
:10AC680040320120202D00F07686C14E03EBC5014D
:10AC780043F835004E60691C03EBC506C3F80011A4
:10AC88000436FFF724BB202D00F0C986023304EBFD
:10AC9800C501B74E44F835004E60C4F800310B4684
:10ACA8000433DCE4202F00F06A86F90007F1010A7A
:10ACB8000E1D43F837001944AD4F1E444F60C3F8CA
:10ACC80000A1FFF7D9B9BEF1200F00F080864FEA46
:10ACD800CE010EF101090D1D43F83E001944DFF8BD
:10ACE80090E21D44C1F804E0C3F8009107E6202D66
:10ACF80000F01D86EB0005F1010E181D44F8351013
:10AD080023449B4D20445D607546C4F800E16BE424
:10AD18009FED987AF4EEC77AF1EE10FA00F34A82C2
:10AD28009FED9F7AF4EEC77AF1EE10FA00F14282B5
:10AD3800C1ED087A0CE44AF26663BBE481ED087A57
:10AD480004E42668D6F800C1BCF1000F01F00082C7
:10AD58000021894803E00131614500F0B58656F8C5
:10AD680031308342F7D106EBC103043372B60021B8
:10AD78000162C16162B61960D368052B7FF432AEF7
:10AD88002668D6F800C1BCF1000F01F0B781002198
:10AD98007A4803E00131614500F02D8756F83130DB
:10ADA8008342F7D106EBC103043372B60021016276
:10ADB800C16162B619602668D6F800C1BCF1000FFF
:10ADC80001F0BA8100216E4803E00131614500F0CD
:10ADD800398756F831308342F7D106EBC103043383
:10ADE80072B600210162C16162B619602668D6F8A0
:10ADF80000C1BCF1000F01F099810021614803E016
:10AE08000131614500F0B88656F831308342F7D1F8
:10AE180006EBC103043372B600210162C16162B658
:10AE28001960D368062B00937FF4FBADD4F800C0FB
:10AE3800554E9FED567AD6ED007ADCF8008167EE24
:10AE4800877AB8F1000F00F094874FF0000A504954
:10AE5800009804E00AF1010AC24500F00B855CF88D
:10AE68003A308B42F6D10CEBCA030090043393EDD1
:10AE7800007AF4EE477AF1EE10FA13D09FED3D7A9E
:10AE8800F4EEC77AF1EE10FA00F30F869FED447ADC
:10AE9800F4EEC77AF1EE10FA00F10786C1ED087AF0
:10AEA800C3ED007A009B072B00F0E18500984FF076
:10AEB800000A384B0628C3E906AA40F07D824FF005
:10AEC800000A354804E00AF1010AC24500F0A886E4
:10AED8005CF83A308342F6D10CEBCA0C0CF1040C46
:10AEE80072B600230362C36162B6CCF80030D3683F
:10AEF800002B41F01E82D4F800C0DCF80081B8F1C4
:10AF0800000F01F0EA804FF0000A244804E00AF13B
:10AF1800010AC24500F002865CF83A308342F6D155
:10AF28000CEBCA030433009372B64FF0000CC0F860
:10AF380020C0C0F81CC062B6009BC3F800C0D3682C
:10AF4800082B3FF6F4AB01A050F823F075950000EC
:10AF580045930000CD9200007F9400004F850000CB
:10AF68001D9200006B9000003B950000ED8F0000E3
:10AF7800000080BF00FEFF46F8F9002008F9002015
:10AF8800E0F8002030F9002054E900206666E63E2B
:10AF980098FA00204032012058F9002070FA002069
:10AFA80000FEFFC61FED027AF4EEC77AF1EE10FA42
:10AFB80041F10482CA4BFFF77DBB202E00F0538479
:10AFC800F30006F1010C181D45F836102B44C54E48
:10AFD80028445E60C5F800C1FFF787BB202F00F04A
:10AFE800F883F90007F1010A0E1D43F837001944E8
:10AFF800BC4F1E444F60C3F800A1FFF7E3B9202EF1
:10B0080000F00C84F10006F1010E0D1D43F8360026
:10B018001944B44E1D444E60C3F800E1FFF7B8BAB6
:10B02800202E00F0F483F100771C0D1D43F8360044
:10B038001944AC4E1D444E60C3F80071FEF766BF5C
:10B04800202E00F0DD83F300771C191D45F836002B
:10B058002B44A44E29445E60C5F80071FEF770BF0A
:10B06800202F00F0C583F90007F1010A0E1D43F8EF
:10B07800370019449B4F1E444F60C3F800A1FFF7E7
:10B0880080B9202E00F0E883F30006F10109191DAC
:10B0980045F836002B44934E29445E60C5F800916C
:10B0A800FFF7F1B9202E00F0CF83F300771C191DAC
:10B0B80045F836002B448B4E29445E60C5F8007174
:10B0C800FEF758BF202E00F0B883F10006F1010901
:10B0D8000D1D43F836001944824E1D444E60C3F8D6
:10B0E8000091FFF7B6B9202F00F09F83F90007F110
:10B0F800010A0E1D43F8370019447A4F1E444F6069
:10B10800C3F800A1FFF71BB9202D00F06A83EB00FC
:10B118006E1C191D44F835002344724D21445D60AE
:10B12800C4F80061FFF7FBBABCF1080F3FF6FFAAAD
:10B1380001A353F82CF000BFE195000045930000EF
:10B14800CD9200007F9400004F8500001D92000002
:10B158006B9000004F850000ED8F0000F7EE006A4D
:10B16800FFF72BB8B7EE007AFFF701BBC0ED087AFE
:10B17800FFF791B880ED087AFEF74CBFC0ED087A6A
:10B18800FFF754B880ED087AFFF7BAB8C0ED087A2F
:10B19800FFF729BB80ED087AFEF787BF80ED087AB4
:10B1A800FEF7D0BF80ED087AFFF7C2BBC0ED087A82
:10B1B800FFF752BB81ED087AFFF7CAB980ED087A2C
:10B1C800FFF766BA81ED087AFFF727BA2168A1B3BD
:10B1D800454B9FED467AD3ED007AD1F8005167EEE2
:10B1E800877A002D01F0DC800023414803E0013319
:10B1F800AB4200F0FC8651F833408442F7D101EBB2
:10B20800C303043393ED007AF4EE477AF1EE10FAB3
:10B2180013D09FED3A7AF4EEC77AF1EE10FA01F303
:10B2280078809FED377AF4EEC77AF1EE10FA01F1E3
:10B238007080C0ED087AC3ED007A47F233314FF4DD
:10B248000043C7E90813FFF772BA4CF6CC432468E9
:10B25800CEF82030C9F8203045F69913FB61002C50
:10B268003FF465AA204E9FED277AD6ED007AD4F8F0
:10B27800005167EE877A002D01F09C8000231D485D
:10B2880003E00133AB4200F0188654F833108142D2
:10B29800F7D104EBC303043393ED007AF4EE477A55
:10B2A800F1EE10FA19D09FED157AF4EEC77AF1EEA7
:10B2B80010FA01F326809FED127AF4EEC77AF1EEC8
:10B2C80010FA01F11E80C0ED087A9FED0E7AC3EDE9
:10B2D800007AD6ED007A67EE877A0023064817E0F1
:10B2E80000000180000080BF54E90020CDCCCC3E96
:10B2F80058F9002020FA002048FA002000FEFF46F6
:10B3080000FEFFC66666E63E01339D4200F01886E1
:10B3180054F833108142F7D104EBC303043393ED9F
:10B32800007AF4EE477AF1EE10FA19D01FED0D7A93
:10B33800F4EEC77AF1EE10FA00F3F3871FED107AF6
:10B34800F4EEC77AF1EE10FA00F1EB87C0ED087A57
:10B358001FED147AC3ED007AD6ED007A67EE877A8E
:10B368000023C84903E00133AB4200F0818654F85A
:10B3780033008842F7D104EBC303043393ED007A1A
:10B38800F4EE477AF1EE10FA3FF4D1A99FEDC97AAD
:10B39800F4EEC77AF1EE10FA00F343859FEDC67A12
:10B3A800F4EEC77AF1EE10FA00F13B85C1ED087AA8
:10B3B800C3ED007AFFF7BBB9C3E908AA009B082BC5
:10B3C8007FF47DAD4FF0000AAF4804E00AF1010AAE
:10B3D800C24500F07B845CF83A308342F6D10CEB2E
:10B3E800CA0A0AF1040A72B600230362C36162B68C
:10B3F800CAF80030D368052B7FF47DAD2468002C93
:10B408004FD0A24BB6EE087AD4F80051D3ED007AAB
:10B4180067EE877A002D00F0C78700239C4803E079
:10B428000133AB4200F09D8554F833108142F7D1C7
:10B4380004EBC303043393ED007AF4EE477AF1EE9C
:10B4480010FA13D09FED9B7AF4EEC77AF1EE10FA5A
:10B4580000F36B879FED987AF4EEC77AF1EE10FA55
:10B4680000F16387C0ED087AC3ED007A00238949AB
:10B4780003E001339D4200F01F8654F833008842F0
:10B48800F7D104EBC3030433DFED8C7A93ED007A34
:10B49800B4EE677AF1EE10FA03D0C1ED087AC3ED85
:10B4A800007A4FF48033BB61FFF741B92168A1B33B
:10B4B800764B9FED797AD3ED007AD1F8006167EE8B
:10B4C800877A002E00F074870023744803E0013364
:10B4D8009E4200F09D8551F833408442F7D101EB3C
:10B4E800C303043393ED007AF4EE477AF1EE10FAD1
:10B4F80013D09FED707AF4EEC77AF1EE10FA00F3EC
:10B50800F8869FED6D7AF4EEC77AF1EE10FA00F145
:10B51800F086C0ED087AC3ED007A4CF6CC43EB61B7
:10B52800FFF705B92168002900F09480574E9FED78
:10B538005C7AD6ED007AD1F8004127EE877A002CA4
:10B5480000F034870023574803E00133A34200F09A
:10B558003B8551F833708742F7D101EBC3030433BD
:10B56800D3ED006AB4EE667AF1EE10FA00F0538477
:10B57800DFED507AB4EEE77AF1EE10FA00F3BD860B
:10B58800DFED4D7AB4EEE77AF1EE10FA00F1B58608
:10B5980080ED087A83ED007AB5EE007AD6ED007A70
:10B5A80067EE877A0023404803E00133A34200F0A6
:10B5B800708551F833708742F7D101EBC303043328
:10B5C80093ED007AB4EE677AF1EE10FA19D09FED98
:10B5D800397AF4EEC77AF1EE10FA00F39E869FED01
:10B5E800367AF4EEC77AF1EE10FA00F19686C0EDDD
:10B5F800087AB5EE007AC3ED007AD6ED007A67EEE8
:10B60800877A0023294803E001339C4240F2CB8427
:10B6180051F833608642F7D101EBC303043393ED4D
:10B62800007AB4EE677AF1EE10FA13D09FED217A22
:10B63800F4EEC77AF1EE10FA00F367869FED1E7AF2
:10B64800F4EEC77AF1EE10FA00F15F86C0ED087AE1
:10B65800C3ED007A4CF6CC43AB61FFF768B82168BC
:10B66800002955D0094BB5EE007AD1F80061D3ED29
:10B67800007A67EE877A002E00F09E8600230C4839
:10B6880024E000BF98FA002080F9002054E9002047
:10B6980070FA0020A8F900209A99993ED0F9002064
:10B6A8003D0AD73E08F90020E0F8002030F90020D4
:10B6B800F8F9002000FEFF4600FEFFC66666E63E7B
:10B6C8001F856B3F01339E4200F05C8451F8334084
:10B6D8008442F7D101EBC303043393ED007AF4EE0F
:10B6E800477AF1EE10FA13D01FED0E7AF4EEC77A0E
:10B6F800F1EE10FA00F3F9851FED117AF4EEC77A2E
:10B70800F1EE10FA00F1F185C0ED087AC3ED007A88
:10B718004FF400432B62FFF70AB82468002C3FF46B
:10B7280006A8D6ED007A1FED1B7AD4F8005167EE13
:10B73800877A002D00F0D483002303E001339D4273
:10B7480000F0CC8354F833008842F7D104EBC304EB
:10B75800231D13E624689CB3D6ED007A1FED287AE2
:10B76800D4F8006167EE877A002E00F01B8600236C
:10B77800D04803E00133B34200F0D28354F83310C9
:10B788008142F7D104EBC303043393ED007AF4EE5E
:10B79800477AF1EE10FA13D09FEDC77AF4EEC77A24
:10B7A800F1EE10FA00F39D859FEDC47AF4EEC77AA6
:10B7B800F1EE10FA00F19585C0ED087AC3ED007A34
:10B7C8004FF4004142F614636962CBF81830FEF773
:10B7D800AEBF72B600230362C36162B62368FEF788
:10B7E800F8BD72B600230362C36162B6FEF79DBF5F
:10B7F80072B600230362C36162B62368FEF7C8BD50
:10B8080072B600230362C36162B6FEF79FBB72B6CD
:10B8180000230362C36162B6FEF77EBB72B60023E3
:10B828000362C36162B6FEF7B9BE72B60023036253
:10B83800C36162B62368FEF789BD72B6002303624E
:10B84800C36162B6FEF70BBE72B600230362C36122
:10B8580062B62368FEF795BB72B600230362C36124
:10B8680062B6FEF716BE72B600230B62CB6162B6F3
:10B87800FEF741BFB8F1200F009000F002814FEAB7
:10B88800C80308F1010A181D019303460198BFEE89
:10B89800007A4CF8381063446044D04680ED017A51
:10B8A800CCF800A1FFF7E3BA9FED836AB4EEC67A3D
:10B8B800F1EE10FA00F3FE819FED806AB4EEC67ACD
:10B8C800F1EE10FA00F1F68180ED087AFEF7B2BCCD
:10B8D800DFED796AB4EEE67AF1EE10FA00F3C7818B
:10B8E800DFED766AB4EEE67AF1EE10FA00F1BF8188
:10B8F80080ED087A9FED727A4D46DFF8C8E167EE71
:10B90800877AFEF7D5BD9FED6C7AF4EEC77AF1EE33
:10B9180010FA00F3BF819FED697AF4EEC77AF1EE71
:10B9280010FA00F1B781C0ED087AFEF775BB9FEDFC
:10B93800627AF4EEC77AF1EE10FA00F39F819FED78
:10B948005F7AF4EEC77AF1EE10FA00F19781C1ED53
:10B95800087AFEF764BE9FED587AF4EEC77AF1EEE6
:10B9680010FA00F39F819FED557AF4EEC77AF1EE55
:10B9780010FA00F19781C0ED087AFEF7C3BC9FED7D
:10B988004E7AF4EEC77AF1EE10FA00F37B819FED60
:10B998004B7AF4EEC77AF1EE10FA00F17381C0ED3C
:10B9A800087AFEF784BB9FED446AB4EEC67AF1EEDE
:10B9B80010FA00F373819FED416AB4EEC67AF1EE96
:10B9C80010FA00F16B8180ED087AFEF768BC9FEDF4
:10B9D8003A7AF4EEC77AF1EE10FA00F34B819FED54
:10B9E800377AF4EEC77AF1EE10FA00F14381C0ED30
:10B9F800087AFEF79FBF9FED307AF4EEC77AF1EE32
:10BA080010FA00F353819FED2D7AF4EEC77AF1EE28
:10BA180010FA00F14B81C0ED087AFEF7EFBC9FEDFC
:10BA2800267AF4EEC77AF1EE10FA00F32F819FED33
:10BA3800237AF4EEC77AF1EE10FA00F12781C0ED0F
:10BA4800087AFEF727BE9FED1C6AF4EEC66AF1EE8F
:10BA580010FA00F333819FED196AF4EEC66AF1EE2D
:10BA680010FA00F12B81C0ED086AFEF7C0BE154B35
:10BA780046F26660C3E906000020C3E90800FFF744
:10BA88001EBA9FED0D7AF4EEC77AF1EE10FA00F3C4
:10BA980019819FED0A7AF4EEC77AF1EE10FA00F1F7
:10BAA8001181C1ED087AFFF7FDB981ED087AFFF73A
:10BAB800F7B900BF80F9002000FEFF4600FEFFC670
:10BAC8006666E63E40320120BCF1200F00F0B681E8
:10BAD8004FEACC010CF101080B1D46F83C0031443B
:10BAE800DFF880C53344C1F804C0C6F80081FFF709
:10BAF8003DB9BCF1200F00F0CB814FEACC010CF12D
:10BB080001080B1D46F83C003144DFF858C53344A2
:10BB1800C1F804C0C6F80081FEF798BFB8F1200F3D
:10BB280000F09A8108F101034FEAC80A01930AF16B
:10BB3800040363444CF83800E244DFF82885009396
:10BB4800019BCAF80480CCF80031FFF7EDB9BCF1CD
:10BB5800200F00F06A814FEACC010CF101080B1D9F
:10BB680046F83C003144DFF8FCC43344C1F804C053
:10BB7800C6F80081FEF785BFBCF1200F00F0658193
:10BB88004FEACC010CF101080B1D46F83C0031448A
:10BB9800DFF8D0C43344C1F804C0C6F80081FFF709
:10BBA8003AB9BCF1200F00F07A814FEACC000CF1D1
:10BBB8000108031D46F83C103044DFF8A8C433449C
:10BBC800C0F804C0C6F80081FEF721BFBCF1200F01
:10BBD80000F049814FEACC010CF101080B1D46F831
:10BBE8003C003144DFF87CC43344C1F804C0C6F8D3
:10BBF8000081FEF7EDBEBCF1200F00F042814FEA54
:10BC0800CC010CF101080B1D46F83C003144DFF86B
:10BC180054C43344C1F804C0C6F80081FFF7C5B85E
:10BC2800BAF1200F00F042810CEBCA03DFF834842C
:10BC38004CF83A00C3F804800AF10103CCF800314B
:10BC4800FFF74AB9BCF1200F00F014814FEACC018C
:10BC58000CF101080B1D46F83C003144DFF804C420
:10BC68003344C1F804C0C6F80081FFF7B9B8C0ED85
:10BC7800086A3FE680ED087AFEF75CBE81ED087A37
:10BC8800FEF7CDBC80ED087AFEF711BA80ED087A90
:10BC9800FEF700BD80ED087AFEF7BEB980ED086AB0
:10BCA800FEF7FDBA80ED087AFEF72CBB80ED087A26
:10BCB800FEF7A4BB80ED086AFEF7BCBA80ED086AFF
:10BCC800FEF795BD81ED087AFFF7ECB8B8F1200FC3
:10BCD80000F009824FEAC803019308F101030093B9
:10BCE800019B03F1040A019BE2444CF838006344C9
:10BCF800DFF87083C3F80480009BCCF80031FFF7AD
:10BD080072BBA94604260125CA49FEF7DBBE4FF0DF
:10BD1800010A0426C8483946FEF766BF04254FF0D5
:10BD28000109C6487146FEF7D7BF4FF0010E04203F
:10BD3800C3492B46FEF7E2BF04274FF0010AC1486A
:10BD48002946FEF71BBF04264FF0010ABE483946B4
:10BD5800FEF703BF04264FF0010ABC483946FEF738
:10BD6800A8BF4FF001094FF0040EB9482946FEF765
:10BD780018BF04234FF0010AAE49CDF8048085E5C9
:10BD880001260421B3482B46FFF7C4B94FF0010C34
:10BD98000420AB493346FFF717B901270425A94802
:10BDA8003146FFF743B904264FF0010AA648394641
:10BDB800FFF7A0B94FF0010A0426A4483946FFF757
:10BDC80056B904254FF00109A1483146FFF781B95A
:10BDD80001270421A0483346FFF738B94FF0010A7C
:10BDE800042695483946FFF700B94FF001090421A8
:10BDF8009A483346FFF74CB904210127984833463F
:10BE0800FFF756B94FF0010E04258C483146FFF76D
:10BE1800FDB8C0ED086AB5EE007A67EE877AFFF7DD
:10BE2800C1BB81ED087AFFF7C3BA72B6002303627B
:10BE3800C36162B6D3680093FEF7F8BF72B60023F9
:10BE48000362C36162B6FEF797BF72B6002303624E
:10BE5800C36162B6FEF7E5BF72B600230362C36131
:10BE680062B6FFF76CB872B600230362C36162B6AC
:10BE7800FEF7B4BD72B600230362C36162B6FEF773
:10BE8800B5BF72B600230362C36162B6FEF793BF03
:10BE980072B600230362C36162B6FEF7DDBD72B6F7
:10BEA80000230B62CB6162B6FEF7B7BD72B6002302
:10BEB8000362C36162B6FFF71AB8202D00F09E81B5
:10BEC800EB0044F8350004EBC501664F0433013537
:10BED8004F602344C4F80051FFF7DEB9202D0BD082
:10BEE80004EBC5035F4844F835105860681C0433F8
:10BEF800C4F80001FFF742BA9FED5B7AF4EEC77A07
:10BF0800F1EE10FA00F3F6809FED587AF4EEC77A56
:10BF1800F1EE10FA00F1EE80C1ED087AFEF707BCE9
:10BF2800202B00F0578104EBC6034E4944F8360035
:10BF38005960731CC4F8003104EBC603043324E4CD
:10BF4800202D00F03381EB0044F8350004EBC501E7
:10BF5800444F043301354F602344C4F80051FFF7C0
:10BF6800DEB9202D00F00E81EB0044F8350004EB1B
:10BF7800C5013C4E043301354E602344C4F80051DA
:10BF8800FFF759BA202E00F0618101EBC603354C4A
:10BF980041F836005C60731CC1F8003101EBC60340
:10BFA8000433FFF79ABB202C00F0D88001EBC403C0
:10BFB8002C4E41F834005E60631CC1F8003101EB7F
:10BFC800C4030433FFF72BBB202C00F05381E3009C
:10BFD80041F8340001EBC407DFF888C004330134AA
:10BFE800C7F804C00B44C1F80041FFF7B9BA202BC9
:10BFF80000F0188101EBC5031A4C41F835005C606C
:10C008006B1CC1F8003101EBC5030433FFF7FAB824
:10C01800202E00F0428101EBC603124C41F8360095
:10C028005C60731CC1F8003101EBC6030433FFF7F1
:10C0380059BA00BF98FA002080F9002058F900206A
:10C04800A8F9002008F90020D0F90020F8F900200C
:10C0580020FA002070FA0020E0F8002048FA0020BA
:10C0680030F90020000080BF00FEFF4600FEFFC63A
:10C07800202B3FF441AF04EBC300D84D44F83310F4
:10C088004560581C04EBC303C4F800010433FFF7F0
:10C0980075B9202C00F01381E30041F8340001EB5E
:10C0A800C407DFF838C304330134C7F804C00B44AD
:10C0B800C1F80041FFF784BA202D00F0498104EB54
:10C0C800C503C64844F8351058606B1CC4F80031E5
:10C0D80004EBC5030433FFF7D7B901200423C24694
:10C0E8000190BF4825E572B600230362C36162B6BA
:10C0F800FFF780B981ED087AFEF719BB04234FF0EA
:10C108000108B84861467FE504234FF00108B649A5
:10C1180060464FE504234FF00108B4486146F1E456
:10C1280004234FF00108B248614658E504234FF054
:10C138000108B048614628E54FF001080423AE48DD
:10C14800614688E504234FF00108AC48614607E5DD
:10C1580004234FF00108AA486146BEE49FEDA97A7E
:10C16800F4EEC77AF1EE10FA00F3FA809FEDA67AA2
:10C17800F4EEC77AF1EE10FA00F1F280C0ED087A19
:10C18800FFF768BA9FED9F7AF4EEC77AF1EE10FADE
:10C1980000F3FE809FED9C7AF4EEC77AF1EE10FA78
:10C1A80000F1F680C0ED087AFFF760B99FED957A47
:10C1B800F4EEC77AF1EE10FA00F3DE809FED927A82
:10C1C800F4EEC77AF1EE10FA00F1D680C0ED087AE5
:10C1D800FFF7C6B89FED8B7AF4EEC77AF1EE10FA46
:10C1E80000F3DA809FED887AF4EEC77AF1EE10FA60
:10C1F80000F1D280C0ED087AFFF7E2BA9FED817AAC
:10C20800F4EEC77AF1EE10FA00F3BA809FED7E7A69
:10C21800F4EEC77AF1EE10FA00F1B280C0ED087AB8
:10C22800FFF75BB89FED777AF4EEC77AF1EE10FA74
:10C2380000F392809FED747AF4EEC77AF1EE10FA6B
:10C2480000F18A80C0ED087AFEF7F7BF9FED6D7A9E
:10C25800F4EEC77AF1EE10FA00F38A809FED6A7A5D
:10C26800F4EEC77AF1EE10FA00F18280C0ED087A98
:10C27800FFF74EBADFED636AB4EEE67AF1EE10FA34
:10C288003FF7C7ADDFED606AB4EEE67AF1EE10FA7B
:10C298003FF5BFAD80ED087ABDE59FED5A7AF4EE23
:10C2A800C77AF1EE10FA5FDC9FED577AF4EEC77AA1
:10C2B800F1EE10FA58D4C0ED087AFFF72EB99FEDC9
:10C2C800517AF4EEC77AF1EE10FA5DDC9FED4E7A02
:10C2D800F4EEC77AF1EE10FA56D4C0ED087AFFF7FB
:10C2E80090B980ED087AFFF769BA80ED087AFFF710
:10C2F8000DBA80ED087AFFF70EB9C0ED087AFFF79E
:10C3080049B980ED087AFEF7E0BF80ED087AFFF7BB
:10C318009FB980ED087AFEF78EBF80ED087AFFF7A7
:10C3280068B980ED087AFFF713B880ED087AFFF74F
:10C338009BB8D4F800C0DCF80081B8F1000F7FF496
:10C3480041A801234FF0040A3048CDE90038CAE477
:10C358002F4B0B62FFF7A5B880ED087AFEF76DBF8B
:10C3680080ED087AFFF776B980ED087AFFF7D5B83F
:10C3780080ED087AFFF7CCB980ED087AFEF7F0BFB8
:10C3880080ED087AFEF7A9BF80ED087AFFF739B982
:10C3980080ED087AFFF76AB880ED087AFFF710BADF
:10C3A8001C4827E61948BEE50D48DDE50D480EE6B0
:10C3B8000F4830E60D4883E51148E6E5B0EE677AA8
:10C3C800BEEEC87A17EE103AFEF774B9B0EE677A87
:10C3D800BEEEC87A17EE101AFDF763BD000080BFE5
:10C3E80070FA002008F90020A8F9002020FA00209F
:10C3F800D0F9002030F90020E0F8002048FA0020A9
:10C40800F8F9002000FEFF4600FEFFC680F9002074
:10C418006666E63E58F90020082800D970471A4B8E
:10C428005A7A10B5044612B1DA6882421AD001214C
:10C4380093F84520DC60597202B910BD06211348F3
:10C448001FF04AFB124B53F8244034B1204622F027
:10C4580087FA014620461FF03FFB0E48BDE8104012
:10C468001CF066B800204FF0FF3193F84520587251
:10C47800D960002AE1D0082107481FF02DFB0548A4
:10C48800BDE810401CF054B86C1101207C14002049
:10C49800B8EB002090D400207014002070B5054639
:10C4A8000E4601F001FF002866D083680446B342B7
:10C4B8002ADCC368B34227DB43690121826919700A
:10C4C800C36916600BB130469847324B93F8453034
:10C4D800002B3CD1042130481FF0FEFA246834B107
:10C4E800204622F03DFA014620461FF0F5FA0121C8
:10C4F8002A481FF0F1FA314629481CF00DF828485F
:10C50800BDE870401CF014B8122126481FF0E4FA68
:10C51800256835B1284622F023FA014628461FF03F
:10C52800DBFA012120481FF0D7FA31461C481BF0DE
:10C53800F3FF07211D481FF0CFFAA16818481BF028
:10C54800EBFF01211A481FF0C7FAE168D4E7256814
:10C5580035B1284622F004FA014628461FF0BCFAF5
:10C56800022114481FF0B8FA31460D481BF0D4FFD9
:10C578000B481BF0DDFFADE713210F481FF0ACFAA5
:10C58800002DBCD0284622F0EBF9014628461FF0C2
:10C59800A3FAB4E76C1101208C2B0020A41A002008
:10C5A80090D40020702B002004270020842B00202A
:10C5B80084160020FC1D00205C2B002070B504466A
:10C5C800FDF712FC601E042800F2B480DFE800F0DA
:10C5D800174D6D8903003C215E48FFF75FFF052179
:10C5E8005D48FFF75BFF4FF4FA715C48FFF756FFB1
:10C5F8005B4B93F84530002B40F08C8070BD584C55
:10C60800002501263C215348E5606672FFF746FF86
:10C6180005215148FFF742FF50484FF4FA71FFF7E0
:10C628003DFF31464F48FFF739FF4F480221FFF7DA
:10C6380035FF29464D48FFF731FF29464C48FFF79B
:10C648002DFF94F84530002BD8D0282149481FF0F9
:10C6580043FA49481BF06CFF0D2148481FF03CFA8B
:10C668004548BDE870401BF063BF01233C4C3C21AA
:10C6780038482370A371FFF711FF00213648FFF7F0
:10C688000DFF94F84530002BB8D022213C481FF00C
:10C6980023FA39481BF04CFF15213A481FF01CFAC1
:10C6A8003548BDE870401BF043BF2D4B01220624DE
:10C6B800354893F845105A72DC601A74586200299C
:10C6C8009CD0212131481FF007FA2B481BF030FF7E
:10C6D80021212F481FF000FA2748BDE870401BF0C1
:10C6E80027BF1F4B0120052193F845205872D960B8
:10C6F800002A83D0232127481FF0EEF91E481BF09B
:10C7080017FF0D2124481FF0E7F91B48BDE87040CA
:10C718001BF00EBF212121481FF0DEF916481BF03F
:10C7280007FF11211E481FF0D7F91348BDE87040D4
:10C738001BF0FEBE0A4B93F84530002B3FF45EAF6A
:10C74800262118481FF0C8F90B48BDE870401BF0B7
:10C75800EFBE00BFCC190020D4190020DC1900203E
:10C768006C110120E4190020F4190020FC190020A4
:10C77800041A00200C1A002090D40020381A002037
:10C78800481A00206C1A0020CDCC4C3E841A002098
:10C79800A81A0020CC1A0020F01A0020001B002044
:10C7A800241B0020381B002008B501F0E5FD084BCC
:10C7B800002193F84520197402B908BD1D210548C8
:10C7C8001FF08AF90448BDE808401BF0B1BE00BF5D
:10C7D8006C110120681E002090D400202DE9F84338
:10C7E800242172481FF078F9714E724800241BF01A
:10C7F8009FFE142170481FF06FF996F844206F4B84
:10C80800002A6F486F4F12BF052106211846DFF82E
:10C81800E8911FF061F967481BF08AFE0D216A480C
:10C828001FF05AF96348DFF8D4811BF081FE0EE04F
:10C83800F368A34204F101040ABF04210C216046F5
:10C848001FF04AF95B481BF073FE092C28D002211F
:10C8580048461FF041F957F8045F28462DB122F0E9
:10C868007FF8014628461FF037F9022140461FF09D
:10C8780033F9737ADFF888C15448514D4F4A002B79
:10C88800D6D1335D0134002B15BF0521062128467A
:10C8980010461FF021F947481BF04AFE092CD6D153
:10C8A80015214B481FF018F942481BF041FE01F0D2
:10C8B80095FD337C43B9242146481FF00DF93D48C6
:10C8C800BDE8F8431BF034BE162143481FF004F9B5
:10C8D80038481BF02DFE0B2140481FF0FDF896ED5F
:10C8E800050A02213348B7EEC00A1BF051FE314851
:10C8F8001BF01EFE0C213A481FF0EEF896ED060AD2
:10C9080002212C48B7EEC00A1BF042FE29481BF052
:10C918000FFE0C2133481FF0DFF896ED070A0221BD
:10C928002448B7EEC00A1BF033FE22481BF000FE75
:10C938000B212D481FF0D0F896ED080A02211D485A
:10C94800B7EEC00A1BF024FE1A481BF0F1FD0E21B9
:10C9580026481FF0C1F896ED0A0A02211548B7EEDD
:10C96800C00A1BF015FE13481BF0E2FD0E212048FB
:10C978001FF0B2F896ED0B0A02210E48B7EEC00A76
:10C988001BF006FE0B481BF0D3FD0F2119481FF0C2
:10C99800A3F896ED0D0A02210648B7EEC00A1BF06F
:10C9A800F7FD04481BF0C4FD85E700BF441D0020C7
:10C9B8006C11012090D400206C1D0020341D002033
:10C9C8003C1D0020B4EB0020481E00201C1D002048
:10C9D800881D0020201E0020A01D0020B81D00205A
:10C9E800C41D0020D41D0020E41D0020F01D0020DF
:10C9F800001E0020101E0020841D0020FC1D0020A9
:10CA08002C1D002010B5104C104A94F840301268C4
:10CA180083F0010384F840300AB182F8A53013216D
:10CA28000B481FF059F894F840200A4B002A0A488E
:10CA380012BF0221032118461FF04EF80748BDE82F
:10CA480010401BF075BD00BF6C110120783001202B
:10CA5800FC2B00205C1800206018002090D40020D7
:10CA680010B5104C0D21104894F8443083F00103A0
:10CA780084F844301FF030F894F844200B4B002A17
:10CA88000B4812BF0221184603211FF025F8094858
:10CA98001BF04EFD084B1B681BB194F8442083F82B
:10CAA800A42010BD6C110120581E00205C18002025
:10CAB8006018002090D400209855012010B5114C22
:10CAC8002221114894F8413083F0010384F8413061
:10CAD8001FF002F894F841200C4B002A0C4812BFB2
:10CAE8000221032118461EF0F7FF0A481BF020FD1B
:10CAF800422109481EF0F0FF0648BDE810401BF02F
:10CB080017BD00BF6C110120942B00205C18002079
:10CB18006018002090D40020B82B002010B5114CCC
:10CB28002621114894F8423083F0010384F84230FA
:10CB38001EF0D2FF94F842200C4B002A0C4812BF7A
:10CB48000221032118461EF0C7FF0A481BF0F0FC1B
:10CB5800462109481EF0C0FF0648BDE810401BF0FA
:10CB6800E7BC00BF6C110120302C00205C180020AD
:10CB78006018002090D40020582C002010B5114CCB
:10CB88002621114894F8433083F0010384F8433098
:10CB98001EF0A2FF94F843200C4B002A0C4812BF49
:10CBA8000221032118461EF097FF0A481BF0C0FC1B
:10CBB800462109481EF090FF0648BDE810401BF0CA
:10CBC800B7BC00BF6C110120A02C00205C1800200D
:10CBD8006018002090D40020C82C00202DE9F047D0
:10CBE8001EF0F8FF624B1B78002B00F0A580614B0C
:10CBF8001B78DB0740F1A0805F4B604A1B68126816
:10CC08009B1A0E2B40F298801EF0FCFE002800F0C4
:10CC180093805B4D1EF03AFFC4B22B78002B78D17D
:10CC2800212C00F0E281A4F10A036E2B00F2868029
:10CC3800DFE813F08200840084008200840084000E
:10CC480084008400840084008400840084008400BC
:10CC580084008400840084008400840084008400AC
:10CC6800840084008400840084008400840084009C
:10CC7800840084008400840084008400840084008C
:10CC88008400D701D30184008400840084008400D8
:10CC98008400840084008400840084008400B2003E
:10CCA80084008400CF01CB01C70184008400C30144
:10CCB800B200BC0184009B0192018B0184008401B5
:10CCC8006C018400680164018400580184008400B8
:10CCD800400184008400840084008400840084006F
:10CCE80084008400CF01CB01C70184008400C30104
:10CCF800B200BC0184009B0192018B018400840175
:10CD08006C01840068016401840058018400840077
:10CD180040010A2C05D0A4F10D06B6FA86F676096C
:10CD2800E6B1184C002218482378C254002B40F072
:10CD3800C18100232B702370BDE8F08712211348AE
:10CD48001EF0CAFE20461EF0B1FE142110481EF047
:10CD5800C3FE1048BDE8F0471BF0EABB094F3B781B
:10CD68003E2B00F24781591C074A3970D454E3E737
:10CD7800277B0120267B01200060012048600120DC
:10CD8800017B0120027B01207CF50020242B002060
:10CD9800382B002090D4002018219B481EF09CFEC0
:10CDA8009A481BF0C5FB1E2199481EF095FE97482E
:10CDB8001BF0BEFB1E2197481EF08EFE93481BF009
:10CDC800B7FB222194481EF087FE90481BF0B0FB69
:10CDD800222192481EF080FE8C481BF0A9FB1621E8
:10CDE8008F481EF079FE89481BF0A2FB19218D4857
:10CDF8001EF072FE85481BF09BFB18218A481EF026
:10CE08006BFE82481BF094FB472188481EF064FEA5
:10CE18007E481BF08DFB362185481EF05DFE7B4861
:10CE28001BF086FB212183481EF056FE77481BF035
:10CE38007FFB372180481EF04FFE74481BF078FBBB
:10CE480034217E481EF048FE70481BF071FB2D21EE
:10CE58007B481EF041FE6D481BF06AFB2021794893
:10CE68001EF03AFE69481BF063FB472176481EF026
:10CE780033FE66481BF05CFB282174481EF02CFE2C
:10CE880062481BF055FB162171481EF025FE5F48CD
:10CE98001BF04EFB3F216F481EF01EFE5B481BF047
:10CEA80047FB17216C481EF017FE5848BDE8F047AD
:10CEB8001BF03EBB694B1B6823B193F82030002B55
:10CEC80040F07181664B002241F288311868F9F709
:10CED800D5FF242163481EF0FFFD4C48BDE8F0470C
:10CEE8001BF026BB604B0022372160481A701EF0E9
:10CEF800F3FD4648BDE8F0471BF01ABBBDE8F04714
:10CF08000CF0CCBCBDE8F047FFF7AABD584C252172
:10CF18005848237883F0010323701EF0DDFD227842
:10CF2800554B002A554812BF0221032118461EF00E
:10CF3800D3FD3648BDE8F0471BF0FABA50489FEDDC
:10CF4800510ABDE8F047FCF72DBAB6EE080A4E487C
:10CF5800BDE8F047FCF726BA404B1B68002B3FF4AE
:10CF6800EBAEBDE8F047FCF757BA484C20680028FC
:10CF78003FF4E2AE90F8A15085F00105294604F08F
:10CF88000FFD0D2142481EF0A7FD002D414B4248E0
:10CF980012BF1121132118461EF09EFD1B481BF0DD
:10CFA800C7FA2068BDE8F04705F038BA3B489FED5E
:10CFB8003C0ABDE8F047FCF7F5B93A4C14213A4869
:10CFC800A7E7BDE8F047FFF71DBDBDE8F047FFF74D
:10CFD80005BCBDE8F047FFF771BDBDE8F047FFF7B6
:10CFE800CDBDBDE8F047FFF799BD01212F4A297053
:10CFF8001370A1E612212E481EF06EFD03481BF0A7
:10D0080097FA2E703E7097E6E427002090D400200F
:10D018000028002020280020402800206428002024
:10D0280088280020A0280020BC280020D82800201C
:10D0380020290020582900207C290020B42900201C
:10D04800EC2900201C2A0020402A0020882A0020E1
:10D05800B42A0020CC2A00200C2B00207830012094
:10D06800B4FB002090270020147B012030270020EB
:10D07800EFEB0020E02600205C180020601800205C
:10D088001827002048E17A3F10270020A42F01200C
:10D0980080270020482400205C2400200827002046
:10D0A800CDCC4C3E087B012068270020027B012064
:10D0B800CC260020A34921F031FA064600283FF487
:10D0C80038AE10F085FE00287FF433AE9E49304616
:10D0D80021F0AAFA074600284FD09C49304621F093
:10D0E800A3FA0746002867D09949304621F09CFAF0
:10D0F800002800F0AD809749304621F095FA0028C5
:10D1080000F0CC809449304621F08EFA002800F0D7
:10D11800EE809249304621F087FA0746002800F051
:10D1280045818F49304621F07FFA002800F09A8126
:10D138008C49304621F078FA002800F0C7818A49E6
:10D14800304621F071FA002800F0BD818749304649
:10D1580021F06AFA002800F0C7818549304621F09D
:10D1680063FA002840F0BD8140F2031181481EF0A7
:10D17800B3FC81481BF0DCF9DBE5724921F0CEF9FC
:10D1880006467049384621F0C9F9002E7ED000289D
:10D198007CD020F02FFA01463046FFF77FF9774B15
:10D1A80001221A70C5E52B2175481EF095FC7248BE
:10D1B800BDE8F0471BF0BCB9624921F0AFF903465E
:10D1C800384660491F4621F0A9F98046002F00F033
:10D1D8008680002800F08380384601F031F8061E6A
:10D1E800C0F243814046DFF8A89120F003FAB0F17D
:10D1F800000819F8062018BF4FF0010842450DD065
:10D20800F6B2082E0AD819F8062082F0010209F8A9
:10D21800062099F84520002A40F03681574B012610
:10D22800092158481E701EF057FC384621F098FB1B
:10D23800014638461EF050FC314653481EF04CFC5F
:10D2480041464D481BF068F94B481BF071F970E5F1
:10D258003C4921F063F90646002800F03A814B4921
:10D2680021F0E2F900284CD1494B5A7A1AB14FF013
:10D27800FF325872DA600D2146481EF02DFC3E48F8
:10D288001BF056F93D4B01221A7052E5192142480C
:10D298001EF022FC38481BF04BF94AE5294921F0D9
:10D2A8003DF90646002800F0258100F0E1FF00283E
:10D2B800C0F21D81C0B2FFF781F9304B01220B216A
:10D2C80036481A701EF008FC304621F049FB01462A
:10D2D80030461EF001FC28481BF02AF929E51B21DD
:10D2E8002F481EF0F9FB24481BF022F921E5FFF72F
:10D2F8005BFA09212B481EF0EFFB1F481BF018F9B9
:10D3080017E5304600F09CFF0028C0F2FB80DFF8EC
:10D31800809099F809201AB1D9F80C30984202D0B7
:10D32800C0B2FFF779F809211F481EF0D5FB304637
:10D3380021F016FB014630461EF0CEFB0E481BF0CE
:10D34800F7F89FE704270020F82100208C2400200C
:10D358002C1D0020082500204C25002060250020D9
:10D3680074250020802500208C2500209825002089
:10D37800A8250020B025002090D40020157B01208E
:10D38800B8270020502B0020A41A0020E4240020F5
:10D398006C110120EC24002070240020402500207E
:10D3A8009424002054250020FC2400200120FCF7B0
:10D3B800E3F810F0EDFC3946544818F0DBF939462B
:10D3C800534818F0D7F93946524818F0D3F9394676
:10D3D800514818F0CFF93946504818F0CBF939467A
:10D3E8004F4818F0C7F939464E4818F0C3F939467E
:10D3F8004D4818F0BFF939464C4818F0BBF9394682
:10D408004B4818F0B7F939464A4818F0B3F94A4872
:10D41800394618F0AFF9494B186808B1F6F700FB20
:10D42800474B186808B117F007FB464B186808B156
:10D4380004F016FE444B186808B111F087FA434B04
:10D44800186808B1FBF7ACFE17F060FE10F042F95F
:10D45800FCF7A8FA09213E481EF03EFB3D481BF0A8
:10D4680067F866E401F02EF963E413213A481EF0E8
:10D4780033FB384621F074FA014638461EF02CFB7F
:10D4880034481BF055F854E4344A52F826A0BAF14F
:10D49800000F06D0504621F063FA014650461EF0B0
:10D4A8001BFB19F806202E4B2E4E002A08BF1E46DD
:10D4B800304621F055FA014630461EF00DFB25484E
:10D4C8001BF036F8AAE601F097F832E400F0DCFF2A
:10D4D8002FE41D2124481EF0FFFA1E481BF028F8EF
:10D4E80027E415212148EDE601F0C0F821E41421D4
:10D4F8001F48E7E616211F481EF0EEFA15481BF0F4
:10D5080017F816E413211448DCE600BF6030012048
:10D51800AC5601200860012090270120F4FA002071
:10D52800E42F012030300120540901204CFB002059
:10D538006CFB00203CFB002014070120CCFA0020E3
:10D548006C460120A42F01202C35012088100120D1
:10D558006825002090D40020B0240020B8EB0020DB
:10D56800081D0020141D0020C4240020B42600201B
:10D578002825002010250020014B1860704700BFA7
:10D5880070EB0020014B1860704700BFA8560120BF
:10D59800014B1860704700BF7C550120014B186093
:10D5A800704700BF64090120014B1860704700BF35
:10D5B80068090120024B1B680BB183F84D027047C4
:10D5C800683C0120024B1B680BB183F84E02704780
:10D5D800683C0120024B1B680BB183F84F0270476F
:10D5E800683C0120024B1B680BB183F8F9027047B5
:10D5F800683C0120014B1870704700BFE4EB002025
:10D60800014B1870704700BFE6EB0020014B187003
:10D61800704700BFE7EB00200038024B18BF01201D
:10D6280018707047057B0120014B83F8E4007047B0
:10D6380044540120024B1B680BB183F8CC0070479F
:10D648006C460120044B1B682BB10428A8BF4FF07F
:10D65800FF3083F8A2007047A42F0120074B1B68F6
:10D668004BB1012808D0A0F10200B0FA80F04009BF
:10D67800000183F8A40070470820FAE7A42F0120CE
:10D68800054B1B6823B120B94FF0FF3083F8A30086
:10D698007047013840B2F9E7A42F0120034B1B68FB
:10D6A8001BB1003818BF0120187670477C30012064
:10D6B800034B1B681BB1003818BF01205876704710
:10D6C8007C300120034B1B681BB1003818BF0120B8
:10D6D800987670477C300120034B1B681BB10038DB
:10D6E80018BF0120D87670477C300120034B1B6897
:10D6F8001BB1003818BF0120187770477C30012013
:10D70800034B1B681BB1003818BF012058777047BE
:10D718007C300120034B1B681BB1003818BF012067
:10D728001873704788100120014B1868704700BFB4
:10D7380070EB0020014B1868704700BFA856012005
:10D74800014B1868704700BF78EB0020064B18683B
:10D7580048B1B6EE007AD0ED007A77EE877AFDEE22
:10D76800E77A17EE900A70472C350120034B1B68A7
:10D778000BB1187970470420704700BF2C35012081
:10D78800024B186808B190F8400070477C300120BF
:10D79800034B1B680BB1187E70470120704700BF10
:10D7A8007C300120034B1B680BB1587E7047012069
:10D7B800704700BF7C300120034B1B680BB1987E7B
:10D7C80070470120704700BF7C300120034B1B6865
:10D7D8000BB1D87E70470120704700BF7C30012014
:10D7E800034B1B680BB1187F70470120704700BFBF
:10D7F8007C300120034B1B680BB1587F7047012018
:10D80800704700BF7C300120024B186800B1007BD4
:10D81800704700BF88100120034B186810B190F8BA
:10D8280020000130704700BF88100120014B1868A4
:10D83800704700BF6C090120014B1868704700BF92
:10D848007C550120014B1868704700BF640901200E
:10D85800014B1868704700BF68090120044A054B4E
:10D8680010781B78834201D8034BD869704700BFF2
:10D878000D7B012064D3002050F30020014B187861
:10D88800704700BFE5EB0020034B1B680BB118780D
:10D898007047024B586A7047683C012050F30020DB
:10D8A800044B1B6813B193F84D027047024B986AFA
:10D8B800704700BF683C012050F30020044B1B68F0
:10D8C80013B193F84E027047024BD86A704700BFF5
:10D8D800683C012050F30020044B1B681BB193F8EF
:10D8E800EF0201307047024B186C7047683C01200A
:10D8F80050F30020044B1B6813B193F8F9027047EA
:10D90800024B586C704700BF683C012050F3002060
:10D91800014B1878704700BFE4EB0020014B1878E2
:10D92800704700BFE6EB0020014B1878704700BF36
:10D93800E7EB0020014B1878704700BF167B0120E9
:10D94800014B1878704700BF0C7B0120014B1878F9
:10D95800704700BF067B0120014B1878704700BF55
:10D96800057B0120024B186808B190F8A1007047A8
:10D97800A42F0120014BD3F8E400704750F3002096
:10D98800054B1B682BB193F9CC000028B8BF0F20BA
:10D9980070470F20704700BF6C460120064B1B687C
:10D9A80033B193F9CD000028ACBF01300020704797
:10D9B800024B986F704700BF6C46012050F300205F
:10D9C800064B1B682BB193F9A2000028B8BF0420AE
:10D9D8007047034BD3F88000704700BFA42F012085
:10D9E80050F30020094B1B6863B193F8A400082882
:10D9F80006D0A0F11000B0FA80F04009400070474E
:10DA080001207047024BD3F884007047A42F0120EF
:10DA180050F30020064B1B6833B193F9A30000288C
:10DA2800ACBF013000207047024BD3F88800704724
:10DA3800A42F012050F30020054B186838B190ED51
:10DA4800200ADFED047A20EE270A1FF02FBA70476C
:10DA5800881001200000C842034B186818B190EDE7
:10DA68000B0A1FF023BA704788100120074B084A99
:10DA78001B68D2F8E0003BB193ED1E0ADFED057A92
:10DA880020EE270A1FF012BA704700BF98550120F0
:10DA980050F300200000C842074B1B683BB193EDD0
:10DAA800190ADFED067A20EE270A1FF0FFB9044BAA
:10DAB800D3F8CC00704700BF985501200000F04211
:10DAC80050F30020064B074A1B68506E3BB193ED9C
:10DAD8001B0ADFED057A20EE270A1FF0E7B9704729
:10DAE800C833012050F300200000C842044BDFED8A
:10DAF800057A93ED490A20EE270A1FF0D7B900BF2F
:10DB0800DC0501200000C842024B93ED4A0A1FF0D1
:10DB1800CDB900BFDC050120094B82B01B6801901C
:10DB280063B107EE900A9FED070A07211846F8EE41
:10DB3800E77A87EE800A02B017F0A4BC02B07047FB
:10DB4800985501200000C842094B82B01B6801901B
:10DB580063B107EE900A9FED070A03211846F8EE15
:10DB6800E77A87EE800A02B017F08CBC02B07047E3
:10DB7800985501200000F042034B01461B6813B181
:10DB88001846FBF70BBC704788100120034B014671
:10DB98001B6813B11846FBF7FBBB704788100120C0
:10DBA800034B01461B6813B11846FBF7EBBB7047E4
:10DBB80088100120034B1B681BB1C1B218460FF037
:10DBC800D3BC70477C300120044B1B6823B1C1B221
:10DBD8005A79184610F016BF704700BF2C3501203F
:10DBE800074B82B01B6801903BB107EE900A1846BC
:10DBF800B8EEE70A02B010F0E7BE02B0704700BF07
:10DC08002C350120084B094A1B68106053B107EEF8
:10DC1800900A9FED070A1846F8EEE77A80EE270A81
:10DC280010F0D2BE704700BF2C35012078EB0020E1
:10DC380000606A47044B1B682BB1011E184618BFC9
:10DC4800012103F0ADBE7047A42F0120074B1B68CC
:10DC580053B120B94FF0FF31184617F065B8411E8F
:10DC6800184649B217F060B8704700BF6C460120EB
:10DC7800044B054A1B68107013B1184617F03CB8DE
:10DC8800704700BF6C460120167B0120003818BF82
:10DC98000120F4F787BB00BFC0B2F4F767BB00BF31
:10DCA800034B1B681BB1C1B2184613F037BE70474F
:10DCB800683C0120034B1B681BB1C1B2184612F027
:10DCC800BBB87047683C012000EE100A0248B8EE65
:10DCD800C00A01F039B900BFDC05012000EE100AC6
:10DCE800DFED047A0448B8EEC00A80EE270A01F096
:10DCF80011B900BF0000C842DC050120C0B208B558
:10DD0800054B187017F030F8044B186818B1BDE8C7
:10DD18000840F6F73BBE08BDE5EB0020B4FB002049
:10DD280008B5084B084A1B6810601BB1C1B21846F9
:10DD3800F7F74EFA054B186818B1BDE8084012F01D
:10DD480089BE08BDB4FB00206C090120683C012095
:10DD580010B50A4C206880B100210FF00DFE206834
:10DD680001210FF009FE206802210FF005FE20684E
:10DD78000321BDE810400FF0FFBD10BDC8330120DE
:10DD880010B50B4C206830B104210FF0F5FD0521CA
:10DD980020680FF0F1FD074B186840B1FF234FF0E2
:10DDA800FF3180F8CC30BDE8104016F0BDBF10BD83
:10DDB800C83301206C460120064B1B68012B00D09C
:10DDC8007047054B1B68002BFAD0C1B21846F8F70C
:10DDD8007FBE00BF68090120B4FB002008B50A4BCC
:10DDE8001B6823B193F94F02002803DB08BD074BDA
:10DDF800186B08BD93ED920ADFED057A20EE270A2D
:10DE08001FF054F840B208BD683C012050F30020D0
:10DE18000000C842064B074A1B68106E3BB193EDE1
:10DE28001A0ADFED057A20EE270A1FF03FB870477F
:10DE3800C833012050F300200000C842064B074AAF
:10DE48001B68906E3BB193ED1C0ADFED057A20EE5E
:10DE5800270A1FF02BB87047C833012050F3002061
:10DE68000000C842064B074A1B68506B3BB193ED54
:10DE78001D0ADFED057A20EE270A1FF017B8704754
:10DE8800C833012050F300200000C842064B074A5F
:10DE98001B68506F3BB193ED1E0ADFED057A20EE4B
:10DEA800270A1FF003B87047C833012050F3002039
:10DEB8000000C842074B084A1B68D2F8C0003BB1B3
:10DEC80093ED160ADFED057A20EE270A1EF0EEBF65
:10DED800704700BF9855012050F300200000C84249
:10DEE800074B084A1B68D2F8C4003BB193ED170AE8
:10DEF800DFED057A20EE270A1EF0D8BF704700BF75
:10DF08009855012050F300200000C842074B084AEA
:10DF18001B68D2F8C8003BB193ED180ADFED057A0B
:10DF280020EE270A1EF0C2BF704700BF9855012097
:10DF380050F300200000C842074B084A1B68D2F87B
:10DF4800D0003BB193ED1A0ADFED057A20EE270ADF
:10DF58001EF0ACBF704700BF9855012050F3002059
:10DF68000000C842074B084A1B68D2F8D4003BB1EE
:10DF780093ED1B0ADFED057A20EE270A1EF096BF07
:10DF8800704700BF9855012050F300200000C84298
:10DF9800074B084A1B68D2F8D8003BB193ED1C0A1E
:10DFA800DFED057A20EE270A1EF080BF704700BF1C
:10DFB8009855012050F300200000C842074B084A3A
:10DFC8001B68D2F8DC003BB193ED1D0ADFED057A42
:10DFD80020EE270A1EF06ABF704700BF985501203F
:10DFE80050F300200000C842094B82B01B68019022
:10DFF80063B107EE900A9FED070A01211846F8EE73
:10E00800E77A87EE800A02B00FF098BC02B070473A
:10E01800C83301200000C842094B82B01B68019038
:10E0280063B107EE900A9FED070A00211846F8EE43
:10E03800E77A87EE800A02B00FF080BC02B0704722
:10E04800C83301200000C842094B82B01B68019008
:10E0580063B107EE900A9FED070A03211846F8EE10
:10E06800E77A87EE800A02B00FF068BC02B070470A
:10E07800C83301200000C842094B82B01B680190D8
:10E0880063B107EE900A9FED070A02211846F8EEE1
:10E09800E77A87EE800A02B00FF050BC02B07047F2
:10E0A800C83301200000C84210B50F4C82B0236865
:10E0B8000190BBB107EE900A9FED0C7A1846042137
:10E0C800F8EEE77A87EE870A8DED010A0FF036FC45
:10E0D800206838B19DED010A052102B0BDE8104065
:10E0E8000FF02CBC02B010BDC83301200000C8429C
:10E0F800094B82B01B68019063B107EE900A9FED4F
:10E10800070A08211846F8EEE77A87EE800A02B077
:10E1180017F0B8B902B07047985501200000C842FE
:10E12800094B82B01B68019063B107EE900A9FED1E
:10E13800070A00211846F8EEE77A87EE800A02B04F
:10E1480017F0A0B902B07047985501200000C842E6
:10E15800094B82B01B68019063B107EE900A9FEDEE
:10E16800070A01211846F8EEE77A87EE800A02B01E
:10E1780017F088B902B07047985501200000C842CE
:10E18800094B82B01B68019063B107EE900A9FEDBE
:10E19800070A02211846F8EEE77A87EE800A02B0ED
:10E1A80017F070B902B07047985501200000C842B6
:10E1B800094B82B01B68019063B107EE900A9FED8E
:10E1C800070A04211846F8EEE77A87EE800A02B0BB
:10E1D80017F058B902B07047985501200000C8429E
:10E1E800094B82B01B68019063B107EE900A9FED5E
:10E1F800070A05211846F8EEE77A87EE800A02B08A
:10E2080017F040B902B07047985501200000C84285
:10E21800094B82B01B68019063B107EE900A9FED2D
:10E22800070A06211846F8EEE77A87EE800A02B058
:10E2380017F028B902B07047985501200000C8426D
:10E2480070B509490024094D064601E055F8041F38
:10E25800304620F0E9F928B10134092CF6D14FF005
:10E26800FF3070BD204670BDCCC50020DC320020D8
:10E2780070B506460A490B4D0024304620F0D4F903
:10E2880048B10134062C08D055F8041F304620F058
:10E29800CBF90028F5D1204670BD4FF0FF3070BD96
:10E2A800E4240020BC370020F8B50E4F00250646B0
:10E2B8003C4608E06168303411B120F0B5F950B13E
:10E2C80001353A2D0CD02168304620F0ADF90346CF
:10E2D8003046002BEED105EB450507EB0510F8BDE0
:10E2E8000020F8BD5CDE002008B5FFF7DDFF08B1AF
:10E2F8004369187808BD00BF3A220021194810B5B3
:10E3080020F088F8184B194A03F1E80011693032F7
:10E3180043F8041F8342F9D1154CFFF719FDFFF7A5
:10E328002FFD206860B1002113F0F8FA23686422F9
:10E338004FF47F4183F8F92283F84D22A3F84E1257
:10E348000C4C206860B10021FBF71CF82068002104
:10E35800FBF71EF820680021BDE81040FBF71EB847
:10E3680010BD00BF38F400204CF300205CDE002014
:10E37800683C01208810012010B5154C3A22002174
:10E38800144820F047F8FFF7E3FCFFF7F9FC206892
:10E3980060B1002113F0C2FA236864224FF47F4170
:10E3A80083F8F92283F84D22A3F84E120A4C20680C
:10E3B80060B10021FAF7E6FF20680021FAF7E8FFCC
:10E3C80020680021BDE81040FAF7E8BF10BD00BF83
:10E3D800683C012038F40020881001202DE9F04F16
:10E3E800224C83B0224E0023224D04F13A08DFF874
:10E3F80090B0DFF890A0DFF8849005E0444506F17E
:10E40800040605F1300523D014F8017F002FF5D05C
:10E41800022158461DF060FB2B681846019333B162
:10E4280020F09EFA019B014618461DF055FB02217B
:10E4380050461DF051FB3168484604361AF06CF816
:10E4480048461AF075F844453B4605F13005DBD1DE
:10E4580013B103B0BDE8F08F082107481DF03CFB5D
:10E46800064803B0BDE8F04F1AF062B837F4002050
:10E4780050F300205CDE00203C24002090D40020D3
:10E48800841D0020FC1D00202DE9F84F4C4CDFF8BE
:10E4980060814C4F04F52E69DFF858A14A4D4B4E68
:10E4A8005AE0984701462846D4E902239142B8BF6A
:10E4B80011469942A8BF19461AF02EF80A21444875
:10E4C8001DF00AFB18F8011F28461AF025F8082144
:10E4D80040481DF001FBD4F828B0BBF1000F06D06E
:10E4E800584620F03DFA014658461DF0F5FA01213C
:10E4F80030461DF0F1FAE36A9BB10F2136481DF052
:10E50800EBFAD4F82CB0BBF1000F06D0584620F037
:10E5180027FA014658461DF0DFFA012130461DF062
:10E52800DBFA07212D481DF0D7FAD4F824B0BBF147
:10E53800000F06D0584620F013FA014658461DF041
:10E54800CBFA0121304630341DF0C6FA284604378C
:10E5580019F0EEFF4C4529D00C2150461DF0BCFAAD
:10E56800D4F800B0BBF1000F06D0584620F0F8F9F7
:10E57800014658461DF0B0FA052119481DF0ACFABD
:10E58800A168284619F0C8FF052116481DF0A4FA0D
:10E59800E168284619F0C0FF072113481DF09CFACE
:10E5A800236A002B7FF47DAF39687CE70A210F4886
:10E5B8001DF092FA0448BDE8F84F19F0B9BF00BF42
:10E5C8005CDE002050F3002090D400205019002079
:10E5D800381900204419002054190020641900201B
:10E5E8000420002028190020301900206C19002070
:10E5F80037F40020181900202DE9F843164F00249D
:10E60800DFF86090DFF86080144E0D2148461DF059
:10E6180063FA57F8045F28462DB120F0A1F90146A6
:10E6280028461DF059FA052140461DF055FA2146A5
:10E6380000230A223046013419F096FF304619F0BB
:10E6480077FF092CE1D10A2105481DF045FA034856
:10E65800BDE8F84319F06CBFD832002090D40020F0
:10E668009019002078190020881900202DE9F04120
:10E67800104DDFF84C80104F05F118060E2140466A
:10E688001DF02AFA55F8044B20462CB120F068F901
:10E69800014620461DF020FA384619F049FFB542D8
:10E6A800ECD10B2105481DF017FA0348BDE8F041ED
:10E6B80019F03EBFBC37002090D40020701B00200A
:10E6C800601B00202DE9F8432DED028B1DF010FA98
:10E6D800B0F5007F03DABDEC028BBDE8F8831B4C74
:10E6E80007211B481B4D04F52E66DFF874801A4F6E
:10E6F8001DF0F2F910E09847014618480435D4E9AE
:10E70800022330349142B8BF11469942A8BF194636
:10E7180019F002FFB44225D0012140461DF0DCF972
:10E72800D4F800904846B9F1000F05D020F018F948
:10E73800014648461DF0D0F9012138461DF0CCF9B4
:10E74800236A002BD7D12968D7E700BF5CDE0020F9
:10E758007C1B002050F30020A41A002090D4002035
:10E7680004270020C24C0621C24804F109051DF007
:10E77800B3F914F8010F3030C0B21DF097F9A54273
:10E78800F7D1BD4C0621BD481DF0A6F9637A1BB12F
:10E79800E368002B80F233820421B9481DF09CF90C
:10E7A8000E21B8481DF098F994F84410B64819F0AD
:10E7B800B3FE0B21B5481DF08FF9B54BB54CB248E7
:10E7C800197819F0A9FE2568002D47D00A21B2480A
:10E7D8001DF082F92368AC4893F8A11019F09CFE4B
:10E7E8000C21AE481DF078F900230A2295F858103C
:10E7F800A54819F0B9FE0921A9481DF06DF995F849
:10E808006210A14819F088FE0F21A6481DF064F98E
:10E8180021680A22002391F8A0109B4819F0A4FE51
:10E828000821A1481DF058F923689748D3F8941097
:10E8380019F072FE06219D481DF04EF92368924892
:10E84800D3F8981019F068FE062199481DF044F98C
:10E8580023688D48D3F89C1019F05EFE0521954871
:10E868001DF03AF9944B0321874893ED000AB7EE5F
:10E87800C00A19F08DFE0E2190481DF02DF9904B1D
:10E88800196841B191ED2C0ADFED8E7A20EE270A46
:10E898001EF00CFB01468C4C00257B4819F03CFE11
:10E8A80012218A481DF018F99FED868A94ED4C0ACA
:10E8B800C4F8305120EE080A1EF0F8FA01467248F2
:10E8C80019F02AFE122182481DF006F994ED4D0A2E
:10E8D800C4F8345120EE080A1EF0E8FA01466A48E6
:10E8E80019F01AFE7B4816F053FF7B4B1B68181A69
:10E8F80010F57A7F40F38181784BC51783FB003090
:10E90800C5EBA0150B217648764C1DF0E5F8294695
:10E918005D4819F001FE2368002B00F08580062170
:10E9280071481DF0D9F820680321C56810F036F940
:10E9380000230A22B5FBF0F1534819F015FE09210E
:10E948006A481DF0C9F80321206810F039FA00233D
:10E9580001460A224C4819F007FE2368002B63D0B1
:10E96800052163481DF0B8F823680121464893ED56
:10E97800000A4FF4C075B7EEC00A19F009FE052168
:10E988005C481DF0A9F8216800230A2209793E484D
:10E9980019F0EAFD012158481DF09EF8216800236E
:10E9A8000A224979384819F0DFFD052153481DF03E
:10E9B80093F8226853791079D1680A22B5FBF3F3EA
:10E9C80000FB03F33048B1FBF3F1002319F0CCFD51
:10E9D80006214B481DF080F823685A79D8681979C0
:10E9E8000023B5FBF2F5B0FBF5F0B0FBF1F50A2218
:10E9F80001FB1501244819F0B7FD0A2141481DF013
:10EA08006BF82368204893F82C1019F085FD0A212B
:10EA18003D481DF061F8236801211B4893ED0F0A5A
:10EA2800B7EEC00A19F0B4FD384C2368002B00F08B
:10EA380088800A2136481DF04FF82368DB69002BCF
:10EA480000F0EB801D6835B128461FF089FF0146AC
:10EA580028461DF041F80A212E481DF03DF823688C
:10EA68009FED188A93ED200A20EE080A54E000BFB3
:10EA78006B110120841B00206C1101208C1B0020CD
:10EA8800E4240020941B002090D40020A41B002024
:10EA9800157B0120A42F0120B01B0020BC1B0020E7
:10EAA800CC1B0020D81B0020E81B0020F41B0020F2
:10EAB800FC1B0020041C002044E900200C1C002042
:10EAC8006C4601200000C842DC0501201C1C002007
:10EAD800301C0020603001203CE90020D34D62103A
:10EAE800441C00202C350120501C0020581C0020FC
:10EAF800641C00206C1C0020741C0020781C002062
:10EB0800801C0020881C0020941C002088100120F4
:10EB1800A01C0020AC1C00201EF0C8F9014640488B
:10EB280019F0FAFC0B213F481CF0D6FF236893ED3F
:10EB3800210A20EE080A1EF0B9F90146384819F0F2
:10EB4800EBFC052138481CF0C7FF384B4FF4C8527E
:10EB580037491B88DFED376A02FB03F391ED007A32
:10EB68002F48012107EE903AB8EE477AF8EEE77A97
:10EB780067EEA67A87EE870AB7EEC00A19F008FD95
:10EB880008212D481CF0A8FF2C4B2548198819F09E
:10EB9800C3FC0D212A481CF09FFF2A4802F0A8FD5B
:10EBA800DFED297A20EE270A1EF080F901461C487D
:10EBB80019F0B2FC0D2125481CF08EFF0BF066FB06
:10EBC80000230A220146164819F0CEFC10212048DD
:10EBD8001CF082FF0321124819F09EFC0C211D48ED
:10EBE8001CF07AFF03210E4819F096FC0C48BDEC86
:10EBF800028BBDE8F84319F09BBC002582E6164A53
:10EC080052F82350002D3FF4CBAD28461FF0A8FE44
:10EC1800014628461CF060FFC2E501210F4D17E7A9
:10EC280090D40020B81C0020C41C0020D07A0120F9
:10EC38008CD400200044AC43CC1C0020CC7A0120AA
:10EC4800D81C0020445401200000C842E81C0020C1
:10EC5800D41E0020F81C0020DC320020841600207E
:10EC680038B51CF045FF3F2808DD164C23682BB14A
:10EC780093F8DE21002183F8DE1102B938BD124D68
:10EC8800082112481CF028FF29782068F9F734FD7C
:10EC980001460F4819F040FC03210E481CF01CFFE8
:10ECA8000D4B0B48196819F037FC03210B481CF071
:10ECB80013FF2968064819F02FFC0548BDE83840BD
:10ECC80019F036BCB4FB00207C5501204018002008
:10ECD80090D400204C1800206C0901205018002006
:10ECE800044B054A1B78013BC2F85C31C2F89C33DF
:10ECF800704700BF64D300205CDE0020F0B500211F
:10ED080005462DED028BC1B019F02CF906460028F6
:10ED180000F0CD80841C011D00F5817C0020224676
:10ED280032F9023F002BB8BF5B429BB29842B8BF92
:10ED380018466245F4D107EE900A9FED717AD5ED39
:10ED48004D6AF8EEE77A27EE877AF4EEC76AD5EDD2
:10ED5800496AF1EE10FAF4EEC76A48BF85ED4D7ABC
:10ED6800F1EE10FA4FD495F81C31B7EE008A4FF443
:10ED78008072002B53D068461AF06EFA95ED486AF7
:10ED8800B4EEC86AF1EE10FA40F38E8038EE465AB7
:10ED9800DFED5C7A25EE275A05F11C00B0EE467AC5
:10EDA800F0EE466A05F58E7C0246574F1FE037EEB7
:10EDB800057A32F9023BB4EE667A07EE903AF1EE44
:10EDC80010FAF8EEE77A48BFF0EE476A67EE877AFE
:10EDD800FDEEE77A17EE903AB3F5004F19B231DA43
:10EDE80013F5004F5EDB944524F8021F30D0B4EED3
:10EDF800C86AF1EE10FADADC78EE475AD5ED4B7AAC
:10EE0800A5EEA77AD5E79FED417A4FF4807295F881
:10EE18001C3166EE876A86EEA78A002BABD105F116
:10EE28001C001AF019FA4FF07E5301223046C5F83B
:10EE3800203185F81C2141B0BDEC028BBDE8F040C3
:10EE480019F038B847F6FF71944524F8021FCED15F
:10EE5800F7EE007A85ED487AB4EEC86A95ED4C7AFB
:10EE6800A6F802114FF4807277EEE67A6946F1EE61
:10EE780010FAB4EEE77AC8BF85ED488AF1EE10FAC9
:10EE880048BFC5ED4C7A1AF0E7F92846002231460A
:10EE980019F038F8304641B0BDEC028BBDE8F040BF
:10EEA80019F008B839469EE79FED195A74E795F8A6
:10EEB8001C311BB941B0BDEC028BF0BD18F0A4FFAA
:10EEC80005F11C07044668B14FF4807239460430D6
:10EED8001AF0C2F928463246214619F013F820469E
:10EEE80018F0E8FF00214FF48072384685F81C11AD
:10EEF80041B0BDEC028BBDE8F0401FF08BBA00BFFB
:10EF0800000000380000003C0080FFFF00000047C0
:10EF180000000000DFED0B7AB4EEE70AF1EE10FA1C
:10EF280004D5B0EE670A80ED490A7047F7EE007A1B
:10EF3800B4EE670AF1EE10FA37FE800A80ED490A4E
:10EF4800704700BF0AD7233CB3EE047A10B5B4EE7D
:10EF5800C70A0446F1EE10FA17D49FED157AF0EEC1
:10EF6800407AB4EEC70AF1EE10FA13DDF0EE477AF4
:10EF78009FED100AC4ED4A7A1DF096F9F7EE007A73
:10EF880037EEC00A84ED4B0A10BDF0EE477A9FEDCC
:10EF98000A0AEFE79FED097AFFEE006A9FED086A1B
:10EFA80020EE077A27EE067A86EE870AE2E700BFA8
:10EFB80000007A44C637BEB7929B94BA6F12833A60
:10EFC80000442C472DE9F04F002104462DED028B1B
:10EFD80083B018F0C7FF002800F0E980E26908EE66
:10EFE800100A002A00F0D180D4E90D135B1A04D06E
:10EFF8009B1108BF012319446163D4E90F135B1AFD
:10F0080004D09B1108BF01231944E163D4E9111509
:10F018006B1A04D05B1108BF012319446164D4E959
:10F0280013031B1A04D05B1108BF01231844E064C2
:10F038000D4300F0C180218C18EE103AA56A8E1E8F
:10F048009F1C03F5817336040193B4F822C094F829
:10F0580024000CF1010C1FFA8CFC8C4528BF4FF0E2
:10F06800000CA4F822C0002800F08B804FF00009A3
:10F07800C846C5F30E4009F101091CF05DFEE26BBC
:10F08800636B5FFA89FE80FB0202B4F822C0C10BF1
:10F0980041EA42410B44B3F5803FB8BF4FF4803397
:10F0A800B342A8BF334699B2BCEB234301D5228CA7
:10F0B8001344B3F1010A01D5228C9244E269206B12
:10F0C80032F9133032F91AA0284494F824B0AAEB84
:10F0D800030A20F00045F3458AFB01014FEA10407E
:10F0E80040EA014003449844C3D8BBF1010F3DD91D
:10F0F800A56A98FBFBF840464FEAE87EE36C02EB12
:10F108004C0CB7F9021003FB0EFE4FEAE37900FB43
:10F1180009EEA3FB00307044DB0B43EA40430B4489
:10F12800B3F5004F2ADA13F5004F3EDB1BB2A8EB0C
:10F138000108606CACF8003088FB00804FEAD838D2
:10F1480048EA40484144B1F5004F14DA11F5004F40
:10F1580029DB09B2E36A27F8021F2B4423F0004594
:10F16800019BBB42A5620FD0218C6EE740464FEA57
:10F17800E87EA56AC2E747F6FF71EBE747F6FF733B
:10F18800D5E786468046B9E70022204618EE101AD1
:10F1980018F0B8FE18EE100A03B0BDEC028BBDE8FB
:10F1A800F04F18F087BE1349D4E7124BBFE703B0FE
:10F1B800BDEC028BBDE8F08F18EE103A991C03F5F0
:10F1C8008176638C1046258C01339BB29D4294BF97
:10F1D800002302EB4300638431F9023F8E4203802F
:10F1E800EFD1D4E90A31002203EBC11323F0004325
:10F1F800A362CAE70080FFFFF8B50026C0E90766EA
:10F2080029B30F2A0E4617468CBF00210121F1B9F8
:10F218001D460446520030461FF0FCF8032D2B46CD
:10F22800DFED0C6A28BF03230120E661012B278448
:10F2380038BF012307EE903A84F82430B8EE677A95
:10F24800C6EE877AFCEEE77AC4ED0C7AF8BD0020AA
:10F25800F8BD00BF0000004FB5EEC00AF1EE10FA8D
:10F268000AD4F7EE007AB4EEE70AF1EE10FA06DDFA
:10F2780047F6FF7383647047002383647047DFEDAC
:10F28800047A20EE270AFDEEC07A17EE903AF1E7ED
:10F2980000FEFF46B5EEC00AF1EE10FA0AD4DFED23
:10F2A8000B7AB4EEE70AF1EE10FA06DD46F6CB4328
:10F2B80003657047002303657047DFED057A20EE8C
:10F2C800270AFDEEC07A17EE903AF1E79A99593F6E
:10F2D80000FEFF46B5EEC00AF1EE10FA09D4F3EECF
:10F2E800047AB4EEE70AF1EE10FA05DD094BC362C1
:10F2F80070470023C3627047DFED077A9FED077AF6
:10F3080020EE270AC0EE077AFCEEE77A17EE903A6D
:10F31800EDE700BF5BDC0E000000004F00442C4707
:10F32800B5EEC00AF1EE10FA09D4DFED0E7AB4EEAC
:10F33800E70AF1EE10FA05DD0B4B03647047002372
:10F34800036470479FED097ADFED097A20EE070A1A
:10F3580020EE270AF0EE407AFEEEC87A17EE903AD1
:10F36800EBE700BF0000FA43000022566F12833A11
:10F3780000442C47B5EEC00AF1EE10FA09D4DFEDCF
:10F388000E7AB4EEE70AF1EE10FA05DD0B4B836353
:10F3980070470023836370479FED097ADFED097A90
:10F3A80020EE070A20EE270AF0EE407AFEEEC87A31
:10F3B80017EE903AEBE700BF0000FA430000225630
:10F3C8006F12833A00442C472DE9F04F8146002103
:10F3D8002DED108BB3B018F0B9FD99F8B8402F9007
:10F3E8002CBB0546F0B118F00FFD2246044629460D
:10F3F800484618F087FD6CB14FF48072291D201D16
:10F4080019F02AFF48460122214618F07BFD2046C4
:10F4180018F050FD2F9833B0BDEC108BBDE8F04FBD
:10F4280018F048BD33B0BDEC108BBDE8F08F18F074
:10F43800EBFC0446309018F0E7FC3190002C01F00A
:10F448006087002801F0588799ED4A6AD9ED4B4A40
:10F458009FEDE87A74EEC64A99ED4C2A99ED4D5A1B
:10F46800D9ED440AA4EE876A99ED3E1A35EE425A60
:10F47800D9ED401AF0EE424AD9ED467AD9ED485A0C
:10F48800D9ED3F2A99ED413AE5EE074AD9ED473AD9
:10F4980072EEC12A99ED494A33EE613AD9ED456ACF
:10F4A80073EEE73A34EE654AD9ED3CEA76EEE06A67
:10F4B800CDED030AB0EE605ACDED2C4AA2EE871AC4
:10F4C80089ED4A6AE3EE071AC9ED4C4AE4EE075A99
:10F4D80099ED424AA6EE875ADFEDC76AE3EE877ACE
:10F4E80099ED3D7A8DED064A37EE6E7A8DED041A68
:10F4F800CDED0F1A89ED3E1AB4EEE67AC9ED401A41
:10F50800C9ED467AC9ED485AF1EE10FA89ED445A28
:10F5180001F35085DFEDB96AB4EE667AF1EE10FAC0
:10F5280048BFB0EE667AD9ED436A3EEE877A9DED24
:10F53800064ADFEDB34A76EEC46A89ED3C7AF4EE0A
:10F54800E46AF1EE10FA01F3D386DFEDAE4AF4EE89
:10F55800646AF1EE10FA48BFF0EE646A9DED034A62
:10F5680037EE6E7ADFEDA84A35EE445A9DED044A2F
:10F57800DDED063A34EE243ADFEDA44A73EEA66ACE
:10F5880027EE247AB5EE004A8DED0C3A76EEE33A92
:10F59800C9ED426A8DED297A25EE247AB4EEC43A93
:10F5A8008DED2B7A23EEA47AF1EE10FA8DED2A7AFE
:10F5B80001F1AE86B6EE007AB4EEC73AF1EE10FA73
:10F5C80041F3B286FEEE006A8DED0C7ACDED0D6A40
:10F5D8002F9B002B01F0A48604332893D9F8D4304C
:10F5E800B6EE087AD9ED3BFAB7EE00EA0E93309BF7
:10F5F80026EE075AB6EE047AD9ED3A6A0233F0EEEF
:10F608006FBA8DED125A109326EE077A319BB1EE40
:10F61800456A02338DED137AB1EE477A8DED2E6A85
:10F62800119300230A93289B8DED2D7A002B01F06E
:10F63800BD840A9A9FED7A6A9B5E07EE103AB8EE8F
:10F64800C77A27EE067A9DED064A99ED326AB4EE3E
:10F65800CE4AD9F8205037EE465AD9F8241003EE8E
:10F66800905AD9ED314AF1EE10FAA5EE276A07EE65
:10F67800901AF8EE633A54BFB0EE445AB0EE4E5AC0
:10F68800B0EE004AF8EE677A33EEC44A89ED326A82
:10F6980037EE467AB4EE454A37EE647AF1EE10FA60
:10F6A800E7EE254A48BFB0EE445A77EEC57AC9ED71
:10F6B800314AF5EEC07AF1EE10FA06D577EEA37A64
:10F6C800F5EEC07AF1EE10FAF8D4F4EEE37AF1EE42
:10F6D80010FA06DB77EEE37AF4EEE73AF1EE10FA89
:10F6E800F8D9BCEEE77A17EE103A9D4241F2A885A8
:10F6F800B8EE477A5A1C9B0077EEC77AF5EEC07AC7
:10F70800F1EE10FA01F1A485F4EE4E7AF1EE10FA5A
:10F718007EFE277AD9F82C00B0EE006ADFED3C5A5D
:10F72800954207EE100A01F101048CBF92000022F5
:10F73800B8EE477AAC4228BF0024D9F81C5037EEFF
:10F74800466A2A442B4405EB8105B4EEE56A93ED3D
:10F75800005AF1EE10FA58BFB0EE656AD2ED005AC1
:10F76800D9F83020C5ED004A75EEC55A04EE902A46
:10F77800C9F82440F8EE644AA5EEA75A74EEC64AC2
:10F78800F5EEC04AF0EE45CAF1EE10FA06D574EE71
:10F79800874AF5EEC04AF1EE10FAF8D4F4EEC74AFB
:10F7A800F1EE10FA06DB74EEC74AB4EEE47AF1EE35
:10F7B80010FAF8D9FCEEE47A17EE903A984241F242
:10F7C800D884F8EE677A591C9B0074EEE74AF5EE88
:10F7D800C04AF1EE10FA01F1D484F4EE4E4AF1EE8B
:10F7E80010FA7EFE244A8842D9F828409FED095A2B
:10F7F8001AE000BF0000003D313CBE39313CBEB9C3
:10F8080044C8F53F44C8F5BF9A99193E0000003C2A
:10F818000000524300001F4300800C440080CD4389
:10F8280000000038000079448CBF8900002123447F
:10F83800214404EB820493ED007A0132D1ED005AA1
:10F84800D9F83C30824228BF002275EEC75AD9F851
:10F85800381006EE103A07EE901AA5EEA47ADDED00
:10F868002E5AF8EE463AF8EE677AB0EE476AB0EEEE
:10F87800007AACEEA56A37EEC77AB4EEC57AB0EE78
:10F88800464A9DED126AF1EE10FA24EE063A58BF88
:10F89800B0EE457A33EE2C6A33EEC77A84ED006A0F
:10F8A800B5EEC07AC9F83020F1EE10FA06D537EE79
:10F8B800277AB5EEC07AF1EE10FAF8D4B4EEE77A0A
:10F8C800F1EE10FA06DB37EE677AF4EEC77AF1EE5E
:10F8D80010FAF8D9FCEEC77A17EE902A914241F255
:10F8E8003C84F8EE677A501C920037EE677AB5EEE2
:10F8F800C07AF1EE10FA01F13884B4EE4E7AF1EEE6
:10F9080010FA3EFE077A8142D9F834405FED3E4A4C
:10F918008CBF800000202244204404EB8304D2EDF5
:10F92800005A013390ED005AD9F844008B4228BFA1
:10F93800002335EE655AD9F8482007EE900AF8EE0C
:10F94800673AF0EE007AE5EE075A9DED125A33EE6B
:10F95800E76A07EE902AB8EE677AB4EEE46A75EEC5
:10F96800C35AF0EE447AF1EE10FAE5EE857A58BF04
:10F97800B0EE646A37EE467AC4ED007AB5EEC07A26
:10F98800C9F83C30F1EE10FA06D537EE237AB5EE19
:10F99800C07AF1EE10FAF8D4B4EEE37AF1EE10FA88
:10F9A80006DB37EE637AF4EEC73AF1EE10FAF8D9CF
:10F9B800FCEEC77A17EE903A984241F2C283F8EE0D
:10F9C800677A591C9B0037EE677AB5EEC07AF1EE7C
:10F9D80010FA01F1BE83B4EE4E7AF1EE10FA3EFE53
:10F9E800077A8842D9F840405FED743A8CBF8900A5
:10F9F80000212344214404EB820493ED005A013290
:10FA080091ED004AD9F85010824228BF002234EE06
:10FA1800454AD9F8543007EE901AA4EE075AB8EEC2
:10FA2800676A07EE903AB0EE007AF8EE677AF0EE81
:10FA3800454A36EE475AB0EE647ADDED2D4AB4EE0B
:10FA4800E35AA5EEA47ADDED134AF1EE10FA58BF99
:10FA5800B0EE635A67EE244A77EEC57A74EEA55A7B
:10FA6800F5EEC07AC4ED005AF1EE10FAC9F8482054
:10FA780006D577EE867AF5EEC07AF1EE10FAF8D46C
:10FA8800F4EEC67AF1EE10FA06DB77EEC67AB4EE3B
:10FA9800E76AF1EE10FAF8D9BCEEE76A16EE102A1A
:10FAA800914241F24283B8EE466A501C920077EECA
:10FAB800C67AF5EEC07AF1EE10FA01F13E83F4EE63
:10FAC8004E7AF1EE10FA7EFE277A8142D9F84C5030
:10FAD800B1EE666A8CBF840000242A440E982C4438
:10FAE8008DED166A92ED006A05EB8305D4ED005A98
:10FAF8000133C0F30E4075EEC65A8B4228BF00236F
:10FB0800A5EEA76ADDED137A76EE64DAADEEA77A94
:10FB180085ED007AD9ED308AD9ED2F9A7DEEA88A45
:10FB2800C9F854307DEEA99A78EEE68A79EEA69A5D
:10FB38001CF002F907EE900A1FEDC76A5FEDC76A6D
:10FB4800F8EEE77ADDED035A6EEEA66A67EE867A7E
:10FB5800B0EE006AE7EEA56AD9E9175207EE105A27
:10FB680007EE902AF4EE4E6AB8EE477AF8EE677A16
:10FB7800F1EE10FA37EE466A48BFF0EE4E6AB4EE80
:10FB8800666AF1EE10FA48BFF0EE466A77EEE67A5A
:10FB9800F5EEC07AF1EE10FA06D577EE877AF5EE33
:10FBA800C07AF1EE10FAF8D4F4EEC77AF1EE10FA52
:10FBB80006DB77EEC77AB4EEE77AF1EE10FAF8D9F9
:10FBC800BCEEE77A17EE103A9D4241F22D83B8EE6B
:10FBD800477A591C9B0077EEC77AF5EEC07AF1EEAA
:10FBE80010FA01F12983F4EE4E7AF1EE10FA7EFE56
:10FBF800277A8D42D9F858009FEDE58A8CBF890095
:10FC0800002103442EEE888A0144D9F86840D3EDD8
:10FC1800006A00EB8200D1ED005AB4EECE8A0132C0
:10FC280007EE104A75EEE65AD9F86C30AA4228BF9A
:10FC38000022B8EE477AF1EE10FAE5EEA76ADFED9A
:10FC4800DA7AB0EE666A54BFF0EE486AF0EE4E6AB1
:10FC5800A8EEA76ADFEDD57AE6EE278AF0EE007AFD
:10FC680077EE675A07EE903AF8EE677AC0ED008AA9
:10FC7800F4EE665AC9F86020F1EE10FA48BFF0EECB
:10FC8800656A77EEE67AF5EEC07AF1EE10FA06D5F7
:10FC980077EE877AF5EEC07AF1EE10FAF8D4F4EE42
:10FCA800C77AF1EE10FA06DB77EEC77AB4EEE77A98
:10FCB800F1EE10FAF8D9BCEEE77A17EE102A944262
:10FCC80041F2A682B8EE477A511C920077EEC77AC5
:10FCD800F5EEC07AF1EE10FA01F1A282F4EE4E7A56
:10FCE800F1EE10FA7EFE277A8C42D9F864509FED27
:10FCF800A99A8CBF890000212A44D9F874002944A4
:10FD080005EB830592ED007A2EEE899AD1ED005A23
:10FD1800013385ED006A75EEC75AD9ED336AB4EE42
:10FD2800CE9AA34228BF0023D9F87820A5EEA77A57
:10FD3800DDED0F7AF1EE10FADDED045AC9F86C30FA
:10FD480054BFB0EE496AB0EE4E6A37EE667AE7EE17
:10FD5800276A07EE900AB8EE677AF0EE007A77EE37
:10FD6800677AC9ED336A66EEA56AF4EE467AF1EE73
:10FD780010FA48BFB0EE676A07EE902AF8EE677A85
:10FD880077EEC67AF5EEC07AF1EE10FA0DD577EE79
:10FD9800877AF5EEC07AF1EE10FAF8D4B4EEE77A85
:10FDA800F1EE10FA06D877EEC77AB4EEE77AF1EEFC
:10FDB80010FAF8D9BCEEE77A17EE103A984241F2F9
:10FDC8001B82B8EE477A591C9B0077EEC77AF5EE8E
:10FDD800C07AF1EE10FA01F11782F4EE4E7AF1EEE4
:10FDE80010FA7EFE277A8842D9F87040DFED6A8AD9
:10FDF8008CBF8900002123446EEEA88A2144D9F8DB
:10FE0800805093ED007A04EB820491ED006AF4EEE1
:10FE1800CE8A0132D9F8843036EE476A824228BF4A
:10FE28000022F1EE10FAA6EE277ADDED0D7A54BF26
:10FE3800B0EE686AB0EE4E6AA6EEA77ADDED0C7AEF
:10FE4800E7EE876A07EE905AF0EE475AB8EE677AFF
:10FE580007EE903AF8EE677AC4ED006AF0EE006AB1
:10FE6800C9F8782077EE666AF4EE466AF1EE10FA81
:10FE780048BFB0EE666A77EEC67AF5EEC07AF1EE64
:10FE880010FA0DD577EE877AF5EEC07AF1EE10FA12
:10FE9800F8D4B4EEE77AF1EE10FA06D877EEC77A1E
:10FEA800B4EEE77AF1EE10FAF8D9BCEEE77A17EE7D
:10FEB800101A8D4241F29481B8EE477A4A1C8800A4
:10FEC80077EEC77AF5EEC07AF1EE10FA01F190817B
:10FED800F4EE4E7AF1EE10FA7EFE277A9542D9F8C2
:10FEE8007C108CBF9200002208440A4401EB830175
:10FEF80090ED007A0133D2ED006AAB4228BF0023AF
:10FF0800B9F8DA0076EEC76AC1ED005AC0F30E0000
:10FF1800C9F88430A6EEA77ADDED047A67EE877A11
:10FF2800CDED0B7A1BF008FF07EE900A9FED1B6AD8
:10FF3800DFED1B6AB8EEE77A6EEEA66A27EE067A60
:10FF48009DED036AD9E92353E7EE066A07EE105AD6
:10FF5800B0EE006A07EE903AB8EE477AF8EE677AA4
:10FF6800F4EE4E6A37EE466AF1EE10FA48BFF0EE4C
:10FF78004E6AB4EE666AF1EE10FA48BFF0EE466AD1
:10FF880077EEE67AF5EEC07AF1EE10FA14E000BFEB
:10FF98000040CE4500C026450048AC45000000386A
:10FFA8000040A8440050C3453333333F333333BF95
:10FFB80000007645008092450DD577EE877AF5EEFC
:10FFC800C07AF1EE10FAF8D4B4EEE77AF1EE10FA4E
:10FFD80006D877EEC77AB4EEE77AF1EE10FAF8D9D8
:10FFE800BCEEE77A17EE101A8D4241F2ED80B8EEBA
:08FFF800477A4A1C880077EEED
:02000004600199
:10000000C77AF5EEC07AF1EE10FA01F1E980F4EE6C
:100010004E7AF1EE10FA7EFE277A9542D9F88840A2
:100020005FED1E5AB0EE005A8CBF910000212044B3
:100030006EEEA55A2144D9F8982090ED007A04EB91
:100040008304D1ED006AF4EECE5A0133D9F89C0056
:1000500076EEC76AAB4228BF0023F1EE10FAA6EE97
:10006000A77A5FED2D7A54BFF0EE656AF0EE4E6A26
:10007000A9EEA77A5FED317AE7EE279A07EE902A8C
:10008000B0EE476A07EE100AF8EE677AB8EE477AE4
:1000900037EEC50AC4ED009AC9F89030B4EE660A8E
:1000A000F1EE10FA48BFF0EE406A37EE667AB5EE30
:1000B000C07AF1EE10FA0DD537EE277AB5EEC07A98
:1000C000F1EE10FAF8D4F4EEC77AF1EE10FA06D891
:1000D00037EE677AF4EEC77AF1EE10FAF8D9FCEE53
:1000E000C76A16EE901A8A4241F26680F8EE666A96
:1000F0004B1C8C0037EE667AB5EEC07AF1EE10FA42
:1001000001F16280B4EE4E7AF1EE10FA3EFE077A0B
:100110009A428CBF99000021D9F894301C441944AC
:1001200003EB8005013094ED005AD1ED006A904256
:1001300085ED006A76EEC56AA6EE875A81F03580B5
:1001400007EE100AB8EE477A8DED057A1FED667A54
:1001500099ED346A6EEE87FAC9F89C0035EE465A7E
:10016000D9E92941F4EECEFA07EE104AF8EE476AD3
:100170009DED0F7AF1EE10FAA5EE076A9DED047A77
:1001800054BFB0EE6F5AB0EE4E5A89ED346A26EE87
:10019000076AB0EE007A36EEC7AA07EE101AB8EE7C
:1001A000477AB4EE45AAF1EE10FA48BFB0EE4A5ACB
:1001B00037EE457AB5EEC07AF1EE10FA0DD537EE8E
:1001C000267AB5EEC07AF1EE10FAF8D4F4EEC76AEA
:1001D000F1EE10FA06D837EE667AF4EEC76AF1EE61
:1001E00010FAF8D9BCEEC75A15EE105AAC4240F2DC
:1001F000D087B8EE455A6E1CAD0037EE457AB5EEA5
:10020000C07AF1EE10FA00F1CC87B4EE4E7AF1EE3E
:1002100010FA3EFE077AB442D9F8A0008CBFB600AF
:1002200000260544064495ED005A00EB8105D6ED05
:10023000004A013174EEC54AA142A4EE875A9DEDF1
:100240000D7AA6EE075A9DED0C7AA7EE056A85EDAC
:10025000006A80F0468707EE101AB8EE477A8DEDF7
:10026000087A1FEDAA7AD9F8B0802EEE876AD9F8FD
:10027000B45007EE108AC9F8A810B4EECE6A8DED1E
:10028000076AB8EE477AF1EE10FA54BFF0EE464A2C
:10029000F0EE4E4AB0EE006A77EE469A06EE105A3D
:1002A000B8EE466AF4EE649AF1EE10FA48BFF0EE4A
:1002B000694A36EE646AB5EEC06AF1EE10FA0DD501
:1002C00036EE076AB5EEC06AF1EE10FAF8D4B4EE75
:1002D000C67AF1EE10FA06D836EE476AB4EEC67A60
:1002E000F1EE10FAF8D9FCEEC64A14EE906AB04569
:1002F00040F2EB86F8EE644A771CB60036EE646A8C
:10030000B5EEC06AF1EE10FA00F1E786B4EE4E6A7F
:10031000F1EE10FA3EFE066AB845D9F8AC108CBF73
:10032000BF0000270E440F44D6ED004A01EB8506BE
:1003300097ED004A013586ED005A34EE644A454592
:10034000E4EE064A80F0BA8606EE105AB8EE466A27
:100350008DED096A9FEDDF2A9DED046A25EE822A64
:10036000D9F8DC6026EE246AC9F8B4509DED0B5A2A
:10037000B4EE4E2A8DED276A89ED306AF1EE10FA5F
:100380009DED056A89ED2F5A48BFB0EE4E2AD9E996
:100390003557B4EE402A3544F1EE10FA25F0004509
:1003A0000E9530FE022A36EE422AC9F8D450D9F80A
:1003B000E050B5EEC02A2F44F1EE10FA27F00047C6
:1003C000C9F8D8700DD532EE272AB5EEC02AF1EE65
:1003D00010FAF8D4B4EEE72AF1EE10FA06DB32EEAA
:1003E000672AB4EEE72AF1EE10FAF8DABCEEC26A38
:1003F00016EE106A964280F05586B8EE466A751C75
:1004000003EB860632EE462AB5EEC02AF1EE10FA6C
:1004100000F15086B4EE4E2AF1EE10FA3EFE022AAA
:10042000DFEDAD1AAA4296ED006A65EEA11A8CBF07
:1004300003EB85051D468DED256AF4EE4E1A95ED0C
:10044000006A8DED266AF1EE10FA9DED056A48BF4F
:10045000F0EE4E1AF4EE401AF1EE10FA70FE211A88
:1004600076EE611AF5EEC01AF1EE10FA0DD571EEC6
:10047000A71AF5EEC01AF1EE10FAF8D4F4EEE71A66
:10048000F1EE10FA06DB71EEE71AF4EEE71AF1EE80
:1004900010FAF8DABCEEE16A16EE106A964280F0C5
:1004A000F585B8EE466A751C03EB860671EEC61A32
:1004B000F5EEC01AF1EE10FA00F1F085F4EE4E1AE6
:1004C000F1EE10FA7EFE211A9FED843AAA4296EDD3
:1004D000006A2FEE833A8CBF03EB85051D468DED38
:1004E000236AB4EE4E3A95ED006A8DED246AF1EE82
:1004F00010FA9DED086A48BFB0EE4E3AB4EE4A3AA3
:10050000F1EE10FA3AFE033A36EE433AB5EEC03A4F
:10051000F1EE10FA0DD533EE263AB5EEC03AF1EE13
:1005200010FAF8D4B4EEE63AF1EE10FA06DB33EE48
:10053000663AB4EEE63AF1EE10FAF8DABCEEC36AC7
:1005400016EE106AA64280F09585B8EE466A751CD4
:1005500000EB860633EE463AB5EEC03AF1EE10FAFD
:1005600000F19085B4EE4E3AF1EE10FA3EFE033AF9
:10057000AC4296ED006ADFED5A3A8CBF00EB850580
:1005800005468DED216A95ED006A8DED226A9DED9F
:10059000076A66EE233A9DED096AF4EE4E3AF1EEF3
:1005A00010FA48BFF0EE4E3AF4EE693AF1EE10FA66
:1005B00079FEA33A76EE633AF5EEC03AF1EE10FA20
:1005C0000DD573EE873AF5EEC03AF1EE10FAF8D495
:1005D000F4EEC73AF1EE10FA06DB73EEC73AF4EE2A
:1005E000C73AF1EE10FAF8DABCEEE36A16EE106ADA
:1005F000464580F03385B8EE466A751C01EB8606E9
:1006000073EEC63AF5EEC03AF1EE10FA00F12E851F
:10061000F4EE4E3AF1EE10FA7EFE233AA84596ED3E
:10062000006A9FED304AB0EE005A8CBF01EB8505A1
:100630000D4628EE044A8DED1F6A95ED006AD9F843
:1006400068608DED206AB4EE4E4A99ED1B6AB8EEF3
:1006500046BA06EE106AF1EE10FAB8EE466A48BFE6
:10066000B0EE4E4A76EE45AAF4EE44AAF1EE10FA48
:1006700048BFB0EE6A4A3BEE444AB5EEC04AF1EEDE
:1006800010FA0DD534EE064AB5EEC04AF1EE10FA76
:10069000F8D4B4EEC46AF1EE10FA06D834EE464A45
:1006A000B4EEC46AF1EE10FAF8D9BCEEC45A15EEF5
:1006B000107ABE4240F2C584B8EE455A07F1010CEB
:1006C000BF0034EE454AB5EEC04AF1EE10FA00F133
:1006D000C18413E02506813D8A8E343F9565383FFD
:1006E0003789213FF8C2E43E1895D43D3CBD923E87
:1006F0009C33A23D857C503FA9A42E3FB4EE4E4AC8
:10070000F1EE10FA3EFE044A6645D9F864505FEDFA
:100710000A4AD9F874B088BF4FEA8C0C69EE244AB3
:1007200098BF4FF0000C02EE90BA2F44AC4499ED04
:100730001E5AF8EE620AD7ED002AF4EE4E4A0195F1
:10074000CDED1D2AB8EE455ADCED002AF1EE10FA87
:10075000CDED1E2AF0EE002A8DED155A48BFF0EEC1
:100760004E4A30EEE2DAB4EE64DAF1EE10FA48BF47
:10077000F0EE4D4A75EE644AF5EEC04AF1EE10FA1D
:1007800007D574EEA04AF5EEC04AF1EE10FAF8D49F
:100790000195F4EEE40AF1EE10FA08D8019D74EE2A
:1007A000E04AF4EEE40AF1EE10FAF8D90195BCEE55
:1007B000E45A15EE107ABB4540F23684B8EE455A3D
:1007C00007F1010CBD0074EEC54AF5EEC04AF1EE2A
:1007D00010FA00F13284F4EE4E4AF1EE10FA7EFE89
:1007E000244AE345D9F88070D9F870A01FED415A2A
:1007F0008CBF4FEA8C0C4FF0000C01EE107A28EE03
:10080000855A029705EB0A07D444B8EE411AD9ED90
:10081000212A97ED00CAB4EE4E5AF8EE622A8DED09
:100820001BCA9CED00CAF1EE10FACDED142A8DED35
:100830001CCAB0EE00CA48BFB0EE4E5A31EE4CCAE8
:10084000B4EE45CAF1EE10FA48BFB0EE4C5A32EEA3
:10085000C55AB5EEC05AF1EE10FA08D5019D35EE35
:10086000015AB5EEC05AF1EE10FAF8D40195B4EE83
:10087000C15AF1EE10FA08DB019D35EE415AB4EE93
:10088000C51AF1EE10FAF8D90195FCEEC52A029DC1
:1008900012EE907ABD4240F2BB83F8EE622A07F175
:1008A000010CBF0035EE625AB5EEC05AF1EE10FAF7
:1008B00000F1B783B4EE4E5AF1EE10FA3EFE055A3F
:1008C0005FED752A029D68EE222AD9F87CE0654525
:1008D0007744F4EE4E2A8CBF4FEA8C0C4FF0000C9C
:1008E00097ED00FAF1EE10FAF4448DED19FA9CED53
:1008F00000FA48BFF0EE4E2A8DED1AFAF4EE6A2A9D
:10090000F1EE10FA7AFEA22A7BEE622AF5EEC02AF8
:10091000F1EE10FA08D5019D72EE862AF5EEC02A96
:10092000F1EE10FAF8D40195B4EEE26AF1EE10FAA5
:1009300008D8019D72EEC62AF4EEC62AF1EE10FA2E
:10094000F8DA0195BCEEE2FA1FEE107AB74280F0B9
:100950005383B8EE4FFA019D07F1010C05EB8707B1
:1009600072EECF2AF5EEC02AF1EE10FA00F14D83B7
:10097000F4EE4E2AF1EE10FA7EFE222A664540F28F
:100980003883019D05EB8C0C97ED00FA8DED17FA7D
:100990009CED00FA8DED18FA1FEDAAFA28EE0F8AE9
:1009A000B4EE4E8AF1EE10FA48BFB0EE4E8AB4EEC5
:1009B0006A8AF1EE10FA3AFE888A3BEE488AB5EE72
:1009C000C08AF1EE10FA08D5019D38EE068AB5EE20
:1009D000C08AF1EE10FAF8D40195B4EEC86AF1EECF
:1009E00010FA08D8019D38EE468AB4EEC68AF1EEB8
:1009F00010FAF8DA0195BCEEC86A16EE107AB74222
:100A000080F0EB82B8EE466A019D07F1010C05EB20
:100A1000870738EE468AB5EEC08AF1EE10FA00F18B
:100A2000E582B4EE4E8AF1EE10FA3EFE088A664583
:100A300003D9019D05EB8C050195019D97ED006A99
:100A4000D5ED00AAB0EE6AFA5FEDD5AA29EE2A9A92
:100A5000DDED15AAB4EE4E9AF1EE10FA48BFB0EEF5
:100A60004E9AB4EE4D9AF1EE10FA3DFE099A3AEE26
:100A7000C99AB5EEC09AF1EE10FA06D539EE209A71
:100A8000B5EEC09AF1EE10FAF8D4F4EEC90AF1EE20
:100A900010FA06D839EE609AB4EEE09AF1EE10FA48
:100AA000F8DAFCEEC90A10EE905A5D4580F08A82B1
:100AB000F8EE600A6E1C0AEB850539EE609AB5EE19
:100AC000C09AF1EE10FA00F18582B4EE4E9AF1EE82
:100AD00010FA3EFE099ADFEDE8AAB345D5ED000A0B
:100AE00068EEAA8A88BF0AEB860ADDED14AA9AEDA1
:100AF00000DAF4EE4E8AF1EE10FA48BFF0EE4E8ABC
:100B0000F4EE4C8AF1EE10FA7CFE288A7AEEE88A3E
:100B1000F5EEC08AF1EE10FA06D578EE818AF5EE90
:100B2000C08AF1EE10FAF8D4B4EEE81AF1EE10FA39
:100B300006D878EEC18AF4EEC18AF1EE10FAF8DA3E
:100B4000BCEEE81A029E11EE105AB54280F0DB822C
:100B5000B8EE411A6E1C0EEB850578EEC18AF5EEF3
:100B6000C08AF1EE10FA00F1D682F4EE4E8AF1EE70
:100B700010FA7EFE288ADFEDC1AA029F65EEAA5A0E
:100B800095ED001AB742F4EE4E5A88BF0EEB860E72
:100B90009EED00BAF1EE10FA48BFF0EE4E5AF4EEB8
:100BA000405AF1EE10FA70FE255A9DED050A70EEDE
:100BB000655AF5EEC05AF1EE10FA06D575EEA75A51
:100BC000F5EEC05AF1EE10FAF8D4F4EEE57AF1EE53
:100BD00010FA06D875EEE75AF4EEE75AF1EE10FA7D
:100BE000F8DAFCEEE57A17EE905A954280F08082B2
:100BF000F8EE677A6E1C03EB850575EEE75AF5EEA5
:100C0000C05AF1EE10FA00F17B82F4EE4E5AF1EE8A
:100C100010FA7EFE255A9FED9A0AB242D5ED007A6F
:100C20006FEE80FA88BF03EB86039DED080AD3EDD3
:100C300000AAF4EE4EFAF1EE10FA48BFF0EE4EFACA
:100C4000F4EE4AFAF1EE10FA7AFE2FFA70EE6FFA2D
:100C5000F5EEC0FAF1EE10FA0DD57FEEA6FAF5EE3C
:100C6000C0FAF1EE10FAF8D4F4EEE6FAF1EE10FA6A
:100C700006DB7FEEE6FAF4EEE6FAF1EE10FAF8DAC9
:100C8000FCEEEF6A16EE903AA34280F04782F8EE4F
:100C9000666A5A1C00EB83037FEEE6FAF5EEC0FAB3
:100CA000F1EE10FA00F14282F4EE4EFAF1EE10FA93
:100CB0007EFE2FFA9DED070A9442DFED726A88BF2F
:100CC00000EB820060EE266A9DED090AF4EE4E6AA2
:100CD000F1EE10FA48BFF0EE4E6AF4EE696AF1EEFA
:100CE00010FA79FEA66A70EE666AD0ED009A93ED6E
:100CF000000AF5EEC06AF1EE10FA0DD576EE876ABD
:100D0000F5EEC06AF1EE10FAF8D4F4EEC76AF1EE2F
:100D100010FA06DB76EEC76AF4EEC76AF1EE10FA57
:100D2000F8DABCEEE67A17EE103A434580F0988286
:100D3000B8EE477A5A1C01EB830376EEC76AF5EEEC
:100D4000C06AF1EE10FA00F19382F4EE4E6AF1EE11
:100D500010FA7EFE266A904593ED007A88BF01EB7B
:100D6000820199F8E420012A91ED00AA00F08D8219
:100D7000022A00F08D82032A00F09582DDED23CA5D
:100D80007AEEE7AA9DED24CA3BEE41BA79EEC09A0D
:100D90003CEE6CCAEAEEA57ADDED1B5AABEE281AE2
:100DA000ECEE21CADDED251A9DED26CAA9EEAF0AAB
:100DB0003AEE47AA3CEE61CAAAEE267AECEE021A97
:100DC0003FEE462AA2EE086A9DED178A9DED182A8D
:100DD0007CEEA11A32EE482AA2EE228ADDED212A0B
:100DE00036EE088A9DED226A36EE626AE6EE032A46
:100DF0009DED1F3A3DEE606AE6EE090A9DED206A20
:100E000036EE436A71EEE22AA6EE233ADDED1D3A94
:100E10009DED1E6A78EE600A36EE636A30EE811A46
:100E2000E6EE043A9DED1C6A32EE833A36EE656AD0
:100E300071EE677AE6EE245A9DED196ADDED1A4AE5
:100E400073EE633A77EEC07A74EEC64A77EEC7DA8D
:100E5000A4EE856A73EEE55A75EEC6CADFED0A6A3E
:100E6000B6EE006AF7EE085A6DEEA67AB0EE677A33
:100E7000ECEEA67A10E000BF9EEF373F5227003F0E
:100E8000CA54013E9A771C3DCDCCCC3E26B4173EC9
:100E900000FEFF46000000009CEEA67ADDED2C6A05
:100EA00067EE867A27EE067A27EE267A77EE876A4D
:100EB000F4EEE56AF1EE10FA80F2E281BFEE086A24
:100EC000F4EEC66AF1EE10FA40F2E58166EEA65A3B
:100ED0001FED125A1FED126A66EEE55AE5EE856ABD
:100EE00026EE866AF0EEE66ABDEEC66A16EE103AA7
:100EF0001AB277EEC77AB7EE087AF4EEC77AF1EE57
:100F000010FA80F2B881BFEE087AF4EEC77AF1EEFB
:100F100010FA40F2C48127EEA76A5FED245A1FED54
:100F2000247A27EEC66AE6EE257A27EE877AF0EE77
:100F3000E77ABDEEC77A17EE103A1BB2F4EE66BA46
:100F40009DED297A9DED2A6A7EEE87EA9DED067A6F
:100F5000F1EE10FA0A9937EE067A9DED2B6A01F14F
:100F60000201109848BFF0EE66BA8DED067A9DED4D
:100F7000037AF4EE67BA20F8022F37EE067A119A58
:100F80000A91F1EE10FA22F8023F1090119248BF38
:100F9000F0EE67BAB1F5807F8DED037A00F08881BD
:100FA000289BD9ED467AD9ED485ADDED166A002B1B
:100FB0007EF443AB1FED497AFEF749BBB0EE667A8B
:100FC000FEF7B5BAB5EEC09A55460126F1EE10FA15
:100FD0007FF57BAD1FED519A7DE5B5EEC08A019F8F
:100FE0004FF0010CF1EE10FA7FF51BAD1FED578AA3
:100FF0001DE5DDF804C0C7E4F5EEC02A019F4FF0FF
:10100000010CF1EE10FA7FF5B3AC5FED5E2AB5E4AA
:10101000B5EEC05A00274FF0010CF1EE10FA7FF543
:1010200049AC1FED645A4BE4F5EEC04A00254FF081
:10103000010CF1EE10FA7FF5CEAB5FED6A4AFFF7D7
:10104000D0BBB5EEC04A00274FF0010CF1EE10FA0C
:101050007FF554AB1FED714AFFF756BBF5EEC03A72
:101060000E460125F1EE10FA7FF5D2AA5FED773A30
:10107000FFF7D4BAB5EEC03A06460125F1EE10FAF4
:101080007FF570AA1FED7D3AFFF772BAF5EEC01A30
:101090001E460125F1EE10FA7FF510AA5FED831AC6
:1010A000FFF712BAB5EEC02A1E460125F1EE10FA7E
:1010B0007FF5B0A91FED892AFFF7B2B91FED8B6A42
:1010C00000258DED096AFFF745B9B5EEC06A002627
:1010D0000127F1EE10FA7FF519A91FED926AFFF7CB
:1010E0001BB91FED947A00218DED087AFFF7B9B88E
:1010F000F5EEC05A1D460126F1EE10FA7FF585ADDA
:101100005FED9C5A87E5F5EEC08A75460126F1EE43
:1011100010FA7FF52AAD5FEDA18A2CE5F5EEC0FA55
:1011200003460122F1EE10FA7FF5BEAD5FEDA7FA9E
:10113000C0E5F5EEC07A00220120F1EE10FA7EF54E
:10114000C2AC5FEDAC7AFEF7C4BCB5EEC07A00234A
:101150000121F1EE10FA7EF542AC1FEDB27AFEF7F6
:1011600044BCB5EEC07A00220120F1EE10FA7EF503
:10117000C8AB1FEDB87AFEF7CABBF5EEC04A002334
:101180000121F1EE10FA7EF52CAB5FEDBE4AFEF7C1
:101190002EBBB5EEC07A00250126F1EE10FA7FF5E0
:1011A00034A81FEDC47AFFF736B81FEDC67A0020C9
:1011B0008DED057AFEF7CABFB5EEC07A0024012393
:1011C000F1EE10FA7EF59EAF1FEDCE7AFEF7A0BFCE
:1011D000F5EEC07A00200122F1EE10FA7EF517AF8D
:1011E0005FEDD47AFEF719BFF5EEC07A0020012238
:1011F000F1EE10FA7EF570AE5FEDDA7AFEF772BEB0
:10120000F5EEC07A00230121F1EE10FA7EF5E9AD8A
:101210005FEDE07AFEF7EBBDF5EEC07A002201212A
:10122000F1EE10FA7EF55EADDFED447AFEF760BDBB
:10123000F5EEC07A00230121F1EE10FA7EF5D7AC6D
:10124000DFED3E7AFEF7D9BCF5EEC07A002301222D
:10125000F1EE10FA7EF55CAADFED387AFEF75EBAA1
:10126000F5EEC06A0B460122F1EE10FA7FF56DAD86
:10127000DFED326A6FE5F7EE007A47F6FF735DE661
:10128000F7EE006A47F6FF7233E6F0EE6CDAE5E55A
:10129000F0EE6DCAE2E5F7EE006A294A29E6F7EEBC
:1012A000007A274B4AE6DDED27DADDED0BCAD5E5FE
:1012B000DDED167A0022309D4846C9ED3A7A29467E
:1012C000C9ED3BBA16F022FE319C01224846214668
:1012D00016F01CFE284616F0F1FD204616F0EEFD35
:1012E0002F9B002B3EF4A2A8184633B0BDEC108B08
:1012F000BDE8F04F16F0E2BDF0EE646AFEF732B9D9
:10130000309B13B1184616F0D9FD319B002BE7D066
:10131000184616F0D3FDE3E7BDEE007A8DED0C4ADA
:101320008DED0D7AFEF758B92F9B2893FEF75AB929
:10133000B1EE437A8DED0D7AFEF74EB90000000054
:101340000180FFFF70B5002580F8B850002900F03B
:101350009B804DF20865AA428CBF00250125002D17
:1013600040F092800B4604462946920018461DF034
:1013700055F841F23852034642F6E041D620256343
:101380001A441944E06242F2B060A26540F2EA52A7
:10139000A06640F6A670E2654CF2A07203F55676A0
:1013A00060671A4442F2A3406663A326C4F898001B
:1013B0004FF0010C3548A3621844A66303F2E456CB
:1013C000E563A5646565C4F89050C4F89C50266434
:1013D000C4E918512E491944C4E91B52C4E91E51ED
:1013E0002C4A42F251011A44C4F880102A49C4E937
:1013F0002152194440F2F772C4F89410C4F88C20BA
:101400002649274A19441A4403F6BC63E36440F2B0
:101410003623C4F8A02041F21472636440F29F1393
:10142000C4F8A420002223654FF08043C4E92A5069
:10143000E1614FF4A851C4F8D8306046194B2162DD
:101440004AF27D51C4F8E83041F67C33C4F8DC1030
:101450004FF62F11C4F8B4506562C4F8D450C4F8E4
:10146000C020C4F8BC20C4F8C820C4F8E010C4F8F8
:10147000C420C4F8D020C4F8CC20C4F8EC2084F8F0
:10148000B8C0C4F8B03070BD002070BD3496020002
:10149000380601007C87010058A7010024040300DE
:1014A000E439020008E53C1EB5EEC00AF1EE10FA80
:1014B0000BD4F7EE007AB4EEE70AF1EE10FA09DD8C
:1014C000B7EE080A80ED3D0A7047B6EE000A80EDDF
:1014D0003D0A7047F6EE007A30EE270AF2E700BFC9
:1014E000B5EEC00AF1EE10FA1AD4F7EE007AB4EEB7
:1014F000E70AF1EE10FA03DD0B4BC0F8FC30704741
:10150000DFED0A6ADFED0A7A9FED0A7AE0EE267ACD
:10151000F4EEC77AC0ED3F7AF1EE10FAECDC7047DA
:10152000054BC0F8FC30FAE71F856B3FEC51383FA4
:10153000CDCC4C3E1F856B3FCDCC4C3EB5EEC00AAA
:10154000F7EE007AF1EE10FA06D4B4EEE70AF1EE07
:1015500010FA04DDDFED047AC0ED417A70479FEDAB
:10156000037AE0EE477AF7E780C2F53CEC51783F2A
:10157000B5EEC00AF1EE10FA0BD4DFED0D7AB4EE41
:10158000E70AF1EE10FA09DD9FED0A0A80ED430A41
:1015900070479FED090A80ED430A70479FED077A77
:1015A000DFED077A20EE070A20EE270AEEE700BFFC
:1015B0000000F0420060A545000000006F12833A71
:1015C00000442C47B5EEC00AF1EE10FA0BD4F7EE4A
:1015D000007AB4EEE70AF1EE10FA09DDB3EE000A84
:1015E00080ED450A70479FED050A80ED450A70477A
:1015F000F3EE007A20EE270AF2E700BF00000000B9
:10160000B5EEC00AF1EE10FA0BD4F7EE007AB4EEA4
:10161000E70AF1EE10FA09DDDFED0B7AC0ED477A4B
:101620007047DFED0A7AC0ED477A7047B3EE047A6F
:10163000DFED077ADFED076AA0EE277A77EE266AFC
:10164000C7EE267AEAE700BF080E283D73653A3BED
:1016500000008C43331FDB45B5EEC00AF1EE10FAF3
:1016600009D4F7EE007AB4EEE70AF1EE10FA07DDDE
:10167000C0ED497A7047DFED067AC0ED497A7047D0
:101680009FED047ADFED027AE0EE077AF0E700BF23
:101690000AD7A33C48E17A3FB5EEC00AF1EE10FA52
:1016A0000AD4F7EE007AB4EE670AF1EE10FA37FECC
:1016B000800A80ED4B0A70479FED020A80ED4B0ACD
:1016C000704700BF00000000B5EEC00AF1EE10FA4E
:1016D0000AD4F7EE007AB4EE670AF1EE10FA37FE9C
:1016E000800A80ED4D0A70479FED020A80ED4D0A99
:1016F000704700BF00000000002390ED3B0AC0F8D7
:10170000EC307047474B002247484FF4807C194625
:1017100010B4464CDA609A61026841F8184BA3F89D
:1017200008C01961002A7BD011465269002AFBD1FA
:101730004B6100223E494FF07E50DFF80CC15A61E8
:101740005A609A7219600021C3E90722C3E909228D
:10175000C3E90B22C3E90D22C3E90F22C3E9112219
:10176000C3E91322C3E91522C3E91722C3E91922E9
:10177000C3E91B22C3E91D22C3E91F22C3E92122B9
:10178000C3E92322C3E92522C3E92722C3E9292289
:10179000C3E92B22C3F8B42083F8B82083F8E420EF
:1017A000C3F8BC10C3F8C010C3F8C410C3F8C81005
:1017B000C3F8CC10C3F8D010C3F8EC10C3F808116C
:1017C000C3F80C111B49C3F8F000C3F8F400C3E9D7
:1017D0003522C3E93722184AC3F8E820174AC3F86C
:1017E000F820C3F8FC20164AC3F80021C3F80421EE
:1017F000144AC3F810C15DF8044BC3F814C1C3F810
:101800001811C3F81C11C3F82021C3F82421C3F810
:101810002801C3F82C01C3F83001C3F83401704724
:10182000036086E74454012098F4002074A300204C
:1018300008A500200AD7A33C08E53C1E3333333FFC
:101840003333B33E9A99593F0000C04038B50A205F
:10185000022517F007FA00242146032017F02EFE78
:101860002146042017F02AFE21460520013417F0F6
:1018700025FE042017F0F6F9FF2CEDD1142017F007
:10188000F1F92146032017F019FE2146042017F034
:1018900015FE2146052017F011FE042017F0E2F98D
:1018A000013CEED1142017F0DDF9012D01D0012506
:1018B000D1E738BD08B50A2016F0E8FF102017F070
:1018C00015F801210D2017F087FA01210D2017F0DE
:1018D00047FA0121032017F07FFA0121042017F0B5
:1018E0007BFA0121052017F077FA094B1B780BB121
:1018F000FFF7ACFF0221002017F06EFA0021054827
:1019000016F01CFA64210348BDE8084016F0B0B98F
:10191000EEEB002054110120014816F001BA00BF7F
:101920005411012070B5041E2BDD194BE517194A1F
:1019300083FB0413C5EB630303EB4303A4EB8303B3
:1019400052F8236036B130461DF00EF8014630469D
:101950001AF0C6F80E4B104883FB0423C5EB630155
:10196000013916F0DDFD01210C481AF0B9F82146C5
:10197000094816F0D5FD01210948BDE870401AF06C
:10198000AFB801210748BDE870401AF0A9B800BF00
:10199000ABAAAA2AE49E002090D40020D8160020EA
:1019A000A8C700202C9F002080F8A110704700BF1E
:1019B0002DE9F04FD0F8ACA000212E4A83B0DAF820
:1019C00000308446D0F8A85000F10C04082BDFF852
:1019D000AC8001954FF00106A8BF08232D68264F63
:1019E00023EAE373A0F8401080F84E1003EB830362
:1019F00002EBC30E0A230A46AEF1040E00EB030904
:101A0000037001E0B0F840205EF8043FE9180CF8DC
:101A1000013F81F30701A7FB01B308EB810BDB0852
:101A2000DBED007A03EB4303FDEEE77AA1EB8303E2
:101A300017EE901A22FA03FB44F8041F06FA03F18A
:101A40001BF0010F41EA020109D190F84E20A0F8E5
:101A50004010511C024480F84E1082F84230CC45B0
:101A6000D0D1019B1B680365DAF80030436503B0F1
:101A7000BDE8F08F189B0020ABAAAAAA5CE9002061
:101A8000002958DD30B405780DB300F10C0C0023AB
:101A900003E00133DCB2AC4219D25CF8044FA1423E
:101AA000F7D1D0F8A8101844096890F901300B4418
:101AB00083F3070302B11360224AA2FB0312D20888
:101AC00002EB4202A3EB8203D8B230BC704707EEB0
:101AD000901A4FF0FF301C490023F8EEE76A9FEDA3
:101AE0001B7AF1EC017A77EEE67AF0EEE77AF4EE23
:101AF000C77AF1EE10FA02D5B0EE677A18460133D4
:101B0000802BEED1431C0ED002B11060104AC317D7
:101B100082FB0012C3EB620303EB4303A0EB8300E1
:101B200030BCC0B2704722B10023FF2030BC13602C
:101B30007047FF20C9E71AB10023FF2013607047E8
:101B4000FF207047ABAAAAAA5CE90020CAF249713B
:101B5000ABAAAA2A2DE9F04FB0F8404083B0CC40A0
:101B6000E40746D52A4F00269A7202EBC20219708A
:101B70001744DE7297F8088083F80180B8F1000FEF
:101B800043D003F1010A234C0233D146019317F9E4
:101B9000015B97F903C065452BDC6A18B0F840E09B
:101BA00084FB023BD31708E001356DB26A18AC45DF
:101BB00084FB023B4FEAE2731BDBC3EB6B0303EBDB
:101BC0004303A2EB8303DAB22EFA02FB1BF0010FF0
:101BD000EAD0002B0DDB86B1019D06F1FF3E55FAE0
:101BE0008EFE554601E0754507D015F801CF9445A6
:101BF000F9D1002003B0BDE8F08F09F8013F89F862
:101C000004600136F6B2B045C1D10120F2E700BF51
:101C1000549E0020ABAAAA2AF0B5D0F8B45000F127
:101C2000780C0E4B2D6890F8A04085F302050C4F00
:101C30000C4E03EB850E00F17C051EF8013B4CB900
:101C4000F35C0CF8013FAC45F7D179300423086010
:101C50001370F0BD012C18BFFB5CF2E7CC9E002096
:101C6000209F0020149F002090F84E3010B50BB13B
:101C700090F84230002203240B7013468A724C7095
:101C8000CA7290F84E405A005FFA83FE84B1B2FBEC
:101C9000F4FC04FB1C22024492F8422001EB030CEA
:101CA0000133032B8CF802208CF806E0E9D110BD3B
:101CB0004FEA8E02D2B2F1E72DE9F04F2DED028B03
:101CC0008FB0064600270DF11B0207A9FFF7A4FFFE
:101CD000D6F8A830B94AB8461B68B14682FB032142
:101CE000DA17C2EB610202EB4202A3EB82034FF070
:101CF00000420C330292B24ADBB2A2FB0312D208BA
:101D000002EB4202A3EB820396F84E20DBB204936F
:101D1000002A00F04F8100234746039305934B446C
:101D200093F8423008EE103A002F40F0FF809DF803
:101D30001B30009323B300260DF12C0832460FB957
:101D4000079B9A5D99F9A330002B02DBDBB293422B
:101D50000FD1434618EE101A4846FFF7FBFE0190DC
:101D600038B199F888E0BEF1FF0F36D1012F00F2AB
:101D7000B2800136009BF2B29342E0D899F84E202F
:101D8000039B01330393DBB29A42C8D8059BB84644
:101D900083F00103DBB208F101015FFA81F8B8F1C9
:101DA000020F01D8002BB3D1059B4E46002B00F04B
:101DB000098106F1580306F1640493E8070084E8FA
:101DC000070008AA07CA83E80700336F01333367A7
:101DD0000FB0BDEC028BBDE8F08F9DF82DA0BAF1DD
:101DE000000FC3D00DF12D0C0DF12E040AF1FF30C0
:101DF000634654FA80F101E08B42B7D013F8012F0B
:101E00007245F9D199F890204FF00103FF2A8DF81F
:101E100037307ED1002599F865B009F166030024BA
:101E20000BF1FF3053FA80F05B46AB461D461CF8C1
:101E3000011F55B109F1650301E0834205D013F894
:101E4000012F8A42F9D10BF1050B0134E4B254455C
:101E5000EDD3AAF104002B465D46B0FA80F09B4614
:101E600040099DF82C10BBF1000F0AD099F864309E
:101E70008B4206D19DF8362099F86E309A4208BF01
:101E8000123D049BCA1A4E4B0C32A3FB0243DB08E3
:101E900003EB4303B2EB83032CD1083599F8A03050
:101EA000032B01D1002861D1022F02D1BEF1FF0F17
:101EB0003FD10521002016F05DFC029B284498428A
:101EC0007FF757AF019B0290059308AB98E8070096
:101ED00083E807004DE799F8902000239DF82DA096
:101EE000FF2A8DF837300BD1BAF1000F5AD00DF11F
:101EF0002D0C8FE703F0FD03052B08BF0535CDE75B
:101F0000BAF1000F4ED00DF12D0C0DF12E040AF197
:101F1000FF3054FA80F0634602E083423FF47AAF28
:101F200013F8011F9142F8D10E2574E7092300939D
:101F300001E7BAF1000F3BD00DF12D000C24002376
:101F400010F8011F0133B1EB0E02DBB248BFAEEB5C
:101F50000102062AC8BFC2F10C029442C8BFD4B223
:101F60005345EDD304EB44042D1BA2E79DF831301B
:101F7000124A5B1A0C3382FB0321DA17C2EB6102AF
:101F800002EB4202A3EB820303F0FB02DBB2022A64
:101F900001D00B2B00D10635022F8AD1BEF1FF0FE5
:101FA00087D0C9E7002099F865B00546824658E712
:101FB0002424D9E701230592EDE600BFABAAAA2AA3
:101FC000ABAAAAAA08A94846FFF74EFEF1E600BF51
:101FD00038B5C0E92B23C0F8A8103B2325214522A2
:101FE00000250446C0E925131E4B0570A0F840509B
:101FF00080F84E50C0F88450C0F88C50C0E92723B8
:102000004FF0FF331022C0E91433C0F8803080F85D
:102010008830049B80F87820FF22C0F8C430059BEC
:1020200080F89020C0F8B430069BC0F8B830079B09
:10203000C0F8BC30089BC0F8C030099BC0E91C55F3
:10204000C0F8C83080F8A4508565C565056645664A
:102050008566C566FFF7ACFCFFF72EFE2046656778
:1020600038BD00BF0101FFFF252238B5C0F894201C
:102070004FF0FF333B220025C0F88030044680F843
:102080008830FF23C0F8982045224566C0F89C2080
:10209000856680F89030C566FFF78AFCFFF70CFE76
:1020A000656738BD2DE9F04F9DB09A4C894602EB2B
:1020B000420204930646984B4FF0000B615C13F804
:1020C0000930009101EB820103EB820490F859E0A2
:1020D0008C46DFF84CA2DFF85482019306910794F6
:1020E000BEF1000F00F0E28001270022791E56FAAF
:1020F00081F191F85A30A3EB0C038AFB0305D81742
:10210000C0EB650000EB4000A3EB80030C33A8FBA1
:102110000350C00800EB4000A3EB800363449C42E3
:10212000C0F2B1800F2A00F2AE8091F85E500CA987
:1021300001EB820002F12001694440F8043B0C33BA
:10214000013201F8015B9C42D2B201DB0F2AF4D9C3
:10215000774503D20137102AFFB2C7D106EB8903B6
:10216000D3F8941005930291B9F1000F40F0BB80B1
:102170004FF0FF3A059BD3F898B0002A00F0BE80DC
:10218000531E0DAA31460CAFDBB20DF1200802EB55
:1021900083036FF0004201924FF0FF321E460B4660
:1021A00003925E4A14E098F8001001B90535032146
:1021B0000020009316F0DEFA019B2844574A98420B
:1021C000009B01DA01900394B74208F1010870D036
:1021D000BAF1000F57F8044B04DB12F80910514410
:1021E000A142F1DCBBF1000F07DB09F10101C9B22B
:1021F000515CABEB0101A142E6DBD3F8841000296E
:1022000029DD601A48BF081B454981FB0015C1172D
:10221000C1EB6501434D01EB4101A0EB81010B31A5
:1022200025FA01F1C907CFD40028CDD093F8631067
:1022300089B9A1F1553101F1004181FB0410E11789
:10224000C1EB600193F8880001EB4101A4EB81012F
:10225000C9B28842B8D00299651A002DB8BF6D4244
:10226000A142049908BF063500299CD1B9F1020F9B
:1022700030D0B9F1010F9AD198F8001011F0FD0F8C
:1022800095D0033593E77745FFF464AFB2FA82F354
:102290005B098BF001014FF0010B0B423FF45EAF85
:1022A000DDE900C4BEF1000F7FF41EAF72460123CA
:1022B000EFE7039B002B21DB039B1B4A83F3070300
:1022C000059902EB8302C1F8943092ED000A1DB02B
:1022D000BDE8F08F98F8001001F0FD0101293FF4EE
:1022E00066AF033563E7B9F1010FD3F890A03FF46F
:1022F00041AF4FF0FF3B002A7FF442AF029B002B1F
:1023000005DCDDE906329B1848BF01335B100393FF
:10231000D2E700BFE09E0020DC9E0020B8370020FE
:10232000ABAAAA2A001040005CE90020ABAAAAAA26
:1023300010B5182290F858C040F2E73E24240E4809
:10234000A0FB0213A2F12401DB0803EB4303A2EB81
:102350008303DBB2634506D10029B8BF494271450A
:1023600001DA14468E460132312AE9D1034B03EBE0
:10237000840393ED000A10BDABAAAAAA5CE9002071
:1023800090F85930022B42D9D0E925239A423EDCFD
:10239000D0F89C2093423ADAD11A022937DDD0F8DE
:1023A0008410002935DD581A10B448BFC81A1B4CD8
:1023B000C31784FB00C4C3EB6403194C03EB430352
:1023C000A0EB83030B3324FA03F3DB0723D410B30E
:1023D000B2EB010C124848BFA1EB020C0F4A4FEAC6
:1023E000EC7382FB0C12C3EB620303EB4303ACEB15
:1023F00083030B33D84000F00100BCF1000F08BF8D
:1024000040F0010080F001005DF8044B70470020AF
:102410007047012070470020F6E700BFABAAAA2A48
:10242000001040002DE9F04790F888100446FF297D
:1024300000F0F98090F859707FB100F15A02013F25
:1024400000F1590352FA87F702E0BB4200F0EB803B
:1024500013F8012F8A42F8D101270B21774819F090
:102460003FFB00230A22216F754816F081F80721EF
:10247000744819F035FB00230A2294F8781070484C
:1024800016F076F80621704819F02AFBDFF804826E
:1024900094F8583058F8235035B128461CF064FAA7
:1024A0000146284619F01CFB0321684819F018FB67
:1024B000674B94F8622053F8225035B128461CF03F
:1024C00053FA0146284619F00BFB0821614819F020
:1024D00007FB94F859202AB34FF0000ADFF8B891AF
:1024E000554601E095421DD263190AF1010A93F89D
:1024F0005A3058F8236030463EB11CF035FA014698
:10250000304619F0EDFA94F859206B1C5FFA8AF501
:102510009342E7DA0121484619F0E2FA94F859208B
:102520009542E1D30A214C4819F0DAFA00230A2235
:1025300094F8A010424816F01BF80621474819F0FD
:10254000CFFA94F88830FF2B74D058F8235035B167
:1025500028461CF009FA0146284619F0C1FA012163
:102560003F4819F0BDFAD4F88010354815F0D8FF6F
:1025700003213C4819F0B4FA04213B4819F0B0FAA1
:10258000002F3A4B14BF03210221394808BF1846D7
:1025900019F0A6FA2A4815F0CFFF0D21354819F099
:1025A0009FFAD4F89400FFF7BDF90421324819F0DE
:1025B00097FAD4F89800FFF7B5F904212F4819F0DD
:1025C0008FFAD4F89C00FFF7ADF90621234819F0E3
:1025D00087FAD4F88400FFF7A5F907212848D4E941
:1025E00025239A4203DCD4F89C2093421DDB19F08A
:1025F00077FA0321234819F073FA0721224819F0CA
:102600006FFA2046FFF7BCFE204A00281D4B15BF7D
:10261000022103211046184619F062FA0848BDE865
:10262000F04715F089BF002717E719F059FA022182
:102630001648E0E70121164D8EE700BFE0A200201A
:1026400090D40020ECA20020F4A20020FCA20020E4
:10265000A89E002000A300200CA3002018A30020A7
:10266000D816002024A3002028A3002058180020FA
:102670005418002040A3002050A3002058A300209D
:1026800030A30020D8A2002038A30020DCA2002024
:102690002C9F0020E49E002020A30020D0F8A8203A
:1026A00038B512680446036D9A4205D1D0F8AC20C3
:1026B000436D12689A4202D02046FFF779F994F9E7
:1026C000A230002B25DA94F8A030D4F8C420022BD5
:1026D000D2ED007A0AD9032B1CD19FED587AF4EE83
:1026E000477AF1EE10FA48BF022313E09FED547AC7
:1026F000F4EEC77AF1EE10FA77DC022B00F084805A
:102700009FED507AF4EEC77AF1EE10FA71DD0223F4
:1027100000E0DBB2D4F8B82084F8A0301368022BB4
:102720000CBFD4F8C030D4F8BC301968D4F880306D
:102730008B421AD004F184022046C4F88010FFF7BF
:102740009FF9D4F8C83084F888005BB1186848B1A4
:10275000F6F770F8011E05DD04F18C022046FFF744
:102760008FF900E0FF2084F89000374D286800289A
:102770003AD000210CF040FAB0B32A684FF4C0738D
:1027800051791079D268B3FBF1F300FB03F3B2FB8C
:10279000F3F360B394F87810B1FBF0F1012938BF7E
:1027A0000121626F9A1A8A421ED394F8A4206367AB
:1027B000082A0FD0A2F11000B0FA80F0400948B901
:1027C00094F8A030C3B3032B03D0022115F0D2FF3D
:1027D00090BB0822204684F87820FFF76DFA19F0A4
:1027E0008BF9B0F5007F22DA38BD032392E701218F
:1027F000D7E793B99FED157AF4EEC77AF1EE10FAA8
:10280000CCBF0123002385E79FED117AF4EE477AD0
:10281000F1EE10FA48BF01237CE79FED0E7AF4EE4B
:10282000C77AF1EE10FA54BF0123002372E7204665
:10283000BDE83840FFF7F6BD1022CBE7C3F5683F8F
:10284000EB51783FB81E453F2C3501206666E63EC9
:1028500090C2353F14AEC73E2DE9F0411E461746E3
:1028600044F620634FF4FA520025884608210446B6
:102870000570C0E901230F23C0E9031312201A23B6
:102880002946C4E905033E4B04F12000E36112F040
:102890005BFF3C4B4FF42F7C2946636304F15400EB
:1028A000A363394B84F830502364384BE663636488
:1028B0004FF46173C4E912C34FF4E163236512F06E
:1028C00043FF294604F17000A4F86450A56684F81B
:1028D0006C5012F039FF2E4B294604F19400C4F8D5
:1028E0008830C4F88C30C4F890302A4B84F880507B
:1028F000C4F8843012F028FF169BC4F8C06020464C
:10290000C4F8A430069BC4F8AC50C4F8C430079B8C
:10291000214AC4F8C830089BC4F8CC30099BC4F8DD
:10292000D0300A9BC4F8D4300B9BC4F8D8300C9B31
:10293000C4F8DC300D9BC4F8E0300E9BC4F8E430E2
:102940000F9BC4F8E830109BC4F8EC30119BC4F81E
:10295000F030129BC4E92E87C4F8F430C4F8B450A8
:10296000139BC4F8A820C4F8F830149BC4F8FC30BA
:10297000159BC4F80031012384F8B030BDE8F08124
:102980000AD7A33CCDCC4C3E9A99993ECDCC0C3F76
:10299000000080BF00008C4200005C4390F864108F
:1029A00001B1704710B5012304465430A4F86430D7
:1029B00012F0E4FED4ED127AE16BF8EE677A94ED52
:1029C000117AF5EEC07AF1EE10FA48D9F7EE006A06
:1029D000B4EEE67AF1EE10FA22DD394A9FED397A4B
:1029E00067EE877AFDEEE77A17EE903A8BB372B610
:1029F000C8690A6290425CD080FAA2F4EFF3008CBE
:102A00001CF0006F40D0012B04D092FBF3F490FB3C
:102A1000F3F3E41A8CB34C6201230B7662B610BD5B
:102A2000FFEE006AB4EEE67AF1EE10FA2FD4DFED95
:102A3000256A67EEA67AFDEEE77A17EE903ADFEDAB
:102A4000227A27EE277AFDEEC77A17EE902A002B1E
:102A5000CDD172B60023CA610B7662B610BDF7EE17
:102A6000007AB4EEE77AF1EE10FA12DD144B72B68A
:102A70000022CB610A7662B610BD9042B4BF01203D
:102A80004FF0FF304862C7E794FBF3F4C2E70F4A08
:102A9000A4E7FFEE007AB4EEE77AF1EE10FA0CD478
:102AA000DFED097A27EE277AFDEEC77A17EE903A26
:102AB000DDE700230B7662B610BD044BD7E700BFFD
:102AC0000000FF7F6666304200FEFF4E000001807E
:102AD00010B540F2766C4FF48A71124A044640F603
:102AE0009D03D0F8CC00A0F82AC0C185026383867C
:102AF00013F084FA00234FF480304FF00B0CD4E92C
:102B00003421538650621362074881F83832D4F872
:102B1000D820CB6244F29A01A2F82AC09186C2E979
:102B20000B0310BD4033333300009A40DFED777A5A
:102B3000F4EEE70A10B5F1EE10FA044610D4F7EE01
:102B4000007AF4EEE70AF1EE10FA40F3B680DFED1A
:102B5000707ADFED700A9FED707ADFED706A07E042
:102B6000DFED6F7ADFED6F0A9FED6F7ADFED6F6A51
:102B7000B5EEC00AD4F8D420C4ED216AF1EE10FA03
:102B800000F1C180DFED6A6AB4EEE60AF1EE10FAF8
:102B900074DD684B5362DFED686AD4F8D01020EE24
:102BA000260AB5EEC00AF1EE10FA00F1A980DFEDB9
:102BB000606AB4EEE60AF1EE10FA51DD5D4BCB61CE
:102BC000DFED5E6AB4EEE67AF1EE10FA09DCF3EEC0
:102BD0000E6AB4EEE67AF1EE10FA5ED542F6AA235A
:102BE00001E04FF44813F5EEC00A0121936282F828
:102BF0003912F1EE10FA00F18180B7EE007AF4EEAE
:102C0000C70AF1EE10FA51DD4FF48033F5EEC07AC9
:102C1000D4F8D810D362F1EE10FA6BD49FED487A55
:102C20004FF6FF7267EE877AFCEEE77A17EE903A7E
:102C30000733DB089A4228BF1A4692B2CA85002B96
:102C400058D0012304F170008A86002184F8803076
:102C500012F094FDD4F8D800BDE8104013F0CEB9BE
:102C6000DFED386A334820EE260AFCEEC06A16EE25
:102C7000903AC1ED076A8342A0D8A1E7DFED316A3F
:102C80002C4960EE266AFCEEE66A16EE903AC2ED3A
:102C9000096A8B423FF67DAF7DE7DFED2B6A27EEB9
:102CA000267ABCEEC77A17EE103A9CE7B0EE607A4F
:102CB000BEEEC87A17EE103AA8E7DFED246A9FED62
:102CC000246ADFED247A9FED247AE0EEA67A9FED68
:102CD000115AA0EE867ADFED116A9FED0F6A60EE61
:102CE000850ADFED0B5A67EEA66A27EE067A67EED5
:102CF000A57A3DE701231A46CB85A2E7002385E7A5
:102D00000023CB615CE70023536244E7CDCC4C3D0C
:102D100000803B458FC2F53C0000D24300008C424E
:102D20000010B344A69BC43A33B30C4333B30542FB
:102D30000044AC460000FE7F9A99993F00A00C46E3
:102D400066663042C637BE47610BB643CDCC0C3FFA
:102D50003333333F6666E63E9A99993E38B590F82C
:102D60006C308B4242D004460D4680F86C10C1B1E5
:102D70000023D0E92E12D0F8CC004B620B21536215
:102D800001234FF080424185C38540F2B9130263AD
:102D9000838613F05BF9D4F8CC00BDE8384013F01B
:102DA0002DB9D0F8D80013F051F9D4F8D420104B35
:102DB000D562186884F880500AF062FBD4F8CC0021
:102DC0004FF48A7340F276610A4AC38540F69D0348
:102DD00041858386026313F039F9D4F8CC0013F0EF
:102DE0000DF9054BC4F89030C4F8883038BD00BFE9
:102DF0007C30012040333333000080BF00000000EE
:102E000070B500F1200504462DED028BD0E90101DB
:102E100084B015F0AFFC0146284612F0C9FC00282A
:102E200040F09E82D4ED0E7A94ED0D7AD4ED076ACF
:102E300037EE677AE6EE877AC4ED0E7A94F864305E
:102E4000002B40F0418194ED0E8AD4E93E231B68AB
:102E5000D2ED007A032B00F05581914814F04EFF1B
:102E6000002840F06D812578012D04D0022D4FF00F
:102E7000FF3518BF0025D4F8EC30D4ED2A8A1B7832
:102E8000042B00F0828100212046FFF767FFD4ED7C
:102E9000227AD4F8F420F4EE687AF1EE10FA00F019
:102EA000EA80F5EEC08AD2ED007AD4F8B830F1EEBF
:102EB00010FA00F1F2809FED7B7AF4EEC78AF1EE12
:102EC00010FA40F34D837849D96178EEE77AD4F867
:102ED000BC10F5EEC07AF1EE10FA00F12F839FEDF1
:102EE000717AF4EEC77AF1EE10FA40F32A836E4B52
:102EF000CB61C4ED228A1368C4F88C30D4ED247AF7
:102F00009FED6A7A78EE677AF0EEE77AF4EEC77AA8
:102F1000F1EE10FA00F39082D4E92E32D4F8EC10DE
:102F20000978012900F0638200200229186200F06C
:102F3000A383588640F66933D4F8C81010625086CF
:102F4000CB61D4F80031002B00F0E58193F8A32089
:102F5000002A00F0E08193F8A130002B00F0DB8123
:102F6000D4F8A430002B00F0E98193F8A1602EB1D1
:102F7000D4F8AC601B6FF61A18BF01264C4B1868CA
:102F8000002800F0E18101210BF036FE002800F05E
:102F9000DB810023D4F8A40084F8B03020B190F88D
:102FA000A120002A40F0748305210020D4F8E850C5
:102FB00015F0E0FBD4F8E820D4F8DC302860126883
:102FC00003EB8203D3ED007A2378F8EEE77A012B46
:102FD000C4ED2A7A00F06683022B00F0D78294F8C1
:102FE0006450002D00F012834FF448710020D4F893
:102FF000CC5015F0BFFB07EE900AF8EEE77AF5EE3D
:10300000C07AF1EE10FA00F1EF819FED2A7A4FF6C7
:10301000FF7267EE877AFCEEE77A17EE903A073395
:10302000DB089A4228BF1A466A85002B00F0DC8133
:10303000214DD4F8CC0013F009F8D4F8CC0012F0EC
:10304000DDFF94ED2A0A28680AF0A2F80246F6EE9F
:10305000000A2868B0EE480A03920AF0D3F8034643
:1030600028680321039A851D00950AF04BF904B0E6
:10307000BDEC028B70BD94ED237AD2ED007AF4EEB4
:10308000477AF1EE10FA3FF439AFF5EEC08AD4F882
:10309000B830F1EE10FA7FF50EAF0021D96114E7D8
:1030A000541101200044AC460000FE7F0AD7A33B28
:1030B0002C350120666630427C3001209A99193FF8
:1030C000CDCCCC3E9A99593F04F1540012F064FBE8
:1030D00094F86530002B00F0ED81D4E912231344FD
:1030E000226D13449842FFF4AEAE002394ED0E8A95
:1030F000A4F86430D4E93E231B68D2ED007A032B98
:103100007FF4ABAE1FED137AF4EEC77AF1EE10FA4E
:103110007FF7A3AE77EEC77A5FED175AB7EE007A66
:103120005FED186ABA4887EEA56AF0EE477AE6EED8
:10313000667A28EE278A14F0E1FD00283FF493AE6A
:103140000521012015F016FBD4F8F020C3B2127847
:103150009A4202D103F003030133D4F8EC20642136
:103160000020137015F006FB042840F30B8218288A
:1031700040F39D8200231D462370D4F8EC30D4ED3B
:103180002A8A1B78042B7FF47EAE94F86C30BBB98E
:103190000122D4E92E0184F86C2043624B624FF087
:1031A0008043D4F8CC000B21036340F2B913C285ED
:1031B0004185838612F04AFFD4F8CC0012F01EFF3E
:1031C00094F88030002B40F0E881D4F80031002BD7
:1031D00000F00F8293F8A320002A00F00A8293F8EF
:1031E000A130002B00F005828A4E306800283FF4A1
:1031F0003EAF00210BF000FD00283FF438AF3168EE
:103200004FF4C07348790A79C968B3FBF0F302FB45
:1032100003F3B1FBF3F3002A40F054820122D4F807
:10322000B410591A9142FFF422AF64210020C4F86F
:10323000B43015F09FFA3B287FF719AFD4F8A400FB
:1032400020B190F8A130002B40F0FC820521002035
:10325000D4F8E85015F08EFAD4F8E820D4F8DC3031
:103260002860126803EB8203D3ED008A2378F8EE1E
:10327000E88A012B00F0EE82022B03D1F6EE007AF1
:1032800068EEA78A6421002015F074FA272800F35D
:10329000C8821921002015F06DFA07EE900A9FED03
:1032A0005E7AF8EEE77A9FED5D8AA7EE878A5C4D3D
:1032B000F0EE480AB0EE680A2046FFF737FCB0EEA1
:1032C000680A286809F064FFDFED567A024628682C
:1032D00068EE277A0321841DFCEEE77A009417EE4E
:1032E000903A0C33DBB20AF00DF8DFED4F6ADFEDF8
:1032F0004F7A9FED4F7AE8EE267A286867EE877A54
:10330000FCEEE77A17EE901A04B0BDEC028BBDE834
:1033100070400AF0ABB8D4F8C430464A9A61A2F5BE
:10332000DA42283ADA614FF000525A6246F2666396
:103330000B62D4F8A430002B7FF417AE1E46354B39
:10334000186800287FF41FAE94F8B030002B7FF48B
:1033500020AE002E7FF41DAE04B0BDEC028B70BD1C
:103360000021284612F00AFA94F8303083F0010365
:1033700084F83030002B40F00281D4E9030115F0CD
:10338000F9F907EE900A94ED0E8AB8EEE77B94F80F
:1033900030309FED1D6B27EE067BB7EEC77BD4ED7B
:1033A000077A77EE486A84ED0D7AA6EEA78A84ED57
:1033B0000E8A002B3FF442ADA36E002B3FF43EADCE
:1033C00094F86420002A7FF47FAE93F8640000280C
:1033D0007FF43BAD642115F0CDF927283FF72EADE2
:1033E000A06E00F0C9FA29E501236B8520E60021D3
:1033F0001962598603231162538641F20533D4F8CA
:10340000C810CB619DE500BF7B14AE47E17A843FD5
:10341000541101202C3501200AD7233CCDCC4C3E41
:103420007C3001200000C842CDCC0C3F6666E63EF1
:1034300000803B454098780504F1940632213046DF
:1034400012F0B6F900283FF467AD0021304612F0C3
:1034500095F9B5EEC08AD4F8B830F1EE10FA00F163
:103460008181F7EE007AB4EEE78AF1EE10FA40F3CC
:1034700064814FF48032B7EEC87A5A62D4F8BC2027
:103480009FEDC56B27EE067BB7EEC77BB5EEC07A26
:10349000F1EE10FA00F16881F7EE007AB4EEE77A07
:1034A000F1EE10FA40F370814FF48031516284EDF7
:1034B000248A33E5D4E9123213449842FFF410AE63
:1034C000D4ED147AE16BF8EE677A94ED107AF5EEAC
:1034D000C07AF1EE10FA40F24981F7EE006AB4EEDC
:1034E000E67AF1EE10FA40F30281AD4A9FEDAD7A33
:1034F00067EE877AFDEEE77A17EE903A002B00F040
:10350000108172B6CD690A62954200F0868185FA13
:10351000A2F6EFF3008C1CF0006F00F06681012B27
:1035200004D092FBF3F695FBF3F3F61A002E00F0AD
:1035300055814E6201230B7662B6F7E00023CB6122
:10354000D7E49FED997A994867EE877AFCEEE77A9F
:1035500017EE903AC1ED077A83423FF6C8ACC8E453
:103560009FED917A914828EE877ABCEEC77A17EEE4
:10357000101A83ED077A81423FF6A5ACA5E4D4E9A1
:103580000501FCE601231D46237074E4B6EE007AC3
:1035900067EE877AC4ED2A7A21E51C2104F17000D8
:1035A00012F006F900283FF410AED4ED217A9FED19
:1035B000807AD4F8D420F4EEC77AF1EE10FA00F352
:1035C0000A81B3EE0E7AF4EEC77AF1EE10FA00F14A
:1035D00011819FED787A67EE877AFCEEE77A17EE35
:1035E000903A93620121002382F8391284F88030E6
:1035F000EBE5D4F8C4307049704AC3E9061270494B
:10360000D4F8C820596200231362EDE5C8213220A6
:10361000D4F8C06015F0AEF807EE900AF8EEE77A3D
:10362000F5EEC07AF1EE10FA46D99FED5E7A67EEBC
:10363000877AFDEEE77A17EE903A002B00F084804F
:1036400072B6604AF1693262914200F0C18081FA3B
:10365000A2F0EFF300852D0146D55D1C022D04D9A3
:1036600092FBF3F291FBF3F3D01A002872D0706250
:103670000123337662B6B7E4042159865249D962F0
:1036800041F66F63D4F8C81010625086CB6158E4DD
:10369000016F2A46C4F8AC100221FEF703FD84ED49
:1036A0002A0A9CE477EEA77AC4ED2A7A97E40223EB
:1036B0004FF0FF35237060E572B6424B3576F3610B
:1036C00062B691E407EE902AF1EE006AF8EEE77A2E
:1036D00086EEA77AFCEEC77ACDED037A9DF80C2032
:1036E000012A38BF01229AE590FBF3F0BDE7FFEE17
:1036F000006AB4EEE67AF1EE10FA79D4DFED296AC9
:1037000067EEA67AFDEEE77A17EE903ADFED2F7AB4
:1037100027EE277AFDEEC77A17EE902A002B7FF46A
:10372000F0AE72B60023CA610B7662B6D4E912130A
:1037300001220B4484F86520D2E4F0EE487AFEEED4
:10374000C87A17EE902A96E672B61E4A3376F26170
:1037500062B649E41B4B9942B4BF01214FF0FF31DF
:10376000716285E7002286E600219FE6F7EE007A87
:10377000B4EEE77AF1EE10FA3FDD094B72B60022A3
:10378000CB610A7662B6D1E7F0EE477AFEEEC87AF0
:1037900017EE901A8AE600BF9A9999999999E93F8C
:1037A0000000FF7F66663042C637BE470000FE7FDE
:1037B00000A00C46610BB64340F95A1B60C9251B9B
:1037C00000721C47C01966266861002000FEFF4E8B
:1037D000357662B608E44FF4481302E79542B4BF69
:1037E00001254FF0FF354D62A4E696FBF3F69DE60A
:1037F0001A4A7BE642F6AA23F3E6FFEE007AB4EE1D
:10380000E77AF1EE10FA1BD4DFED157A27EE277A6E
:10381000FDEEC77A17EE903AB0E700230B7662B65A
:1038200084E72821002014F0A5FF07EE900A9FED01
:103830000D7AF8EEE77A9FED0C8AA7EE878A36E5D7
:10384000064B9BE701232A460221FEF72BFCF0EEF4
:10385000408A17E578EEA88A14E500BF00000180D1
:1038600000FEFF4E0AD7233C9A99193F2DE9F041FB
:103870001E46174646F2A81342F2107200258846EB
:103880000A2104460570C0E901231023C0E903138F
:1038900014201C232946C4E90503334B04F12000FE
:1038A000E36111F051FF4FF07A534FF42F7C29461A
:1038B00023644FF07C5304F1540084F83050636467
:1038C0002A4BE6636363A3634FF46173C4E912C3D5
:1038D0004FF4E163236511F037FF254B294604F1CE
:1038E0007800E36623676367A4F86450A56611F067
:1038F0002BFF139B1F4A2046C4F88830069BC4F850
:10390000A460C4F8A830079BC4F89050C4F8AC3049
:10391000089BC4F89850C4F8B030099BC4F8B43080
:103920000A9BC4F8B8300B9BC4F8BC300C9BC4F89D
:10393000C0300D9BC4F8C4300E9BC4F8C8300F9B38
:10394000C4F8CC30109BC4F8D030119BC4F8D430EC
:10395000129BC4E92787C4F8D8300123C4F88C200F
:1039600084F89430BDE8F0818FC2753CCDCC4C3EDC
:10397000000080BF00005C4390F8641001B1704704
:1039800010B5012304465430A4F8643011F0F6FE5B
:10399000D4ED127AE16BF8EE677A94ED117AF5EED8
:1039A000C07AF1EE10FA48D9F7EE006AB4EEE67A82
:1039B000F1EE10FA22DD394A9FED397A67EE877A07
:1039C000FDEEE77A17EE903A8BB372B6C8690A62D9
:1039D00090425CD080FAA2F4EFF3008C1CF0006FF0
:1039E00040D0012B04D092FBF3F490FBF3F3E41AE4
:1039F0008CB34C6201230B7662B610BDFFEE006AF9
:103A0000B4EEE67AF1EE10FA2FD4DFED256A67EE18
:103A1000A67AFDEEE77A17EE903ADFED227A27EEEE
:103A2000277AFDEEC77A17EE902A002BCDD172B619
:103A30000023CA610B7662B610BDF7EE007AB4EED1
:103A4000E77AF1EE10FA12DD144B72B60022CB6168
:103A50000A7662B610BD9042B4BF01204FF0FF302D
:103A60004862C7E794FBF3F4C2E70F4AA4E7FFEE0E
:103A7000007AB4EEE77AF1EE10FA0CD4DFED097AB1
:103A800027EE277AFDEEC77A17EE903ADDE700239E
:103A90000B7662B610BD044BD7E700BF0000FF7F76
:103AA0006666304200FEFF4E0000018010B50E49F0
:103AB00040F6C52240F28A7E4FF48A7C0446D0F854
:103AC000AC0001638286A0F82AE0A0F82EC012F0B4
:103AD00095FAD4F8A83005484FF0005204495A62CC
:103AE000C3E9060110BD00BF403333334098780569
:103AF000182B780500000000F0B50446C2482DEDF3
:103B0000048B85B014F0FAF8002840F07882D4F8DD
:103B1000C03019784B1E012B40F2DE81032900F0E2
:103B2000FA80042900F05083B7EE009A04F12005D2
:103B3000D4E9010114F01EFE0146284611F038FEBA
:103B4000002840F01282D4ED0E7A94ED0D7AD4ED77
:103B5000076A37EE677AE7EE267AC4ED0E7A94F8B4
:103B60006430002B40F0818194ED0E8AD4E9342337
:103B70001B68D2ED007A032B00F095812278012A90
:103B800004D0022A4FF0FF3218BF00229F4BD4ED21
:103B9000238A1B68002B00F057825979DF684FF4A5
:103BA000C073D4F88800B3FBF1F3D4F89810791AF5
:103BB000002800F0DB8290F8A15055B1D4F8905065
:103BC0004FEA530C066FAD1B18BF01258C4588BF0B
:103BD000002594F89460002E40F0A08007EE903A03
:103BE000B6EE007AF8EEE77AA7EE897AFCEEC77AAD
:103BF00017EE903A012B38BF01238B4240F28E80A2
:103C0000002D40F08B80D4F8D8302BB193F8A4204D
:103C100012B193F8A1303BB9D4F8A8307C487D4963
:103C20007D4AC3E906015A62D4ED1B7AD4F8CC2050
:103C3000F4EE687AF1EE10FA00F00281F5EEC08A37
:103C4000D2ED007AD4F89C30F1EE10FA00F10A813E
:103C50009FED727AF4EEC78AF1EE10FA0CDC9FED5C
:103C6000707A704828EE877ABCEEC77A17EE101A81
:103C700083ED077A814201D96A49D96178EEE77A02
:103C8000D4F8A010F5EEC07AF1EE10FA00F1D98167
:103C90009FED627AF4EEC77AF1EE10FA0CDC9FED3C
:103CA000607A604867EE877AFCEEE77A17EE903A22
:103CB000C1ED077A834201D95A4BCB61C4ED1B8A0F
:103CC00013682367D4ED1D7A9FED577A78EE677AF3
:103CD000F0EEE77AF4EEC77AF1EE10FA00F30B811A
:103CE000D4E92721D4F8C0301B78012B00F0FA80EA
:103CF000022B00F02F82032B00F06282042B00F0D5
:103D00004A8200230320136250860B624B8605B063
:103D1000BDEC048BF0BDB0EE009A07E70023C4F8B9
:103D2000987084F8943020B190F8A130002B40F0C6
:103D30001F8207210220D4F8BC5014F01BFDD4F8D8
:103D4000BC20D4F8B0302860126803EB8203D3EDB6
:103D5000007A2378F8EEE77A012BC4ED237A00F09D
:103D60002A82022B05D1B6EE007A67EE877AC4ED7F
:103D7000237A94F86450002D00F070814FF47A712A
:103D80000020D4F8AC5014F0F5FC07EE900AF8EEE1
:103D9000E77AF5EEC07AF1EE10FA00F1A0809FED1F
:103DA000237A4FF6FF7267EE877AFCEEE77A17EE1A
:103DB000903A0733DB089A4228BF1A466A85002BDF
:103DC00000F08D801A4DD4F8AC0012F03FF9D4F811
:103DD000AC0012F013F994ED230A286809F0D8F921
:103DE0000246F6EE000A2868B0EE480A039209F08F
:103DF00009FA034628680421039A00F10905009591
:103E000009F080FAFFE600BF541101202C35012093
:103E100090298F0460EA8E04C0AAAA2A0044AC4606
:103E2000C637BE470000FE7F0AD7A33B6666304216
:103E30007C3001209A99193FCDCCCC3E9A99593FBC
:103E400094ED1C7AD2ED007AF4EE477AF1EE10FA96
:103E50003FF438AFF5EEC08AD4F89C30F1EE10FA9A
:103E60007FF5F6AE0021D96108E704F1540011F0A6
:103E700093FC94F86530002B00F02981D4E91232CC
:103E80001344226D13449842FFF46EAE002394ED68
:103E90000E8AA4F86430D4E934231B68D2ED007A8A
:103EA000032B7FF46BAE1FED1D7AF4EEC77AF1EEB3
:103EB00010FA7FF763AE77EEC77A5FED215AB7EE5F
:103EC000007A5FED226A87EEA56AF0EE477AE6EEA9
:103ED000667A28EE278A51E6B7EE089A26E601238D
:103EE0006B856FE70023136253860B624B8605B028
:103EF000BDEC048BF0BD04F178053221284611F0A9
:103F000057FC00283FF4ECAE0021284611F036FCA7
:103F1000B5EEC08AD4F89C20F1EE10FA00F1A4812D
:103F2000F7EE007AB4EEE78AF1EE10FA40F36F8113
:103F30004FF48033F6EE087AD4F8A010536268EE9E
:103F4000277AF5EEC07AF1EE10FA00F18F81B7EE24
:103F5000007AF4EEC77AF1EE10FA40F38E814FF456
:103F600080334B6284ED1D8ABCE60021284611F0A7
:103F700005FC94F8303083F0010384F83030002BD6
:103F800000F00081D4E9050114F0F4FB07EE900A7B
:103F900094ED0E8AB8EEE77B94F830309FEDBC6B61
:103FA00027EE067BB7EEC77BD4ED077A77EE486A3B
:103FB00084ED0D7AA6EEA78A84ED0E8A002B3FF4DD
:103FC000CEADA36E002B3FF4CAADD4F8C420127856
:103FD000042A3FF4C4AD94F86420002A7FF445AF6E
:103FE00093F8640000287FF4C1AD642114F0C2FB93
:103FF00022283FF7B4ADA06EFEF7D0FCAFE5042158
:10400000012014F0B7FBD4F8C420C3B212789A424E
:104010000AD1A14AA2FB031202F0FE0101EB5202F7
:104020009B1A013303F0FF03D4F8C0206421002061
:10403000137014F09FFB042800F3A7800123237062
:1040400065E50023CB6139E694F8941000293FF42C
:10405000DAADD4F8880084F8943064E6FA21502070
:10406000D4F8A46014F086FB07EE900AF8EEE77A25
:10407000F5EEC07AF1EE10FA40F297809FED877A64
:1040800067EE877AFDEEE77A17EE903A002B00F0A4
:10409000B08072B6824AF1693262914200F0F480D7
:1040A00081FAA2F0EFF300852D0140F1E1805D1C63
:1040B000022D04D992FBF3F291FBF3F3D01A0028FE
:1040C00000F09D8070620123337662B656E6D4E933
:1040D000123213449842FFF4D4AED4ED147AE16B5B
:1040E000F8EE677A94ED107AF5EEC07AF1EE10FAF8
:1040F00040F2E680F7EE006AB4EEE67AF1EE10FAEE
:1041000040F38C80674A9FED657A67EE877AFDEE13
:10411000E77A17EE903A002B00F09A8072B6CD69DC
:104120000A62954200F0F68085FAA2F6EFF3008766
:104130003F0140F1DA80012B04D092FBF3F695FBAE
:10414000F3F3F61A002E00F0C9804E6201230B76BD
:1041500062B682E000230424534813625486D0627E
:104160000B624B8605B0BDEC048BF0BD054630E517
:10417000016F0023C4F890100121FDF793FF84ED37
:10418000230AF6E5D4E90301FEE61D28D4BF022385
:1041900000232370BBE40020444C53861062D46299
:1041A000434A08624B86CA62A1E672B63C4B35763A
:1041B000F36162B6E2E577EEA77AC4ED237AD8E53B
:1041C000002304243B48C8E70020D4F8C85014F06A
:1041D000D1FA03460521012005EB830595ED008A00
:1041E00014F0C8FA07EE900AB8EEE79A29EE089A9A
:1041F0009CE472B62A4A3376F26162B6BEE52E4B73
:104200009942D4BF01214FF0FF3171625BE7F0EEBC
:10421000487AFEEEC87A17EE903A8BE6FFEE006A17
:10422000B4EEE67AF1EE10FA62D4DFED1C6A67EEC6
:10423000A67AFDEEE77A17EE903ADFED207A27EEC8
:10424000277AFDEEC77A17EE902A002B7FF466AF2F
:1042500072B60023CA610B7662B6D4E9121301224A
:104260000B4484F865200CE6002363E6002378E61F
:1042700090FBF3F00028C2D024E7B0EE677ABEEEE0
:10428000C87A17EE103A6CE6357662B676E500BF6E
:104290007B14AE47E17A843FABAAAAAA6666304295
:1042A00000C0FF1F0000FF7FD48C00206C63002043
:1042B000B47C002034470020FFBFFF1F00FEFF4EEC
:1042C000F7EE007AB4EEE77AF1EE10FA12DD144B55
:1042D00072B60022CB610A7662B6BEE79542B4BFE1
:1042E00001254FF0FF354D6230E796FBF3F629E7E5
:1042F0000C4A08E7FFEE007AB4EEE77AF1EE10FA26
:104300000CD4DFED097A27EE277AFDEEC77A17EE97
:10431000903ADDE700230B7662B69EE7014BD7E7C4
:104320000000FF7F0000018000FEFF4E2DE9F047F6
:1043300004460160294E002508984FF07C51E66143
:1043400004F16008E06004F12400A161294684F8CA
:104350002050234FDFF8A0A0DFF8A090C4E901238C
:10436000099B23610A9B636111F0EEF91D4B4FF02D
:104370007E522946636340461B4BA26363642365F8
:104380001A4BE763E3652664A764E664C4F854A0A7
:10439000C4F8589011F0D8F9294604F18000C4F807
:1043A00070A0C4F87490A667E66711F0CDF9104BC1
:1043B000104A4046C4F898302946C4F89C3001237E
:1043C000C4F89070C4F89470C4F8A020A4F8A43085
:1043D00011F0D4F92046BDE8F08700BF0AD7A33D0D
:1043E0000000C8436666263F9A99193F0AD7A33C46
:1043F000000080BF00000101CDCCCC3E9A99993ECF
:104400002DE9F04390F8A1502DED028B85B00E9C64
:10441000DDF84C809DF850909DF854C0DDE90F7692
:10442000002D00F0C780D0ED067A002B00F08A80C6
:104430009FEDD07A9FEDD06A37EEC77AC7EE066A55
:10444000F5EEC06AF1EE10FA00F15D81B7EE007A88
:10445000F4EEC76AF1EE10FA40F373819FEDC77A6C
:10446000DFEDC76AF4EEE67AF1EE10FA00F166814C
:10447000DFEDC46AF4EE667AF1EE10FA76FEA77A02
:10448000DFEDC16A27EE800AB4EEE67AF1EE10FAAB
:1044900040F14B81B0EE667ADFEDBC7AB4EEE70A0C
:1044A000F1EE10FA00F13581F2EE087AB4EE670A07
:1044B000F1EE10FA37FE800AF7EE006A90ED176A07
:1044C000D4ED005A76EEC67A67EEA57AE7EE067A64
:1044D000C4ED007A90ED177A97ED006A76EEC77A10
:1044E00067EE867AE0EE077AC7ED007ABCF1000F3E
:1044F0000ED0119B94ED008AD3ED007A78EE677AA6
:10450000F0EEE77AF4EEE67AF1EE10FA00F3568177
:10451000D8ED007AF4EE607AF1EE10FA00F0A680A1
:10452000DFED987AF4EEE70AF1EE10FA00F1F88088
:10453000F1EE047AF4EEE70AF1EE10FA40F374813A
:10454000934BEEE0DFED8B6A9FED927A77EEE67AA1
:10455000A7EE877AB5EEC07AF1EE10FA00F1D680B8
:10456000F7EE007AB4EE677AF1EE10FA37FE877A4A
:10457000B7EE006AD0ED176AD6ED005A76EE667A8D
:1045800067EEA57AE7EE267AF5EEC07AC6ED007AF8
:10459000F1EE10FA00F1C080F4EEC67AF1EE10FAF6
:1045A00040F3DE804FF48033136205B0BDEC028B24
:1045B000BDE8F083B7EE007AD0ED176AD4ED004A7B
:1045C0009FED715A77EE667ADFED705A9FED716A52
:1045D00067EEA47AE6EE857AC4ED007AD0ED176A2C
:1045E00097ED005A77EE667A67EE857AE6EEA57A61
:1045F000C7ED007AD0ED176AD6ED005A77EE667AED
:1046000067EEA57AE6EE867AC6ED007ABCF1000F79
:104610000DD0119B94ED008AD3ED007A78EE677A85
:10462000F0EEE77AF4EEC77AF1EE10FA58DCF0EE2D
:10463000007A98ED007AB4EE677AF1EE10FA04D0C1
:104640004FF000534B62C8ED007AD6ED007AF5EEDC
:10465000C07AF1EE10FA39D4B7EE007AF4EEC77AE8
:10466000F1EE10FA35DD4FF480331362B9F1000F2B
:104670009BD0129B97ED007AD3ED007ADFED466A6E
:1046800077EE677AF0EEE77AF4EEE67AF1EE10FA7A
:104690008BDDB5EEC07AF1EE10FA3FD4DFED3F7A54
:1046A000B4EEE77AF1EE10FA61DCDFED3D7A67EE09
:1046B000277AFCEEE77A17EE903AD361129B83EDEE
:1046C000007A05B0BDEC028BBDE8F08300231362D5
:1046D000CCE7B0EE677ABEEEC87A17EE103AF6E78E
:1046E000F3EE047AB4EEE78AF1EE10FA00F194806A
:1046F000DFED307AB4EEE78AF1EE10FA40F39F80F6
:10470000284B294C8AE09FED207AA9E69FED1C7A80
:104710002EE7B0EE670ACFE6002345E70023CCE79B
:10472000224B4B62C8ED000AA0E7DFED147AB4EE2D
:10473000677AF1EE10FA37FE877AADE620EE260AA8
:10474000AAE6F5EEC07A9FED1A6A9FED0F7AF1EEB8
:1047500010FAA6EE867A7FF58BAEDFED097A8FE64A
:10476000B0EE677ABEEEC87A17EE103A1CE74FF04B
:104770000043A2E7A4703D3FB81E853E0000FA4505
:10478000000000003333333F0000C8430AD7A33D85
:10479000D0CCCC0C9A99193FCDCCCC3D0044AC4642
:1047A000C637BE47008C3C4B00BE6C5000B76D5BFB
:1047B0000080ED4500D0894693651538F3EE047A04
:1047C000B4EEE78AF1EE10FA50D45FED067AB4EE5B
:1047D000E78AF1EE10FA4CDC1FED090ACDED030A71
:1047E00028EE000ACDE90112F0EE407AFEEEE07A02
:1047F00017EE904A18F02CF9F0EE407ADDED030A3E
:10480000DDE90112FEEEE07A17EE903AC1E90643C7
:10481000119B83ED008A7BE6174B184CC1E90643D8
:10482000119B83ED008A02E7B7EE007AC7EE207A8B
:10483000B0EE677ABEEEC17A17EE103A71E79FEDDF
:10484000100A28EE000ACDE90112F0EE407AFEEEE1
:10485000E07A17EE904A18F0FBF8F0EE407ADDE9C6
:104860000112FEEEE07A17EE903AD7E7024B034CC6
:10487000CCE7044B044CC9E7DE571700DF5717009D
:1048800093651538008C3C4B00BE6C50B7EE007A37
:10489000D0ED076A90ED066A90F8A03077EE667A60
:1048A0002DE9F04167EE867A04462DED028BE6EEA7
:1048B000807A88B0C0ED067A002B40F00C829FED24
:1048C000797AF4EEC77AF1EE10FA00F3F08194F8F9
:1048D000A130002B40F0F3819FED737AF4EEC77A9C
:1048E000F1EE10FA00F3DF8194F82010002940F077
:1048F0004D819FED6E7AF4EEC77AF1EE10FA80F2F8
:10490000E580B7EE008AD4ED176AD4ED0E4A04F1C3
:10491000600894ED0D7A04F1800778EE667A94F8D9
:10492000A0309FED635A9621002BDFED625A27EEEF
:10493000877A9FED616A67EEA47A45FE855A08FE84
:10494000066A4046A6EEA57AE6EE267A84ED0D7A52
:10495000C4ED0E7A10F02CFF32210546384610F0D7
:1049600027FF94F8A2300646002B52D094F8A030CE
:1049700094ED177AD4ED157A93B338EE478A94ED17
:10498000166AF0EE046A68EE277A28EE068AE7EEE9
:10499000267AA7EE268AC4ED157A84ED168AC5B369
:1049A00094ED1C7ADFED456A37EEC77AB0EEC77A30
:1049B000B4EEE67AF1EE10FA40F3A781F5EEC07A94
:1049C0002269F1EE10FA00F17F829FED3D7AF4EE5C
:1049D000C77AF1EE10FA40F36B824FF000435EE2CB
:1049E00038EE478AD4ED166A364A68EE277A28EE02
:1049F000268AD2ED006A344AA6EE878AD2ED006A92
:104A0000E6EE877A84ED168AC4ED157A002D40F023
:104A10006E81234604F17802F1EE080A20460492E2
:104A2000CDE9065653F8981BB0EE600A059304F1E1
:104A30009003039304F14403029304F140030193B0
:104A400004F13C03009394F8A3306268FFF7D8FCAC
:104A500004F19C03F1EE080A2046059304F17C035F
:104A6000049304F19403B0EE600A039304F150033D
:104A7000029304F14C03019304F14803CDE9065677
:104A8000009394F8A430D4E90212FFF7B9FC002D8A
:104A900040F0F980002E40F0FD8008B0BDEC028BA4
:104AA000BDE8F081D7A3703FA4703D3F3333733F1F
:104AB000CDCC4C3F6666263FCDCCCC3ECDCCCC3D5C
:104AC0000044AC4620DE00201CDE0020AE4B01225C
:104AD000AE4D1868F2F7D6F92B682BB1AC48F9F750
:104AE00007FC002800F01D82AA4D2B68EBB1AA48F4
:104AF000F9F7FEFB002800F00082A848F9F7F8FB60
:104B0000002800F0F381A648F9F7F2FB002800F036
:104B1000E681A448F9F7ECFB002800F0D981A2480F
:104B2000F9F7E6FB002800F0EF81A04D2B683BB1C0
:104B30009F48F9F7DDFB18B92B681E2283F8CC20BB
:104B40009C48F9F7D5FB002800F091819A48F9F7C5
:104B5000CFFB38B9994B012299489A4902701878CD
:104B60001A7008702B6813B1012283F8CE20964B7F
:104B70001B68032B00F05681012294F8A53084F8BD
:104B80002020002B40F0EA80D4ED067A9FED8F7A4A
:104B9000F4EEC77AF1EE10FA7FF5B3AE7A4B7B4DA7
:104BA0001868F2F79FFA2B682BB17948F9F7A0FB48
:104BB000002800F0D881774D2B68EBB17648F9F7E3
:104BC00097FB002800F0CA817448F9F791FB002890
:104BD00000F0BF817248F9F78BFB002800F0B48128
:104BE0007048F9F785FB002800F0A9816E48F9F7B5
:104BF0007FFB002800F09A816C4D2B682BB16C482C
:104C0000F9F776FB002800F04E81714E3378002BC7
:104C100040F037816A4B1A782AB16A49674A0978A5
:104C2000117000221A702B6813B1002283F8CE2075
:104C3000684B1A78002A00F0E580674A106850B186
:104C4000664A0021664D127819702B7880F8F92297
:104C5000002B40F0E180002294F8A53084F8202059
:104C6000002B3FF44EAE22215E4816F039FF94ED42
:104C7000060A03215C48B7EEC00A13F08DFC5A48BF
:104C800013F05AFC3DE60021404610F077FD002E5F
:104C90003FF403AF0021384608B0BDEC028BBDE8FD
:104CA000F04110F06BBD012384F8A1301CE6012314
:104CB00080F8A03094F8A130002B3FF40DAE9FEDAA
:104CC0004B7AF4EEC77AF1EE10FA7FF50DAE0023C1
:104CD00084F8A13008E69FED467AF4EEC77AF1EE4B
:104CE00010FA7FF5F4AD002380F8A030EFE594EDE5
:104CF0001C7ADFED406A37EEC77AB0EEC77AB4EEC1
:104D0000E67AF1EE10FA00F3C380D4ED1D7A9FED40
:104D1000397A78EE677AF0EEE77AF4EEC77AF1EE58
:104D200010FA7FF776AEB5EEC08A6269F1EE10FA3E
:104D300000F1CC80DFED307AB4EEE78AF1EE10FAC4
:104D400000F3BF80DFED2D7A68EE277AFCEEE77A7C
:104D500017EE903AD36184ED1D8A5AE62521284842
:104D600016F0BEFE94ED060A03211F48B7EEC00AF6
:104D700013F012FC1C4813F0DFFB94F82030002BDA
:104D80003FF4BFAD00E700BFB4FB00208810012056
:104D9000B8C70020C833012028BA0020ACC00020CA
:104DA00034C1002068C100209CC200206C46012054
:104DB00020C2002058BF002090BF0020057B0120AA
:104DC000F27A0120EF7A01206C090120CDCC4C3F12
:104DD000F37A0120F47A0120683C0120E0EB002006
:104DE000F17A0120CC9F002090D400203333333F50
:104DF0006666663FCDCCCC3D0044AC46C637BE4768
:104E0000A49F00205A4D2B78002B3FF424AF594B20
:104E1000186800283FF41FAF00210CF083FD002329
:104E20002B7018E7534D2B68002B3FF4A5AE1E786E
:104E3000012E7FF4A1AE5048F9F75AFA48B92B6811
:104E4000C8204E494E4A0E7093F8F91283F8F902C1
:104E500011704C48F9F74CFA00287FF48DAE05210B
:104E600028680CF05FFD424B01221A7084E6464A26
:104E7000464B12781A70EDF799FA454B01221A70D9
:104E800064E6424B1878EDF791FA00233370C1E6DF
:104E9000F5EEC07A2269F1EE10FA7FF596ADD36196
:104EA000C4ED1C7A31E72B68FF2283F8CC20ACE6F6
:104EB0009FED387A27EE877ABCEEC77A17EE103A64
:104EC000EDE74FF0004345E70023E8E7002341E723
:104ED000B7EE000A0221286808F034FD1FE6B7EE9D
:104EE000000A0121286808F02DFD12E60146B7EE00
:104EF000000A286808F026FD05E6B7EE000A03213F
:104F0000286808F01FFDF8E52868B7EE000A0421BC
:104F100008F018FDB7EE000A0521286808F012FD18
:104F200003E601212868F4F731FADDE52868042159
:104F300008F026FD0521286808F022FD5CE6022124
:104F4000286808F01DFD51E60121286808F018FDC9
:104F500046E60146286808F013FD3BE60321286871
:104F600008F00EFD30E601462868F4F70FFA22E655
:104F7000F17A0120683C0120C4BC0020F47A0120B1
:104F8000E0EB002044BC0020067B0120F57A0120E4
:104F9000F37A0120C637BE470379ABB1013B00224B
:104FA0005FFA83FC10B484680848231F04EB8C0C60
:104FB00001E010F8012F51F8222043F8042F634537
:104FC000F7D15DF8044B7047704700BFF09F002099
:104FD0004379ABB1013B0B4910B4D0E90242D8B2DE
:104FE000131F02EB8000012201E011F8012F54F899
:104FF000222043F8042F8342F7D15DF8044B704719
:10500000704700BF04A000208379ABB1013B026967
:105010000A4910B48468D8B2131F02EB8000002242
:1050200001E011F8012F54F8222043F8042F8342A5
:10503000F7D15DF8044B7047704700BF14A0002003
:105040000048704704A000200048704714A00020CA
:1050500003799BB1013B042230B48568D8B2084C77
:1050600012FB00502B1F01E014F8012F51F82220F1
:1050700043F8042F8342F7D130BC7047704700BF1C
:10508000B8A100204379ABB1013B0B4910B4D0E982
:105090000242D8B2131F02EB8000002201E011F897
:1050A000012F54F8222043F8042F8342F7D15DF8F2
:1050B000044B7047704700BFC8A100208379ABB193
:1050C000013B02690A4910B48468D8B2131F02EB8D
:1050D0008000002201E011F8012F54F8222043F84B
:1050E000042F8342F7D15DF8044B7047704700BF2F
:1050F000D8A1002000487047C8A100200048704790
:10510000D8A100200379ABB1013B00225FFA83FCF8
:1051100010B484680848231F04EB8C0C01E010F8DD
:10512000012F51F8222043F8042F6345F7D15DF891
:10513000044B7047704700BF3CA200204379ABB1DD
:10514000013B0B4910B4D0E90242D8B2131F02EB65
:105150008000002201E011F8012F54F8222043F8CA
:10516000042F8342F7D15DF8044B7047704700BFAE
:105170004CA200208379ABB1013B02690A4910B40B
:105180008468D8B2131F02EB8000032201E011F8FB
:10519000012F54F8222043F8042F8342F7D15DF801
:1051A000044B7047704700BF5CA200200048704766
:1051B0004CA20020004870475CA200200379ABB1EC
:1051C000013B00225FFA83FC10B484680848231F67
:1051D00004EB8C0C01E010F8012F51F8222043F869
:1051E000042F6345F7D15DF8044B7047704700BF4B
:1051F00098A000204379ABB1013B0B4910B4D0E932
:105200000242D8B2131F02EB8000002201E011F825
:10521000012F54F8222043F8042F8342F7D15DF880
:10522000044B7047704700BFACA000208179A1B14A
:105230000139042230B4C9B2056984682B1F0748BC
:1052400012FB015101E010F8012F54F8222043F81D
:10525000042F8B42F7D130BC70477047C0A00020AC
:1052600000487047ACA0002000487047C0A0002054
:1052700010B5084B04468068236008B114F08EF81E
:10528000E06808B114F08AF8206908B114F086F8D3
:10529000204610BD80A3002010B5084B044680684E
:1052A000236008B114F07AF8E06808B114F076F8D9
:1052B000206908B114F072F8204610BD80A30020C8
:1052C00010B5084B04468068236008B114F066F8F6
:1052D000E06808B114F062F8206908B114F05EF8D3
:1052E000204610BD80A3002010B5084B04468068FE
:1052F000236008B114F052F8E06808B114F04EF8D9
:10530000206908B114F04AF8204610BD80A300209F
:1053100010B50A4B04468068236008B114F03EF8CB
:10532000E06808B114F03AF8206908B114F036F8D2
:1053300020461C2114F034F8204610BD80A3002024
:1053400010B50A4B04468068236008B114F026F8B3
:10535000E06808B114F022F8206908B114F01EF8D2
:1053600020461C2114F01CF8204610BD80A300200C
:1053700010B50A4B04468068236008B114F00EF89B
:10538000E06808B114F00AF8206908B114F006F8D2
:1053900020461C2114F004F8204610BD80A30020F4
:1053A00010B50A4B04468068236008B113F0F6FF7D
:1053B000E06808B113F0F2FF206908B113F0EEFFC6
:1053C00020461C2113F0ECFF204610BD80A30020D6
:1053D0002DE9F04F5F4DABB05F4F2B683968002B64
:1053E00062D093F8DD21002083F8DD01002A5BD034
:1053F00000215A4810F0C2F9594810F0CDF9594B24
:105400001B6898425BD2584A1B1A584C1321A2FBC6
:10541000032357489B09A4FB032464092646C4EBD5
:105420000414A3EB840416F05BFB314600230A222C
:10543000504813F09DF801214F4816F051FB092CFC
:105440004CD900230A2221464A4813F091F8102132
:105450004A4816F045FB474813F06EF801214848CA
:1054600016F03EFB434813F067F80F21454816F04D
:1054700037FB404813F060F80921434816F030FB31
:10548000424B1B6873B3012B00F07C85022B00F0AC
:105490008B85032B00F0D98407213D4816F020FBB3
:1054A000344813F049F824E064292C48A8BF64214B
:1054B00010F07EF900289BD12BB0BDE8F08F1321AE
:1054C0002B4816F00DFB00230A222A481946002417
:1054D00013F04EF80121284816F002FB302016F098
:1054E000E9FAAEE70C212B4816F0FAFA214813F03E
:1054F00023F8294E0B21294816F0F2FA33680BB332
:10550000012B00F04885022B00F01D850521244861
:1055100016F0E6FA174813F00FF80721214816F0A5
:10552000DFFA214B1B68002B42D0013B062B00F217
:105530005E85DFE813F0D104C804BF04B604AD04EF
:10554000A4049B040821194816F0CAFA094812F06D
:10555000F3FFE2E7B4FB002078EB00208055012048
:10556000603001203CE90020D34D62108988888892
:105570008C14002090D400209C1D0020A01400203A
:1055800004270020B4140020C41400206C0901205A
:1055900084140020D01400207C5501201015002018
:1055A0003015002038150020640901201C1500204A
:1055B0000721D34816F094FAD24812F0BDFF082113
:1055C000D14816F08DFAD14B1B68002B00F02484D3
:1055D000012B00F09684022B00F0C3840521CC48F7
:1055E00016F07EFAC74812F0A7FFCA4B93F8008066
:1055F000B8F1000F40F0D083DFF86C930F21C6485C
:1056000099F800400E2C28BF002416F069FA434692
:105610000A2299F80010BB4812F0AAFF0321BF48E4
:1056200016F05EFA7422BE4B02FB04F41C5934B12E
:10563000204619F099F90146204616F051FADFF894
:105640002C83B04812F078FFD8F80030002B00F01F
:10565000DB831C780C21B34816F042FA2146A94896
:1056600012F05EFF0321AD4816F03AFA052C00F265
:105670004B83AD4B53F82490B9F1000F06D0484648
:1056800019F072F90146484616F02AFA9D4812F0C0
:1056900053FF012C00F044830121A44816F020FAA6
:1056A000984812F049FFA24C0D21A24816F018FAB2
:1056B000944812F041FF0DF1240C0DF1480EDFF873
:1056C000B082DFF898B2DFF89CA2DFF8A8920FCC86
:1056D000ACE80F000FCCACE80F0054F8043BCCF85A
:1056E0000030A446BCE80F00AEE80F00BCE80F0095
:1056F000AEE80F00D8F800308BFB032BDA17C2EBB3
:105700006B0202EB4202A3EB82030C33AAFB0324DD
:10571000D9F800A0E408BAF1090F04EB440428BF4B
:105720004FF0000AA3EB84049CE80F008EE80F0002
:105730000721814816F0D4F92AAB03EB8A0A5AF8FC
:1057400084ACBAF1000F06D0504619F00DF90146AD
:10575000504616F0C5F90121744816F0C1F901212F
:10576000764816F0BDF9D9F80010664812F0D8FE58
:105770000121734816F0B4F9624812F0DDFE0521EC
:10578000704816F0ADF92AAB03EB840454F8604C72
:1057900034B1204619F0E8F80146204616F0A0F989
:1057A0000121624816F09CF90121644816F098F92D
:1057B000D8F80010534812F0B3FE0121604816F0EB
:1057C0008FF9504812F0B8FE07215F4816F088F9AB
:1057D00039684C4812F0A4FE5C4C02215C4816F07B
:1057E0007FF9484812F0A8FEDFF88C91072159484C
:1057F00004F12408434F16F073F92168414812F070
:105800008FFE0221484616F06BF954F8041F384603
:1058100012F086FE4445F4D13A4812F08DFE2B6812
:10582000002B00F00A833268022A0CBFD3F8D8A1FB
:10583000D3F8D4A12121484816F052F9BAF1000F4B
:1058400040F3538307EE90AA0DF17808B8EEE70B0A
:1058500047469FED257B80EE070B16F06DFE3F4B14
:10586000DFF818C1B2EE086B9FED214B9FED227B54
:1058700080EE045BA5EE067BB8FE477BFDEEC77BA2
:1058800017EE904A83FB04234FEAE479C9EB6309DE
:10589000BCE80F000FC7BCE80F0009F1FF3B09EBA4
:1058A00049090FC79CE80F00A4EB890487E80F00A3
:1058B0005146144812F034FE052129480C3416F0E4
:1058C0000FF9284BA3FB0423DB0803EB4303A4EBF2
:1058D00083042AAB03EB840454F8304C002C56D0DC
:1058E0004EE000BFAFF300800000000000807B406E
:1058F000EF39FAFE422EE63F000000000040514022
:105900004015002090D400209C150020680901203B
:1059100030150020097B01202416002034160020B9
:10592000D47100203816002070A500200427002024
:10593000881100207816002088160020D816002034
:10594000A8C700209016002098160020DC3C0120FB
:10595000A0160020A4160020B0160020ABAAAA2A88
:10596000D4160020ABAAAAAAE5EB0020683C0120CF
:1059700070EB0020A8560120AC160020AC110020CE
:10598000204618F0F1FF0146204616F0A9F85946C6
:10599000B44812F0C5FD0121B34816F0A1F8082162
:1059A000B24816F09DF83368022B00F0C782002B36
:1059B00000F0A282012B00F0CF820521AC4816F046
:1059C0008FF80121AB4816F08BF8A64812F0B4FD11
:1059D0002B68002B00F029821021A74816F080F8D0
:1059E00031782868F2F78CFE01469E4812F098FD47
:1059F0009C4812F0A1FD0121A04816F071F89948C9
:105A000012F09AFD9E4C0C219E4816F069F89548BC
:105A100012F092FD9C4D0FCCA8E80F0094E8030013
:105A200088E803000F21994816F05AF800230A224B
:105A300029788C4812F09CFD0321954816F050F807
:105A40002B782AAA062B28BF042302EB830353F8E2
:105A5000304C34B1204618F087FF0146204616F03E
:105A60003FF8804812F068FD8A4B1B78002B00F04D
:105A7000F0800E21884816F033F8884900230A2266
:105A80000978784812F074FD0A21854816F028F844
:105A9000744812F051FD1121824816F021F8824A13
:105AA000824B04AC12788248002A824D824E12BF8B
:105AB00002210321184616F013F86A4812F03CFD43
:105AC00001216E4816F00CF8664812F035FD0F21E2
:105AD0007A4816F005F8634812F02EFD0FCD0FC47A
:105AE0002B680A217648236015F0FAFF00230A226A
:105AF00031785C4812F03CFD0321654815F0F0FF59
:105B000033782AAA052B28BF002302EB830353F81E
:105B1000984C34B1204618F027FF0146204615F076
:105B2000DFFF50486C4612F007FD664B0FCB84E850
:105B30000F00654C0A21654815F0D2FF00230A22A8
:105B40002178484812F014FD0321514815F0C8FF90
:105B500023782AAA042B28BF002302EB830353F8DF
:105B6000A84C34B1204618F0FFFE0146204615F03F
:105B7000B7FF574C3B4812F0DFFC2368ABB10E2156
:105B8000544815F0ADFF2268534B92F8A1204848C5
:105B9000002A12BF02211321184615F0A1FF314837
:105BA00012F0CAFC2068FCF73DFC0121334815F0D7
:105BB00097FF2C4812F0C0FC0B21484815F090FFCD
:105BC000474C284812F0B8FC0B21464815F088FFD6
:105BD00094ED000A03212348B7EEC00A12F0DCFC62
:105BE000204812F0A9FC0B213F4815F079FFD4EDB5
:105BF000007A9FED3E7AF4EEC77AF1EE10FA80F269
:105C0000BA809FED3B7AF4EEC77AF1EE10FA80F29B
:105C10008D819FED387AF4EEC77AF1EE10FA80F2BA
:105C2000A9819FED357AF4EEC77AF1EE10FA80F291
:105C300015819FED327AF4EEC77AF1EE10FAC0F2D8
:105C4000BC810E212E4815F04BFF064812F074FC63
:105C500098E016212B4815F043FF024812F06CFC27
:105C600019E700BF90D40020A8C70020DC16002050
:105C700030150020E8160020EC1600200427002034
:105C8000DC11002014170020E4EB00202417002072
:105C900034160020067B0120341700200C7B0120E5
:105CA0004417002068170020057B01205C180020A5
:105CB0006018002004120020E6EB002024180020C9
:105CC00034180020F4110020E7EB00207C1700209E
:105CD000A42F0120881700204824002098170020B6
:105CE00044E90020A4170020B01700203333733F8D
:105CF000D7A3703FA4703D3F0AD7233F3D0AD73E4C
:105D00000018002050170020DFF89C930721484618
:105D100015F0E6FEBA4812F00FFC012C7FF4BCAC83
:105D20000B21B84815F0DCFED8F80030B64A93F8DD
:105D3000EF3203EB830302EB83031C6934B120468B
:105D400018F012FE0146204615F0CAFE0D21AF489C
:105D500015F0C6FED8F800200023A94892F8F912E1
:105D60000A2212F005FC0121A94815F0B9FEA44849
:105D700012F0E2FB90E40F21A64815F0B1FEA04816
:105D800012F0DAFB0121A44815F0AAFE9C482BB0C2
:105D9000BDE8F04F12F0D0BB1B21A04815F0A0FECB
:105DA0009F4A0023964811780A229E4C12F0E0FB8D
:105DB00002219D4815F094FE94F804329B4A03EBAF
:105DC000430302EBC303D3F81480B8F1000F06D0ED
:105DD000404618F0C9FD0146404615F081FE0621F7
:105DE000934815F07DFEDFF8C482002394F8041276
:105DF0000A22834812F0BCFB814812F09DFBD8F8C0
:105E00000030002B7FF425AC0F218A4815F068FE86
:105E10007B4812F091FB3FE40421874815F060FEB7
:105E2000774812F089FBFFF7E0BB1321834815F098
:105E300057FE734812F080FBDDE53368022B0CBF80
:105E40007F4B804BD3F800A0F4E411217E4815F07D
:105E500047FE6B4812F070FBFFF74BBB0D217B48F0
:105E600015F03EFE664812F067FB8BE70F2178487D
:105E700015F036FE624812F05FFBFFF7A0BB0C2165
:105E8000744815F02DFE5E4812F056FBFFF797BBE5
:105E90000C21714815F024FE594812F04DFBFFF714
:105EA0008EBB0A216D4815F01BFE554812F044FBCD
:105EB000FFF785BB04216A4815F012FE504812F026
:105EC0003BFBFFF77CBB0621664815F009FE4C48FA
:105ED00012F032FBFFF773BB0721634815F000FE99
:105EE000474812F029FBFFF76ABB03215F480DF119
:105EF000780815F0F5FD52E508215D4815F0F0FD34
:105F00005FE55C4C2378FF2B68D0FE2B5DD00B2126
:105F1000594815F0E5FD002321780A22384812F08F
:105F200027FB374812F008FBFFF75FBB0E215348F1
:105F300015F0D6FD324812F0FFFA23E7072150484A
:105F400015F0CEFD3DE507214D4815F0C9FD2C4863
:105F500012F0F2FAFFF7E1BA06214A4815F0C0FD47
:105F60002FE50D21484815F0BBFD254812F0E4FA55
:105F7000FFF73BBB1021454815F0B2FD204812F059
:105F8000DBFAFFE60F21424815F0AAFD1C4812F08B
:105F9000D3FAFFF7AEBA06213A4815F0A1FD18482A
:105FA00012F0CAFAFFF7B9BA0B213A4815F098FD7A
:105FB000134812F0C1FAFFF79CBA1221364815F0C7
:105FC0008FFD0F4812F0B8FADCE61021334815F0C7
:105FD00087FD0B4812F0B0FAFFF707BB1A213048D3
:105FE00015F07EFD064812F0A7FAFFF7FEBA05216C
:105FF0002C4815F075FD024812F09EFAFFF7DFBA43
:1060000090D4002048160020202D00205416002097
:1060100064160020BC17002004270020FC15002077
:10602000E5EB00202407012018160020502F002047
:106030001C16002068160020A8150020001700205C
:106040008410012004570120FC140020F0170020C8
:106050008C1500207C1500206C1500206015002098
:1060600058150020501500204815002074160020F7
:106070001C1500200D7B0120E0150020CC1700200E
:1060800020B8002028150020EC150020DC17002087
:10609000E0140020F014002010180020CC1500207F
:1060A000B01500203015002084140020683C012029
:1060B00010B50023044610460D4A61722372226017
:1060C000C4E9033019B18A00194618F0A7F9094A42
:1060D000136853B11A465B69002BFBD1546100234E
:1060E000204663616360A37210BD1460F7E700BFD0
:1060F00074A3002098F4002003460022134910B432
:10610000134C43F8184B4FF4807482610481C0E94A
:1061100003230B68C3B11A465B69002BFBD15061A6
:1061200000230C4A4FF468140B49436143608372A7
:1061300002604FF000520377084BC0E90A41C0E902
:106140000C235DF8044B70470860E9E798F40020E1
:1061500074A30020A4A400200E00C10076061C0039
:1061600003460022144910B4144C43F8344B4FF446
:106170000074C0E903230B680481C0E90D22CBB190
:106180001A465B69002BFBD150610D4900230D4A73
:106190000D4C01604FF4805182610C4A43614360B1
:1061A0008372C0E90741C0E909235DF8044BC0E9E7
:1061B0000B3370470860E8E798F4002074A30020D0
:1061C0002CA5002090298F0460EA8E0480F9855A5E
:1061D0000022034613494FF4806C10B4124C43F86C
:1061E000284BA0F808C0C0E903230B68C0E90A22C5
:1061F000C0E90C229BB11A465B69002BFBD15061B0
:1062000000224FF4803309495DF8044B426142603B
:1062100082720160C0E90633C0E908337047086044
:10622000EEE700BF98F4002074A3002068A30020CC
:106230001349002238B5134D04460B68056002610E
:106240000281C260D3B11A465B69002BFBD1546155
:1062500000230D494FF0804204F138006360A372BF
:106260002160A386C4E90533C4E90733C4E90932D0
:10627000C4E90B3311F004FC204638BD0860E7E7A1
:1062800098F4002074A3002098A4002038B50022C0
:10629000044603461549164D4FF4007043F8185B49
:1062A0002081C4E903230B68C4E90622DBB11A4646
:1062B0005B69002BFBD1546100230E494FF400426F
:1062C00004F50F7063616360A37221602363C4F8F7
:1062D0003432A4F83832C4E90833C4E90A2311F08F
:1062E000CFFB204638BD0C60E6E700BF98F40020E5
:1062F00074A3002038A500200D49002210B40B68BB
:106300000C4C026104600281C2607BB11A465B6979
:10631000002BFBD150610023074A5DF8044B436119
:106320004360837202600376C36170470860F2E7DE
:1063300098F4002074A30020FCA400200F49002240
:1063400010B40B680E4C026104600281C2609BB104
:106350001A465B69002BFBD150610A4900220A4CA6
:106360000B88046001335DF8044B42614260827225
:106370000B80C0E9062370470860EEE798F4002020
:1063800074A30020DC7A0120E4A4002038B50022A8
:10639000044603461349144D4FF4807043F8185BCC
:1063A0002081A261C4E903230B68C3B11A465B696B
:1063B000002BFBD1546100230C490D4A20460D4DA2
:1063C00063616360A3729FED0C0A25602162226302
:1063D00010F0F8FB47F6FF732046E36238BD0C600F
:1063E000E9E700BF98F4002074A30020053D0100F8
:1063F00013952C00F0A40020000000440346002266
:1064000016494FF4807C10B4154C43F8184BA0F893
:1064100008C08261C0E903230B68EBB11A465B69CF
:10642000002BFBD1506100230E4902225DF8044B82
:10643000436143608372016080F824200365C0E9F2
:106440000733C0E90A33C0E90C33C0E90E33C0E9B1
:106450001033C0E9123370470860E4E798F4002075
:1064600074A30020B0A4002003460022104910B4F9
:10647000104C43F8184B4FF4807482610481C0E9DA
:1064800003230B6893B11A465B69002BFBD1506163
:1064900000230022084C0949C261046043615DF891
:1064A000044B436083720262416270470860EFE709
:1064B00098F4002074A3002080A40020C5FE323E82
:1064C000BB490B78002B40F06682BA48BA4AF0B458
:1064D00001244FF07E550C70B84914680B700168A8
:1064E000B74B00681960B749B74B08601D60002CB6
:1064F00000F04F82B5490B68002B00F0E38293ED6A
:10650000177ADFEDB37A27EE277AD4F80061002EF0
:1065100000F054830023AF4D03E00133B34200F099
:10652000688254F83300A842F7D104EBC303043364
:10653000DFEDB17AB4EEE77AF1EE10FA08DCDFEDC8
:10654000AF7AB4EEE77AF1EE10FA58BFF0EE477A80
:1065500072B6C5ED087AC5ED077A62B60BB183ED68
:10656000007A0B681468002B00F0AF8293ED187A64
:10657000DFED997A27EE277AD4F80061002E00F03B
:10658000D7820023954D03E001339E4200F0408204
:1065900054F83300A842F7D104EBC304231DDFED08
:1065A000967AB4EEE77AF1EE10FA08DCDFED937A32
:1065B000B4EEE77AF1EE10FA58BFF0EE477A72B611
:1065C000C5ED087AC5ED077A62B60BB183ED007AA6
:1065D0000B681468002B00F07E82F5EE007A93EDD4
:1065E000187A27EE277AD4F80061002E00F0968200
:1065F00000237B4D03E001339E4200F0178254F8E4
:106600003300A842F7D104EBC304231DDFED7A7AEF
:10661000B4EEE77AF1EE10FA08DCDFED787AB4EE4A
:10662000E77AF1EE10FA58BFF0EE477A72B6C5ED90
:10663000087AC5ED077A62B60BB183ED007A0B6874
:106640001468002B00F04482F5EE007A93ED187A7E
:1066500027EE277AD4F80061002E00F0788200231C
:10666000604D03E00133B34200F0EE8154F8330093
:10667000A842F7D104EBC304231DDFED5F7AB4EE2B
:10668000E77AF1EE10FA08DCDFED5C7AB4EEE77A37
:10669000F1EE10FA58BFF0EE477A72B6C5ED087AFF
:1066A000C5ED077A62B60BB183ED007A0B6814680A
:1066B000002B00F01C8293ED197ADFED4B7A27EE68
:1066C000277AD4F80061002E00F037820023474D6E
:1066D00003E00133B34200F0C58154F83300A8420F
:1066E000F7D104EBC304231DDFED437AB4EEE77A60
:1066F000F1EE10FA08DCDFED417AB4EEE77AF1EE64
:1067000010FA58BFF0EE477A72B6C5ED087AC5EDBB
:10671000077A62B60BB183ED007A0B681468002B20
:1067200000F0E281F5EE007A93ED1A7A27EE277AEF
:10673000D4F80061002E00F0F68100232C4D03E018
:106740000133B34200F09C8154F83300A842F7D1E2
:1067500004EBC304231DDFED287AB4EEE77AF1EEF3
:1067600010FA08DCDFED257AB4EEE77AF1EE10FAE4
:1067700058BFF0EE477A72B6C5ED087AC5ED077AD4
:1067800062B60BB183ED007A0B681468002B00F041
:10679000A881F6EE087A93ED1C7A27EE277AD4F8D2
:1067A0000061002E00F0D8810023124D2EE000BFC2
:1067B000107B012000600120442A01200F7B012072
:1067C000BC2901207430012054E9002088100120E8
:1067D0001F856B3F80F900203D0AD73E08F9002055
:1067E000E0F8002030F900209A99993ED0F9002075
:1067F000F8F9002070FA002000FEFF4600FEFFC6F8
:10680000CDCCCC3E01339E4200F0488154F8330099
:10681000A842F7D104EBC304231D5FED097AB4EE5F
:10682000E77AF1EE10FA08DC5FED0C7AB4EEE77A65
:10683000F1EE10FA58BFF0EE477A72B6C5ED087A5D
:10684000C5ED077A62B60BB183ED007A0B68146868
:10685000002B00F0438193ED1F7A5FED177A27EE4E
:10686000277AD4F80061002E00F09E810023BD4DF0
:1068700003E001339E4200F08F8054F83300A842B9
:10688000F7D104EBC304231DDFEDB77AB4EEE77A4A
:10689000F1EE10FA08DCDFEDB57AB4EEE77AF1EE4E
:1068A00010FA58BFF0EE477A72B6C5ED087AC5ED1A
:1068B000077A62B60BB183ED007A0B681468002B7F
:1068C00000F0FD8093ED1D7ADFEDA97A27EE277A9F
:1068D000D4F80061002E00F06C810023A54D02E089
:1068E00001339E4267D054F83300A842F8D104EB3C
:1068F000C304231DDFED9C7AB4EEE77AF1EE10FAC3
:1069000008DCDFED9A7AB4EEE77AF1EE10FA58BFC0
:10691000F0EE477A72B6C5ED087AC5ED077A62B631
:106920000BB183ED007A0B681168002B00F0C48076
:1069300093ED1D7ADFED8E7A27EE277AD1F80041AC
:10694000002C00F0FF8000238B4802E00133A342BB
:1069500040D051F833208242F8D101EBC3010B1D26
:10696000DFED817AB4EEE77AF1EE10FA08DCDFEDC4
:106970007F7AB4EEE77AF1EE10FA58BFF0EE477A7C
:1069800072B6C0ED087AC0ED077A62B60BB183ED3E
:10699000007AF0BC70477047202E00F0AB80F0000A
:1069A000771C031D44F836502044744E234446603F
:1069B000C4F8007168E7202E00F0AC80F000771C6E
:1069C000031D44F8365020446C4E23444660C4F8FE
:1069D00000718FE7202C00F09F80E200651C131DE2
:1069E00041F834000A44654C0B445460C1F800512E
:1069F000B6E7202E00F08A80F000771C031D44F8D3
:106A0000365020445D4E23444660C4F800718FE543
:106A1000202E7DD0F000771C031D44F83650204412
:106A2000564E23444660C4F80071B8E5202E69D064
:106A3000F000771C031D44F8365020444F4E234489
:106A40004660C4F80071E1E5202E5DD0F000771CAF
:106A5000031D44F836502044484E23444660C4F891
:106A600000710AE6202E49D0F000771C031D44F87F
:106A700036502044414E23444660C4F8007133E64A
:106A8000202E3DD0F000771C031D44F836502044E2
:106A90003A4E23444660C4F800715CE6202E2BD0A9
:106AA000F000771C031D44F836502044334E234435
:106AB0004660C4F80071B0E69FED2D7A3EE79FED89
:106AC0002C7A05E79FED2E7A1FE59FED2E7A53E590
:106AD000B5EE007ABEE5B5EE007A84E59FED2A7A40
:106AE000BFE6B6EE087A5AE6B5EE007A20E69FEDEC
:106AF000277AE6E50023C7E600238EE60023F3E5C8
:106B0000002328E6002381E50023B6E500230FE5F6
:106B1000002344E50023EDE6002321E704230127B9
:106B20001B4D304687E7042301271A4D3046ACE75A
:106B300004230127184D30466FE704230127174D22
:106B4000304694E7012504230B48224648E70423F6
:106B50000127134D30467CE704230127114D3046B1
:106B6000A1E700BF58F9002000FEFF4600FEFFC667
:106B70006666E63E20FA002048FA0020000080BF4A
:106B80001F856B3F3D0AD73ECDCCCC3E9A99993EAE
:106B9000E0F80020F8F9002008F90020D0F90020E2
:106BA00030F9002070FA002001270423064D3046FA
:106BB000F8E601270423054D304602E704230127A8
:106BC000034D30461BE700BF58F9002020FA002093
:106BD00080F90020B64A1378002B00F05382B54BA1
:106BE000B5481B680168591A042940F24B82B34921
:106BF000B7EE006A0968F0B4B14C03605B1AD4EDDB
:106C0000006A07EE903AF8EE666AF8EE677A87EE69
:106C1000A67A36EE477AB5EEC07AF1EE10FA40F277
:106C20003282A84B36EE477AF0EE467A1B68E7EEE2
:106C3000477A002B00F02182A34A9FEDA47A1068C6
:106C400027EE877A18B1D0ED176A27EE267AD3F8A7
:106C50000021002A00F0BB8500219D4C03E001319A
:106C6000914200F0948353F83150A542F7D103EBE1
:106C7000C1010431D1ED006AF4EE476AF1EE10FA79
:106C800013D0DFED9C6AB4EEE67AF1EE10FA00F371
:106C9000C884DFED996AB4EEE67AF1EE10FA00F1FD
:106CA000C08484ED087A81ED007A9FED8A7A27EE20
:106CB000877A18B1D0ED186A27EE267A0021864C23
:106CC00003E00131914200F0808353F83150A54236
:106CD000F7D103EBC1010431D1ED006AF4EE476A4C
:106CE000F1EE10FA13D0DFED836AB4EEE67AF1EE3E
:106CF00010FA00F39284DFED806AB4EEE67AF1EEEA
:106D000010FA00F18A8484ED087A81ED007AB5EEFC
:106D1000007A27EE877A002800F07883D0ED186A91
:106D200067EE266A00216D4C03E00131914200F0CC
:106D3000128353F83150A542F7D103EBC10104315E
:106D400091ED006AB4EE666AF1EE10FA13D09FED91
:106D5000696AF4EEC66AF1EE10FA00F33D849FED25
:106D6000666AF4EEC66AF1EE10FA00F13584C4EDFD
:106D7000086AC1ED006A002800F05883D0ED186A57
:106D800067EE266A0021564C03E00131914200F083
:106D9000F08253F83150A542F7D103EBC101043121
:106DA00091ED006AB4EE666AF1EE10FA13D09FED31
:106DB000516AF4EEC66AF1EE10FA00F339849FEDE1
:106DC0004E6AF4EEC66AF1EE10FA00F13184C4EDB9
:106DD000086AC1ED006ADFED436A67EEA66A18B182
:106DE00090ED196A66EE866A00213F4C03E001319E
:106DF000914200F0DC8253F83150A542F7D103EB09
:106E0000C101043191ED006AB4EE666AF1EE10FA48
:106E100013D09FED386AF4EEC66AF1EE10FA00F373
:106E200004849FED356AF4EEC66AF1EE10FA00F1C3
:106E3000FC83C4ED086AC1ED006A18B1D0ED1A6A8E
:106E400027EE267A0021294C03E00131914200F01F
:106E5000CB8253F83150A542F7D103EBC101043185
:106E6000D1ED006AF4EE476AF1EE10FA13D0DFEDCF
:106E7000216AB4EEE67AF1EE10FA00F3C883DFED92
:106E80001E6AB4EEE67AF1EE10FA00F1C08384EDEA
:106E9000087A81ED007AB6EE087A27EE877A18B183
:106EA000D0ED1C6A27EE267A0021114C2CE000BFA1
:106EB000107B01200060012074300120BC290120DA
:106EC00050DE0020442A0120881001201F856B3FDE
:106ED00080F900203D0AD73E08F90020E0F80020A4
:106EE00030F900209A99993ED0F90020F8F9002055
:106EF00070FA002000FEFF4600FEFFC6CDCCCC3E5F
:106F00000131914200F0098253F83150A542F7D186
:106F100003EBC1010431D1ED006AF4EE476AF1EEF2
:106F200010FA13D05FED0D6AB4EEE67AF1EE10FAC6
:106F300000F36A835FED106AB4EEE67AF1EE10FAC0
:106F400000F1628384ED087A81ED007A1FED157AF5
:106F500027EE877A18B1D0ED1F6A27EE267A002136
:106F6000B74C03E00131914200F0E68153F8315013
:106F7000A542F7D103EBC1010431D1ED006AB4EEB3
:106F8000667AF1EE10FA13D0DFEDAE6AB4EEE67A6F
:106F9000F1EE10FA00F33583DFEDAB6AB4EEE67A7A
:106FA000F1EE10FA00F12D8384ED087A81ED007A7C
:106FB0009FEDA67A27EE877A002800F02482D0ED94
:106FC0001D6A67EE266A0021A14C03E0624500F0CD
:106FD0009681614653F8315001F1010CA542F5D17B
:106FE00003EBC101043191ED006AB4EE666AF1EE83
:106FF00010FA13D09FED936AF4EEC66AF1EE10FA20
:1070000000F3FC829FED906AF4EEC66AF1EE10FA8E
:1070100000F1F482C4ED086AC1ED006A18B1D0ED48
:107020001D6A27EE267A00218A4C03E0824200F096
:107030005781014653F83150481CA542F6D103EB65
:10704000C1010431D1ED006AF4EE476AF1EE10FAA5
:1070500013D0DFED7C6AB4EEE67AF1EE10FA00F3BD
:10706000D982DFED796AB4EEE67AF1EE10FA00F13A
:10707000D18284ED087A81ED007A774BF0BCC3EDC4
:10708000007A7047704775480568002D00F021812F
:10709000D5F80061002E00F0EF830023704C03E070
:1070A0000133B34200F0038355F83310A142F7D106
:1070B00005EBC305291D72B600232362E36162B6A6
:1070C0000B600568D5F80061002E00F0C183002335
:1070D000644C03E00133B34200F0F88255F83310FA
:1070E000A142F7D105EBC305291D72B60023236227
:1070F000E36162B60B600568D5F80061002E00F010
:10710000AC830023584C03E00133B34200F01983F1
:1071100055F83310A142F7D105EBC305291D72B60E
:1071200000232362E36162B60B600568D5F8006155
:10713000002E00F0978300234C4C03E00133B34250
:1071400000F0378355F83310A142F7D105EBC305A2
:10715000291D72B600232362E36162B60B600568E5
:10716000D5F80061002E00F082830023404C03E03C
:107170000133B34200F0B98255F83310A142F7D180
:1071800005EBC305291D72B600232362E36162B6D5
:107190000B600568D5F80061002E00F081830023A4
:1071A000344C03E00133B34200F0D98255F8331078
:1071B000A142F7D105EBC305291D72B60023236256
:1071C000E36162B60B600568D5F80061002E00F03F
:1071D0006C830023284C03E00133B34200F0A28209
:1071E00055F83310A142F7D105EBC305291D72B63E
:1071F00000232362E36162B60B600568D5F8006185
:10720000002E00F0438300230D4C03E00133B34212
:1072100000F0C18255F83310A142F7D105EBC30548
:10722000291D72B600232362E36162B60B60056814
:10723000D5F80061002E00F02E830023044C21E0DD
:1072400058F9002000FEFF4600FEFFC66666E63ED7
:1072500020FA002048FA002054E90020442A0120A6
:1072600080F9002008F90020E0F8002030F9002023
:10727000D0F90020F8F9002070FA00200133B34261
:1072800000F0428255F83310A142F7D105EBC30557
:10729000291D72B600232362E36162B60B600068A9
:1072A000D0F80051002D00F0EC820023CC4C03E01C
:1072B0000133AB4200F0618250F83310A142F7D1A4
:1072C00000EBC300011D72B600232362E36162B6C6
:1072D0000B60C4490020002308601370F0BC7047A5
:1072E000202A00F0418103EBC20543F83240881C9C
:1072F000BD4A29466A600431C3F80001A2E6202A8B
:1073000000F001818A1CB84D03EBCC0143F83C40EE
:1073100004310D60C3F8002165E6202A00F00A81DF
:1073200003EBC201551CB04E43F8324004310E60ED
:107330002A46C3F80051EEE5202A00F0A38003EBB3
:10734000C201551CA84E43F8324004310E602A4653
:10735000C3F8005111E6202A5BD003EBC201551C93
:10736000A14E43F8324004310E602A46C3F8005162
:10737000E6E4202A5DD003EBC201551C9A4E43F887
:10738000324004310E602A46C3F8005108E5202A35
:1073900000F08B80D500561C291D43F832401D4457
:1073A000914A19446A603246C3F8006162E4202AB7
:1073B00052D003EBC201551C8B4E43F832400431CE
:1073C0000E602A46C3F800511CE5202A00F0888090
:1073D00003EBC201551C844E43F8324004310E6069
:1073E0002A46C3F8005177E4202A00F0CF8003EB4F
:1073F000C201551C7C4E43F8324004310E602A46CF
:10740000C3F800512CE5F0EE476ADCE5F0EE476A80
:1074100088E49FED766AF4EEC66AF1EE10FA40F366
:10742000CD8084ED086A00287FF4A8ACF0EE476AAE
:10743000A8E49FED6E6AF4EEC66AF1EE10FA00F36E
:1074400005819FED6B6AF4EEC66AF1EE10FA00F169
:10745000FD80C4ED086ABEE49FED646AF4EEC66A7E
:10746000F1EE10FA00F3E8809FED616AF4EEC66A6F
:10747000F1EE10FA00F1E080C4ED086A00287FF414
:10748000DDACDFE4DFED596AB4EEE67AF1EE10FA36
:1074900000F3D980DFED566AB4EEE67AF1EE10FA29
:1074A00000F1D18084ED087A82E5DFED506AB4EE18
:1074B000E67AF1EE10FA00F3D180DFED4D6AB4EE1A
:1074C000E67AF1EE10FA00F1C980DFED4A6A84ED48
:1074D000087A27EEA67A00287FF4ECABFFF7EEBB24
:1074E000DFED426AB4EEE67AF1EE10FA00F3B28014
:1074F000DFED3F6AB4EEE67AF1EE10FA00F1AA8011
:1075000084ED087A03E49FED396AF4EEC66AF1EE81
:1075100010FA00F3C5809FED366AF4EEC66AF1EE0C
:1075200010FA00F1BD80C4ED086A00287FF477AD41
:10753000624678E5DFED2D6AB4EEE67AF1EE10FAF8
:1075400000F3A480DFED2A6AB4EEE67AF1EE10FAD9
:1075500000F19C80DFED286A84ED087A27EEA67A98
:1075600000287FF4F8ACFAE4DFED206AB4EEE67AA6
:10757000F1EE10FA00F38780DFED1D6AB4EEE67AD3
:10758000F1EE10FA7FD484ED087A76E5DFED176A24
:10759000B4EEE67AF1EE10FA6BDCDFED156AB4EECC
:1075A000E67AF1EE10FA64D4F6EE086A84ED087A11
:1075B00027EEA67A00287FF473AC75E49FED0C6A81
:1075C000F4EEC66AF1EE10FA3FF52BAFC4ED086A8F
:1075D00000287FF4D3AB29E784ED086AFFF7C9BB25
:1075E00048FA002054E90020000080BF00FEFF465A
:1075F00000FEFFC63D0AD73ECDCCCC3E84ED086AE6
:107600000AE5C4ED086AD1E4C4ED086A9CE4C4ED5F
:10761000086A3EE4C4ED086A2DE5C4ED086AFFF788
:1076200074BBC4ED086AFFF73EBB84ED086A02E450
:1076300084ED086AFFF7CDBB84ED086A00287FF46B
:10764000FDABFFF7FFBBC4ED086AB1E484ED086A47
:10765000FFF7C1BBC4ED086AFFF759BB1FED1B7AEA
:10766000C4ED086A27EE877A00287FF423ABFFF782
:1076700025BBB6EE087AC4ED086A27EE877A0028A3
:107680007FF40EAC10E4C4ED086AF6E41FED267A30
:10769000C4ED086A27EE877A00287FF45CAC5EE4CC
:1076A00084ED086A00283FF443AF6246B7E4202E19
:1076B00000F09280F300771C191D45F836402B44EA
:1076C0007C4E29445E60C5F80071F4E4202E00F081
:1076D0008F80F300771C191D45F836402B44754EFA
:1076E00029445E60C5F80071FFE4202E00F0988008
:1076F000F300771C191D45F836402B446D4E294484
:107700005E60C5F800713EE5202E7DD0F300771C49
:10771000191D45F836402B44664E29445E60C5F875
:107720000071B6E5202E00F08780F300771C191D4C
:1077300045F836402B445F4E29445E60C5F8007121
:1077400055E5202E5AD0F300771C191D45F8364018
:107750002B44584E29445E60C5F80071DFE4202EAA
:1077600064D0F300771C191D45F836402B44514E68
:1077700029445E60C5F800711FE5202D4AD0EB005A
:107780006E1C191D40F8354003444A4D01445D60AC
:10779000C0F8006197E5202E54D0F300771C191D26
:1077A00045F836402B44434E29445E60C5F80071CD
:1077B00037E5202E16D0F300771C191D45F836400A
:1077C0002B443C4E29445E60C5F80071C1E404219D
:1077D0000126394C1546E0E572B600232362E361C9
:1077E00062B66EE472B600232362E36162B6B6E469
:1077F00072B600232362E36162B67CE472B60023B2
:107800002362E36162B690E472B600232362E3610F
:1078100062B644E572B600232362E36162B658E5BE
:1078200072B600232362E36162B6B2E472B600234B
:107830002362E36162B6C6E472B600232362E361A9
:1078400062B6DAE472B600232362E36162B6EEE464
:1078500001270421194C33463EE704210127184C27
:10786000334673E704210127164C3346A6E7012768
:107870000421154C33463EE7042101270E4C3346C4
:107880001BE704210126114C2B467BE7042101272D
:107890000F4C334684E7042101270E4C334638E76A
:1078A000042101270C4C33465EE7042101270B4CD1
:1078B00033463DE7000080BF80F9002008F9002032
:1078C000E0F8002030F90020D0F9002048FA00202C
:1078D00058F9002020FA0020F8F9002070FA002062
:1078E000CA480378002B00F05682C94AC94B116878
:1078F0001B6870B4C84C22688A1A042A40F2498274
:10790000C64ACB1A216012689A4200F24282C449E8
:107910009B1A0A689A4200F23F82C24B1B68002BF6
:1079200000F02E82C04A1568002D00F0F585D5EDD7
:10793000177A9FEDBE7A67EE877AD3F80021002A86
:1079400001F095800021BA4C03E00131914200F032
:10795000628553F83160A642F7D103EBC1010431CF
:1079600091ED007AB4EE677AF1EE10FA13D09FED44
:10797000BB7AF4EEC77AF1EE10FA00F3D5879FEDEB
:10798000B87AF4EEC77AF1EE10FA00F1CD87C4EDC3
:10799000087AC1ED007A002D00F0A885D5ED187A9F
:1079A0009FEDA47A67EE877A0021A34C03E00131B2
:1079B000914200F0DA8453F83160A642F7D103EB2C
:1079C000C101043191ED007AB4EE677AF1EE10FA5C
:1079D00013D09FEDA27AF4EEC77AF1EE10FA00F31D
:1079E0009F879FED9F7AF4EEC77AF1EE10FA00F1CF
:1079F0009787C4ED087AC1ED007A002D00F07F85ED
:107A0000B5EE007AD5ED187A67EE877A00218B4CB7
:107A100003E00131914200F0858453F83160A642C1
:107A2000F7D103EBC101043191ED007AB4EE677A2E
:107A3000F1EE10FA13D09FED897AF4EEC77AF1EEE9
:107A400010FA00F379879FED867AF4EEC77AF1EEAB
:107A500010FA00F17187C4ED087AC1ED007A002DAB
:107A600000F05685B5EE007AD5ED187A67EE877A84
:107A70000021734C03E0944500F0B084614653F854
:107A8000316001F1010CA642F5D103EBC1010431D3
:107A900091ED007AB4EE677AF1EE10FA13D09FED13
:107AA0006F7AF4EEC77AF1EE10FA00F341879FED9A
:107AB0006C7AF4EEC77AF1EE10FA00F13987C4ED72
:107AC000087AC1ED007A002D00F06887D5ED197AAB
:107AD0009FED5C7A67EE877A00215B4C03E0013111
:107AE000914200F0548453F83160A642F7D103EB81
:107AF000C101043191ED007AB4EE677AF1EE10FA2B
:107B000013D09FED567AF4EEC77AF1EE10FA00F337
:107B1000FF869FED537AF4EEC77AF1EE10FA00F18A
:107B2000F786C4ED087AC1ED007A002D00F0FD84DF
:107B3000B5EE007AD5ED1A7A67EE877A0021434CCC
:107B400003E00131914200F07A8453F83160A6429B
:107B5000F7D103EBC101043191ED007AB4EE677AFD
:107B6000F1EE10FA13D09FED3D7AF4EEC77AF1EE04
:107B700010FA00F3D1869FED3A7AF4EEC77AF1EE6F
:107B800010FA00F1C986C4ED087AC1ED007A002D23
:107B900000F0D484B6EE087AD5ED1C7A67EE877AC9
:107BA00000212B4C03E00131914200F0AA8353F8ED
:107BB0003160A642F7D103EBC101043191ED007AA7
:107BC000B4EE677AF1EE10FA13D09FED247AF4EE5A
:107BD000C77AF1EE10FA00F397869FED217AF4EE62
:107BE000C77AF1EE10FA00F18F86C4ED087AC1ED84
:107BF000007A002D00F0AB84D5ED1F7A9FED157A49
:107C000067EE877A0021144C32E000BF0E7B012022
:107C100000600120C02901207030012048DE0020D2
:107C20004CDE0020442A0120881001201F856B3F74
:107C300080F900203D0AD73E08F90020E0F8002036
:107C400030F900209A99993ED0F90020F8F90020E7
:107C500070FA0020CDCCCC3E58F9002000FEFF4643
:107C600000FEFFC66666E63E0131914200F06C837D
:107C700053F83160A642F7D103EBC101043191ED15
:107C8000007AB4EE677AF1EE10FA13D01FED0D7A98
:107C9000F4EEC77AF1EE10FA00F32A861FED107A9F
:107CA000F4EEC77AF1EE10FA00F12286C4ED087AFC
:107CB000C1ED007A002D00F05384D5ED1D7A1FED43
:107CC000177A67EE877A0021C24C03E0944500F0F2
:107CD0009483614653F8316001F1010CA642F5D15D
:107CE00003EBC101043191ED007AB4EE677AF1EE55
:107CF00010FA13D09FEDC77AF4EEC77AF1EE10FABE
:107D000000F3FA859FEDC47AF4EEC77AF1EE10FA2B
:107D100000F1F285C4ED087AC1ED007A002D00F083
:107D20003986D5ED1D7A9FEDAC7A67EE877A002112
:107D3000AA4C03E00131914200F0A38353F8315083
:107D4000A542F7D103EBC101043191ED007AB4EE05
:107D5000677AF1EE10FA13D09FEDAE7AF4EEC77A9F
:107D6000F1EE10FA00F3CC859FEDAB7AF4EEC77A12
:107D7000F1EE10FA00F1C485C4ED087AC1ED007A85
:107D800000224FF07E549649964B027001220C60FF
:107D90001A7070BC7047704707EE903A07EE102AD1
:107DA000914BF8EE677AB8EE477A1B68C7EE876AA0
:107DB00066EEA67A002B00F01C828C4A9FED8C7A2E
:107DC000106827EE877A18B1D0ED176A27EE267A69
:107DD000D3F80021002A00F045860021854C03E0FD
:107DE0000131914200F03D8353F83150A542F7D163
:107DF00003EBC1010431D1ED006AF4EE476AF1EE04
:107E000010FA13D0DFED836AB4EEE67AF1EE10FAE1
:107E100000F3A485DFED806AB4EEE67AF1EE10FAA5
:107E200000F19C8584ED087A81ED007A9FED727AED
:107E300027EE877A18B1D0ED186A27EE267A00214E
:107E40006E4C03E0954200F00782294653F83160FA
:107E50004D1CA642F6D103EBC1010431D1ED006AFD
:107E6000F4EE476AF1EE10FA13D0DFED6A6AB4EE71
:107E7000E67AF1EE10FA00F37585DFED676AB4EE8D
:107E8000E67AF1EE10FA00F16D8584ED087A81ED65
:107E9000007AB5EE007A27EE877A002800F01E837C
:107EA000D0ED186A67EE266A0021554C03E0954232
:107EB00000F0EE81294653F831604D1CA642F6D100
:107EC00003EBC101043191ED006AB4EE666AF1EE94
:107ED00010FA13D09FED4F6AF4EEC66AF1EE10FA75
:107EE00000F338859FED4C6AF4EEC66AF1EE10FAA5
:107EF00000F13085C4ED086AC1ED006A002800F089
:107F00004585D0ED186A67EE266A00213D4C03E0F6
:107F1000954200F0DA81294653F831604D1CA642A3
:107F2000F6D103EBC101043191ED006AB4EE666A4B
:107F3000F1EE10FA13D09FED376AF4EEC66AF1EE57
:107F400010FA00F317859FED346AF4EEC66AF1EE7D
:107F500010FA00F10F85C4ED086AC1ED006ADFED8B
:107F60002A6A67EEA66A18B190ED196A66EE866A0B
:107F70000021264C03E0954200F07C81294653F80D
:107F800031604D1CA642F6D103EBC101043191EDE5
:107F9000006AF4EE466AF1EE10FA13D09FED1D6A06
:107FA000F4EEC66AF1EE10FA00F3E0849FED1A6A6F
:107FB000F4EEC66AF1EE10FA00F1D884C4ED086A56
:107FC000C1ED006A18B1D0ED1A6A27EE267A0021B9
:107FD0000F4C27E020FA00206666E63E48FA0020B3
:107FE00054E900200F7B0120442A01208810012041
:107FF0001F856B3F80F900203D0AD73E08F900201D
:10800000E0F8002030F900209A99993ED0F900203C
:10801000F8F9002000FEFF4600FEFFC60131914244
:1080200000F0448153F83150A542F7D103EBC10170
:108030000431D1ED006AF4EE476AF1EE10FA13D084
:108040005FED0C6AB4EEE67AF1EE10FA00F39A8472
:108050005FED0F6AB4EEE67AF1EE10FA00F1928469
:1080600084ED087A81ED007AF6EE086A67EEA66A7A
:1080700018B190ED1C7A66EE876A0021CD4C03E0C2
:10808000954200F03081294653F831604D1CA642DC
:10809000F6D103EBC101043191ED007AB4EE667ABA
:1080A000F1EE10FA13D09FEDC47AF4EEC76AF1EE48
:1080B00010FA00F363849FEDC17AF4EEC76AF1EE23
:1080C00010FA00F15B84C4ED086AC1ED006A9FED0F
:1080D000BC7A27EE877A18B1D0ED1F6A27EE267A90
:1080E0000021B84C03E00131914200F0A68053F822
:1080F0003150A542F7D103EBC1010431D1ED006A43
:10810000F4EE476AF1EE10FA13D0DFEDAB6AB4EE8D
:10811000E67AF1EE10FA00F31384DFEDA86AB4EE0C
:10812000E67AF1EE10FA00F10B8484ED087A81ED25
:10813000007A9FEDA57A27EE877A002800F0B181BA
:10814000D0ED1D6A67EE266A0021A04C02E00131E5
:10815000914263D053F83150A542F8D103EBC101ED
:10816000043191ED006AB4EE666AF1EE10FA13D0B4
:108170009FED916AF4EEC66AF1EE10FA00F3E48323
:108180009FED8E6AF4EEC66AF1EE10FA00F1DC8320
:10819000C4ED086AC1ED006A18B1D0ED1D6A27EE82
:1081A000267A00218A4C02E00131914226D053F810
:1081B0003100A042F8D103EBC1010431D1ED006AD6
:1081C000F4EE476AF1EE10FA13D0DFED7B6AB4EEFD
:1081D000E67AF1EE10FA00F3BA83DFED786AB4EED6
:1081E000E67AF1EE10FA00F1B28384ED087A81EDBF
:1081F000007A784B70BCC3ED007A7047202900F0FC
:10820000508303EBC102744843F8314050604A1C6C
:1082100003EBC101C3F800210431CFE7202A00F0AD
:10822000E88203EBC201551C6B4E43F83240043127
:108230000E602A46C3F8005193E7202A00F092828C
:1082400003EBC201551C644E43F8324004310E600A
:108250002A46C3F8005151E7202A00F025818A1CE4
:108260005D4E03EBC50143F8354004310E60C3F8A1
:108270000021F3E5202A00F01E828A1C564E03EBF3
:10828000C50143F8354004310E60C3F800217EE695
:10829000202A00F027828A1C4F4E03EBC50143F8C9
:1082A000354004310E60C3F800210CE6202A00F0AE
:1082B000E88103EBC201551C474E43F832400431BC
:1082C0000E602A46C3F80051B3E6202A00F07582FA
:1082D0008A1C414E03EBC50143F8354004310E6062
:1082E000C3F8002120E6202A00F09A818A1C3A4E29
:1082F00003EBC50143F8354004310E60C3F800219B
:10830000CAE6202A00F0088203EBC201561CDFF8FF
:10831000C8C043F832400431C1F800C03246C3F847
:1083200000614BE4202A00F0968103EBC201561C49
:10833000DFF8A4C043F832400431C1F800C032462F
:10834000C3F80061FFF770BB202A00F0688203EBDE
:10835000C201561CDFF880C043F832400431C1F836
:1083600000C03246C3F8006189E4202A00F016817B
:1083700003EBC201561CDFF860C043F83240043101
:10838000C1F800C03246C3F80061FFF71BBB202ACA
:1083900000F05B8203EBC201561CDFF83CC043F8DF
:1083A00032400431C1F800C03246C3F80061FFF723
:1083B000A1BB00BF70FA002000FEFF4600FEFFC612
:1083C000CDCCCC3E58F900206666E63E20FA00206F
:1083D00048FA002054E90020000080BF202A00F065
:1083E000C3808A1CD74E03EBCC0143F83C400431D8
:1083F0000E60C3F80021FFF74BBB202A00F0C581B7
:108400008A1CD04E03EBCC0143F83C4004310E6093
:10841000C3F8002167E4202A00F0D4804FEAC20CA0
:10842000561C0CF1040143F832409C44C54A1944DF
:10843000CCF804203246C3F80061FFF791BA202A35
:1084400000F0198203EBC201561CDFF8F8C243F8B2
:1084500032400431C1F800C03246C3F80061FFF772
:108460007BBB202A00F0C280D500561C291D43F892
:1084700032401D44B34A19446A603246C3F8006171
:10848000B9E4202900F0208203EBC102AD4D43F88E
:10849000314055604A1C03EBC101C3F8002104318F
:1084A00053E4F0EE476A4FE6DFEDA86AB4EEE67AF1
:1084B000F1EE10FA00F37E82DFEDA56AB4EEE67A03
:1084C000F1EE10FA00F1768284ED087AB5EE007ACA
:1084D0002A4627EE877A00287FF4E2ACF0EE476A5E
:1084E000E2E484ED087A002D7FF458AADFED9B7A50
:1084F000FFF75ABA84ED087A002D7FF481AAF5EED1
:10850000007AFFF783BA84ED087A002D7FF4AAAAD7
:10851000F5EE007AFFF7ACBADFED8B7AFFF70DBA14
:1085200084ED087A002D7FF403ABF5EE007AFFF7B7
:1085300005BB84ED087A002D7FF42CABF6EE087AAB
:10854000FFF72EBB84ED087A002D7FF455ABDFEDED
:10855000827AFFF757BB84ED087A002D7FF4ADAB2C
:10856000DFED7F7AFFF7AFBB9FED787AF4EEC77A45
:10857000F1EE10FA00F325829FED757AF4EEC77ADA
:10858000F1EE10FA00F11D82C4ED087A002D7FF49F
:108590009DAA6246DFED6F7AFFF79EBA9FED6B7A78
:1085A000F4EEC77AF1EE10FAA4DC9FED697AF4EEEE
:1085B000C77AF1EE10FA9DD4C4ED087A002D7FF44D
:1085C0001FAA9CE79FED617AF4EEC77AF1EE10FAEC
:1085D00087DC9FED5F7AF4EEC77AF1EE10FA80D473
:1085E000C4ED087A002D7FF4D9A97FE7DFED576A43
:1085F000B4EEE67AF1EE10FA00F3F781DFED546A9B
:10860000B4EEE67AF1EE10FA00F1EF81DFED536A95
:1086100084ED087A27EEA67A00287FF40CAC0EE4ED
:108620009FED4A7AF4EEC76AF1EE10FA00F3D181B9
:108630009FED477AF4EEC76AF1EE10FA00F1C981B6
:108640009FED457AC4ED086A27EE877A00287FF40B
:1086500043AD2A4644E59FED3D7AF4EEC77AF1EE4C
:1086600010FA3FF750AF9FED3A7AF4EEC77AF1EE89
:1086700010FA3FF548AFC4ED087A002D7FF4F2A957
:1086800046E79FED326AB4EEC67AF1EE10FA00F3D7
:10869000C2819FED2F6AB4EEC67AF1EE10FA00F1B6
:1086A000BA81F6EE086A84ED087A67EEA66A0028B9
:1086B0007FF4DFACE1E49FED256AF4EEC66AF1EEEB
:1086C00010FA00F36F819FED226AF4EEC66AF1EEB4
:1086D00010FA00F16781C4ED086A00287FF473ACDA
:1086E0002A4674E49FED196AF4EEC66AF1EE10FAB8
:1086F00000F3A3819FED166AF4EEC66AF1EE10FA5C
:1087000000F19B81C4ED086A00287FF4FAABF0EE1B
:10871000476A2A46FFF7F9BB9FED0C7AF4EEC77A59
:10872000F1EE10FA3FF70EAF9FED097AF4EEC77A3B
:10873000F1EE10FA3FF506AFC4ED087A002D7FF494
:108740005BAA04E7000080BF1F856B3F00FEFF4669
:1087500000FEFFC69A99993ECDCCCC3E3D0AD73E4D
:108760006666E63E5FED076AB4EEE67AF1EE10FA71
:1087700000F323815FED0A6AB4EEE67AF1EE10FAB7
:1087800000F11B8184ED087AD3E41FED107AF4EE3A
:10879000C77AF1EE10FA00F358811FED137AF4EE68
:1087A000C77AF1EE10FA00F15381C4ED087A002D7A
:1087B00000F053816246FFF7B4BA1FED1C6AF4EE75
:1087C000C66AF1EE10FA00F31F811FED1F6AF4EE86
:1087D000C66AF1EE10FA00F11781C4ED086A5FED88
:1087E000236A2A4667EEA66A00287FF4BDABFFF72E
:1087F000BFBB1FED2A6AF4EEC66AF1EE10FA00F371
:1088000015811FED2D6AF4EEC66AF1EE10FA00F143
:108810000D81C4ED086A00287FF4BFACC1E41FEDF0
:10882000357AF4EEC77AF1EE10FA3FF794AE1FED09
:10883000387AF4EEC77AF1EE10FA3FF58CAEC4ED5B
:10884000087A002D7FF439AA8AE61FED407AF4EE0B
:10885000C77AF1EE10FA3FF763AE1FED437AF4EEFC
:10886000C77AF1EE10FA3FF55BAEC4ED087A002D41
:108870007FF45EA959E61FED4B7AF4EEC77AF1EE6C
:1088800010FA3FF756AE1FED4E7AF4EEC77AF1EECE
:1088900010FA3FF54EAEC4ED087A002D7FF47AA9A8
:1088A0004CE65FED566AB4EEE67AF1EE10FA00F3AC
:1088B000AE805FED596AB4EEE67AF1EE10FA00F19F
:1088C000A68084ED087A94E41FED607AF4EEC77A0E
:1088D000F1EE10FA00F394801FED637AF4EEC77A9C
:1088E000F1EE10FA00F18C80C4ED087AFFF748BA77
:1088F00084ED087AFFF7DCB984ED087AFFF70CBA4B
:1089000084ED087AFFF73ABA84ED087AFFF76FB979
:1089100084ED087AFFF707B984ED087AFFF735B9D7
:1089200084ED087AFFF767B884ED087AFFF731B86D
:1089300084ED087AFFF7C5B884ED087AFFF78DB8A3
:10894000C4ED086AFFF7F3BB84ED086A22E4C4EDC6
:10895000086A4CE484ED086AFFF7CEBAC4ED086AF1
:10896000FFF762BAC4ED086AFFF791BA84ED086AAE
:10897000FFF726BB84ED086AFFF7EFBA84ED087AAB
:10898000FFF7A3BBC4ED086AFFF76CBBF0EE476AC4
:10899000FFF7BBBA5FED8E7AFFF7C9B95FED937A47
:1089A000FFF79AB884ED086A00283FF499AE2A468A
:1089B000FFF709BBC4ED086A88E5C4ED086AFFF754
:1089C000B8BB84ED087A002D3FF4E3AD6246FFF7B3
:1089D0007DB884ED087A1FEDA07A27EE877A00280B
:1089E0003FF437AE2A46FFF777BB1FEDA47AC4EDFC
:1089F000086A27EE877A00287FF41DAAFFF71FBABE
:108A000084ED087AFFF7BCB984ED086AE7E6C4EDA7
:108A1000086AFFF7EEBBF6EE086A84ED086A67EEB7
:108A2000A66A00287FF425ABFFF727BB84ED086A10
:108A300000287FF4B2ABFFF7B4BB84ED086A0028CE
:108A40003FF465AE2A46FFF75CBA84ED087AAEE6DD
:108A500084ED087A002D7FF464A962465FEDC07A48
:108A6000FFF765B904210126034C1546FFE40421F4
:108A70000126014C9446D6E480F9002038B54E4CCE
:108A80004E4923684E4803EB83034E4A056801EBC9
:108A9000C30102F1280C4C48043951F8043F2B441F
:108AA00000EB8303D3ED007AFDEEE77AE2EC017A86
:108AB0006245F2D1454D46480CF06EFE2968814270
:108AC00003D9081AB0F5FA5F14D941480CF070FECA
:108AD000E0B9404B404819680CF06AFE00B938BD57
:108AE00000213D480CF04AFE092100200FF042FE13
:108AF000206038BD394B1B78002BE6D1384B1B78F2
:108B0000002BE2D1FDF7DCFC2968DEE70120F0F75D
:108B100037FD05F041F900212D480CF02FFE002112
:108B20002D480CF02BFE00212E480CF027FE0021D2
:108B30002D480CF023FE00212C480CF01FFE0021D4
:108B40002B480CF01BFE00212A480CF017FE0021D8
:108B500029480CF013FE002128480CF00FFE0021DC
:108B600027480CF00BFE002126480CF007FE264893
:108B700000210CF003FE254B186808B1EAF754FFFA
:108B8000234B186808B10BF05BFF224B186808B143
:108B9000F9F76AFA204B186808B105F0DBFE1F4BA5
:108BA000186808B1F0F700FB0CF0B4FA04F096FD79
:108BB000F0F7FCFE8DE700BFA8560120809C002046
:108BC00070EB0020DC3C01205CE900203CE9002047
:108BD0006030012074EB0020AC560120107B012096
:108BE0000E7B01200860012090270120F4FA00206C
:108BF000E42F012030300120540901204CFB0020DB
:108C00006CFB00203CFB002014070120CCFA002064
:108C10006C460120A42F01202C3501208810012052
:108C2000B14B1B7803B17047B0494FF48033B04A61
:108C3000086870B4936150B1D0ED0E7A9FEDC57A9B
:108C4000F4EEC77AF1EE10FA40F39182A94BAA4CE8
:108C50004FF48031D361237811621BB1A74B1B788D
:108C6000002B2FD04FF48033A549A64AA64CA74D20
:108C7000536213624B628B61AB61A361C2E906333D
:108C8000C1E90733A24A4CF6CC414FF40043C2E994
:108C90000611C2E90833002800F06682D0ED0D7A93
:108CA0009FEDAC7AF4EEC77AF1EE10FA40F36982E8
:108CB000904B9849984A09689361002940F04F8287
:108CC00070BC7047954B1B78002BCBD1944B1B6825
:108CD000002BC7D0934A1268002A00F01D83F5EEDE
:108CE000006AD2ED187AF6EE082A9FED8F7A92ED9F
:108CF000175A9FED8E1A27EE877AD2ED195A67EE32
:108D0000A67ADFED8B1A25EE015A92ED1A6A92EDE2
:108D10001C2A65EEA15A92ED1F3A26EE266ADFED77
:108D2000853A22EE222A92ED1D4ADFED834A23EE98
:108D3000233A64EE246AD3F80021002A00F0178455
:108D400000217E4D03E001318A4200F0768253F823
:108D50003140AC42F7D103EBC1010431D1ED004AFF
:108D6000F4EE474AF1EE10FA13D0DFED7A4AB4EE92
:108D7000E47AF1EE10FA00F3AE83DFED774AB4EE59
:108D8000E47AF1EE10FA00F1A68385ED087A81ED20
:108D9000007A00216A4D03E001318A4200F06C82C2
:108DA00053F83140AC42F7D103EBC101043191EDEE
:108DB000007AF4EE477AF1EE10FA13D09FED657A5F
:108DC000F4EEC77AF1EE10FA00F388839FED627A31
:108DD000F4EEC77AF1EE10FA00F18083C5ED087A5F
:108DE000C1ED007A0021574D03E00131914200F0BE
:108DF000348253F83140AC42F7D103EBC101043166
:108E000091ED007AB4EE677AF1EE10FA13D09FED8F
:108E1000517AF4EEC77AF1EE10FA00F362839FED17
:108E20004E7AF4EEC77AF1EE10FA00F15A83C5EDEE
:108E3000087AC1ED007A0021434D03E001318A42F6
:108E400000F0398253F83140AC42F7D103EBC10155
:108E50000431D1ED007AF4EE457AF1EE10FA13D038
:108E6000DFED3C7AB4EEE75AF1EE10FA00F33C8302
:108E7000DFED397AB4EEE75AF1EE10FA00F13483FF
:108E800085ED085A81ED005A4FF0000C2F4D03E09C
:108E9000914200F000828C4653F83C400CF10101F5
:108EA000AC42F5D103EBCC0C0CF10401D1ED007A0E
:108EB000F4EE675AF1EE10FA13D0DFED267AF4EEF5
:108EC000E75AF1EE10FA00F31283DFED237AF4EEA5
:108ED000E75AF1EE10FA00F10A83C5ED085AC1ED28
:108EE000005A00211A4D3DE0157B01207830012009
:108EF000283101200000FF7F0F7B01200E7B012025
:108F0000F0300120D0310120B8300120983101200B
:108F1000D45501206C0901200C560120107B012042
:108F2000442A0120881001203D0AD73E1F856B3F4F
:108F30009A99993ECDCCCC3E6666E63E08F9002073
:108F4000E0F8002030F9002080F90020D0F900205E
:108F5000F8F9002000FEFF4600FEFFC601318A42FC
:108F600040F2CC8153F83140AC42F7D103EBC10160
:108F7000D3F800410431D1ED007AB4EE676AF1EE26
:108F800010FA16D05FED0D7AB4EEE76AF1EE10FA42
:108F900000F39E825FED107AB4EEE76AF1EE10FA0C
:108FA00000F1968285ED086A81ED006A002C00F0E0
:108FB000E8820022C74E03E00132A24280F0108115
:108FC00053F83210B142F7D103EBC202D3F800518B
:108FD0000432DFEDC17A92ED007AB4EE677AF1EEF9
:108FE00010FA06D0C6ED087AC2ED007A002D00F026
:108FF000B4820022B94E03E00132AA4280F00E8111
:1090000053F83210B142F7D103EBC202D3F800415A
:109010000432D2ED007AB4EE672AF1EE10FA16D0DF
:10902000DFEDAF7AB4EEE72AF1EE10FA00F34D82ED
:10903000DFEDAC7AB4EEE72AF1EE10FA00F14582EA
:1090400086ED082A82ED002A002C00F0958200228D
:10905000A54E03E00132A24280F0D18053F83210D5
:10906000B142F7D103EBC202D3F800510432D2ED82
:10907000007AB4EE673AF1EE10FA16D0DFED987A86
:10908000B4EEE73AF1EE10FA00F31982DFED957ACB
:10909000B4EEE73AF1EE10FA00F1118286ED083AEB
:1090A00082ED003A002D00F0718200228F4E02E026
:1090B000013295427ED953F83210B142F8D1D10035
:1090C00003EBC202D2ED017AF4EE667AF1EE10FA09
:1090D00000F035820A1DDFED827A1A44F4EEE76A69
:1090E000F1EE10FA00F3EE81DFED7E7AF4EEE76A3E
:1090F000F1EE10FA00F1E681C6ED086AD3F80041FE
:10910000C2ED006A002C00F02D820022784D02E0B2
:10911000013294423FD953F83210A942F8D103EBFF
:10912000C2020432D2ED007AF4EE667AF1EE10FA61
:109130003FF498ADDFED6A7AF4EEE76AF1EE10FAEB
:1091400000F3BA81DFED677AF4EEE76AF1EE10FA28
:1091500000F1B281C5ED086AC2ED006A82E545F60C
:10916000991370BCD36170474AF26663A1E59FED25
:109170005D7AF4EEC77AF1EE10FA40F114825D4B9D
:1091800065E59FED587AF4EEC77AF1EE10FA40F1FA
:109190000282584B8DE5202C00F0CF80E100661C48
:1091A0000A1D43F834501944534C1A444C60C3F818
:1091B0000061B7E7202D00F0D380E9006C1C0A1D88
:1091C000FFEE007A194443F83560F4EE676AC1EDAA
:1091D000017AC3F80041F1EE10FA7FF47CAF94E716
:1091E000202C00F08781E100651C0A1D43F83460E3
:1091F0001944414C1A444C60C3F80051E9E6202C54
:1092000000F0C380E100651C0A1D43F83460194476
:10921000394C1A444C60C3F8005128E7202D00F067
:109220000281E9006C1C0A1D43F835601944324D77
:109230001A444D60C3F80041EBE6202A00F0BA80E2
:10924000D400561C211D43F832501C442A4A1944AC
:1092500062603246C3F8006180E5202A00F0BD80DC
:1092600003EBC201541C244E43F8325004310E600B
:109270002246C3F80041C3E5202A00F0C18003EB79
:10928000C201541C1C4E43F8325004310E60224679
:10929000C3F800418BE5202A00F0D88003EBC1041D
:1092A00043F831500CF10202134E2146666004313E
:1092B000C3F80021FAE5202A00F0ED8003EBC2019B
:1092C000541C0D4E43F8325004310E602246C3F850
:1092D0000041BEE5A8F900206666E63E70FA00206F
:1092E00000FEFF4600FEFFC658F9002020FA0020CD
:1092F00048FA002000000180000080BF202A00F012
:10930000B78003EBC201541CAB4E43F8325004311A
:109310000E60C3F800412EE6B5EE006ADFEDA76AE5
:10932000B6EE082A9FEDA63ADFEDA65AF0EE467A91
:109330009FEDA55A9FEDA57AFDE4DFEDA57AF4EE49
:10934000E76AF1EE10FA00F3F680DFEDA27AF4EEB0
:10935000E76AF1EE10FA00F1EE80C5ED086A81E4EB
:10936000DFED9B7AF4EEE76AF1EE10FA00F3ED80A0
:10937000DFED987AF4EEE76AF1EE10FA00F1EA8098
:10938000C6ED086AD3F80041BCE6DFED917AB4EE91
:10939000E73AF1EE10FA00F3B280DFED8E7AB4EE28
:1093A000E73AF1EE10FA00F1AA80D3F8005186ED09
:1093B000083A77E6DFED864AB4EEE47AF1EE10FA89
:1093C00000F3AF80DFED834AB4EEE47AF1EE10FAF9
:1093D00000F1A78085ED087ADBE49FED7D7AF4EE5D
:1093E000C77AF1EE10FA00F399809FED7A7AF4EEE5
:1093F000C77AF1EE10FA00F19180C5ED087A1AE50E
:109400009FED737AF4EEC77AF1EE10FA00F39080D4
:109410009FED707AF4EEC77AF1EE10FA00F18880D1
:10942000C5ED087ADEE4DFED6A7AB4EEE72AF1EE04
:1094300010FA69DCDFED677AB4EEE72AF1EE10FA94
:1094400062D4D3F8004186ED082AFDE5DFED607AAD
:10945000F4EEE75AF1EE10FA66DCDFED5E7AF4EE38
:10946000E75AF1EE10FA5FD40A46C5ED085A38E51E
:10947000DFED577AB4EEE76AF1EE10FA49DCDFED82
:10948000557AB4EEE76AF1EE10FA42D4D3F800410F
:1094900085ED086A8AE5DFED4E7AB4EEE75AF1EE23
:1094A00010FA4FDCDFED4B7AB4EEE75AF1EE10FA2A
:1094B00048D485ED085AE7E4C5ED087A4CE6C6EDD8
:1094C000087AEDE5C6ED087A18E6C6ED087AB9E542
:1094D000C5ED087A68E5C5ED084A58E485ED087AD7
:1094E0007EE485ED087AA4E4C5ED087ACAE4C5ED0A
:1094F000087AF4E4384AD3F80051326276E5D3F8BA
:109500000051C6ED087ACDE5D3F80041C6ED087AE2
:109510009AE5D3F80041C5ED087A47E585ED087A6C
:1095200089E4C5ED084A34E40A46C5ED087AD8E472
:1095300085ED087A56E4C5ED087AFFF793BBD3F8BA
:109540000041E2E5C5ED087A9EE4D3F80041C6ED9E
:10955000087AD7E5C6ED087A14E7012404221F4EE5
:10956000294661E6042201261D4D214619E6042103
:1095700001261C4D144666E6042201251A4E21469A
:1095800043E601250422194E21462FE60124042238
:10959000174E294614E6B0EE677ABEEEC87A17EE8B
:1095A000103AFFF786BBB0EE677ABEEEC87A17EEC8
:1095B000103AFFF74CBB00BF000080BF6666E63E76
:1095C000CDCCCC3E9A99993E1F856B3F3D0AD73E44
:1095D00000FEFF4600FEFFC66666E63E70FA00200B
:1095E00048FA002008F9002058F90020A8F90020C6
:1095F00020FA00202DE9F84F5E4C5F480CF0CCF8C3
:109600002368C01A182801D8BDE8F88F5A480CF012
:10961000C3F85A4B20601C68002C75D0012C00F058
:109620009F80574B022C4FF00A061B680BBFFF2789
:1096300000270024FF24002B6CD14F480CF0ACF81D
:10964000504B9FED516AF6EE006AA3FB00234FF4E6
:109650007A621B0A02FB130007EE900AF8EEE77A23
:1096600087EE867AB4EEE67AF1EE10FA6FD537EE31
:10967000077ADFED467A464B27EE277A4549188868
:10968000454AFCEEC77A454DDFF82C8117EE903A3B
:109690001433DBB200FB03F3A1FB0313C3F34F133B
:1096A000FF2B28BFFF2304FB03F103FB06F607FB98
:1096B00003F3A2FB0101A2FB0606A2FB0323C1F3F5
:1096C000C7174FEAD61BC6F3C7164FEAD319C3F321
:1096D000C7142B78C909BB422ED0DFF8E0A0304B6D
:1096E00018780FF0EBFE2F4B594618780FF0E6FE76
:1096F0002D4B494618780FF0E1FE2F7088F8006076
:109700008AF80040BDE8F88F0A27FF261C4B1B682B
:10971000002B92D093F82030002B8ED0234B244A7C
:1097200019681368CB1A632B224B1DD81F7807B119
:10973000FF273E463C4680E798F80030DFF87CA0E3
:10974000B342CCD19AF80030A342C8D15CE7B7EE5F
:10975000C77AB0EE006BA7EE466BB7EEC67B88E724
:1097600000277F26FF24D1E71F78116087F00107CB
:109770001F70DCE774F50020800901206C090120CE
:1097800078300120D34D621000007A450000F0428D
:109790004CE900201F85EB5181808080007B0120F7
:1097A000BCAD0020C0AD0020C4AD00200060012091
:1097B00078F50020E1EB0020FF7A0120FE7A0120FD
:1097C00038B5F0F715FB0024264B4FF480720125C5
:1097D0002146A3F8442024485C72DD60F2F762FE63
:1097E00022480221F2F75EFE21462148F2F75AFE96
:1097F00021462048F2F756FE1F480421F2F752FE98
:1098000021461E48F2F74EFE06211D48F2F74AFE99
:1098100032211C48F2F746FE4FF496711A48F2F7CF
:1098200041FE04211948F2F73DFE0920E8F7A2FDA8
:109830002846E8F7BBFD16480221F2F733FE294619
:109840001448F2F72FFEF0F709FBF2F7CBFF124BAB
:109850002E2112481D7012F043F91148BDE838401E
:109860000EF06ABE6C110120E4190020F4190020EA
:10987000FC190020041A002078B90020E4BB002065
:10988000D4190020CC190020DC190020D0BE002003
:10989000ECBF002054C000200F7B01209C19002049
:1098A00090D4002008B50A4B1B7813B1094B1B78E4
:1098B00003B108BD084B1B78002BFAD112F01CF93C
:1098C000B0F5805FF5DBBDE80840FBF781BD00BF68
:1098D000EDEB00200E7B0120107B01202DE9F04FE5
:1098E000B34DA1B0B34C40F2EE28B34FDFF8EC9388
:1098F0002E6812F073F92378002B00F073843B7804
:10990000DB0740F16F842B68D9F800209B1A0E2BDF
:1099100040F26884F7F7CEFF002404F045F9B42143
:10992000A6481AF061FAA6480CF088F86721A44806
:109930000CF0CAF81D21A2480CF040F91A200EF0D4
:109940004DFFDFF89C830EF0D9FE0D2120469D4F80
:109950000EF010FF9C4B02464FF48270DFF884A398
:1099600053F82230994ADFF880B313600FF012FDEC
:109970000346974AB420DFF87493C3F8004113609C
:109980000FF008FD934B0546934A0293934B94497D
:10999000CDF804800093934B03F0D8FE924B2846F9
:1099A0001D6003F001FFA8200FF0F4FC8F4905466D
:1099B0000BF0C4FC8E4B28461D600BF001FD9FEDA3
:1099C0008D0A8D48F5F7AAFA8C4D9FED8D0A8A48CD
:1099D000F5F7BEFA40200FF0DDFCD5ED007A042249
:1099E0009FED880AF8EEE77A0646114680EE270AD0
:1099F00004F07AFF88203E600FF0CCFC3968064600
:109A0000814B824AEFF7D8F8814F4FF400528148DA
:109A10008149B6EE000A026258463A627F4A804B9C
:109A20009461804A804F9461804A0C62CA61CAF88E
:109A30001C204FF480324C864C62CAF82040AAF8B1
:109A40003240CAF82440CBF82070C3E90622C3E9AB
:109A50000844774B1E60774BCBF830300DF088F818
:109A6000B6EE000A58460DF0ADF8734B4846B6EE18
:109A7000000AC9F83030C9F820700DF079F8B6EE58
:109A8000000A48460DF09EF86C4B40F6CC426C49FB
:109A900020466C4F5A62C3E907226B4A116242F2B8
:109AA00066629A61EFF76CFDA8200FF073FC674ABD
:109AB000674B0646674902920197674A674F0093D2
:109AC000674BFAF733FCCC203E600FF063FC4F4B42
:109AD000644A0593644B654E0193654B6549049355
:109AE000654B009203932B46644A02961E90F8F74A
:109AF0006FFA634E1E9830604FF490700FF04AFC7E
:109B0000344B5E4A5F4911920091CDE90B835E4B65
:109B1000804603F1A8020193049203F170023833E6
:109B20000392A1F548720293584B0A93584B09933C
:109B3000584B0893584B0793584B0693584B059333
:109B400033681093574B0F93574B0E93574B0D930E
:109B5000A1F5C873A1F5966109F0EEFD544B40469E
:109B6000C3F800800BF0CAF84CF6CC41514A524B76
:109B70002820C2E90711514A9A61103ADA61504A25
:109B80005A620FF007FC204B05940493394B0F4C9D
:109B900002934C4B4C4A01934C4B4D490394044661
:109BA00000934C4BEEF794FE4B4BC420A0E000BF5B
:109BB00000600120277B0120267B0120000020205F
:109BC000C0FA00202C3501205C2E002058E900202E
:109BD000442A0120C83D0120CC32012074330120E9
:109BE0007832012020330120C83301204454012061
:109BF000985501208FC2F53DDC05012078EB00204F
:109C00000000484300606A473CE90020B4FB0020A4
:109C10002C3C012090380120F40E01203035012029
:109C200004FB0020CC38012014F40400B8DF8D02BE
:109C30008810012013952C00FEF4390060310120BA
:109C4000CDCCCC3D64620120A8F90020C462012083
:109C5000F4630120206301205C630120783001203F
:109C6000B863012044E900206C0901207C550120E3
:109C70008410012070EB002004570120A856012019
:109C8000A42F0120DC4401201C3E0120983F01202C
:109C9000743F0120383F0120FC3E0120F43F0120A9
:109CA000BC3F0120167B01204C3D0120243D0120BA
:109CB0006C460120A4050120240D01205BB774002F
:109CC00000B76D5B60300120900901205411012024
:109CD000E05601202C110120600D01204860012078
:109CE000743D0120640D0120B0270120E8270120E8
:109CF0001C600FF04FFBA54C8046A54B0894A54C6B
:109D0000109507941C78A44B1A9401931E94A34BAE
:109D1000A34C00930F943368A24A1B93A24BA34910
:109D20001393A34B19921893A24BA34A1793A34BD7
:109D30001693A34B1593A34B1493A34B1293A34BCE
:109D40001193A34B0E93A34B0D93A34B0C93A34BD7
:109D50000B93A34B0A93A34B0993A34B0693A34BDB
:109D60000593A34B0493A34B0393A34B0293A34BE1
:109D7000E8F728FBA24B4FF48270C3F800800FF085
:109D800009FBA04BA04A0E93A04B01920C93A04B51
:109D9000A04A0993A04B00920893A04BA04A0593B8
:109DA000A04B0D920493A04BA04A0393A049A14B52
:109DB0000B920A910293A04AA049DFF808831F90F2
:109DC000CDE90645336810933B680F939C4BF8F739
:109DD00043FD1F98C8F80000DC200FF0DBFA934A1F
:109DE00093490692974A07910092336806468C4A37
:109DF0000D933B6894490C93824B0A920B936A4BE8
:109E0000924A0893924B934F0993934B0593934B2C
:109E10000493934BCDE902450193924BF9F726FD4C
:109E2000D8F800003E608666B066F8F751FE3868E4
:109E3000744FF9F73BFE40F224408B4E0FF0AAFA24
:109E40000D97774F534689490496894E894A009168
:109E5000CDF804B08849DFF87082CDE90B57874F01
:109E60000E97874F0A97874F0997874F0897874F15
:109E70000797874F0697874F0597874F1097874F0C
:109E8000CDE9029606460F9705F0D8FD844B304683
:109E90001E6006F0E3FD1C20824E0FF07BFA824B21
:109EA0008146066043615033836140F614538380DA
:109EB0001E23837150200FF06FFAC9F8080099F83B
:109EC000050080000FF068FAC9F80C0099F8060048
:109ED00080000FF061FA754BC9F810001C20C9F81A
:109EE0000030C8F800900FF055FA714B81460660BB
:109EF00043613833836140F60E6383801A23837194
:109F000038200FF049FAC9F8080099F805008000D8
:109F10000FF042FAC9F80C0099F8060080000FF023
:109F20003BFA644BC9F810001C20C9F80030C8F88F
:109F300004900FF02FFA604B814606604361503366
:109F4000836141F2144383801823837150200FF002
:109F500023FAC9F8080099F8050080000FF01CFAF0
:109F6000C9F80C0099F8060080000FF015FA534B61
:109F7000C9F810001C20C9F80030C8F808900FF08C
:109F800009FA4F4B81460660A0E000BFC462012081
:109F900064D30020646201208C10012098690120A4
:109FA000DC3C012014AB00205CEB0020E8640120C5
:109FB000057B0120067B012078660120E3EB002071
:109FC000077B01200C7B0120F4FA0020E4EB002049
:109FD00030F90020E0F8002008F90020A028012036
:109FE00030280120682801200462012088620120B5
:109FF00028620120C8610120D0FA002008680120F1
:10A00000CCFA00206C0901205C6301208827012024
:10A0100054DE002020630120E42F0120DC2D0120EC
:10A0200044E90020482A0120142E0120E7EB0020FB
:10A03000E6EB0020A82F0120B86C0120286B01203E
:10A04000B4100120B8630120486E0120D86F0120B0
:10A050008C2701202C30012058DE002030300120D8
:10A06000F42F0120DC1001202C3C0120F40E0120F3
:10A0700090380120CC38012030350120EDEB002054
:10A0800098310120B83001207C3A0120EC380120C1
:10A0900050350120E03601206C110120157B012094
:10A0A000683C012080A3002034A00020A4A300204D
:10A0B000F4A10020ECA30020D8A00020C8A3002019
:10A0C00070A20020E02F01207009012043613C3381
:10A0D00008F11006836140F60F73838011238371AA
:10A0E0003C200FF059F9C9F8080099F805008000E4
:10A0F0000FF052F9C9F80C0099F8060080000FF033
:10A100004BF9444BC9F81000C8F80C90C9F800305E
:10A11000D8F80000214603689B68984758F8040B5C
:10A120000368DB68984758F8040C03681B69984774
:10A130004645EDD140F26C400FF02CF91E9B364A9B
:10A140001C93364B1A921B93354B364A1693364B5B
:10A1500019921593354B364A1493364B1892364A5A
:10A16000364911941792364C364ACDE91253364B84
:10A1700005461093354B0F93354B0E93354B0D938E
:10A18000354B0C93354B0B93354B0A93354B099359
:10A19000354B0893354B0793354B0693354B059359
:10A1A000354B0493354B0393354B0293354B019359
:10A1B000354B0093354BEAF7DFF928462560EAF77F
:10A1C00087FC48200FF0E6F822681849044602F0A0
:10A1D000BFFF2F4A3B781460A3B9EFF7E7FB21B02C
:10A1E000BDE8F08F2B6822789B1B3AB1B3F5FA6F6C
:10A1F0003FF690AB11F0F2FCFFF77BBB4345F9D97A
:10A20000FFF788BBFFF7DCFAEFF7D0FB21B0BDE822
:10A21000F08F00BF28A40020097B012014AB002090
:10A220007C550120E5EB00205CEB002044E9002098
:10A23000680901206C0901206409012070090120CE
:10A24000B4FB00206871012024070120D8280120D8
:10A250004CFF0020B8FB00207CFB0020B0640120F4
:10A26000B41101206C05012030050120DC00012023
:10A27000B05F0120102901205C5B012008570120FC
:10A28000041101208C64012050640120F872012027
:10A290007C300120024B002218681A60704700BF12
:10A2A000402A0120000000002DE9F04F2DED028B27
:10A2B0008DB00EF02BFDC24903460A682AB1C14891
:10A2C0009A1A04689442C0F07082BF480B600DF087
:10A2D000D1FCF2F787FCBD4B1B78002B40F01A83B2
:10A2E000B9480DF00BFD002840F0BB82B84EB94DC7
:10A2F000DFF894B3B84CDFF894A3B84F386803F094
:10A3000059F9206804F098FB0121206804F05CFDF5
:10A31000B34B1860DAF80000EEF784FFDBF80000BA
:10A32000F8F7BCF9AF4B186808F0CCF93068E8F7DB
:10A33000A3FDAD4B1868F8F763FDAC4B1868F9F74F
:10A34000DBFB28680AF0B0FA386803F0CFF9A84BB5
:10A350001868EEF777FBA74B1B78002B49D0A64F68
:10A360003B68002B45D0A54BA54AA648DFF82083C3
:10A3700092F800C093F800E0A34A0368D8F8000000
:10A3800011788445A14A126840F02984A048DFF87A
:10A39000049390F800C00390D9F80000844503D1DD
:10A3A000914201D19E451DD09A480EF0C5F82F214B
:10A3B000994811F095FB97480EF0BEF8D8F80020A8
:10A3C0008F4B1A70D9F80020039B1A708F4B1A68B4
:10A3D0008D4B1A708B4B1A68884B1A704FF0FF32F6
:10A3E0008E4B1A60C8218E480BF0E2F9002840F02D
:10A3F00045838C4B1B78002B00F026828A4B93ED13
:10A40000000ADFF89482894FD8F8000087ED000A2F
:10A41000FAF73CFA864BDFF884921A78854BD9F824
:10A420000000197803F00EFBD8F80030D9F80000CE
:10A4300093ED060A03F0ACFAD9F8000003F01EFB16
:10A44000D8F80030DFF8588293ED060AD8F80000FB
:10A450000BF042F8D8F800000BF0A4F8FFF7CAF8A8
:10A46000FDF73EFAFCF7B6FB734B1B78C3B1DFF880
:10A470003482D8F8001011F0010100F09881DFF863
:10A48000288298F80090B9F1000F40F07F81FCF726
:10A4900017F8494669480BF071F9012388F8003034
:10A4A000206868B1664BD3ED000A664BF8EEE00A0F
:10A4B00093ED000A644BB8EEC00A196804F0B4FCCE
:10A4C000624B18780EF08AF907EE900A604BB8EEEE
:10A4D000E77ADFED607ADFED605A27EE277AD3ED79
:10A4E000007AF5EEC07A9FED346BF1EE10FA48BFBA
:10A4F000F0EE477A37EE677AE7EE257AB7EEE75A5D
:10A50000C3ED007A554BB4EEC65BC3ED007ADFEDC8
:10A51000546AF1EE10FA00F12481524B93ED007A67
:10A52000B8EEC77A27EE267AF4EE477AF1EE10FA03
:10A5300048BFB0EE677AF7EE007AB4EEE77AF1EE54
:10A5400010FA40F341837F23474A116899420DD0A6
:10A55000DFED466ADFED467A4648E7EE267A13607D
:10A56000FCEEE77A17EE901A0BF0AEFA424BDFF8EA
:10A570003C81D3F800E0D8F80030404903EB830376
:10A58000DFF82C913E4801EBC30109F1280C4A4643
:10A59000043951F8043F734400EB8303D3ED007A90
:10A5A000FDEEE77AE2EC017A6245F2D135480BF034
:10A5B000F3F87FE0AFF30080B81E85EB51B89E3F03
:10A5C000CCF50020402A012054110120157B0120E8
:10A5D000CCFA00206C4601202C3501207C30012073
:10A5E00078EB0020683C0120E02F01202C30012076
:10A5F000600D0120087B0120B4FB0020E9EB002066
:10A60000E8EB00206C090120EBEB00206809012039
:10A61000EAEB002090D40020D0AD002040E90020DB
:10A620005CFB0020147B012048E9002044E9002065
:10A63000E7EB0020E6EB0020117B0120BCF50020B9
:10A640002CDE002030DE00207CEB002040D30020F8
:10A6500078D800200820803A0AD7A33D50E900208E
:10A660000AD7233CDCEB002074D800200000014313
:10A67000EE7CFF3EC0FA002070EB0020809C0020A2
:10A680005CE9002060300120A42F01208810012007
:10A690007C5501206409012078300120C833012055
:10A6A0009855012040F30020037B0120A85601208B
:10A6B000DC3C01209E4B1968884208D2081AB0F58C
:10A6C000FA5F04D89B4A1278002A00F0CD819A489C
:10A6D0000BF06EF8002840F07581984B9848196887
:10A6E0000BF066F8002840F0188196480378002B9C
:10A6F0006BD0DFED957A97ED007AB4EEE77AF1EE64
:10A7000010FA0FDA914BA3F1140453F8041DD9F891
:10A71000002049F8041B4C451A60F6D10023037051
:10A72000FEF7ACF947F2305189480BF041F80028A8
:10A7300069D1FEF775FAF4F797FA864B1B785BB18F
:10A74000854B93F845203AB993F8403023B9834BB1
:10A750001B78002B00F049820DB0BDEC028BBDE8E8
:10A76000F08FDFED7F7AC3ED007A7E4B93ED007AB8
:10A77000B8EEC77A27EE267AB4EEE77AF1EE10FA51
:10A780007FF7D9AEB0EE677A0023DDE64FF416719D
:10A7900075480BF00DF800283FF482AE11F0D4F9A3
:10A7A0001E200EF05FFA19F017FB02608DE56E486F
:10A7B0000AF0CAFF0123C8F80030DFF8FC8198F8DE
:10A7C0000090B9F1000FE1D161E6DFED687A97ED15
:10A7D000007AB4EEE77AF1EE10FAA1DB5B4BA3F15D
:10A7E000140453F8041DD9F8002049F8041B4C4503
:10A7F0001A60F6D1012347F23051037054480AF031
:10A80000D7FF002895D05A4C002151480AF0B6FFD6
:10A81000022100200DF0AEFF564B04EB8000032117
:10A82000026800201A600DF0A5FF04EB8000524B77
:10A830000621026800201A600DF09CFF04EB8000E6
:10A840004E4B02681A6074E74D4B18780DF0C6FF46
:10A8500007EE900AB8EEE70ADFED4A7A20EE270A03
:10A86000CFE50120484EEEF78BFE03F095FA00216C
:10A8700031480AF083FF002131480AF07FFF0021B0
:10A8800042480AF07BFF002131480AF077FF00219F
:10A890003F480AF073FF00213E480AF06FFF002195
:10A8A0003D480AF06BFF00213C480AF067FF002199
:10A8B0003B480AF063FF00213A480AF05FFF00219D
:10A8C00039480AF05BFF394800210AF057FF306829
:10A8D00008B1E9F7A9F8364D286808B10AF0B0F8D0
:10A8E000DFF8D8B0DBF8000008B1F7F7BDFB314C5A
:10A8F000206808B104F02EF8DFF8C4A0DAF80000F0
:10A9000008B1EEF751FC0AF005FC02F0E7FEEFF7A4
:10A910004DF8F2E4EFF7A2FAE2E4002108480AF069
:10A920002DFF092100200DF025FFC8F80000DCE60E
:10A930003CE90020107B01206030012074EB0020F6
:10A94000AC560120137B01209A99593F043D012008
:10A9500090270120EFEB00206C110120087B0120E3
:10A9600000000000DCEB0020BCF500206666663FBE
:10A97000F837002084270120882701208C27012018
:10A98000B8AD00200820803ACCFA002008600120F1
:10A99000F4FA0020E42F0120303001205409012076
:10A9A0004CFB00206CFB00203CFB00201407012026
:10A9B0006C4601202C350120037B0120A42F0120AF
:10A9C000881001200120EEF7DBFD03F0E5F90021FE
:10A9D000A7480AF0D3FE0021A6480AF0CFFE0021C6
:10A9E000A5480AF0CBFE0021A4480AF0C7FE0021CA
:10A9F000A3480AF0C3FE0021A2480AF0BFFE0021CE
:10AA0000A1480AF0BBFE0021A0480AF0B7FE0021D1
:10AA10009F480AF0B3FE00219E480AF0AFFE0021D5
:10AA20009D480AF0ABFE9D4800210AF0A7FE306861
:10AA300008B1E8F7F9FF286808B10AF001F8DBF877
:10AA4000000008B1F7F710FB206808B103F082FF9F
:10AA5000DAF8000008B1EEF7A7FB0AF05BFB02F0A2
:10AA60003DFEEEF7A3FF38E68D4A1278002A7FF408
:10AA70002EAEFBF725FD8B4B196828E600218A488E
:10AA80000AF07CFE98F800103868EDF739FE031ED6
:10AA900019460393FFF6ADAC844B1A688A423FF423
:10AAA000A8AC1960824B1B78032B00F2BA80814A54
:10AAB00052F82330049398F80030022B00F2B8804B
:10AAC0007D4A52F82330059399F80030072B00F2A5
:10AAD000AD807A4A52F82330794A1278022A00F27D
:10AAE000A380784951F8222018210092764A0DEB74
:10AAF000010013F03FFAD8F800303868022B0CBF81
:10AB0000D0ED767AD0ED757AB8EEE78AB5EEC08AE8
:10AB1000F1EE10FA48BF9FED6D8AEDF713FE814606
:10AB20003868EDF711FED8F8003007218046012B78
:10AB300000F08180664810F0D3FF049F37B138469B
:10AB400013F012FF0146384610F0CAFF0221614897
:10AB500010F0C6FF059F37B1384613F005FF0146D8
:10AB6000384610F0BDFF02215A4810F0B9FF06A880
:10AB700013F0FAFE014606A810F0B2FF0521564870
:10AB800010F0AEFF494655480DF0CAFC0321544869
:10AB900010F0A6FF039951480DF0C2FC0621514860
:10ABA00010F09EFF41464D480DF0BAFC06214E487C
:10ABB00010F096FFB7EEC80A022148480DF0ECFCF1
:10ABC00046480DF0B9FC14E4DFED486ADFED487A41
:10ABD000E7EE267AFDEEE77A17EE903AB4E4454ABE
:10ABE000DFF82C910392FFF7DFBB434B1B78002B60
:10ABF0003FF4B2AD2A4B1B78002B7FF4ADAD3F4B39
:10AC00001B78002B7FF4A8AD10F076FFB0F5805FC5
:10AC1000FFF6A2AD0DB0BDEC028BBDE8F04FFAF728
:10AC2000D7BB374B049346E7354A5DE7344B53E7D0
:10AC3000334B059348E7334810F052FF049F37B178
:10AC4000384613F091FE0146384610F049FF0A21BC
:10AC50002D4810F045FF06A813F086FE014606A811
:10AC600010F03EFF0621294810F03AFF03999AE7B9
:10AC700060300120AC56012008600120902701209F
:10AC8000F4FA0020E42F0120303001205409012083
:10AC90004CFB00206CFB00203CFB00201407012033
:10ACA0000E7B01203CE900205CFB002040E90020F5
:10ACB0006C090120601400202814002034140020A6
:10ACC000680901205414002000AE0020000000009C
:10ACD0002CAE002018AE002034AE002090D400200E
:10ACE0003CAE002040AE002024AE00200000FE421A
:10ACF000EE7CFF3EEAEB0020EDEB0020107B012014
:10AD0000C8AD002008AE002010AE00201CAE002010
:10AD1000640901202DE9F04FCA4883B0FBF788FA97
:10AD2000C948FBF7B3FAC948FBF782FAC848FBF7F2
:10AD3000E3FAC848FBF77CFAC748FBF779FAC7483B
:10AD4000FBF7DAFAC648FBF773FAC648FBF770FA66
:10AD5000C548FBF79BFAC548FBF7CEF90022C44D66
:10AD60001446C44F11462846FBF7A2F92F602C76F3
:10AD7000C148FBF7F5F9C148FBF72AFAC048FBF7D1
:10AD800057FAC048FBF7B8FABF4DC048FBF750FA76
:10AD9000BF4EC048FBF7B0F9224621462846FBF7D4
:10ADA00087F9224621462F6030462C76FBF780F942
:10ADB00037603476B848FBF79FFAB84DB848B94FBA
:10ADC000FBF736FAB84EB948FBF732FA05F118022C
:10ADD00002212846FBF76CF906F1180202213046E1
:10ADE0002F60FBF765F9B24D3760B248FBF720FAE8
:10ADF000DFF88083B048FBF71BFAB04E05F118026C
:10AE000002212846FBF754F908F1180202214046B6
:10AE10002F60AB4DFBF74CF906F1180202213046CA
:10AE2000C8F80070FBF744F905F118020221284622
:10AE30003760FBF73DF92F60A248FBF75DF9A248A8
:10AE4000FBF7F6F9A148FBF7F3F9A14DA148FBF791
:10AE50009DFADFF82483A048FBF798FA9F4E05F18E
:10AE6000180202212846FBF723F908F118020221F3
:10AE70002F6040469A4DFBF71BF906F1180202219C
:10AE80003046C8F80070FBF713F905F118020221EB
:10AE900028463760FBF70CF92F609248FBF798F9CA
:10AEA000914A924B924D934EC2E903434FF4807303
:10AEB0001660138102F58053C3F8CC452B68002B34
:10AEC00002F0AE8019465B69002BFBD14A618A4BC8
:10AED00000248A484FF4804913602146546154602D
:10AEE000947214765483D46141F28C5213F096FA22
:10AEF0008348FBF76DF98348FBF76AF98248FBF753
:10AF000067F98248FBF764F98148FBF761F9DFF8DC
:10AF10006CA28048DFF86882FBF75AF9DFF864B268
:10AF20007D48FBF755F9224621465046FBF7C0F80D
:10AF300022462146CAF820905846CAF80080DFF819
:10AF400048A2FBF7B5F8CBF82090CBF80080734807
:10AF5000FBF7D2F8DFF834B2224621465046FBF721
:10AF6000A7F8CAF82090CAF800806D48FBF7C4F82B
:10AF7000DFF81CA2224621465846FBF799F8CBF889
:10AF80002090CBF800806748FBF722F92246214643
:10AF90005046FBF78DF8DFF8FCB1CAF82090CAF8EC
:10AFA00000806148FBF7DCF86048FBF7A5F8DFF8A4
:10AFB000E8A1224621465846FBF77AF8CBF82090C4
:10AFC000CBF800805A48FBF797F8224621465046B6
:10AFD000FBF76EF8CAF82090CAF800805548FBF7D6
:10AFE00043FA5548FBF740FA5448FBF721F9544817
:10AFF000FBF782F85348FBF7B3F85348FBF7B0F878
:10B000005248FBF7ADF85248FBF798F95148FBF767
:10B0100095F95148FBF70CF95048FBF7A1F8504857
:10B02000FBF79EF84F48FBF79BF84F48FBF700F9FA
:10B030004E48FBF7FDF84E48FBF716FADFF85CB117
:10B04000AEE000BF4CFF0020B8FB0020687101207B
:10B0500004110120F8720120286B0120B410012096
:10B06000B86C0120142E0120482A0120DC2D01207B
:10B07000DC00012020A50020300501206C05012006
:10B08000486E0120DC10012008570120D86F0120F4
:10B090005C5B0120D82801208C100120AC340120F9
:10B0A00008680120BCA40020CC340120986901204C
:10B0B0002C340120E8640120786601206C340120E2
:10B0C0008C34012010290120640D0120F40E012090
:10B0D000EC330120B0270120E8270120EC340120C7
:10B0E0000C3501207CFB0020B411012080270120B9
:10B0F00098F4002074A300204CA40020F411012037
:10B100000832012080630120186401208030012072
:10B110006031012004FB0020E8620120A82F0120FB
:10B12000F42F0120B0640120B05F012030280120FD
:10B13000A028012070FA002058F90020E0360120F4
:10B140006828012020630120B86301205064012099
:10B1500030350120CC3801207C3A0120C861012023
:10B16000286201208862012018760120887401205D
:10B17000D0F900204C3401200C340120D0FA0020FA
:10B1800014A50020046201205C630120F463012007
:10B190008C64012064620120C462012070380120A7
:10B1A000BD48FBF761F9BD48FBF75EF9DFF8F8A38E
:10B1B0000BF1180202215846FAF77AFFCBF800701B
:10B1C000B748FBF735F80AF1180202215046FAF7A2
:10B1D0006FFFCAF80070B348FBF72AF8B248FBF7D4
:10B1E00043F9B248FBF740F9B148FBF73DF9B148E4
:10B1F000FAF782FFB048FBF71BF8B048FAF77CFF7C
:10B20000AF48FBF715F8AF48FAF7AAFFAE48FAF7D0
:10B21000A7FFAE48FAF7A4FFAD48FAF7A1FFAD4883
:10B22000FAF7D6FFAC48FAF7D3FFAC48FAF7D0FFED
:10B23000AB48FBF719F9AB48FBF716F9AA48FBF73F
:10B2400013F9AA48FAF7C4FFA948FAF7C1FFA948B9
:10B25000FAF7BEFFDFF854A3A748FAF7B9FFA748EB
:10B26000FAF7B6FF224621465046FAF721FFCAF800
:10B270002090A348CAF80080FBF73EF8DFF830932F
:10B28000A048FAF7A5FFA048FAF7A2FF09F11802B3
:10B2900002214846FAF70CFFC9F800709B48FAF7FC
:10B2A00097FF9B48FAF794FF9A48FBF7DDF89A4816
:10B2B000FAF7ECFF9948FAF753FF9948FBF79EF825
:10B2C0009848994FFBF79AF89848FBF797F89848F1
:10B2D000FBF794F83A462B6842F8186B3A614FF442
:10B2E0008072FC60BC613A81002B01F0A2861A4694
:10B2F0005B69002BFBD1576100248E4B4FF48072A9
:10B300008D4821467C617C60BC723B6013F086F8FE
:10B310004FF07E5387F81C41C7F82031874B9FEDD3
:10B32000880AC7F824310023864C87ED4A0AC7F8FB
:10B330002C31C7F83031C7F8343104F5C8677A4882
:10B34000F3F706FE204604F5C874FAF771FFBC4215
:10B35000F8D17D4C04F1E00720463834FAF7CCFEF2
:10B36000BC42F9D179484FF48049FAF731FF784867
:10B37000FAF72EFF7748FAF7F3FE7748FAF7F0FE70
:10B38000764F0022764C38461146FAF791FE00229D
:10B390002046C7F800801146C7F82090FAF788FECB
:10B3A0007048C4F80080C4F82090FBF727F86E4876
:10B3B000FBF724F86D48FBF757F86D48FBF754F896
:10B3C0006C4A00234FF400701146D36041F8186BAB
:10B3D00010811161C2E906332B68002B01F026862B
:10B3E00019465B69002BFBD14A610024624B61481E
:10B3F00013605461546094720BF08EF95F4A4FF4FD
:10B4000000702B681146D460108141F8186B1161EF
:10B41000C2E90644002B01F0068619465B69002B41
:10B42000FBD14A610024564B54480327546101253F
:10B4300054600226947213600FF04AFA51480CF0DF
:10B44000B9FD514B2246009450494E480CF026FE5F
:10B450004F4A50494B4810F091FC4F480CF0AAFD60
:10B460004E4B2246009448494B480CF017FE484A80
:10B470004849494810F082FC49480CF09BFD494B73
:10B4800022464149009746480CF008FE404A41498F
:10B49000434810F073FC8DE0F8F9002080F900209B
:10B4A00050350120EC38012008F90020E0F8002098
:10B4B00030F9002080290120387901204829012015
:10B4C000A8770120903801202C3C0120042A01207B
:10B4D000C82901206C3C0120A43C012040320120FD
:10B4E00020FA002048FA002098FA0020D4550120C4
:10B4F0000C560120B830012028310120983101205C
:10B500002C1101209C550120A4050120F0300120C0
:10B51000D0310120A8F9002090090120240D01203C
:10B5200078320120CC320120DC05012020330120BB
:10B53000743301208CA40020F80501208FC2F53D52
:10B54000000048432C4001201C3E0120BC3F01204C
:10B55000F43F0120FC3E0120383F0120743F0120D0
:10B56000983F0120743D0120C83D0120243D012069
:10B570004C3D01204030012010A400201860012023
:10B580001CA4002070460120B8FB00204CFF0020C6
:10B5900088D80020695F0200644D0120D82801206E
:10B5A000404E01207CFB00200C3C0120E056012095
:10B5B000CC330120A5480CF0FDFCA54B224600949D
:10B5C000A449A2480CF06AFDA34AA4499F4810F080
:10B5D000D5FBA3480CF0EEFC9D4B2246A1490095FB
:10B5E0009F480CF05BFD9C4A9C499D4810F0C6FBAF
:10B5F0009D480CF0DFFC9D4B2246009499499A48E7
:10B600000CF04CFD944A9549974810F0B7FB9848C8
:10B610000CF0D0FC954B22469649009594480CF0CE
:10B620003DFD8D4A8D49924810F0A8FB92480CF0E0
:10B63000C1FC924B2246009491498F480CF02EFD9C
:10B64000854A86498C4810F099FB8E480CF0B2FC74
:10B650008A4B22468C4900958A480CF01FFD7E4A91
:10B660007E49884810F08AFB88480CF0A3FC884B80
:10B6700022460094844985480CF010FD764A7749AB
:10B68000824810F07BFB83480CF094FC804B2246F0
:10B69000814900957F480CF001FD6F4A6F497D4854
:10B6A00010F06CFB7D480CF085FC7D4B224600942D
:10B6B0007C497A480CF0F2FC674A6849774810F0F8
:10B6C0005DFB79480CF076FC754B22467749009576
:10B6D00075480CF0E3FC604A6049734810F04EFB7B
:10B6E00073480CF067FC734B224600946F49704816
:10B6F0000CF0D4FC584A59496D4810F03FFB6E4895
:10B700000CF058FC6B4B22466C4900956A480CF0D3
:10B71000C5FC514A5149684810F030FB68480CF0AC
:10B7200049FC684B22460094674965480CF0B6FC1A
:10B73000494A4A49624810F021FB64480CF03AFC3F
:10B74000634B22460094634960480CF0A7FC424AD0
:10B7500042495E4810F012FB5F480CF02BFC5F4B37
:10B76000224600945E495C480CF098FC3A4A3B49FA
:10B77000594810F003FB5B480CF01CFC5A4B224666
:10B780005A49009557480CF089FC334A33495548CB
:10B7900010F0F4FA56480CF00DFC564B224600947B
:10B7A000524953480CF07AFC2B4A2C49504810F06F
:10B7B000E5FA51480CF0FEFB504B22464B490095F0
:10B7C0004D480CF06BFC244A24494B4810F0D6FA43
:10B7D0004B480CF0EFFB4B4B224600944349484842
:10B7E0000CF05CFC1C4A1D49454810F0C7FA46485D
:10B7F0000CF0E0FB414B22460094444942480CF0D7
:10B800004DFC154A1549404810F0B8FA40480CF074
:10B81000D1FB3C4B22463F4900953D480CF03EFC95
:10B820000D4A0E493A4810F0A9FA3B480CF0C2FB09
:10B830003A4B22460094064937480CF02FFC064A42
:10B840000649354810F09AFA6AE000BF1C4F012003
:10B85000AC3401206871012088D80020695F0200A3
:10B86000F84F012004110120D4500120CC340120D4
:10B87000B0510120F87201208C5201202C3401209B
:10B88000286B012068530120B41001208446012058
:10B890004C34012060470120B86C01203C48012055
:10B8A0006C340120486E012018490120DC10012071
:10B8B000F44901208C340120D04A0120D86F0120A6
:10B8C000AC4B01206C050120D8280120884C0120B8
:10B8D00008320120085701203C4D01201029012089
:10B8E0005C5B0120504D0120EC3301208C100120C5
:10B8F000784D01200C3401208C4D0120EC340120C6
:10B90000A04D01200C350120B44D01200868012014
:10B91000C84D012098690120DC4D01207CFB0020EE
:10B92000A5480CF047FBA54B22460094A449A24829
:10B930000CF0B4FBA34AA4499F4810F01FFAA34897
:10B940000CF038FBA24B2246A24900959F480CF010
:10B95000A5FB9C4A9C499D4810F010FA9E480CF0AB
:10B9600029FB964B22469B4900959B480CF096FB81
:10B97000944A9549984810F001FA98480CF01AFB3F
:10B98000974B22460094974994480CF087FB8D4AC8
:10B990008D49924810F0F2F993480CF00BFB934B51
:10B9A00022469349009590480CF078FB854A8649D9
:10B9B0008D4810F0E3F98F480CF0FCFA8E4B2246CC
:10B9C00000948E498B480CF069FB7E4A7E49894879
:10B9D00010F0D4F98A480CF0EDFA874B22468949D9
:10B9E000009587480CF05AFB764A7749844810F056
:10B9F000C5F985480CF0DEFA844B22460094844950
:10BA000081480CF04BFB6F4A6F497F4810F0B6F944
:10BA100080480CF0CFFA7D4B22467F4900957D4847
:10BA20000CF03CFB674A68497A4810F0A7F97B485C
:10BA30000CF0C0FA7A4B22467A49009577480CF010
:10BA40002DFB604A6049754810F098F976480CF073
:10BA5000B1FA764B22467649009573480CF01EFBEE
:10BA6000584A5949704810F089F972480CF0A2FA06
:10BA7000714B22466E4900956E480CF00FFB514AFF
:10BA800051496C4810F07AF96C480CF093FA674B06
:10BA900022466B49009669480CF000FB494A4A4926
:10BAA000664810F06BF967480CF084FA624B224646
:10BAB0006349009663480CF0F1FA424A42496148F2
:10BAC00010F05CF960480CF075FA584B22465F495B
:10BAD00000975D480CF0E2FA3A4A3B495A4810F0A8
:10BAE0004DF95B480CF066FA534B224657490097D4
:10BAF00057480CF0D3FA334A3349554810F03EF911
:10BB000054480CF057FA544B22460094344951489B
:10BB10000CF0C4FA2B4A2C494E4810F02FF94F482C
:10BB20000CF048FA4C4B2246304900954B480CF03B
:10BB3000B5FA244A2449494810F020F948480CF045
:10BB400039FA484B22460094474945480CF0A6FA7A
:10BB50001C4A1D49424810F011F944480CF02AFAD9
:10BB6000434B22460094434940480CF097FA154A4B
:10BB700015493E4810F002F93F480CF01BFA3F4BC4
:10BB80002246009412493C480CF088FA0D4A0E49AE
:10BB9000394810F0F3F83A480CF00CFA394B2246C9
:10BBA0000094364936480CF079FA064A064934487A
:10BBB00010F0E4F868E000BFF04D0120B06401200F
:10BBC000AC34012088D80020695F0200044E0120B7
:10BBD0007CFB0020CC340120184E01202C4E01208B
:10BBE000EC330120E8640120544E01200C34012084
:10BBF00078660120684E0120806301202C340120EA
:10BC00007C4E01204C340120904E0120186401200C
:10BC10006C340120A44E01208C340120B84E012048
:10BC20000832012010290120CC4E01206031012072
:10BC300004FB0020E04E01200C560120F44E0120B0
:10BC4000B0270120084F0120304F0120E8270120B4
:10BC5000444F0120584F0120E86201206C4F012021
:10BC6000804F012030280120EC340120944F012026
:10BC7000A02801200C350120A84F0120B41101207B
:10BC8000BC4F012080300120A5480CF093F9A54B52
:10BC90002A46A5490095A2480CF000FAA34AA449F7
:10BCA0009F4810F06BF8A3480CF084F99D4B324686
:10BCB0009D4900969F480CF0F1F99C4A9C499D488B
:10BCC00010F05CF89C480CF075F99C4B22460094EF
:10BCD0009B4999480CF0E2F9944A9549964810F02E
:10BCE0004DF898480CF066F9974B22460094974916
:10BCF00094480CF0D3F98D4A8D49924810F03EF8E3
:10BD000093480CF057F9934B22460094924990487F
:10BD10000CF0C4F9854A86498D4810F02FF88F48F9
:10BD20000CF048F98E4B22467E4900968B480CF069
:10BD3000B5F97E4A7E49894810F020F889480CF010
:10BD400039F9894B22467749009686480CF0A6F9C6
:10BD5000764A7749834810F011F884480CF02AF9A4
:10BD6000834B22460094834980480CF097F96F4A30
:10BD70006F497E4810F002F87F480CF01BF97F4BAA
:10BD8000224600947E497C480CF088F9674A68494D
:10BD900079480FF0F3FF7B480CF00CF97A4B224600
:10BDA0007A49009577480CF079F9604A60497548FE
:10BDB0000FF0E4FF76480CF0FDF8764B2246009435
:10BDC000614973480CF06AF9584A594970480FF0B4
:10BDD000D5FF71480CF0EEF86E4B22466F49009586
:10BDE0006D480CF05BF9514A51496B480FF0C6FFA2
:10BDF0006B480CF0DFF86B4B2246009455496848BD
:10BE00000CF04CF9494A4A4965480FF0B7FF6648BB
:10BE10000CF0D0F8634B22466449009562480CF060
:10BE20003DF9424A424960480FF0A8FF60480CF0D3
:10BE3000C1F8604B224600944B495D480CF02EF946
:10BE40003A4A3B495A480FF099FF5B480CF0B2F868
:10BE5000584B22465949009557480CF01FF9334A70
:10BE6000334955480FF08AFF55480CF0A3F8554B5D
:10BE700022460094314952480CF010F92B4A2C49C3
:10BE80004F480FF07BFF50480CF094F84F4B224680
:10BE900000944F494C480CF001F9244A24494A487F
:10BEA0000FF06CFF4B480CF085F8484B22464A498E
:10BEB000009548480CF0F2F81C4A1D4945480FF01F
:10BEC0005DFF46480CF076F8454B22460094454904
:10BED00042480CF0E3F8154A154940480FF04EFF70
:10BEE00041480CF067F83E4B2246404900953E48D9
:10BEF0000CF0D4F80D4A0E493B480FF03FFF3C4888
:10BF00000CF058F83B4B224600943B4938480CF063
:10BF1000C5F8064A064936480FF030FF6EE000BF0C
:10BF2000D04F012080300120B411012088D800209A
:10BF3000695F0200E44F01200C500120B05F012036
:10BF40000832012020500120A82F01208063012009
:10BF500034500120F42F01201864012048500120A2
:10BF60007CFB00205C500120B06401207050012057
:10BF700058F90020603101208450012068280120F8
:10BF8000E862012098500120C8610120046201206C
:10BF9000AC50012020630120C05001205C630120CF
:10BFA000E8500120B8630120FC500120F463012017
:10BFB0001051012050640120245101208C64012083
:10BFC00038510120203301204C51012028620120EA
:10BFD0003028012060510120646201207451012049
:10BFE00088620120A028012088510120C46201201C
:10BFF0009C5101200C56012070FA0020A5480BF03E
:10C00000D9FFA54B2246A5490096A2480CF046F858
:10C01000A34AA4499F480FF0B1FEA3480BF0CAFF02
:10C02000A24B2246A24900959F480CF037F89C4A43
:10C030009C499D480FF0A2FE9E480BF0BBFF9E4B13
:10C04000224600949D499B480CF028F8944A954953
:10C0500098480FF093FE9A480BF0ACFF994B22469C
:10C060000094994996480CF019F88D4A8D499448E6
:10C070000FF084FE95480BF09DFF954B22460094EF
:10C08000944992480CF00AF8854A86498F480FF087
:10C0900075FE91480BF08EFF904B2246009490491C
:10C0A0008D480BF0FBFF7E4A7E498B480FF066FE01
:10C0B0008C480BF07FFF7D4B224600948A498948CB
:10C0C0000BF0ECFF764A774986480FF057FE874819
:10C0D0000BF070FF864B22460094864983480BF094
:10C0E000DDFF6F4A6F4981480FF048FE82480BF030
:10C0F00061FF7F4B2246814900957F480BF0CEFFC0
:10C10000674A68497C480FF039FE7D480BF052FFC2
:10C110007C4B22460094684979480BF0BFFF604A87
:10C12000604977480FF02AFE77480BF043FF774BC2
:10C1300022460094764974480BF0B0FF584A59499A
:10C1400071480FF01BFE73480BF034FF724B224610
:10C15000009472496F480BF0A1FF514A51496D4854
:10C160000FF00CFE6E480BF025FF6E4B224600943C
:10C170006D496B480BF092FF494A4A4968480FF0F5
:10C18000FDFD6A480BF016FF694B22460094694991
:10C1900066480BF083FF424A424964480FF0EEFDC7
:10C1A00065480BF007FF654B2246654900956248DC
:10C1B0000BF074FF3A4A3B495F480FF0DFFD6148DE
:10C1C0000BF0F8FE604B22465D4900955D480BF090
:10C1D00065FF334A33495B480FF0D0FD5B480BF0F5
:10C1E000E9FE564B22465A49009658480BF056FF36
:10C1F0002B4A2C4955480FF0C1FD56480BF0DAFE8A
:10C20000554B22465249009552480BF047FF244AAD
:10C21000244950480FF0B2FD50480BF0CBFE474B7D
:10C2200022464F4900974D480BF038FF1C4A1D49E4
:10C230004A480FF0A3FD4B480BF0BCFE164B2246BC
:10C240004749009547480BF029FF154A15494548CD
:10C250000FF094FD44480BF0ADFE444B2246009491
:10C26000124941480BF01AFF0D4A0E493E480FF0A3
:10C2700085FD3F480BF09EFE3C4B22463D49009514
:10C280003B480BF00BFF064A064939480FF076FD94
:10C2900072E000BFC45101202831012058F900206C
:10C2A00088D80020695F0200D85101207038012031
:10C2B000E0360120EC510120C861012068280120EE
:10C2C0000052012078320120206301201452012005
:10C2D000CC320120B86301202852012074330120A0
:10C2E000506401203C520120303501205052012081
:10C2F0000C3C0120CC380120645201207C3A012002
:10C300007852012008F90020A0520120E0F8002016
:10C3100028620120B452012030F9002088620120F7
:10C32000C85201208029012018760120DC5201200A
:10C330004829012088740120F0520120D4550120A1
:10C34000D0F9002004530120F030012018530120BF
:10C35000F8F900202C530120D03101204053012056
:10C3600080F90020545301207C5301209038012093
:10C370009053012050350120A5480BF01BFEA54B22
:10C3800022460094A449A2480BF088FEA34AA4497F
:10C390009F480FF0F3FCA3480BF00CFE9D4B224688
:10C3A000A14900959F480BF079FE9C4A9C499D4805
:10C3B0000FF0E4FC9D480BF0FDFD9D4B22460094E0
:10C3C0009C499A480BF06AFE944A954997480FF0A9
:10C3D000D5FC99480BF0EEFD984B22460094954908
:10C3E00095480BF05BFE8D4A8D4993480FF0C6FCD3
:10C3F00093480BF0DFFD934B2246934900969048FB
:10C400000BF04CFE854A86498D480FF0B7FC8F48EB
:10C410000BF0D0FD8E4B22468E4900968B480BF0D8
:10C420003DFE7E4A7E4989480FF0A8FC8A480BF001
:10C43000C1FD8A4B22460094894987480BF02EFEA5
:10C44000764A774984480FF099FC86480BF0B2FD94
:10C45000824B22468449009582480BF01FFE6F4AAA
:10C460006F4980480FF08AFC80480BF0A3FD804B99
:10C47000224600947F497D480BF010FE674A6849C8
:10C480007A480FF07BFC7C480BF094FD784B2246F9
:10C490007A49009578480BF001FE604A6049764879
:10C4A0000FF06CFC76480BF085FD764B224600942D
:10C4B000754973480BF0F2FD584A594970480FF01E
:10C4C0005DFC72480BF076FD6E4B2A466E49009576
:10C4D0006E480BF0E3FD514A51496C480FF04EFC99
:10C4E0006B480BF067FD674B32466749009668481A
:10C4F0000BF0D4FD494A4A4965480FF03FFC6548B6
:10C500000BF058FD644B22460094424961480BF001
:10C51000C5FD424A42495F480FF030FC5F480BF0CE
:10C5200049FD5D4B2A463B4900955C480BF0B6FD42
:10C530003A4A3B4959480FF021FC59480BF03AFD63
:10C54000554B32463349009655480BF0A7FD334A08
:10C55000334953480FF012FC52480BF02BFD524B5D
:10C56000224600943D494F480BF098FD2B4A2C4938
:10C570004C480FF003FC4D480BF01CFD4A4B224683
:10C580003B49009549480BF089FD244A2449474816
:10C590000FF0F4FB46480BF00DFD464B224600948D
:10C5A000384943480BF07AFD1C4A1D4940480FF0BA
:10C5B000E5FB41480BF0FEFC404B22460094364917
:10C5C0003D480BF06BFD154A15493B480FF0D6FB73
:10C5D0003B480BF0EFFC3B4B224600943249384875
:10C5E0000BF05CFD0D4A0E4935480FF0C7FB36488D
:10C5F0000BF0E0FC354B22462E49009632480BF0FA
:10C600004DFD064A064930480FF0B8FB60E000BF18
:10C61000A45301202C3C01200C3C012088D8002090
:10C62000695F0200B8530120EC380120CC5301208F
:10C63000D455012008F90020E053012028310120C1
:10C64000F4530120F0300120E0F8002008540120CC
:10C65000D031012030F900201C540120042A01208F
:10C66000802901203054012038790120984601208A
:10C67000C829012048290120AC460120A8770120C3
:10C68000C04601206C3C012090380120D446012096
:10C69000E8460120FC460120A43C0120104701206F
:10C6A0002447012038470120403201204C47012017
:10C6B0007447012020FA00208847012048FA002012
:10C6C0009C47012098FA0020B0470120B830012093
:10C6D000A5480BF06FFCA54B2246A5490096A24841
:10C6E0000BF0DCFCA34AA4499F480FF047FBA3488A
:10C6F0000BF060FCA24B2246A24900969F480BF02B
:10C70000CDFC9C4A9C499D480FF038FB9E480BF09D
:10C7100051FC9B4B224600949C499B480BF0BEFC6D
:10C72000944A954998480FF029FB99480BF042FC30
:10C73000934B22469749009595480BF0AFFC8D4AE4
:10C740008D4993480FF01AFB93480BF033FC934B41
:10C7500022460094924990480BF0A0FC854A8649F5
:10C760008D480FF00BFB8F480BF024FC8C4B2246BE
:10C7700000948D498B480BF091FC7E4A7E49894894
:10C780000FF0FCFA89480BF015FC784B2246009418
:10C79000854986480BF082FC764A774983480FF03A
:10C7A000EDFA83480BF006FC824B224600946F4959
:10C7B0007F480BF073FC6F4A6F497D480FF0DEFA3B
:10C7C0007D480BF0F7FB7D4B224600947C497A486C
:10C7D0000BF064FC674A684977480FF0CFFA794854
:10C7E0000BF0E8FB784B22467849009575480BF032
:10C7F00055FC604A604973480FF0C0FA74480BF06A
:10C80000D9FB744B224600945D4971480BF046FCFD
:10C81000584A59496E480FF0B1FA6F480BF0CAFBFD
:10C820006E4B2246009468496B480BF037FC514A26
:10C83000514969480FF0A2FA69480BF0BBFB694BFC
:10C8400022465649009566480BF028FC494A4A4959
:10C8500063480FF093FA64480BF0ACFB634B22463D
:10C860004E49009560480BF019FC424A42495E4827
:10C870000FF084FA5E480BF09DFB5A4B2246009461
:10C880004C495B480BF00AFC3A4A3B4958480FF0C8
:10C8900075FA58480BF08EFB544B224600944549DC
:10C8A00054480BF0FBFB334A334952480FF066FA09
:10C8B00051480BF07FFB3A4B2246464900954E48C3
:10C8C0000BF0ECFB2B4A2C494B480FF057FA4B4826
:10C8D0000BF070FB254B2A463E49009547480BF06C
:10C8E000DDFB244A244945480FF048FA44480BF040
:10C8F00061FB2A4B22464349009741480BF0CEFB8F
:10C900001C4A1D493E480FF039FA3F480BF052FBD4
:10C91000284B22463B4900973B480BF0BFFB154A8A
:10C92000154939480FF02AFA38480BF043FB384BC9
:10C9300022460094374935480BF0B0FB0D4A0E49AA
:10C9400032480FF01BFA34480BF034FB334B2246CD
:10C9500000942F4930480BF0A1FB064A06492E48A7
:10C960000FF00CFA5CE000BFC447012098310120B1
:10C9700048FA002088D80020695F0200D8470120CB
:10C980009C55012098FA0020EC470120D455012045
:10C99000004801200C56012014480120F0300120ED
:10C9A000B8300120284801202831012050480120BA
:10C9B00064480120D03101207848012090090120ED
:10C9C000E05601208C480120CC3301202C1101209D
:10C9D000A048012044540120B4480120240D012026
:10C9E000C848012040300120DC48012018600120A7
:10C9F000F0480120044901202C4901204049012030
:10CA000054490120A8F90020684901207C490120EF
:10CA1000482A0120142E012090490120DC2D0120FC
:10CA2000A5480BF0C7FAA54B2246A5490096A24897
:10CA30000BF034FBA34AA4499F480FF09FF9A34889
:10CA40000BF0B8FAA24B22460094A2499F480BF083
:10CA500025FB9C4A9C499D480FF090F99E480BF09D
:10CA6000A9FA9E4B22469A4900959B480BF016FB6B
:10CA7000944A954998480FF081F999480BF09AFA31
:10CA8000984B22469549009795480BF007FB8D4A35
:10CA90008D4993480FF072F993480BF08BFA934B42
:10CAA000224600948A4990480BF0F8FA854A864954
:10CAB0008D480FF063F98E480BF07CFA8B4B2246C1
:10CAC0008C4900958A480BF0E9FA7E4A7E498848ED
:10CAD0000FF054F988480BF06DFA844B22468749D1
:10CAE000009685480BF0DAFA764A774982480FF0CB
:10CAF00045F983480BF05EFA824B22467B4900974A
:10CB00007F480BF0CBFA6F4A6F497D480FF036F93A
:10CB10007D480BF04FFA7D4B22467D4900967A48BE
:10CB20000BF0BCFA674A684977480FF027F9794853
:10CB30000BF040FA784B22460094784975480BF088
:10CB4000ADFA604A604973480FF018F974480BF069
:10CB500031FA744B22460094734971480BF09EFAE7
:10CB6000584A59496E480FF009F970480BF022FAFB
:10CB70006F4B224600946F496C480BF08FFA514A74
:10CB800051496A480FF0FAF86B480BF013FA6B4BF7
:10CB9000224600946A4968480BF080FA494A4A499B
:10CBA00065480FF0EBF867480BF004FA664B224635
:10CBB0000094624963480BF071FA424A4249614865
:10CBC0000FF0DCF861480BF0F5F9614B2246009458
:10CBD00060495E480BF062FA3A4A3B495B480FF005
:10CBE000CDF85D480BF0E6F95C4B324600945C49A9
:10CBF00059480BF053FA334A334957480FF0BEF8FF
:10CC000058480BF0D7F9584B2246009457495548DD
:10CC10000BF044FA2B4A2C4952480FF0AFF8544815
:10CC20000BF0C8F9504B22465249009550480BF082
:10CC300035FA244A24494E480FF0A0F84E480BF02C
:10CC4000B9F94E4B224600944D494B480BF026FA59
:10CC50001C4A1D4948480FF091F84A480BF0AAF9C0
:10CC6000494B22460094494946480BF017FA154AA9
:10CC7000154944480FF082F845480BF09BF9454BA5
:10CC800022460094444942480BF008FA0D4A0E49E6
:10CC90003F480FF073F841480BF08CF9404B2246A7
:10CCA000009440493D480BF0F9F9064A06493B48D3
:10CCB0000FF064F878E000BFA449012080630120F0
:10CCC000DC2D012088D80020695F0200B8490120CE
:10CCD00030050120DC000120CC4901206C05012039
:10CCE000E0490120B0640120084A0120A405012088
:10CCF000004D0120243D0120144D01204C3D012018
:10CD0000284D01209C5501201C4A0120E862012089
:10CD1000D0FA0020304A0120D0F9002078320120DA
:10CD2000444A0120F8F90020CC320120584A012061
:10CD300070FA0020203301206C4A0120DC0501201C
:10CD400074330120BC4A012080F90020804A012070
:10CD5000CC33012090090120C44C0120A8F9002007
:10CD6000240D0120944A012004FB0020640D0120C1
:10CD7000A84A0120F40E0120E44A01201C3E0120B3
:10CD80002C400120F84A0120543E0120BC410120E2
:10CD90000C4B01208C3E01204C430120204B0120F4
:10CDA000C43E0120DC440120A3480BF003F9A34B4F
:10CDB00022460094A249A0480BF070F9A14AA2496A
:10CDC0009D480EF0DBFFA1480BF0F4F89B4B224688
:10CDD0009F4900959D480BF061F99A4A9A499B48F2
:10CDE0000EF0CCFF9B480BF0E5F8944B22469A4995
:10CDF000009698480BF052F9924A934995480EF0E4
:10CE0000BDFF96480BF0D6F88C4B2246944900970C
:10CE100092480BF043F98B4A8B4990480EF0AEFFD5
:10CE200090480BF0C7F8904B2246009484498D48F7
:10CE30000BF034F9834A84498A480EF09FFF8B48EF
:10CE40000BF0B8F8884B22468149009587480BF0D3
:10CE500025F97C4A7C4985480EF090FF84480BF008
:10CE6000A9F8814B22467C49009681480BF016F9BF
:10CE7000744A75497E480EF081FF7E480BF09AF89F
:10CE8000794B2246764900977A480BF007F96D4AAC
:10CE90006D4978480EF072FF77480BF08BF8774BAE
:10CEA00022460094654974480BF0F8F8654A6649D3
:10CEB00071480EF063FF72480BF07CF86F4B22460E
:10CEC000704900956E480BF0E9F85E4A5E496C487F
:10CED0000EF054FF6C480BF06DF86C4B224600943A
:10CEE000614969480BF0DAF8564A574966480EF02E
:10CEF00045FF67480BF05EF8644B22466549009594
:10CF000063480BF0CBF84F4A4F4961480EF036FFAB
:10CF100061480BF04FF8614B2246009457495E4838
:10CF20000BF0BCF8474A48495B480EF027FF5C48C5
:10CF30000BF040F85B4B22460094544958480BF0E4
:10CF4000ADF8404A404956480EF018FF56480BF0DD
:10CF500031F8564B22460094504953480BF09EF846
:10CF6000384A394950480EF009FF51480BF022F871
:10CF7000504B224600944B494D480BF08FF8314AF4
:10CF800031494B480EF0FAFE4B480BF013F84B4B6F
:10CF900022464649009748480BF080F8294A2A491A
:10CFA00045480EF0EBFE46480BF004F8454B224690
:10CFB0004049009742480BF071F8224A2249404804
:10CFC0000EF0DCFE40480AF0F5FF404B2246404997
:10CFD00000963D480BF062F81A4A1B493A480EF099
:10CFE000CDFE3C480AF0E6FF384B22463A4900970E
:10CFF00038480BF053F8134A134936480EF0BEFE7A
:10D00000364C374B0A22002136481C601A7208F051
:10D010009BFB0021344803B0BDE8F04F08F094BBFF
:10D020002A60FDF754BF2A60FEF7FCB92A60FEF7BC
:10D03000DCB92F60FEF760B9344B0120BC3F012002
:10D040001C3E012088D80020695F0200484B012067
:10D05000543E01205C4B01208C3E0120704B01208E
:10D06000C43E0120844B0120F43F0120984B012055
:10D07000C04B0120D44B0120E84B0120FC3E012095
:10D08000FC4B0120743F0120104C0120383F01204F
:10D09000244C0120983F0120384C0120743D012090
:10D0A0004C4C0120C83D0120604C0120243D012052
:10D0B000744C01204C3D01209C4C0120B8300120D3
:10D0C000B04C012098310120D84C01204032012081
:10D0D00020FA0020EC4C012048FA0020C8A40020CF
:10D0E000C0FA0020A02701205CFB002030B500F131
:10D0F000200583B004466421284608F059FB08B98E
:10D1000003B030BD2846002108F038FBA36B9FED2B
:10D110000E7AD3ED007A94F8302067EE877AFCEE31
:10D12000E77ACDED017A9DF804307F2BA8BF7F23ED
:10D130009A42DDB2E4D0054840EA03600DF00AFFF0
:10D1400084F8305003B030BD0000FE420BB0010047
:10D15000F8B54FF00133002504460F46836140F2D5
:10D160000113294616468383C0E90055C0E90255DC
:10D17000C0E90455203008F0E7FAFF232046E663B3
:10D180002386A4F840506564C4E90D57F8BD00BF7C
:10D19000B5EEC00AF1EE10FA2AD9DFED177A00B524
:10D1A00080EE270A83B00FF05DF9DFED147AB2EE5E
:10D1B000087AE0EE077AF5EEC07AF1EE10FA13D4B1
:10D1C0009FED0F7AF4EEC77AF1EE10FA12DCB6EEAC
:10D1D000007A77EE877AFCEEE77ACDED017A9DF85A
:10D1E000040003B05DF804FB002003B05DF804FB0D
:10D1F000002070477F20F4E70000DC4300008A42F3
:10D200000000FE42B5EEC00AF1EE10FA1BD9F5EEB1
:10D21000C00A9FED0E7A82B0F1EE10FA98BFF6EEDA
:10D22000000AC0EE207A67EE877AFCEEE77ACDED51
:10D23000017A9DF80400012838BF01207F2828BF0B
:10D240007F2002B070470020704700BF0000FE4200
:10D250000139F8B5069D17461E46042906D8DFE8B1
:10D2600001F0303C34380300037F1BB3AB7813B3B9
:10D270002B789F4235D0002E35D0090248F20800A5
:10D280001B0401F4706403F4FE03234318430DF000
:10D2900061FE330649F209003A0403F0FE4302F44A
:10D2A000FE022343134318430DF054FE01232F7055
:10D2B0006E70AB70F8BD002EFCD0090201F47064F2
:10D2C000E7E7037E002BD1D1F4E7837E002BCDD19D
:10D2D000F0E7C37E002BC9D1ECE7437E002BC5D11C
:10D2E000E8E7002EE6D1090248F208001B0401F429
:10D2F000706103F4FE03194308430DF02BFE002375
:10D30000AB70F8BDF8B54C1E17461D46069E042CA2
:10D3100006D8DFE804F0303C34380300037F13B153
:10D32000B378B3B905B9F8BD210249F209003B044D
:10D3300001F4706103F4FE0319432B0603F0FE436E
:10D34000194308430DF006FE012337707570B37062
:10D35000F8BD3278230248F20800120403F4706327
:10D3600002F4FE02134318430DF0F4FD0023B370E2
:10D37000002DD8D0D8E7037E002BD1D1D3E7837E10
:10D38000002BCDD1CFE7C37E002BC9D1CBE7437EA5
:10D39000002BC5D1C7E700BF2DE9F04FC21C89B0F3
:10D3A0002F4B05460DF1100B03AE039303460DF111
:10D3B0001C0848F2080A99784FF00009294FCDE976
:10D3C0000402821D069200F1090207920122541EF6
:10D3D000240281B904F4706444EA07000DF0BAFD38
:10D3E000C3451FD05BF8043F16F8012F9978541EEF
:10D3F00024020029EED01878013A019312020004A9
:10D4000002F4706400F4FE00204340EA0A000DF0CC
:10D41000A1FD019B44EA070083F802900DF09AFDFC
:10D42000C345DFD12C4605F10C0848F20847002619
:10D43000A37B5BB90334A045FAD10B480DF08AFDFC
:10D44000002385F8313009B0BDE8F08F207B00045F
:10D4500000F4FE0038430DF07DFDA673EAE700BF3F
:10D46000010203040BB07B000BB47B00034A0123D1
:10D47000126880F831301144416370470060012028
:10D4800038B50025037A80F8315003B938BD837967
:10D49000044648F208201B0403F4FE0318430DF071
:10D4A00059FD257238BD00BF30B5C56B85B03DB1A3
:10D4B00095F8CD310446012B04D08378002B3CD164
:10D4C00005B030BD696ED5E975230968022918BF1A
:10D4D000134607EE903AF8EEE77AF5EEC07AF1EEF1
:10D4E00010FA3AD99FED1F0A87EE800A0EF0BAFFB4
:10D4F000DFED1D7AB2EE087AE0EE077AF5EEC07A3B
:10D50000F1EE10FA29D49FED197AF4EEC77AF1EE14
:10D5100010FA24DCB6EE007A77EE877AFCEEE77A32
:10D52000CDED037A9DF80C2095F8DC3101212046E1
:10D530000094FFF78DFE05B030BD037E002BBFD0F9
:10D54000037848F208001B0403F4FE0318430DF0AF
:10D5500001FD0023A37005B030BD0022E4E77F2267
:10D56000E2E700BF0000DC4300008A420000FE4208
:10D5700070B590F840608E4211D00D4B054680F892
:10D5800040100C46186818B190F82C3003B139B926
:10D59000022E08D0022C02D0002385F8413070BD45
:10D5A00001F086FCF4E74FF60F400DF0D3FCF1E7F5
:10D5B0002C350120F8B5294D0446294E294F00206D
:10D5C0000DF076FD68B394F84020022AF7D0286861
:10D5D0000028F4D03378F23B0A2BF0D801A151F89F
:10D5E00023F000BF5BB40100D7B30100D7B3010043
:10D5F000D7B30100D7B30100D7B3010051B4010084
:10D60000D7B3010047B401003DB4010029B40100C3
:10D61000002AD4D101F008FD00200DF049FD0028BA
:10D62000D1D1F8BD002ACAD101F0F0FCC7E7002A29
:10D63000C5D101F0C9FCC2E7002AC0D101F048FC05
:10D64000BDE7002ABBD1084B19783B7841EAC311EA
:10D6500001EB4101C90001F0E9FCB0E72C350120E4
:10D660002D7B01202C7B01202B7B012090F840306A
:10D67000022B27D170B5184D2B6813B3DE68044612
:10D68000436CB34290F8413009D9E3B946644FF690
:10D690000F200DF05FFC012384F8413002E0466466
:10D6A000002BF4D02A68D2E903239B08C3EB920332
:10D6B0005C1E33B1013C4FF60F000DF04BFC631CB8
:10D6C000F8D170BD70474FF60F400DF043FC0023BA
:10D6D000666484F84130DAE72C350120024B186883
:10D6E00008B1FFF759BE70477C30012038B50446B9
:10D6F000C06B20B1EAF7CAFC2046FFF7D5FE2046F2
:10D70000FFF7B4FF94F8313053B10F4B626B1B68D5
:10D710009B1A002B04DB0025237A84F831503BB997
:10D72000637F03B938BD2046BDE83840FFF7DEBC53
:10D73000A37948F208201B0403F4FE0318430DF0FC
:10D7400009FC2572ECE700BF0060012010B504461B
:10D75000C0E9001203980499029AA3604FF07E5327
:10D76000E2604E22C4F8B030C4E90401002104F1A3
:10D77000180010F053FE0020094A04F1800304F160
:10D780009801A066E06620676067A067E06743F8DD
:10D79000042B8B425A61FAD1024B2046236210BD02
:10D7A000000080BFCDCCCC3E70B5044603234FF4BF
:10D7B000806258490068251F04F114062DED028B84
:10D7C000F1F71EFDB2EE0E0A2068F1F7D7FDB1EEBB
:10D7D000000A2068F1F7A8FD9FED4F0A2068F1F7D5
:10D7E0007DFD9FED4E0A2068F1F758FD03234FF4AD
:10D7F00080624B496068F1F703FDB2EE0E0A606883
:10D80000F1F7BCFDB1EE000A6068F1F78DFD9FED08
:10D81000450A6068F1F762FD9FED400A6068F1F724
:10D820003DFD02234FF480623F49A068F1F7E8FC18
:10D83000B2EE080AA068F1F7A1FDB0EE0C0AA068EC
:10D84000F1F772FD9FED390AA068F1F747FD9FEDF2
:10D85000330AA068F1F722FD01234FF40072344926
:10D86000E068F1F7CDFCB0EE000AE068F1F786FD64
:10D87000B0EE080AE068F1F757FD9FED2E0AE06868
:10D88000F1F72CFD9FED250AE068F1F707FD032372
:10D890004FF4806228492069F1F7B2FCB3EE010A27
:10D8A0002069F1F76BFDB1EE040A2069F1F73CFD48
:10D8B0009FED220A2069F1F711FD9FED180A2069FA
:10D8C000F1F7ECFC03234FF480621D496069F1F726
:10D8D00097FCB3EE010A6069F1F750FD9FED0F8AE6
:10D8E000B1EE040A6069F1F71FFD9FED0E0A606951
:10D8F000F1F7F4FCB0EE480A6069F1F7CFFC55F897
:10D90000040FB0EE480AF1F7ABFCB542F7D1BDEC1D
:10D91000028B70BDD0B620205C8F423E000000001C
:10D92000D0BE20201F856B3ED0C6202052B89E3E20
:10D93000D0CE20209A99193ED0D220207B142E3EA2
:10D94000D0DA2020052914D8B5EEC00AF1EE10FA7D
:10D9500010D4F7EE007AB4EE670AF1EE10FA37FE53
:10D96000800A00EB81020123014482ED120A81F852
:10D97000603070479FED010AF3E700BF0000000030
:10D98000052903D80144002381F86030704700BFA7
:10D99000B5EEC00AF1EE10FA0BD4F7EE007AB4EE51
:10D9A000E70AF1EE10FA09DDF7EE047AC0ED2C7A01
:10D9B0007047DFED067AC0ED2C7A70479FED047A50
:10D9C000DFED027AE0EE077AF0E700BF9A99193F9F
:10D9D0006666263F052922D8B5EEC00AF1EE10FA98
:10D9E0001ED4F7EE007AB4EE670AF1EE10FAF5EE07
:10D9F000C00A37FE800AF1EE10FA18D4CB1E022BB3
:10DA000007D8F6EE007AF4EE670AF1EE10FA77FE28
:10DA1000A00A00EB810181ED060AC1ED0C0A7047F6
:10DA2000F5EEC00A9FED060AF1EE10FAE6D500EB1E
:10DA30008101DFED030A81ED060AC1ED0C0AEEE774
:10DA40000000000004290CD8094B032A03EB8103D2
:10DA5000196809D8074B816103EB82031B68C36116
:10DA60007047032A0449F5D9034B8161C3617047AC
:10DA7000E8300020FC3000203333B33EF8B50646D2
:10DA800000F15F05044600F165072DED048BB7EE4C
:10DA9000009ADFED2A8A2AE094ED128AB5EEC08A58
:10DAA000F1EE10FA32D4B4EE498AF1EE10FA39FEF2
:10DAB000088AD4ED207A84ED1A8A78EE677AF0EE3F
:10DAC000E77AF4EEE87AF1EE10FA22DC94ED0C0A33
:10DAD000D4ED267A70EE677AF0EEE77AF4EEE87A23
:10DAE000F1EE10FA1DDCBD4204F1040422D015F859
:10DAF000013F002BD0D194ED068AD6ED2C7A28EE8A
:10DB0000278AB5EEC08AF1EE10FACCD59FED0C8ACB
:10DB1000CFE7B0EE480A2068F1F7A2FB84ED208A37
:10DB2000D4E720680434F1F7B9FBE36ABD42C4F8D6
:10DB30009430DCD1BDEC048BF8BD00BF0AD7A33B09
:10DB400000000000174B1A88DAB901221A809A885F
:10DB5000642A01D964229A80DA88C82A01D9C822A5
:10DB6000DA801989272916D8282211461A815A895C
:10DB7000272A0BD8282002465881914288BF1A8153
:10DB80007047F02AE3D9F0221A80E0E78C2AF4D912
:10DB90008C225A8170478C29E9D98C2211461A812E
:10DBA000E5E700BF88F400202DE9F043002385B0AD
:10DBB0001C466D460093204601340BF097F905F89A
:10DBC000010B042CF7D1644B009A9A4236D0634C77
:10DBD00000234FF064122820614901271D46A160EF
:10DBE000C4E900025F4A1370FFF7ACFF5E4B4EF6CC
:10DBF00060225E4E1D702388658902FB03F35C4A38
:10DC000013605C4A13605C4A13605C4A1360A2882C
:10DC10005B4B1A60E2885B4B1A6022895A4B1A6090
:10DC20005A4B94E807001D60594B86E80700594994
:10DC300000220F701A8005B0BDE8F083204600274F
:10DC40000BF054F9064605200BF050F90346F6B2E6
:10DC5000062063F30F260BF049F9814607200BF0ED
:10DC600045F903465FFA89F90820B6B263F30F2934
:10DC70000BF03CF9C4B209201FFA89F90BF036F910
:10DC800060F30F244D460397A4B20C2DCDE9017724
:10DC900028BF0C25B9F1000F5AD00DF1040807F187
:10DCA0000C0001370BF022F908F8010BBBB2AB42B4
:10DCB000F5D3B9F10C0F12D9284C2A4601A9012736
:10DCC000204600250BF0CCFA4FF064132821244A9B
:10DCD000C4E900130223A260224A137084E70DF105
:10DCE000050309F1FF3C01AF41F2210013FA8CFC5E
:10DCF0004FF6FF7317F8012B83EA0223082213F46F
:10DD0000004F4FEA430102F1FF3280EA43030CBFA8
:10DD10008BB29BB212F0FF02F1D1BC45EAD19C421A
:10DD2000CAD10E4C28234FF064102A46236001A963
:10DD30000B4BC4E9010320460BF092FA032E03D9E2
:10DD4000032301270025C7E7012300271D46C3E75A
:10DD50004FF6FF73E3E700BF424D314488F40020E3
:10DD600028007D00F77A0120EE7A012044F300209C
:10DD70003CE9002074EB00207CEB002024DE002036
:10DD8000DCEB00204CE9002030DE00202CDE0020FF
:10DD9000C87A0120F67A01200A4A13888BB14EF620
:10DDA0006020094900FB03F3084810B40B600849E0
:10DDB000084C0B600021236003605DF8044B118068
:10DDC00070477047C87A01203CE9002024DE00201B
:10DDD0007CEB002074EB00202DE9F04F8C4987B0DC
:10DDE000044610F025FC002837D08A49204610F060
:10DDF0001FFC002800F052818749204610F018FCD3
:10DE00000546002800F0B1818449204610F010FC3E
:10DE10000546002800F082808149204610F008FC69
:10DE2000002800F0B3827F49204610F001FC002852
:10DE300000F050837C49204610F0FAFB002800F0E7
:10DE400068837A49204610F0F3FB002800F0AC8389
:10DE50000024204607B0BDE8F08F0546182174481D
:10DE60000DF03EFE032173480AF05AFB262172484A
:10DE70000DF036FE03216F480AF052FB04216F4873
:10DE80000DF02EFE6E490A222B46D1F82012694869
:10DE900021F07F416B4C0AF06BFB0C216A480DF0BE
:10DEA0001FFE2B460A22694962480AF061FB0D21D8
:10DEB00067480DF015FE2B460A224FF4F8115D4815
:10DEC0000AF056FB0A2163480DF00AFE624A634BD2
:10DED000284614446249634A1C44634B641AA41ADA
:10DEE000E41A10F0AFFD61490A222B46611A0124A1
:10DEF000014450480AF03CFB0B215D480DF0F0FD59
:10DF00002B460A224FF480114A480AF031FB494857
:10DF10000AF012FB204607B0BDE8F08F554910F01B
:10DF200001FB04465349284610F0FCFA0546002C34
:10DF300000F04683002800F043834F49204610F04C
:10DF400077FB4E490646204610F072FB4C490746C7
:10DF5000204610F06DFB4B498046204610F068FBD0
:10DF600049498146204610F063FBD6B1CFB1B8F1E4
:10DF7000000F18BFB9F1000F13D090B1152143481D
:10DF80000DF0AEFD204610F0EFFC014620460DF0EE
:10DF9000A7FD28480AF0D0FA0124204607B0BDE8C2
:10DFA000F08F00230A2203A92846039310F0C8F833
:10DFB000039B0446AB4200F0E6821BB11B78002BAA
:10DFC00040F0E182002E00F0BF82002F40F0148369
:10DFD000642C40F235831D212D480DF081FD214632
:10DFE00014480AF09DFA07212A480DF079FD3946B8
:10DFF00010480AF095FA012127480DF071FD6421BF
:10E000000C480AF08DFA0B480AF096FAC4E700BFF4
:10E01000C41E0020501F0020D81F0020F421002023
:10E02000A0230020D4230020F0230020042400207B
:10E03000CC1E002090D40020E81E0020101F0020DD
:10E0400000441F40C0EE0020181F0020003C0400C8
:10E05000281F0020381F0020607B0120181C0300AF
:10E06000C0EE0020000000200000000000842420FA
:10E07000441F0020042700201C220020282200200A
:10E0800034220020442200204C2200205422002070
:10E09000A0220020842B0020841600200C219C4804
:10E0A0000DF01EFD03219B480AF03AFA08219A4818
:10E0B0000DF016FD994B1B78013BDBB2022B00F2F1
:10E0C0002481974A52F8234034B1204610F04CFC8A
:10E0D000014620460DF004FD072192480DF000FD99
:10E0E000914B924D012419788A480AF019FA0B21B4
:10E0F0008F480DF0F5FC298886480AF011FA1221A4
:10E100008C480DF0EDFC8C4B8C491B68814881FBE1
:10E110000321DB17C3EBA1310AF002FA0C21884876
:10E120000DF0DEFCA9887B480AF0FAF91021854839
:10E130000DF0D6FCE98877480AF0F2F90921824807
:10E140000DF0CEFC298973480AF0EAF909217F48CD
:10E150000DF0C6FC69896F480AF0E2F96D480AF0D3
:10E16000EBF9204607B0BDE8F08F252178480DF087
:10E17000B7FC0121674801240AF0D2F9052175484E
:10E180000DF0AEFCF02163480AF0CAF9092172488B
:10E19000664E0DF0A5FC28215E480AF0C1F9072162
:10E1A0006E480DF09DFC31885A480AF0B9F93721C4
:10E1B0006B480DF095FC57480AF0BEF926216948D6
:10E1C0000DF08EFC294653480AF0AAF90521614852
:10E1D0000DF086FC64214F480AF0A2F909215E483F
:10E1E0000DF07EFC64214B480AF09AF907215B4848
:10E1F0000DF076FCB18847480AF092F940215A4860
:10E200000DF06EFC43480AF097F92A2157480DF0AB
:10E2100067FC29463F480AF083F905214D480DF077
:10E220005FFCC8213B480AF07BF909214A480DF000
:10E2300057FC642137480AF073F9072147480DF06D
:10E240004FFCF18833480AF06BF9372148480DF04C
:10E2500047FC30480AF070F9232146480DF040FC95
:10E2600028212C480AF05CF905213A480DF038FCC9
:10E270008C2128480AF054F9092137480DF030FC68
:10E28000282124480AF04CF9072134480DF028FCD5
:10E29000318920480AF044F93E2137480DF020FC2E
:10E2A0001C480AF049F9232134480DF019FC2821B3
:10E2B00018480AF035F9052126480DF011FC8C218B
:10E2C00014480AF02DF9092123480DF009FC7D219D
:10E2D00010480AF025F9072120480DF001FC71894A
:10E2E0000C480AF01DF93E2125480DF0F9FB0948BC
:10E2F0000AF022F9082123480DF0F2FB05480AF044
:10E300001BF9204607B0BDE8F08F07211E4CE0E660
:10E31000581F002090D40020681F0020F77A0120A9
:10E320001C140020741F0020F67A012088F40020BD
:10E330007C1F0020881F00203CE9002073B2E745C5
:10E340009C1F0020AC1F0020C01F0020CC1F0020FD
:10E35000E41F0020281900200C2000203019002084
:10E36000182000205020002078200020BC20002011
:10E37000E8200020202100204421002084210020CA
:10E38000A8210020E8210020881E0020B64B1B7821
:10E39000002B40F00781B54F3B783BB14FF4FA6159
:10E3A000B34807F005FA002800F0D581FFF7CAFB53
:10E3B000B04B1C7834B1B04EB04B31681A68914202
:10E3C00000F0B381DFF8B0B24FF6FF7441F22102E2
:10E3D0000BF10C055E46584610F8013B082184EA13
:10E3E000032414F4004F4FEA440301F1FF3182EAA1
:10E3F00044040CBF9CB2A4B211F0FF01F1D1A842B9
:10E40000EAD19F4B042202A8ADF806100293032321
:10E41000ADF80440CBF10B0BADF800300C23DFF866
:10E420005892ADF802300AF003FF02220421684638
:10E430000AF0FEFE022206210DEB02000AF0F8FEB1
:10E440000222082101A80AF0F3FE02220A210DF19E
:10E4500006000AF0EDFE19F801AB0BEB0908404687
:10E460000AF044FD024651464046924501D00AF06A
:10E4700049FE4D45EFD10DF1180A03ADCAF1180957
:10E4800009EB05000AF032FD05F8010BAA45F7D1AA
:10E4900008200AF02BFDC5B209200AF027FD60F321
:10E4A0000F25ADB2A54204D1039A33689A4200F019
:10E4B0008281744C052174480DF012FB204610F047
:10E4C00053FA0146204601240DF00AFB6F480AF07A
:10E4D00033F81FE52823684A4FF064146C48642120
:10E4E00090606C48C2E900346B4A012403801160DB
:10E4F0006A4A6B4811607D216A4A03606A4B116069
:10E500000D216A481C700DF0EBFA60480AF014F80F
:10E5100000E5674910F006F8002800F08F800FF042
:10E520006DF8B0FA80F35B09624D0A21624801245C
:10E530002B700DF0D5FA29785448614009F0F0FFAE
:10E54000524809F0F9FFE5E4631EEF2B40D91C2186
:10E550005A480DF0C5FA21464C4809F0E1FF072161
:10E5600057480DF0BDFA0121484809F0D9FF0121B3
:10E5700054480DF0B5FAF021444809F0D1FF434862
:10E5800009F0DAFF08E512214F480DF0A9FA2846F4
:10E5900010F0EAF9014628460DF0A2FA3B4809F0CE
:10E5A000CBFFF9E4494C85E70E2149480DF098FA74
:10E5B000364809F0C1FF0123464A1C461370A9E4FE
:10E5C0001C2145480DF08CFA304809F0B5FFE3E412
:10E5D000A4B23049344B0122274D0C8012213F4810
:10E5E0001A702C800DF07CFA2988284809F098FFD1
:10E5F000264809F0A1FFCFE4B8F1000F74D1C82C70
:10E6000040F2AB80212136480DF06AFA21461F48BE
:10E6100009F086FF07212A480DF062FA41461B489F
:10E6200009F07EFF012127480DF05AFAC82117484A
:10E6300009F076FF154809F07FFFADE4012373E789
:10E6400015490122184B0C4D0C60132125481A70F6
:10E65000AC800DF045FAA9880C4809F061FF0B4821
:10E6600009F06AFF98E400BF0E7B0120F07A0120D8
:10E6700074F40020EE7A012088F4002044F3002096
:10E68000424D3144901E00203424002090D40020BC
:10E6900028007D00C87A0120DCEB00204CE9002036
:10E6A00030DE00202CDE0020F67A0120E02300205E
:10E6B00004270020EDEB0020F82300206C2200202E
:10E6C000842B00208416002020240020B41E00206B
:10E6D00010240020117B0120FC2100208C2200202E
:10E6E000D4220020C0220020A4F12803B9F1000F99
:10E6F00046D1642B00F29A805C4D6B89A34280F274
:10E70000838017215A480DF0EBF92146594809F04A
:10E7100007FF092158480DF0E3F96989554809F0C8
:10E72000FFFE544809F008FF36E471685A689142C8
:10E730007FF448AEB2689B689A427FF443AE0022F1
:10E740004E4B16214E481A700DF0CAF9494809F08F
:10E75000F3FEFFF7DFBB4B4CACE64B490122474BC6
:10E76000424D0C60172149481A70EC800DF0B8F941
:10E77000E988404809F0D4FE3E4809F0DDFE0BE48C
:10E78000642B70D8394D2B89A34246DD17214048B0
:10E790000DF0A6F92146374809F0C2FE09213D488F
:10E7A0000DF09EF92989334809F0BAFE314809F085
:10E7B000C3FEFFF7F1BB049A73689A427FF479AE07
:10E7C000354B059A1B689A427FF473AE0125334A94
:10E7D0004FF0000C324B15702C46284A82F800C0CE
:10E7E000304A157096E8070083E8070061462E4816
:10E7F00006F0C4FF0C212D483D700DF071F91D4845
:10E8000009F09AFEFFF786BB294901221B4B0C60D9
:10E81000102128482C811A70C2E727490122174B82
:10E820000C60102125486C811A7074E71A21244865
:10E830000DF056F921460F4809F072FE07212148D4
:10E840000DF04EF928210B4809F06AFE01211E48FF
:10E850000DF046F98C21074809F062FE054809F0E1
:10E860006BFEFFF799BB1A211848E1E788F40020F6
:10E870002C23002090D40020CC1F0020F67A012009
:10E88000AC230020A01E00204CE90020F82200202C
:10E8900074230020C01F002090F40020EE7A012095
:10E8A00044F30020F77A012074F40020C4230020F0
:10E8B00030DE0020442300202CDE00208C230020AA
:10E8C00010230020842B00208416002058230020D1
:10E8D00008B50AF0E7FA00210248BDE8084006F052
:10E8E00033BF00BF74F400202DE9F041161E4FF035
:10E8F00000054FF00008044608BF04260F462DED22
:10E90000028BB0EE408A80ED000A01714671C0F8BA
:10E910000880C0E903550AF0F9F90D4B84F8257019
:10E920001B6884ED088A84F8266060612046A56132
:10E93000257784F82450A36284F82C50E585258738
:10E94000C4F83C80BDEC028BC4E90C55BDE8F081F5
:10E950000060012038B500250446C0E903558561F3
:10E960000AF0D4F9237F606113B1236A257723600D
:10E9700094F8243043B194F82510002394F826200D
:10E980002171627184F82430014B1B68A36238BD89
:10E9900000600120F7EE007AB4EEE70AF1EE10FA1B
:10E9A0000CD4DFED0A7A0123B4EE670A0377F1EEA7
:10E9B00010FA37FE800A80ED080A7047B0EE670A49
:10E9C0000123037780ED080A704700BF00C0794437
:10E9D000F7EE007AB4EEE70AF1EE10FA0CD4DFEDB0
:10E9E0000A7A0023B4EE670A0377F1EE10FA37FED5
:10E9F000800A80ED000A7047B0EE670A00230377B3
:10EA000080ED000A704700BF00C07944202928BF6C
:10EA10002021012938BF0121042A02D0082A18BF69
:10EA20000422012380F8251080F8262080F8243065
:10EA3000704700BF00000000C26890F82C3070B52D
:10EA400004460261002B53D10AF060F994ED007A7C
:10EA5000B6EE005BB7EEC77A9FED4D6B9FED4E4B68
:10EA6000D4E9052327EE067B60619B1A1844A06158
:10EA700084EE076B36EE056BFCEEC67B17EE90EA74
:10EA8000BEF1010F38BF4FF0010E86452FD800228E
:10EA9000E568A0EB0E004FF4C07C164605E0864505
:10EAA0006DD8082AA0EB0E006ED06379013521796C
:10EAB0000132BCFBF3F301FB03F3D2B2B5FBF3F17C
:10EAC00003FB11510029EAD1237F13B1236A217777
:10EAD000236094F82430002BE1D094F8253084F89A
:10EAE0002460237194F826306371D8E7E26070BD2A
:10EAF000C58D4FF0000CA0F82EC03DB3681E01324A
:10EB00004FF4C07512FA80F002E08242EED001327A
:10EB100063792179B5FBF3F301FB03F3B2FBF3F166
:10EB200003FB1123002BF0D1217F11B1216A237740
:10EB3000216094F82430002BE7D094F8253084F835
:10EB400024C0237194F826306371DEE70AF0DEF802
:10EB5000226B134B801A98420BD994F82C30002B5F
:10EB60003FF472AF84F82C50E5850AF0CFF8C4E981
:10EB7000050594F82C30002B3FF466AF70BD082AD1
:10EB8000A061E56001D070BDE5600023A36170BDA8
:10EB9000000000000000584000000000389C8C413C
:10EBA00020A10700062905D8DFE801F01C040A0CA3
:10EBB000100E120043794FF4C070B0FBF3F07047B1
:10EBC0003020704718207047102070472020704771
:10EBD00041794FF4C0730279B3FBF1F002FB00F00E
:10EBE0008000704741794FF4C0730279B3FBF1F0B4
:10EBF00002FB00F0704700BF062905D8DFE801F0EE
:10EC00002804131519171B0042794FF4C073B3FB86
:10EC1000F2F3D0E90321B1FBF3F1B2FBF3F3C81A2D
:10EC200018BF012070473023F3E71823F1E71023C2
:10EC3000EFE72023EDE741794FF4C0730279B3FB8E
:10EC4000F1F302FB03F39B00002BE2D1184670475F
:10EC500041794FF4C0730279B3FBF1F302FB03F384
:10EC6000F2E700BF8446062905D8DFE801F020045A
:10EC70002B343D46100042794FF4C0710379B1FB4B
:10EC8000F2F0024602FB03F3B3FBF0F07047417968
:10EC90004FF4C0720379B2FBF1F003FB00F0800087
:10ECA0000028F3D04FF4C072B2FBF1F2EAE74179E9
:10ECB0004FF4C0720379B2FBF1F003FB00F00028BF
:10ECC000E4D0EFE741794FF4C07230209CF8043073
:10ECD000B2FBF1F2D6E741794FF4C07218209CF8EC
:10ECE0000430B2FBF1F2CDE741794FF4C07220203D
:10ECF0009CF80430B2FBF1F2C4E741794FF4C072E2
:10ED000010209CF80430B2FBF1F2BBE70346062961
:10ED100005D8DFE801F02604323B444D1500417967
:10ED20004FF4C0701A79B0FBF1F0014601FB02F21A
:10ED3000DB68B3FBF2F102FB1133B3FBF0F0704779
:10ED400090F805C04FF4C0701A79B0FBFCF002FBDC
:10ED500000F080000028F2D04FF4C071B1FBFCF14C
:10ED6000E4E790F805C04FF4C0701A79B0FBFCF0EE
:10ED700002FB00F00028E2D0EEE790F805C04FF467
:10ED8000C07130201A79B1FBFCF1CFE790F805C0D3
:10ED90004FF4C07118201A79B1FBFCF1C6E790F866
:10EDA00005C04FF4C07120201A79B1FBFCF1BDE71A
:10EDB00090F805C04FF4C07110201A79B1FBFCF136
:10EDC000B4E700BF0000000010B50446FFF7EAFEFC
:10EDD00007EE900AB6EE004B94ED007AB8EE675B52
:10EDE000B7EEC77A9FED0A6B9FED0B2B9FED0C3BA7
:10EDF00027EE067B82EE076B26EE056B86EE037B25
:10EE000037EE047BFCEEC77B17EE900A10BD00BF07
:10EE1000000000000000584000000000389C8C41B9
:10EE20000000000000408F4010B5044690F82C0010
:10EE30002DED028B28B91B4AA36A1268D31A8B42A4
:10EE400002D2BDEC028B10BD42F21171A26270EED3
:10EE5000C08AB0EE408A09F08DFC07EE900A9FED63
:10EE6000126AB7EE007AF8EEE77AB0EE480AC7EE1B
:10EE7000866AA6EEA80AB4EEC70AF1EE10FA0ED41E
:10EE8000DFED0A7AB4EE670AF1EE10FA37FE800A77
:10EE9000012384ED080ABDEC028B237710BDB0EE90
:10EEA000470AF5E70060012000401C4600C0794495
:10EEB00038B590F82C3003B938BD0025044680F8E9
:10EEC0002C50C58509F022FFC4E9050538BD00BFF7
:10EED00010B5044609F01AFF94F82C30206343B9AA
:10EEE0000122042384F82C20012260632287E38519
:10EEF00010BD238F002B5DD001339BB2172B2387CE
:10EF000054D9636BC31A46D007EE903A9FED2B6A33
:10EF1000F3EE046AF8EE677A86EE277AB4EEE67AC4
:10EF2000F1EE10FA37DDDFED267AB4EEE77AF1EE96
:10EF300010FA30D5D4ED0F7AF5EEC07AF1EE10FA72
:10EF400007D9B5EE006AF6EE086A27EE067AA7EE54
:10EF5000A67AD4ED007AF6EE006A84ED0F7A77EEA9
:10EF6000677AF0EEE77AF4EEE67AF1EE10FA12DD67
:10EF7000F7EE007AB4EEE77AF1EE10FA13D4DFED93
:10EF8000117AB4EE677AF1EE10FA37FE877A002331
:10EF900084ED007A2377E38D0022606304332287B7
:10EFA0009BB2E38510BDB0EE677AF0E7E38D0433E2
:10EFB0009BB29CE7E38D04339BB295E7C0E1644CC0
:10EFC0000000964300C0794490F82C3010B50446F8
:10EFD00013B9012380F82C300023227FE360E385FE
:10EFE00012B1226A2377226094F8243043B194F856
:10EFF0002510002394F826202171627184F82430B2
:10F000000023238709F082FE206310BD90F82C3086
:10F0100010B5044623B90122C385038780F82C204C
:10F0200009F074FE206310BD704700BF0023027F0B
:10F03000C160C38512B1026A0377026090F8243080
:10F0400043B190F82510002390F8262001714271F9
:10F0500080F82430704700BF2DE9F0413F4DF7EEB6
:10F06000007AD0F8B06304462B68B0F8BC739B1BE1
:10F0700007EE107AF8EE476A07EE103AB8EE477AD4
:10F080002DED028B87EE260AD0EDF28A90EDF18A03
:10F09000B4EE670AF1EE10FAF4EEC88A37FE800A81
:10F0A000F1EE10FA3FDDF6EE000A0DF041FB78EECE
:10F0B000C88AA8EE808AB5EEC08AF1EE10FA3CD478
:10F0C000DFED277AB4EEE78AF1EE10FA32DCDFEDFD
:10F0D000257A254A28EE278ADFF89480FCEEC87A44
:10F0E00017EE903AC8ED077A934202D91E4BC8F842
:10F0F0001C302B68B4F8C0239B1BBA1A9A4202D862
:10F1000094F8AB33FBB12B689B1BBB4207D30023A6
:10F110002A6884F8A833C4F8B023C8F82430BDECBA
:10F12000028BBDE8F08137EEC07AE7EE477AB0EEA9
:10F13000670ABCE7DFF83880D8E7DFF834800023BF
:10F14000C8F81C30D5E7094806F080FF0123D4F841
:10F15000B063B4F8BC7384F8AB33D4E7006001202B
:10F160000044AC46C637BE470000FE7F4829012058
:10F17000887401202DE9F0413F4DF7EE007AD0F878
:10F18000B46304462B68B0F8BE739B1B07EE107A7D
:10F19000F8EE476A07EE103AB8EE477A2DED028B8B
:10F1A00087EE260AD0EDF48A90EDF38AB4EE670A72
:10F1B000F1EE10FAF4EEC88A37FE800AF1EE10FA8A
:10F1C0003FDDF6EE000A0DF0B3FA78EEC88AA8EE3D
:10F1D000808AB5EEC08AF1EE10FA3CD4DFED277AD2
:10F1E000B4EEE78AF1EE10FA32DCDFED257A254A3B
:10F1F00028EE278ADFF89480FCEEC87A17EE903A62
:10F20000C8ED077A934202D91E4BC8F81C302B6810
:10F21000B4F8C2239B1BBA1A9A4202D894F8AC33B2
:10F22000FBB12B689B1BBB4207D300232A6884F8E1
:10F23000A933C4F8B423C8F82430BDEC028BBDE870
:10F24000F08137EEC07AE7EE477AB0EE670ABCE7A6
:10F25000DFF83880D8E7DFF834800023C8F81C30A6
:10F26000D5E7094806F0F2FE0123D4F8B463B4F8F8
:10F27000BE7384F8AC33D4E7006001200044AC4690
:10F28000C637BE470000FE7F802901201876012086
:10F290002DE9F84390F8A833064690F8A9932DED90
:10F2A000048B002B00F03281B9F1000F40F0FF8198
:10F2B000002967D040F2DD514FF4167009F05AFA78
:10F2C00007EE900AB2EE049A41F28931F8EEE77A3D
:10F2D00040F6B83087EE898A09F04CFA07EE900ABA
:10F2E0009FEDD97AF8EEE77AC7EE898A78EEC87A88
:10F2F000F4EEC77AF1EE10FA71D578EE078ADFEDF9
:10F30000D37AF4EEE78AF1EE10FA68DDF0EE678A60
:10F310009FEDCF8A40F259214FF4967009F02AFAF6
:10F3200004466521322009F025FA40F6C51187B25E
:10F3300040F2DC50A4B209F01DFA40F6B93185B2B2
:10F3400004EB07084FF47A70A84409F013FA80B26E
:10F350001FFA88F8804538BF8046B9F1000F00F0E9
:10F360005781DFEDBC7ABC4A68EE277ADFF810C31C
:10F37000FCEEE77A17EE903ACCED077A934200F272
:10F380008F815DE041F2893140F6B83009F0F2F941
:10F3900007EE900AB2EE049A40F2DD51F8EEE77AF9
:10F3A0004FF4167087EE898A09F0E4F907EE900AA7
:10F3B0009FEDA57AF8EEE77AC7EE898A78EE687A4B
:10F3C000F4EEC77AF1EE10FA09D578EE478ADFED50
:10F3D000A37AF4EEE78AF1EE10FA00F1708140F2C0
:10F3E00059214FF4967009F0C5F904466521322081
:10F3F00009F0C0F940F6C51187B240F2DC50A4B262
:10F4000009F0B8F940F6B93185B204EB07084FF4BA
:10F410007A70A84409F0AEF980B2B5EEC08A1FFA3E
:10F4200088F8804538BF8046B9F1000F7AD0F1EEF8
:10F4300010FA40F12B81DFF848C20023CCF81C30D1
:10F4400007EE904A9FED866A06EE905A07EE107A14
:10F45000F8EE677A4FF6FF70F8EE666A814FB8EE05
:10F46000477A012467EE867A66EE866A27EE067A88
:10F47000FCEEE77A17EE903AFCEEE67A073317EEE9
:10F48000901AFCEEC77ADB08073117EE902A834208
:10F490004FEAD10102F1070228BF034681424FEA39
:10F4A000D20228BF0146824228BF02466E48012B85
:10F4B00082854FF4803238BF01230129CCF8242003
:10F4C000438538BF0121694B694A81869A61A2F65A
:10F4D000A452C485DA6146F6FF72C3E908274FF0EB
:10F4E0008043036306F08AFD0022624B86EDF18AB9
:10F4F00086F8AB231A68C6EDF28AA6F8BC83A6F894
:10F50000C05386F8A843C6F8B02378E0B9F1000FDD
:10F510007FF4CEAE90F8AA9389F0010900293FF458
:10F5200031AFC7E6F1EE10FA72D5DFF858C1CCF86A
:10F530001C9007EE904A9FED4A6A06EE905A07EE3D
:10F54000107AF8EE677A4FF6FF70F8EE666A0124DB
:10F55000B8EE477A67EE867A66EE866A27EE067A16
:10F56000FCEEE77A17EE903AFCEEE67A073317EEF8
:10F57000901AFCEEC77ADB08073117EE902A834217
:10F580004FEAD10102F1070228BF034681424FEA48
:10F59000D20228BF0146824228BF02463648012BCC
:10F5A00082854FF4803238BF01230129CCF8242012
:10F5B000438538BF0121314B2D4A81869A61A2F6DD
:10F5C000A4522849DA6146F6FF72C485C3E90821CE
:10F5D0004FF08043036306F011FD0022254B86F8AF
:10F5E000A9431968144686EDF38AC6EDF48AA6F895
:10F5F000BE83A6F8C25386F8AC23C6F8B4131B68C2
:10F6000086F8AA43C6F8B833BDEC048BBDE8F8838E
:10F61000DFED1D7AB4EEE78AF1EE10FA44DCDFED9F
:10F620000D7A0D4A68EE277ADFF858C0FCEEE77ACB
:10F6300017EE903ACCED077A93427FF67AAF064BFD
:10F64000CCF81C3075E700BF000016430000FA43F9
:10F650000000AF43C637BE470000FE7F0000704287
:10F660006666304200B76D5B48290120C829012039
:10F67000204CBC020060012080290120042A0120C6
:10F6800088740120187601200044AC465FED027AB0
:10F69000B4EEE78AF1EE10FA7FF763AEDFF834C01C
:10F6A000094BCCF81C30CBE6DFF82CC0C7E7074B82
:10F6B000BDEC048B1B68C6F8B833BDE8F883F0EEE8
:10F6C000678A9FED038A25E60000FE7F0060012027
:10F6D00000005243887401201876012090F8903081
:10F6E0002DE9F041044600F19C052DED048BE3B9B2
:10F6F000D4F88810284606F05BF870B1D4F8D433FB
:10F7000000269E6194F88630013BDBB284F8863097
:10F71000002B40F0918084F8843094F8C030002BA6
:10F720005ED1BDEC048BBDE8F08100F55276284631
:10F7300006F032F807EE900AB7EE009A0A21B8EE0A
:10F74000677AD4ED227A3046D4ED258AF8EE677ACE
:10F75000D4ED269A87EE278AB4EE498AF1EE10FAA4
:10F7600039FE088A06F024F80028C1D079EEE89A1C
:10F77000D4EDDA7AE9EE888A78EEE77AF0EEE77A85
:10F78000F4EEC97AF1EE10FAB2DDF3EE047AD4F8B1
:10F79000EC83F4EEE78AF1EE10FA5DD4DFED357A12
:10F7A000F4EEE78AF1EE10FA60DC9FED330A28EE02
:10F7B000800AF0EE407AFEEEE07A17EE907A0DF0D5
:10F7C00047F9F0EE407AFEEEE07A17EE903A00212B
:10F7D0003046C8E90673C4EDDA8A05F0CFFF87E743
:10F7E000D4F8C41004F1C80005F0E2FF002898D056
:10F7F0000026F0211E2084F8C06008F0BBFFD4ED85
:10F80000237AD4F8D433F5EEC07AC4F88800F1EE48
:10F8100010FA08D4B7EE007AF4EEC77AF1EE10FAD7
:10F820001DDD4FF4803628469E610021BDEC048B1F
:10F83000BDE8F04105F0A2BF01239621502084F8D5
:10F84000C03008F097FF0346314604F1C800C4F801
:10F85000C43005F093FF60E7084B094FB7E7B0EEFF
:10F86000677ABEEEC87A17EE106ADCE7054B064FE2
:10F87000ADE700BF00D0894693651538DE57170005
:10F88000DF571700008C3C4B00BE6C5090F8E43002
:10F890002DE9F041044600F1F0052DED048BE3B9AC
:10F8A000D4F8DC10284605F083FF70B1D4F8D833C3
:10F8B00000269E6194F8DA30013BDBB284F8DA303E
:10F8C000002B40F0918084F8D83094F81431002B4C
:10F8D0005ED1BDEC048BBDE8F08100F5567628467C
:10F8E00005F05AFF07EE900AB7EE009A0A21B8EE2B
:10F8F000677AD4ED377A3046D4ED3A8AF8EE677AF3
:10F90000D4ED3B9A87EE278AB4EE498AF1EE10FADD
:10F9100039FE088A05F04CFF0028C1D079EEE89A3C
:10F92000D4EDDB7AE9EE888A78EEE77AF0EEE77AD2
:10F93000F4EEC97AF1EE10FAB2DDF3EE047AD4F8FF
:10F94000F083F4EEE78AF1EE10FA5DD4DFED357A5C
:10F95000F4EEE78AF1EE10FA60DC9FED330A28EE50
:10F96000800AF0EE407AFEEEE07A17EE907A0DF023
:10F970006FF8F0EE407AFEEEE07A17EE903A002152
:10F980003046C8E90673C4EDDB8A05F0F7FE87E769
:10F99000D4F8181104F58E7005F00AFF002898D0ED
:10F9A0000026F0211E2084F8146108F0E3FED4ED57
:10F9B000387AD4F8D833F5EEC07AC4F8DC00F1EE2A
:10F9C00010FA08D4B7EE007AF4EEC77AF1EE10FA26
:10F9D0001DDD4FF4803628469E610021BDEC048B6E
:10F9E000BDE8F04105F0CABE01239621502084F8FD
:10F9F000143108F0BFFE0346314604F58E70C4F89A
:10FA0000183105F0BBFE60E7084B094FB7E7B0EED1
:10FA1000677ABEEEC87A17EE106ADCE7054B064F30
:10FA2000ADE700BF00D0894693651538DE57170053
:10FA3000DF571700008C3C4B00BE6C502DE9F84F8F
:10FA400000254FF0040A04464FF0000B4FF0010868
:10FA50008946294617461E462DED048BB7EE009ABF
:10FA600000F804AB05F070FE294604F11400F6EE30
:10FA7000008A05F069FE2946A4F83C8004F14000A4
:10FA8000A585BFEE008A84F82E50C4F830B0C4F8C3
:10FA900034B0A563C4E9095505F056FE294684ED46
:10FAA000159A04F15800256505F04EFE294604F12B
:10FAB000680005F049FED14B84F878804FF48078D7
:10FAC000E3672946CE4B04F19C00A4F88480C4F877
:10FAD000803084F88650C4F88850C4F88CB084F81C
:10FAE0009050C4F894B0C4F898B005F02DFE2946A3
:10FAF00004F1B000C4F8AC5005F026FE294604F12C
:10FB0000C80084F8C050C4F8C45005F01DFE294652
:10FB1000A4F8D88004F1F00084F8DA50C4F8DC507E
:10FB2000C4F8E0B084F8E450C4F8E8B0C4F8ECB02D
:10FB300005F00AFE294604F58270C4F8005105F06C
:10FB400003FE294604F58E7084F81451C4F8185148
:10FB500005F0FAFD294604F5967005F0F5FD6423DD
:10FB6000294604F5BA70C4F83C314FF4FA63A4F89E
:10FB70004051C4F8443105F0E7FD294604F5C27050
:10FB800005F0E2FD294604F5CE7005F0DDFD2946BD
:10FB900004F5EC7005F0D8FD294604F5F47005F085
:10FBA000D3FD294604F5007005F0CEFD294604F585
:10FBB000047005F0C9FD4FF49663294684ED8A9AD6
:10FBC000C4ED8B8A04F50E70C4ED8C8AC4F8203223
:10FBD00084F8245284F8345205F0B6FD894BA4F819
:10FBE000508204F53778294684ED928AC4F84C3265
:10FBF0004046C4F8545284F8585205F0A5FD824B93
:10FC0000C4F8ECA22946C4F8043304F54570C4F8DE
:10FC100008334FF4C843DFF824A2A4F8F8327B4B32
:10FC200084EDBF9AC4F80033794B84F8F052C4F8DD
:10FC30000C33C4F8F452C4F810A305F085FD29462E
:10FC400084EDC98A04F54B7084EDCA8A05F07CFD09
:10FC50002946C4EDCF8A04F5527084EDD18A84F828
:10FC6000405305F071FD294604F5567005F06CFD12
:10FC7000294684EDDA8A04F55C7084EDDB8A05F0B0
:10FC800063FD294604F5607005F05EFD0E9B34228D
:10FC9000C4F8DC63C4F8E03346F266660F9B404666
:10FCA000C4F8A0A3C4F8E433109B84F89053C4F8BC
:10FCB000E833119BC4F89853C4F8EC33129BA4F8B2
:10FCC0009C53C4F8F033139BC4F8A853C4F8F4331E
:10FCD000149BA4F8AC53C4F8F833159BC4F8C4B310
:10FCE000C4F8FC33169B4B49C4F80034179BC4F886
:10FCF0000434494BC4E9F597C4E9EF55C4F8C8B3D7
:10FD0000C4F894231A68C4F8CCB3C4F8B0231A68B2
:10FD1000C4F8D0B3C4F8B4231A68404A84F85C52DB
:10FD2000C4F8A423189A84F86C52C4F80824199AC9
:10FD300084F87C52C4F80C241A9A84F88C52C4F8C3
:10FD400010241B9A84F89C52C4F814241C9A84F83A
:10FD5000AC52C4F818241D9AC4F81C241E9AC4F886
:10FD600020242F4A11621B682E4A2F49A3F57A736B
:10FD7000C4F8B83315620D624D864D622B492C4B89
:10FD80000D624D864D622B491D6255865D8684F855
:10FD9000BC5284F8CC52C1E9066640F29B71D16135
:10FDA000D96143F2333151624CF6CC425962294653
:10FDB000214B1A6205F0E2FC84ED658A84ED7E8AAF
:10FDC000204684F8485184F89851A4F89A51C4F810
:10FDD0004CB1C4F850B1C4F858B184F8AC5184F8AF
:10FDE000FC51A4F8FE51C4F8B0B1C4F8B4B1C4F8E1
:10FDF000BCB1BDEC048BBDE8F88F00BF000016431A
:10FE000000004843006400FF8FC2753DCDCCCC3E5E
:10FE10008FC2F53C6666E63E006001209A99993EE5
:10FE200098FA0020A8770120887401201876012014
:10FE300038790120403201209C550120CDCC4C3D29
:10FE400038B5044600230D460430194684F82C309A
:10FE5000257005F093FC052D06D8DFE805F0600657
:10FE6000032603380023636238BD002504F537708C
:10FE7000294684F85C5284F86C5284F87C5284F8E9
:10FE80008C5284F89C5284F8AC5284F8BC5284F8AA
:10FE9000CC5205F073FC042384F8EE5284F8F0523F
:10FEA000A4F8EC32C4F8F45238BD41F2883140F67F
:10FEB000B83008F05FFC034641F2883140F6B830B4
:10FEC000C4F8AC3008F056FCC4F8000138BD00227C
:10FED0000023174D4FF496614FF4C87084F8482101
:10FEE00084F89821A4F89A21C4F84C31C4F8503110
:10FEF000C4F85831C4F8945184F8AC2184F8FC213A
:10FF0000A4F8FE21C4F8B031C4F8B431C4F8BC314F
:10FF1000C4F8F85108F02EFCC4F8200238BD42F6AF
:10FF2000E0614FF47A6008F025FC606238BD00BFE4
:10FF3000000080BF000000002DE9F04104461430AD
:10FF40002DED048B82B094F82E6005F025FCA36A99
:10FF5000002B40F0E180F7EE009AD34F06EB06123B
:10FF6000A16B350107EB82025B1AB2F81EC0A3EB4E
:10FF70000C03002B02DD8142C0F2E18094ED0C8A7B
:10FF800005EB0608D4ED157A07EB880828EE278ADA
:10FF900098ED0B0AB5EEC00AF1EE10FA19DDB7EED6
:10FFA000C00A07EE900A9FEDBC5BB8EEE77A20EE40
:10FFB000050BB7EEC77A9FEDBA6B20EE070B20EE6C
:10FFC000060BB7EEC00B0CF043FDD8ED0C7AA7EE94
:10FFD000808AF3EE047A94F83C30B4EE678AF1EE4E
:10FFE00010FA48BFB0EE678A012B40F2F180DFEDD6
:10FFF000AF8A022BDFEDAE7A48FEA78A9FEDAD7A7D
:02000004600298
:10000000AB19F4EEC79A07EB8303D3ED0F7AF1EE49
:1000100010FA93F8403068EEA78A1FD9B7EE009A1D
:10002000F4EEC99AF1EE10FA18DA012B00F02181F2
:10003000022B00F00B81DFEDA07AF4EEE79AF1EEEF
:1000400010FA00F1F0809FED9D7AF4EEC79AF1EE80
:1000500010FA05DD39EE699A89EE277A68EE878A0B
:10006000B5EEC08AD4F8DC33F1EE10FA00F1B380BB
:10007000DFED937AB4EEE78AF1EE10FA40F389806F
:10008000904ADA61F5EEC08AF1EE10FA00F1AB8029
:10009000F7EE007AF4EEE78AF1EE10FA40F388808A
:1000A0004FF4803235445A6207EB8505D5ED0E7A60
:1000B000F5EEC07AF1EE10FA40F3818095ED0D7AFD
:1000C000D4F8E02328EE077AB5EEC07AF1EE10FA04
:1000D00000F18B80DFED7A6AB4EEE67AF1EE10FA89
:1000E00040F38F80774BD36167EEA87AF5EEC07A44
:1000F000F1EE10FA00F18380B7EE007AF4EEC77AE1
:10010000F1EE10FA40F39B804FF48033536202B05B
:10011000BDEC048BBDE8F08107EE900AF7EE006AB3
:10012000B8EEE77A07EE903AF8EE677AC7EE279ACC
:10013000F4EE669AF1EE10FA76FEA99A0DE701EB5D
:10014000030C84456CDD411A07EE903A92F8413079
:1001500007EE101AF8EEE77A94ED0C8AB8EEC77A3B
:10016000C7EE270A002B63D094ED0D0AB5EEC08AC6
:10017000F1EE10FA5EDDB5EEC00AF1EE10FA59DDCF
:1001800080EE080A01900CF0D3FA019828EE008A5C
:10019000F6E6DFED4D7A4B4968EE277AFCEEE77A1A
:1001A00017EE902AC3ED077A8A423FF669AF69E7F6
:1001B000F0EE687AFEEEC87A17EE902A72E7D4F86D
:1001C000E03300225A6202B0BDEC048BBDE8F0813E
:1001D000DFED3E8A12E7F5EEC08A0022DA61F1EE29
:1001E00010FA7FF555AF00225CE767EEA87A00238E
:1001F000D361F5EEC07AF1EE10FA7FF57DAF002302
:1002000084E7DFED316A2F4927EE267ABCEEC77A04
:1002100017EE103A82ED077A8B423FF663AF63E741
:1002200094ED0D8AACE689EEA77A68EE878A17E727
:1002300094ED0D0A30EE480AA0EE208AA0E6B0EE5A
:10024000677ABEEEC87A17EE103A5FE79FED127B31
:10025000B7EEE90A20EE070BB7EEC00B0CF0FCFC82
:10026000F6EE007A39EE409A29EE279A68EE898AEE
:10027000F6E6DFED177AF4EEE79AF1EE10FAD2D453
:1002800039EE699A9FED137AC9EE077A67EEA77A7D
:1002900068EEA78AE4E600BF182D4454FB211940FC
:1002A000000000E04D62503F003300208FC2F53C5B
:1002B000CDCCCC3C000000000AD7233D8FC2753F57
:1002C0000044AC460000FE7FC637BE47CDCC4C3D57
:1002D0008FC2753DD7A3703F2DE9F84304460E4603
:1002E00000200C2108F046FA05466421002084F81D
:1002F0002E50EDB208F03EFA3B28D4BF0123022372
:1003000084F83C30002E5CD03F4E05EB05192F01E0
:1003100006EB890999F82180B8F1020F6AD87A1999
:1003200006EB820292F820209A4246D8984538BFC0
:1003300084F83C80002384F83D307B1906EB83036E
:10034000D3E90101884252DB7B1907EE900A06EBE4
:100350008303F8EEE77AD3E90301C4ED0C7A88420F
:1003600042DB2F4407EE900A06EB8706F8EEE77AA9
:10037000D6E90501B38B8842C4ED0D7AA36330DB67
:100380004FF07E530122A062002104F1140084F892
:100390002D20636505F0F2F904F15800002105F005
:1003A000EDF92046BDE8F843FFF7C6BD032399F8F1
:1003B00020209A4284F83C30BCD9134684F83C2073
:1003C000B4E7114E05EB05122F0106EB820292F8FD
:1003D00021807A1906EB820292F820209A42A5D950
:1003E000EBE708F0C7F9CBE708F0C4F9B9E708F084
:1003F000C1F9A9E76421002008F0BCF91D28D5DD6A
:1004000094F83C308BE700BF0033002070B5044601
:1004100064210020D4F810342DED028BD3ED008A36
:1004200008F0A8F99FED718AF4EEC88AF1EE10FA8F
:1004300053DA45284FF0F0014FF01E00CCBF0223E5
:10044000012384F8853084F8863008F093F9034658
:1004500006210520C4F8883008F08CF907EE900AD0
:10046000DFED636AF4EEC88AB8EEE77AF1EE10FACF
:10047000C7EE267AC4ED237A49DA9FED5E7A67EEFD
:10048000877A64210020C4ED237A08F073F91328D9
:10049000D4BF0123002384F8903056DDD4ED237AB5
:1004A000D4F8D413F5EEC07AF1EE10FA4BD4B7EECF
:1004B000007AF4EEC77AF1EE10FA3DDD4FF48033A6
:1004C00001228B6104F19C00002184F88420BDECA2
:1004D000028BBDE8704005F051B931282ADD0223B6
:1004E000F02184F8853084F886301E2008F042F927
:1004F000034606210520C4F8883008F03BF907EED2
:10050000900ADFED3B6AB8EEE77AC7EE267A9FEDF8
:100510003A7A67EE877AF5EEC07AF1EE10FA5BD49C
:10052000B7EE007AF4EEC77AF1EE10FAA5DDDFED52
:10053000317AA6E70123D3E7B0EE677ABEEEC87A38
:1005400017EE103ABCE70023BAE74FF4FA71962091
:1005500008F010F903464FF47A714FF4FA70C4F8BA
:10056000883008F007F907EE900A40F2DC514FF4AA
:100570004870F8EEE77AC4ED257A08F0FBF8B3EEA0
:10058000047A94ED250A07EE900AD4F8EC63B4EEF1
:10059000C70AF8EEE77AF1EE10FAC4ED267A1ED417
:1005A000DFED167AB4EEE70AF1EE10FA1ADCDFEDB1
:1005B000147A20EE270AF0EE407AFEEEE07A17EE8B
:1005C000905A0CF045FAF0EE407AFEEEE07A17EE23
:1005D000903AC6E9065361E7DFED0A7A51E70A4B24
:1005E0000A4DF6E70A4B0B4DF3E700BF6666663F20
:1005F0000000C8423333333FCDCCCC3F00D08946D6
:100600009365153800000000DE571700DF5717000C
:10061000008C3C4B00BE6C5070B504466421002039
:10062000D4F810342DED028BD3ED008A08F0A2F837
:100630009FED718AF4EEC88AF1EE10FA53DA45287C
:100640004FF0F0014FF01E00CCBF0223012384F8CD
:10065000D93084F8DA3008F08DF8034606210520F9
:10066000C4F8DC3008F086F807EE900ADFED636A24
:10067000F4EEC88AB8EEE77AF1EE10FAC7EE267A01
:10068000C4ED387A49DA9FED5E7A67EE877A6421A5
:100690000020C4ED387A08F06DF81328D4BF012388
:1006A000002384F8E43056DDD4ED387AD4F8D8133A
:1006B000F5EEC07AF1EE10FA4BD4B7EE007AF4EE14
:1006C000C77AF1EE10FA3DDD4FF4803301228B61E1
:1006D00004F1F000002184F8D820BDEC028BBDE8C5
:1006E000704005F04BB831282ADD0223F02184F850
:1006F000D93084F8DA301E2008F03CF80346062191
:100700000520C4F8DC3008F035F807EE900ADFED7C
:100710003B6AB8EEE77AC7EE267A9FED3A7A67EE43
:10072000877AF5EEC07AF1EE10FA5BD4B7EE007A74
:10073000F4EEC77AF1EE10FAA5DDDFED317AA6E727
:100740000123D3E7B0EE677ABEEEC87A17EE103A0F
:10075000BCE70023BAE74FF4FA71962008F00AF8D4
:1007600003464FF47A714FF4FA70C4F8DC3008F0A5
:1007700001F807EE900A40F2DC514FF44870F8EEB1
:10078000E77AC4ED3A7A07F0F5FFB3EE047A94ED18
:100790003A0A07EE900AD4F8F063B4EEC70AF8EE0E
:1007A000E77AF1EE10FAC4ED3B7A1ED4DFED167A4B
:1007B000B4EEE70AF1EE10FA1ADCDFED147A20EE5F
:1007C000270AF0EE407AFEEEE07A17EE905A0CF02F
:1007D0003FF9F0EE407AFEEEE07A17EE903AC6E985
:1007E000065361E7DFED0A7A51E70A4B0A4DF6E757
:1007F0000A4B0B4DF3E700BF6666663F0000C84238
:100800003333333FCDCCCC3F00D089469365153888
:1008100000000000DE571700DF571700008C3C4B2C
:1008200000BE6C50D0F8D4130023DFED507A45F6AB
:10083000284C4F4A2DE9F0418B6144F2AE75D0F857
:10084000D81341F22948D0F8046404468B61D0F8EB
:10085000F41380F8483180F89831A0F89A31C0F844
:10086000942180F8AC3180F8FC31A0F8FE31C0F85A
:10087000F821C0ED537AC0ED547AC0ED567AC0ED40
:100880006C7AC0ED6D7AC0ED6F7AD0F80024A1F8D3
:1008900034C04D62D0E9FEE7C1F81C8047F2333026
:1008A00040F61361A2F834C05562D161CEF824300D
:1008B0007B623062D4F808142E4A086248F6CC41B4
:1008C00084F834320120D4F8103484F84C02C2E9A0
:1008D0000811294AC4F8482293ED007AB4EEE77A69
:1008E000F1EE10FA3ED4F7EE007AB4EE677AF1EE4C
:1008F00010FA37FE877A00254FF07E5384ED8B7A0D
:100900004FF49661C4F828324FF4C87084F824522A
:1009100007F030FF03464FF461714FF49670C4F84E
:10092000203207F027FF034640F69801A4F8405113
:10093000C4F83C314FF4167007F01CFF03462946FB
:1009400004F50470C4F8443104F018FF294604F596
:10095000967004F013FF294604F50E70BDE8F041CF
:1009600004F00CBFB0EE677AC5E700BF00000000DE
:10097000000080BF40320120CDCC0C3F002300227C
:100980001C4910B4D0F8D443A361D0F8D843A36174
:10099000C0F84C21C0F85021C0F85821C0F8B0214F
:1009A000C0F8B421C0F8BC21D0F8F42380F8483155
:1009B00080F89831A0F89A31C0F8941180F8AC31E1
:1009C00080F8FC31A0F8FE31C0F8F811D0F80044EE
:1009D000938690F84C22A38612B95DF8044B7047B9
:1009E000054A5DF8044B80F84C32C0F84812C2E961
:1009F00008337047000080BF4032012038B5002521
:100A00000446D0E9F52395619D61D0E9F72355624D
:100A10005D6280F8845080F8D850A0F840518585F8
:100A2000FFF7ACFF294600F5377084F85C5284F874
:100A30006C5284F87C5284F88C5284F89C5284F86E
:100A4000AC5284F8BC5284F8CC5204F097FE4FF0BC
:100A50007E5201236265A38738BD00BFD0F81C34E5
:100A60001B7810B504461BB11948EDF741FCC8B915
:100A70002046FFF7C3FFD4F8143422781B68032BF9
:100A800023D8DFE803F01002201205239A422370D6
:100A900008D00021201D84F82C1004F06FFE23786C
:100AA000012B06D010BD0023F0E701239A422370EA
:100AB000EFD194F8F8020028F4D1052107F05AFE8E
:100AC00084F8EF0210BD0223E0E70423DEE700BF55
:100AD000E4BB002038B500F50E75044664212846B5
:100AE00004F066FE00B938BD0021284604F046FE39
:100AF000D4F8103493ED000AB5EEC00AF1EE10FA06
:100B000058D4F7EE007AB4EE670AF1EE10FA37FE29
:100B1000800A94F8343283BB012384ED8C0A84ED7F
:100B20008B0A84F8343294F94F32002B37DB07EE0E
:100B3000903ADFED2A6AF8EEE77A87EEA67AD4EDEE
:100B4000927ADFED276A77EE677AF0EEE77AF4EED5
:100B5000E67AF1EE10FAC6DDDFED227AB4EEE77A3E
:100B6000F1EE10FA29DCDFED207AB4EEE77AF1EE4F
:100B700010FA2AD51D4A114621E0D4ED8C7A9FED5A
:100B80001C7A70EE676A94F94F32002BE6EE877A92
:100B9000B0EE670AC4ED8C7A84ED8B0AC7DADFED1C
:100BA000150A0BF0C5FDFDEE007A9FED137AA0EE5D
:100BB000277AC4E79FED110AABE7114A1146114BA2
:100BC00084ED927AC3E9082138BDF0EE477AFEEE53
:100BD000C87A17EE902AF1D50449F0E70000C84220
:100BE0000AD7A33C00FEFF4600FEFFC600000180BE
:100BF000CDCC4C3D3333333FCDCC0C3F0000000017
:100C00000000FF7F40320120034690F84E02421E52
:100C1000022A00D8704793ED8B7AF3EE046ADFED79
:100C2000147A6421002010B52DED028B27EE078A7F
:100C3000E8EE267AFDEEE77A17EE904A07F09AFD85
:100C4000844211DCB2EE007AF3EE0E7AE8EE477AD7
:100C5000BDEC028BFDEEE77A17EE903A2344984202
:100C6000ACBF0320022010BDBDEC028B012010BDE3
:100C70000000084238B5531E15460C462DED048B76
:100C8000F0EE408AB0EE608A032B00F28681DFE846
:100C900013F02001C100790004006421002007F056
:100CA00069FD07EE900A9FEDBE9A4FF07E53B8EEB5
:100CB000E77ADFEDBC6ADFEDBC7A0B21E36004204C
:100CC00087EE096AE6EE267AC4ED017AC4ED027A6F
:100CD00007F050FDB54A80B2B54B62616421A3FBB9
:100CE0000023A08400205B08E38407F043FD07EEA7
:100CF000100ADFEDB06A4FF0000CB8EEC77ADFEDF6
:100D0000AE7AAE490023AE4A87EE096AE6EE267A4D
:100D100027EEA80AD4ED017A9FEDAA7A68EE277A29
:100D2000C4F818C084ED040AE161F4EEC77A2262C7
:100D300084F828302570F1EE10FA00F12B819FED38
:100D4000A27AF4EE477AF1EE10FA77FE277AD4ED24
:100D5000026A9FED9C7A68EE260AC4ED017AF4EEF1
:100D6000C70AF1EE10FA00F11281DFED977AF4EE86
:100D7000670AF1EE10FA77FEA00AC4ED020ABDEC94
:100D8000048B38BD6421002007F0F4FC07EE900AC4
:100D90009FED839A4FF07E53B8EEE77ADFED8B6AD2
:100DA000DFED8B7A40F20971E3604FF42F7087EE2C
:100DB000096AE6EE267AC4ED017AC4ED027A07F0FC
:100DC000D9FC844B9FED847A6421636183B2A08453
:100DD000002007EE903AF8EEE77A67EE877AFCEEAD
:100DE000E77A17EE903AE38407F0C4FC07EE100AA6
:100DF000DFED7A6A0123B8EEC77ADFED797ADFF8A2
:100E00002CC2784987EE096A774AE6EE267A27EE01
:100E1000A80A7FE76421002007F0ACFC07EE100A67
:100E20009FED5F9A6421B8EEC77ADFED707A0020FB
:100E3000C7EE096AE6EEA77AC4ED017A07F09AFCDC
:100E400007EE100ADFED6A6A40F28B21B8EEC77A2E
:100E5000DFED687A684B4FF4827087EE096AE360D1
:100E6000E6EE267AC4ED027A07F084FC03465B21A5
:100E70002820A38407F07EFC034664210020E3843D
:100E800007F078FC07EE100ADFED5C6A6421B8EE2B
:100E9000C77ADFED5B7A002087EE096AE6EE267AF4
:100EA000C4ED057A07F066FC07EE100ADFED556A1F
:100EB0004FF07E51B8EEC77ADFED537A4FF0000C59
:100EC000524A002387EE096AE6EE267A27EEA80A40
:100ED00020E76421002007F04DFC07EE900A9FED0B
:100EE000309A6421B8EEE77ADFED496ADFED497A9E
:100EF000002087EE096AE6EE267AC4ED017A07F053
:100F000039FC07EE100ADFED446A40F22131B8EEF9
:100F1000C77ADFED427A2A4BC82087EE096AE36080
:100F2000E6EE267AC4ED027A07F024FC03461B2184
:100F30000C20A38407F01EFC034664210020E384F8
:100F400007F018FC07EE100ADFED356A6421B8EEF1
:100F5000C77ADFED347A002087EE096AE6EE267A5A
:100F6000C4ED057A07F006FC07EE100ADFED2E7AD5
:100F70004FF07E51B8EEC77ADFF8B4C000220023EC
:100F8000C7EE096AE6EEA77A27EEA80AC2E6F0EEF7
:100F9000470AF2E6F0EE477AD9E600230B70EEE658
:100FA0000000C84200803B4500401C453333B33F3E
:100FB000ABAAAAAAA59B443CA69BC43B6666E63E98
:100FC000CDCC0C3F0000F04200A00C460000754460
:100FD0000000D2436666663F3333B33E1C2FDD3CD0
:100FE000BC74933C9A99193FCDCCCC3D0000AF43E3
:100FF0000000AF4400002F453333933FCECC4C3F2D
:10100000CDCCCC3FBD74933C4260653CCDCC4C3ED6
:101010000080D44400009645000020430000824335
:101020003233B33FCDCC0C400AD7233C3333333F6C
:101030009A99193ED1ED017A9FED267A60EE277AD2
:101040000B781370F4EEC77AF1EE10FA3BD49FEDF3
:10105000227AF4EE477AF1EE10FA77FE277AD1ED94
:10106000026A9FED1C7A20EE260AC2ED017AB4EEE8
:10107000C70AF1EE10FA29D4DFED177AB4EE670A49
:10108000F1EE10FA37FE800AC8688B69D1ED047A58
:10109000D1F814C0D06067EEA00AC86993610B6AEA
:1010A000C2F814C0B1F824C0D0611362C88C91F8A2
:1010B000283082ED020AA2F824C0D084C2ED040ACE
:1010C00082F828307047F0EE477AC8E7B0EE470A5A
:1010D000DAE700BF0000F04200A00C4690F848316B
:1010E0002DE9F04704462DED048B002B40F0A7803E
:1010F00090F8AC31002B40F0A28090F89831002B92
:1011000040F09D8090F8FC31002B40F0988090F8E2
:101110005032002B40F0A48090F82452002D00F0B3
:10112000DA8094ED8A6AD4ED8B7A0020DFED6F6A65
:1011300002219FED6F8A9FED6F7AA7EEA68A9FED41
:101140006E9A84F82402A7EE879A28EE068A07F0A2
:1011500011FB002840F0908004F5A47A04F5D676BF
:101160001F21082007F006FB1A2187B2002007F094
:1011700001FB07EE900ADFED619A0020F8EEE77AB6
:101180009FED5D7A804602214FF00109C7EEA98AE2
:1011900078EE878A07F0EEFADFED597A4045F0EEF7
:1011A000480A9FED588AB0EE490A2A465146204621
:1011B00007FE888AFFF75EFDF0EE680A3246B0EE61
:1011C000480A51462046FFF735FF0AF154004146D0
:1011D0008AF85090AAF8528004F0D0FA414606F1FD
:1011E000540086F85090A6F8527004F0C7FA022D09
:1011F00047D0D4ED8B6ADFED445A66EEA66ADFED88
:10120000437A9FED436A9FED437AE6EEA57AA6EE18
:10121000867AFCEEE77A17EE900AFCEEC77A17EEB4
:10122000901A884228BF411C07F0A4FA642294F85F
:101230004D32002102FB00F0B0FBF3F306E04FF467
:10124000C871782007F096FA0021034604F504706F
:10125000C4F82032BDEC048BBDE8F04704F08EBA30
:1012600090F85132B7EE006AC3F1020583F0010332
:10127000EDB280F8513256E704F5D67A04F5A4763B
:101280006EE794F84E32002BB3D194F85062002EE2
:10129000AFD16421304607F06DFA0E28A9DC642135
:1012A000304684F8245207F065FA07EE100AF5EE8E
:1012B000006A40F2A511B8EEC77ADC20F7EE047A96
:1012C00087EE296AE6EE267AC4ED8A7A07F052FAAA
:1012D00031460346BAE7FFF797FC94F824320546F7
:1012E000002B7FF41EAFB7EE006A1CE7285C0F3FAF
:1012F000EC51383FCCCCCC3ECDCC0C3F0000C842AA
:101300008FC2753FB81E853F0080D4C400001645CB
:1013100000A0A5C50060EA452DE9F0410C464FF05C
:10132000000816461D46414604F12C0084F8508002
:10133000069F04F023FA414604F13C0004F01EFA33
:10134000D4ED067A9FED547A94ED010AF4EEC77A53
:1013500084ED130AF1EE10FA09DC9FED507AF4EEF9
:10136000C77AF1EE10FA40F18F804D4B00E04D4B03
:10137000D4ED077A9FED487ABB61F4EEC77AF1EEBF
:1013800010FA08DC9FED457AF4EEC77AF1EE10FA18
:1013900073D5434B00E0434BD4ED087A9FED3E7A82
:1013A000FB61F4EEC77AF1EE10FA08DC9FED3B7AB0
:1013B000F4EEC77AF1EE10FA58D5394B00E0394B0C
:1013C000D4ED057A9FED387A3B62F4EEC77AF1EE00
:1013D00010FA08D4B1EE047AF4EEC77AF1EE10FAFE
:1013E00039DD324B00E0324BF3EE047A6B62B4EE3F
:1013F000E70AF1EE10FA0ED4DFED2E7AB4EEE70A2A
:10140000F1EE10FA0FDD2C4B00222C4CC5E90643FF
:10141000B261BDE8F0812A4B00222A4CC5E906439F
:10142000B261BDE8F081DFED287A20EE270AF0EE08
:10143000407AFEEEE07A17EE904A0BF009FBF0EEF0
:10144000407A0022FEEEE07A17EE903AC5E90643B4
:10145000B261BDE8F081F7EE006A86EEA77AF0EEA1
:10146000477AFEEEC17A17EE903ABDE7B0EE677AA2
:10147000BEEEC87A17EE103AA2E7B0EE677ABEEE7B
:10148000C87A17EE103A87E7B0EE677ABEEEC87AF0
:1014900017EE103A6CE700BF00FEFF4600FEFFC6E5
:1014A000000001800000FF7F3333333FD0CCCC0CF1
:1014B00000B76D5B00D08946008C3C4B00BE6C5081
:1014C000DE571700DF571700936515388B8C2BB349
:1014D000CA8C07EE903AB6EE006A06EE902AF8EE55
:1014E000677AF8EE666A86EEA77AB4EEC67AF1EE0F
:1014F00010FA37DDB0EE467AB4EEC07AF1EE10FAAB
:1015000013DDC0EE077AF0EE006AB0EE087AA7EEBF
:10151000E67A67EEA77A27EE870A70479FED167A7C
:10152000B4EEC07AF1EE10FAEBDCF7EE007A91F847
:10153000283030EE470A37EEC77AC0EE076A23B983
:1015400037EEE60A20EE000A7047F0EE005AB0EEE1
:10155000087A26EEE66AA6EEE57AE6EE077AB0EEBF
:10156000670A7047DFED047AB4EE677AF1EE10FA9D
:1015700048BFB0EE677AD3E70AD7A33C2DE9F04322
:101580000C4691F85010074616461D462DED028B6D
:1015900083B000293ED1237823B903B0BDEC028B80
:1015A000BDE8F08304F12C0004F0F6F8B4F82490C0
:1015B0008046B9F1000F3ED1B7EE008AB0EE480A7E
:1015C00038462146FFF782FFD4ED047A20EE270A41
:1015D000B5EEC00AF1EE10FA47D4F7EE007AB4EE99
:1015E000E70AF1EE10FA39DD4FF4803194ED017A1B
:1015F000D4ED027AB161B4EE677AF1EE10FA36D129
:10160000C145CAD80023B361237003B0BDEC028B7F
:10161000BDE8F083B4F8521004F1540004F0C8F8A7
:101620000028BAD00C9A2B46214638460092324602
:10163000FFF772FEAFE707EE900AF7EE006AB8EE2A
:10164000677A07EE909AF8EE677A87EE278AB4EE0B
:10165000668AF1EE10FA36FE888AAFE7F0EE407A3D
:10166000FEEEC87A17EE901AC0E70021BEE704F13B
:101670003C070A21384604F09BF810B9B4F82490CE
:10168000BEE7D4ED027AB0EE480AD4ED018AD4ED7B
:10169000030A87EEA88A0BF04BF8F0EE400AB0EE92
:1016A000480A0BF045F868EE808ADFED2D7AF4EEFB
:1016B000E78AF1EE10FA26D4DFED2A7AF4EEE78A13
:1016C000F1EE10FA1FDCD4ED137AB7EE007A78EE63
:1016D000E77AF0EEE77AF4EEC77AF1EE10FA0DDD74
:1016E000F3EE047AF4EEE78AF1EE10FA2DD51E4BF4
:1016F000DFF88490C5E90693C4ED138A00213846CB
:1017000004F03CF8BAE7F0EE678AD4ED137AB7EE4E
:10171000007A78EEE77AF0EEE77AF4EEC77AF1EE47
:1017200010FAEBDD9FED110A28EE800AF0EE407A08
:10173000FEEEE07A17EE909A0BF08AF9F0EE407A1E
:10174000FEEEE07A17EE903AD4E7DFED097AF4EE98
:10175000E78AF1EE10FAE5DD064BDFF82090C9E7E5
:101760000000F04200A00C46DE57170093651538C4
:1017700000D08946008C3C4BDF57170000BE6C50F0
:1017800038B50446002100F5967003F0F7FF94F891
:101790004001002866D094F84831002B56D194F8C7
:1017A0009831002B52D194F8AC31002B57D194F8DA
:1017B000FC01002853D1022106F0DCFF00284ED0A6
:1017C00004F5D675D4ED8B7A2946DFED3D6A2046C7
:1017D0009FED3C7A04229FED3C0ADFED3C0AA7EE28
:1017E000A60AE7EE870AFFF745FA0021012305F173
:1017F0005400A5F8521085F8503003F0BFFF94F85C
:1018000040311BB194F84131002B44D1D4ED8B6AA7
:10181000DFED2F5A66EEA66ADFED2E7A9FED2E6A77
:101820009FED2E7AE6EEA57AA6EE867AFCEEE77AB2
:1018300017EE900AFCEEC77A17EE901A884228BF7E
:10184000411C06F097FFC4F83C0138BD94F8AC3158
:10185000002BD4D194F8FC31002BD0D1B0E704F5A3
:10186000A475AFE7642106F085FF092893DC012306
:101870000521022084F8403106F07CFF034640F643
:1018800099014FF41670013B84F8413106F072FF64
:10189000C4F844017FE7013B2921082084F8413145
:1018A00006F068FF94F84131C4F83C01002BCCD11C
:1018B000D4F8442184F84031C4F83C2138BD00BF3D
:1018C000CCCCCC3E285C0F3FCDCC0C3FEC51383F0C
:1018D00000007AC30000C8430080A2C40000FA449C
:1018E00070B5844615461E4600249CF85C320CF107
:1018F000100C1BB10134082CF7D170BD00EB04149F
:10190000012300F5377084F85D1284ED980A84F89D
:101910005C3203F041FF284484F86862C4F8640232
:1019200070BD00BF4B1E80F8F812DBB2042B98BFCD
:1019300080F8EF32704700BFF8B50B7A0D46002BE8
:101940003ED0013B4968144600265FFA83FE0846F4
:101950004B1E01EB0E0C13F8012F964238BF1646B2
:101960006345F8D14A1C0023711C724490F800C0F2
:101970001CB1A1EB0C0C1FFA8CFC013063448242B9
:101980009BB2F3D1E3B11946002006F0F3FE2F7AA3
:1019900080B2E7B100220136D5F804C0134603E057
:1019A0000132D1B28F420ED91CF802100CB1711A5B
:1019B00089B20B449BB29842F2D22B68985CF8BD76
:1019C0002B681878F8BD013F2B68D85DF8BD4FF043
:1019D000FF37F9E72DE9F04780460D460320072140
:1019E00014462DED088BF0EE408A06F0C3FE00226F
:1019F0002946C6B24046FFF79FFF02210746002056
:101A000006F0B8FE772C64D9640807EE904AF8EE29
:101A1000E77A07EE106A9FED308A0028F8EE479AC1
:101A20009FED2E7A08FE078A87EEA9AAD6B3002575
:101A30009FED2B9ADFED2B7AA842A9469FED2ABA9B
:101A40002B46F7EE00BADFED29AA09FE279A07EE2A
:101A5000903A05F0010A43460024F8EE677A87EED3
:101A6000A97AF0EE6B7AE7EE4B7A67EEA87A93F8F4
:101A70005C221033D2B10134082CF8D16AEE087A16
:101A8000013538EE098AFCEEE77AB4EEEA8A17EE01
:101A9000903AF1EE10FA9944EBB248BF9FED138AE9
:101AA0009E42D4D8BDEC088BBDE8F08708EB041447
:101AB000012308F5377084F85C3284F85D72C4ED58
:101AC000987A03F069FE484484F868A2C4F8640276
:101AD000D4E7DFED077A9CE79A99B93F6666263F1F
:101AE0000AD723BE0AD7233ECDCC0C3F3333B33EB7
:101AF000000070422DE9F04F17468A4683460421C4
:101B000002202DED068B83B0F0EE408A06F032FE07
:101B1000282F38BF282710F0FF03019335D0002568
:101B2000143F9FED28AADFED289A2A469FED279AB9
:101B3000003A5146584605F0010818BF012200241A
:101B4000FFF7FAFE64210646002006F013FE07EEBA
:101B5000900A39460020F8EEE77A67EE8A7A87EE37
:101B6000A97A77EE097A27EEA88A06F003FE5B468B
:101B7000814693F85C12103361B10134082CF8D11E
:101B80000135019BEAB29342D2D803B0BDEC068B7B
:101B9000BDE8F08F0BEB0414012301350BF5377012
:101BA00084F85C3284F85D6284ED988A03F0F4FD79
:101BB000019BEAB2484484F868829342C4F8640204
:101BC000B6D8E2E73333B33E0000C842CDCC0C3F79
:101BD0002DE9F84304460025D0F8F4034FF07E5277
:101BE00034494FF48037858647F23336D4F8000401
:101BF00041F66F69304B858646F26660C4F804137F
:101C0000C4F808132D49C4F8FC22C4F80C132C495D
:101C1000C4F80033C4F81013D4F8D4138F61D4F887
:101C2000D8138861294604F54570C4F82423C4F804
:101C3000283303F0A3FDD4F8F433D4F8F88340F646
:101C4000377CD4F8FC0341F2D362D4F800E4DA61C3
:101C50005E62C8F824601B49D4E9FB23C8F81C90D5
:101C6000CEF81CC0CEF82470C0F81CC046621648DE
:101C700051629061A0F20C40D06104F54B70134AA0
:101C8000596229469A61A2F2FC62DA6184F84053F3
:101C900003F074FD0E4BD4F804141D62D4F808242C
:101CA000C3E906750B4B1D629F610E62DD61166212
:101CB000BDE8F8838FC2753DCDCCCC3E8FC2F53CDC
:101CC000CDCC4C3D00B76D5B6CDDD201E83C300201
:101CD0006C3C0120A43C0120B5EEC00A08B5F1EE31
:101CE00010FA23D4F0EE407AB7EE000AF4EEC07A90
:101CF000F1EE10FA0ADD9FED160ADFED160A0AF082
:101D000017FDDFED137A30EE270A08BD9FED127A3A
:101D1000F4EEC77AF1EE10FA17D977EEC77ADFED55
:101D20000F6A87EEA67A30EE470AE6E79FED080ACB
:101D3000DFED0B0A0AF0FCFC9FED0A7ADFED0A7A70
:101D4000E0EE077AB0EE670A08BD87EE870AEFE794
:101D500000000000CDCC0C403D0AD73EE27A143F93
:101D60006666E63F3333733FCDCC4C3D2DE9F843F7
:101D70000F4605460921042014462DED088BF0EE90
:101D800040AA06F0F7FC10F0FF0604EB44043ED036
:101D900007EE904A731E4FF000089FED32BAB8EE7E
:101DA000679A07EE903ADFED309A4346B8EEE7AA1D
:101DB00007EE903A2846F8EE677A87EE8A8A28EE90
:101DC0000B0AFFF789FFF0EE408A002239462846C9
:101DD000FFF7B2FDF4EEE98A0246F1EE10FA35D5CE
:101DE0006AEEA98A29EE088A08F001092B46002428
:101DF000BCEEC88A93F85C12103361B10134082C30
:101E0000F8D108F101085FFA88F39E42D0D8BDEC02
:101E1000088BBDE8F88305EB0414012305F5377042
:101E200008F1010884F85C3284F85D22C4ED988AD8
:101E300003F0B2FC18EE103A84F868920344C4F838
:101E400064325FFA88F39E42B2D8E0E7F7EE007A98
:101E5000F4EEE78AF1EE10FAD4BF68EEAA8AF0EE4B
:101E60006A8ABFE73D0AD73E9A99193EB5EEC00A85
:101E7000F1EE10FA6AD4F0EE007AB4EE670AF1EEF1
:101E800010FA37FE800AD0EDE87A60EE277AF5EE98
:101E9000C07AF1EE10FA4ED4B7EE007AF4EEC77ABB
:101EA000F1EE10FA15DD032949D9D0EDE97A20EEDB
:101EB000270A60EE200AF5EEC00AF1EE10FA07D408
:101EC000F7EE007AF4EEE70AF1EE10FA24DD70473F
:101ED00070470329E9D89FED377AF4EEC77AF1EE1F
:101EE00010FA42DD344BD0EDE97A8A1D334820EEFA
:101EF000270A40F8223060EE200AF5EEC00AF1EE23
:101F000010FA26D4F7EE007AF4EEE70AF1EE10FAB2
:101F100002DD03291FD970470329D8D8DFED257AC0
:101F2000F4EEE70AF1EE10FA28DD234B8A1D24496E
:101F300041F82230704703299FED227AB5D8F0EEA0
:101F4000477AFEEEC87A17EE903ACCE79FED1D0A6D
:101F500099E7DFED1C7AB0EE677A1949BEEEC87AD0
:101F600017EE103A41F8223070479FED177AF4EEE1
:101F7000C77AF1EE10FA0ED5144BB4E7DFED127A02
:101F8000F4EEE70AF1EE10FA0CD58A1D0F4B0C495E
:101F900041F822307047B0EE677ABEEEC87A17EE8D
:101FA000103AA0E7F0EE607A8A1DFEEEC87A17EECE
:101FB000903ABCE700FEFF460000FF7F6031012041
:101FC0000C5601200000000000FEFFC6000001804A
:101FD000F8B505460B462DED028B2AB1174690F851
:101FE0009C23002A00F0BF80D5F81024B6EE006ACA
:101FF000DFED7C6AF7EE007A92ED007AB4EEE67AD5
:10200000E7EE067AF1EE10FA80F28D80764C5E01F2
:102010000027022104EB431393ED057A60EE076A73
:1020200066EEA76AA319B0EE660A28469FED6F8A8E
:10203000D3ED060AFFF71AFFDFED6D7AA6EEA78A49
:10204000B5EEC08AF1EE10FA00F1A280F7EE007A48
:10205000B4EE678AF1EE10FA37FE888AA319D3ED41
:10206000008AD3ED017AF4EEE78AF1EE10FA00F17E
:102070009580F5EEC08AD5E9F935002F08BF1D46D9
:10208000F1EE10FA00F18280DFED5A7AF4EEE78A81
:10209000F1EE10FA00F39380F6EE007A9FED567A97
:1020A000E8EE877AFCEEE77A17EE902AA3192A6306
:1020B000B3F90830002B14DB41F288329FED4F7AE0
:1020C0009342A8BF13464E4A07EE903AF8EEE77ADD
:1020D00067EE877AFDEEE77A17EE903A92FBF3F21D
:1020E0002A62A319D3ED037A28EE270AB5EEC00AB7
:1020F000F1EE10FA4FD4F7EE007AB4EE670AF1EE83
:1021000010FA37FE800A3444284604F031FD284690
:1021100094ED040A04F056FD2846BDEC028BBDE8A0
:10212000F84004F01BBD02210027DFED366AB7EE50
:10213000007A67EEA67AF4EEC77AF1EE10FA41D48F
:10214000B0EE007AF4EE477AF1EE10FA77FE277AD5
:10215000254C5E0104EB431393ED057A60EE076AAC
:1021600066EEA76A5EE7D0F81024B6EE006ADFEDEF
:102170001D6AF7EE007A92ED007AB4EEE67AE7EEA9
:10218000067AF1EE10FA20DB0321CEE700228DE77C
:102190009FED1D8A62E79FED1C0AB4E777EEE87AAF
:1021A0000020FDEEE77A17EE901A013106F0E2FA10
:1021B00007EE900AF8EEE77A78EEA78A59E74FF033
:1021C000804273E7F0EE477AC2E7074C5E010321D5
:1021D00004EB431393ED057A60EE076A66EEA76A97
:1021E00020E700BF6666663F583600203333B33EB3
:1021F0006666E63E0044AC46C6373E4766663042F9
:102200000000FF7F6666A63F000000002DE9F04158
:10221000054600F5377003F0BFFA4FF000082C4672
:1022200005F18006074694F85C3283B1D4F8643235
:102230002846BB420BD894F85D1294ED980A0A29FF
:1022400094F8682284F85C8201D8FFF7C1FE10344C
:10225000B442E8D1BDE8F0810A292DE9F0410F46EA
:1022600005462DED028BB0EE408A02D80022FFF722
:10227000AFFEDFED167A24210C20002428EE278AF9
:1022800006F078FA2B46064693F85C22103332B1FA
:102290000134082CF8D1BDEC028BBDE8F08105EBD0
:1022A00004144FF0010805F5377084ED988A84F81E
:1022B0005C8284F85D7203F06FFA304484F86882BF
:1022C000C4F86402BDEC028BBDE8F081CDCC0C3FBC
:1022D0002DE9F0411446012205462DED028BB0EEAA
:1022E000408AFFF729FB0A2C074606D8B0EE480AB9
:1022F000002221462846FFF76BFEDFED167A092102
:102300000220002428EE278A06F034FA2B460646DF
:1023100093F85C22103332B10134082CF8D1BDECB3
:10232000028BBDE8F08105EB04144FF0010805F5C0
:10233000377084ED988A84F85C8284F85D7203F0CB
:102340002BFA304484F86882C4F86402BDEC028B36
:10235000BDE8F0813333333FB5EEC00AF1EE10FA39
:1023600019D4F7EE007AB4EE670AF1EE10FAF5EE42
:10237000C00A37FE800A80EDE80AF1EE10FA13D4A5
:10238000F7EE007AF4EE670AF1EE10FA77FEA00A93
:10239000C0EDE90A7047F5EEC00A9FED060A80ED30
:1023A000E80AF1EE10FAEBD5DFED020AC0EDE90A1A
:1023B000704700BF00000000F8B5044600F56070EB
:1023C0002DED048B03F0E8F9D4F89833834220D83C
:1023D00094F89C3313B9BDEC048BF8BD002104F5CF
:1023E0005C70A4F89C1303F0C9F9F7EE000A2046CC
:1023F0000221B0EE600AFFF739FDF7EE000A204631
:102400000321BDEC048BB0EE600ABDE8F840FFF795
:102410002DBD04F55C760546D4F89413304603F0E0
:10242000C7F90028D7D00021304603F0A7F994ED72
:10243000E67A07EE905A2046B8EE477AF8EE677AC9
:10244000B7EE009AC7EE879AF0EE498AB0EE690AB5
:10245000FFF742FC40F2E9318148B0EE408A06F0D5
:1024600089F907EE900A9FED7F6AF8EEE77A9FED13
:102470007E7AB0EE480ADFED7D0AC7EE866AE6EEA8
:10248000878A0AF055F99FED7A7ADFED7A7AE0EEE5
:10249000077A68EEA77AF5EEC07AF1EE10FA00F14D
:1024A000B980F4EE497AF1EE10FA79FE277ADFED81
:1024B000726A9FED725A68EE266ADFED715AF4EE89
:1024C000C59ADFED704A9FED706AFDEEE66A9FEDFA
:1024D0006F7AF1EE10FA9FED6E9AA8EE246A16EE6E
:1024E000902AA8EE257AA8EE259A02F1960207DB3B
:1024F00094F89D3323B901234FF4FA7284F89D3385
:10250000DFED646A94F89063F4EEE67AD4F8E83389
:10251000002ED4F8E4530EBF02211D460321F1EE34
:1025200010FA00F38380DFED5C6AF4EEE67AF1EEF8
:1025300010FA00F18280F0EE676AFEEEC86A16EECD
:10254000900A67EE867A0631544BF5EEC07A43F86E
:102550002100F1EE10FA6BD4F7EE006AF4EEE67AA1
:10256000F1EE10FA59DD4FF480334D484D4F002EF7
:1025700008BF3846002A28634B4840F8213014DB56
:1025800041F28833DFED496A9A42A8BF1A46484BA8
:1025900007EE902AF8EEE77A67EEA67AFDEEE77A84
:1025A00017EE902A93FBF2F32B6228EE870AB5EE22
:1025B000C00AF1EE10FA3DD4B7EE007AB4EE470A45
:1025C000F1EE10FA37FE000A284604F0D1FAB0EE18
:1025D000490A284604F0F6FA284604F0BFFAF7EE56
:1025E000007ADFED346A9FED347A37EEC80A94F84A
:1025F000903383F00103E0EE267A84F8903367EE9F
:10260000877A67EEA87ABDEC048BFCEEE77AC4ED1E
:10261000E57AF8BDDFED297A49E7DFED1E6AF4EED1
:10262000E67AF1EE10FA0ADD214B9EE7204888E7B2
:1026300000239AE79FED210AC6E7214881E7DFEDF5
:10264000166AF4EEE67AF1EE10FA01D51C4B8CE72F
:10265000F0EE676AFEEEC86A16EE903A85E700BFB4
:1026600018FCFFFF00007A44CDCCCC3DCDCCCC3F54
:102670001B2F5D3E6F12833B00003443D7A3703F96
:10268000C2F5A83E666606C0CDCC4C40CDCC4C3DD4
:102690006666E63E00FEFF4600FEFFC66031012092
:1026A000FEF43900A3182B000C5601206666304258
:1026B0000000FF7F6666263F0000504200000000D9
:1026C0000000018090F89C332DE9F04F04462DED79
:1026D000068B89B0002B40F0EE802378052B04D0C8
:1026E00094F84C32002B40F0B280D4F814341B68BC
:1026F000022B00F0B58094F82D30002B4CD02578BB
:10270000002D00F04B82A16A04F1140003F050F890
:10271000002870D194F82D30002B3DD02578052D60
:1027200035D8DFE815F0D201DB001B0106002802D6
:10273000EF0194F82C50002D00F0718394F8843050
:1027400013B12046FCF7CAFF94F8D83013B12046E5
:10275000FDF79CF8D4F8103440F6B830DFED7A7A03
:1027600041F2883193ED007A94F88450B4EEE77A20
:10277000F1EE10FAABBF3C270746DC260E46002DD3
:1027800000F02E8394F8D850002D00F0388209B064
:10279000BDEC068BBDE8F08F94F83D30002BBDD02A
:1027A00094F83C209A42B9D9216D04F1400002F01E
:1027B000FFFF0028B2D094F82E300120634A002198
:1027C00003EB0313D4ED157A84F82D0004F1140003
:1027D00002EB830393ED0A7A67EE877AC4ED157AEC
:1027E00002F0CCFF04F15800002102F0C7FF2046A0
:1027F000FDF7A2FB92E7D4E9F7230021D4F8D40334
:1028000051625962D4F8D823D4F8F43381619161CC
:10281000596294F83D3094F83C20013384F82D102F
:10282000DBB29A4284F83D30B8D994F82E5004F1C6
:10283000400002F0A3FF454B05EB051503EB8503B4
:10284000588C998C8842C0F26183206562E72046EB
:10285000FEF794F8D4F814341B68022B7FF44BAFC6
:1028600094F8AD3353BBD4F81034DFED397A93EDDF
:10287000007AB4EEE77AF1EE10FA0DDB354B012168
:10288000D4F8B8231B6884F8AD139B1AB3F57A7F8C
:1028900002D32046FCF7FCFC94F8A83313B1204681
:1028A000FCF7DAFB94F8A933002B3FF424AF204661
:1028B000FCF760FC1FE7FFF77FFD0EE7D4F810344C
:1028C000DFED217A93ED007AB4EEE77AF1EE10FABB
:1028D000E2DA204B0021D4F8B823D3E71E4B1E6860
:1028E000002E3FF454AF2046FFF790FC0321304602
:1028F000FCF782F9074600283FF449AF0021304633
:10290000FCF77AF9B8B172794FF4C073B3FBF2F304
:10291000327902FB03F3F268B2FBF3F3D4F8F4224A
:102920009A4208D0C4F8F43294F8F032013303F03C
:10293000030384F8F032B4F8EC32002B00F0F68296
:10294000013BA4F8EC3222E76666663F00330020C4
:10295000D7A3703F006001202C35012094F82C3063
:10296000002B00F0208204F54B756421284602F00C
:102970001FFF002840F08E8194F82C30002B3FF48C
:1029800006AFB74BB7EE008ADFEDB66AB6EE006A67
:10299000D3ED007A04F5457594EDCF7AB0EE489A00
:1029A000F8EE677A94EDC30A77EE088A9FEDAEAA37
:1029B000A7EE069AC7EEA69A28EE800A20EE0A0A2B
:1029C00020EE290A0AF044F8D4EDC46AD4EDC17AA5
:1029D00068EEA68A94EDBF7A69EE277AF0EE486A2F
:1029E00068EE8A8AE7EE806A28EEA90A66EE878A90
:1029F0000AF02EF8D4EDC27A322194EDC07A28463E
:102A000069EE277AF5EEC08AA7EE808AF1EE10FA19
:102A100048BFDFED968A28EE078AB5EEC08AF1EE50
:102A200010FA48BF9FED918A02F0C2FE00283FF4E1
:102A3000AEAED4EDC97A9FED8E7A78EEE77AF0EEFD
:102A4000E77AF4EEC77AF1EE10FA0BDCD4EDCA7A2D
:102A500078EE677AF0EEE77AF4EEC77AF1EE10FAE4
:102A60007FF795AEF5EEC08AD4F8D433F1EE10FAC4
:102A700000F15A82F7EE007AF4EEE78AF1EE10FAEE
:102A800040F3AC834FF48032B5EEC08A9A61D4F83B
:102A9000D833F1EE10FA00F14582F7EE007AB4EE89
:102AA000E78AF1EE10FA40F392834FF4803200216E
:102AB00028469A61C4EDC98A84EDCA8A09B0BDEC82
:102AC000068BBDE8F04F02F059BE94F85812D4F8C6
:102AD0001034002973D0F6EE087A93ED007AB4EE44
:102AE000E77AF1EE10FAC0F2A280251D616A28464D
:102AF00002F05EFE00283FF44AAE0021284602F0B4
:102B00003DFE6BE094F82C30002B00F081812046D4
:102B100004F50475FDF7DEFF5648D4F8EC3304F5F0
:102B2000A471D4F8D42300902046FEF727FD524824
:102B3000D4F8F03304F5D671D4F8D82300902046A9
:102B4000FEF71CFDD4F82012284602F031FE0028C2
:102B500040F03881D4F83C1104F5967002F028FE5C
:102B600000283FF414AE204609B0BDEC068BBDE84A
:102B7000F04FFEF705BE94F82C30002B3FF407AE63
:102B80000023D4F8F413D4E9F50283619361D4F8F7
:102B9000FC234B62536284F82C30F8E504F15806AC
:102BA0000221304602F004FE00283FF4ACAD30466E
:102BB000294602F0E3FD2046FDF7BEF9A3E5DFED6F
:102BC0002F7A93ED007AB4EEE77AF1EE10FA2EDB6D
:102BD0000123201D84F8583202F0D0FD4FF4FA6131
:102BE0004FF47A7005F0C6FD01210346204663626A
:102BF00009B0BDEC068BBDE8F04FFDF76DBB04F5E9
:102C00008278D4F80011404602F0D2FD00283FF44B
:102C1000BEAD2046FDF700FD2946404602F0AEFD60
:102C20003146384605F0A6FDC4F80001AFE50025A1
:102C3000261D616A304684F8585202F0B9FD00281A
:102C40003FF4A5AD2946304602F098FD42F6E0611A
:102C50004FF47A6005F08EFD29460346C6E700BFB3
:102C60000060012000007A44DB0FC9400000000032
:102C70000AD7233C6C3C0120A43C0120CDCC4C3F26
:102C800000002F44000096430000A04200D0894677
:102C9000936515380021284602F070FDD4F81034F1
:102CA000D3ED007AF5EEC07AF1EE10FA00F19D82D4
:102CB000B7EE007AF4EE477AF1EE10FA77FE277A53
:102CC00094F84033002B40F075820123C4EDCF7A95
:102CD00084F840331FED166AF1EE046A1FED178A7F
:102CE00094EDD17AA7EE868A78EE477AF0EEE77A0D
:102CF000F4EEE67AF1EE10FA7FF73EAEF3EE047AE8
:102D0000D4F8EC53B4EEE78AF1EE10FA00F1EE825B
:102D10005FED227AB4EEE78AF1EE10FA00F36683F3
:102D20001FED250A28EE000AF0EE407AFEEEE07A6A
:102D300017EE906A09F08CFEF0EE407AFEEEE07A33
:102D400017EE903A5FED307AB3EE047A78EE277A98
:102D5000C5E90663F4EEC77AD4F8F063F1EE10FA31
:102D600000F1B5821FED377AF4EEC77AF1EE10FA72
:102D700000F33F831FED3A7A67EE877AB0EE677A09
:102D8000B0EE670ABEEEE07A17EE105A09F060FE68
:102D9000F0EE407AFEEEE07A17EE903AC6E906537E
:102DA00084EDD18AE8E52046FEF712FFD4F804044A
:102DB00047F23333D4F80814012203620B6284F81B
:102DC0002C20D0E594F84D32002B00F0A28094F82E
:102DD0004E32042B00F09D802046FEF77FF9B9E6C5
:102DE00004F1B008D4F8AC10404602F0E1FC002831
:102DF0003FF4C8AC2046FDF709FB2946404602F0E7
:102E0000BDFC3146384605F0B5FCC4F8AC00B9E469
:102E10002046FDF707FD012384F82C3077E60122D8
:102E2000D54BD4F8001484F82C204FF480321D6266
:102E3000DA619D61D14BD4F8F403D4F8D8639D6175
:102E4000D4F80484D4F808E48586DFF850938D869E
:102E5000C3E90725D4F8D433D4E9FBC79D61B56134
:102E600045F62846D4F8F833C8F82060CEF820603C
:102E700040F6377ECCF81890A9F2E479DFF8208389
:102E800047F23336CCF81C90CCF82480DFF814C31A
:102E9000C7F82480C7F818C0ACF6842CC7F81CC04B
:102EA00041F2D3674262C76141F66F605E62D861EA
:102EB00004F19C00C1F81CE0D4F8FC334A622946B6
:102EC000C3F81CE05E6202F059FC294604F1F000F0
:102ED00002F054FC294604F1B00002F04FFC2946F0
:102EE00004F5827002F04AFC41F2883140F6B830B5
:102EF00005F040FC034641F2883140F6B830C4F892
:102F0000AC3005F037FCC4F8000117E405F032FCE2
:102F10009BE44FF47A7300212846C4F8203202F073
:102F20002DFC17E60022C2E50022ADE50321304664
:102F3000FBF798FE03215FFA80F83046FBF7E6FEC8
:102F400003215FFA80FA3046FBF73EFFD6ED007AA8
:102F5000DFED8B6A9FED8B7A77EEE67A3379069018
:102F6000012BC7EE878A38BF0123434598BFB8FBC2
:102F7000F3F5F5EEC08AF1EE10FA00F19D81F7EE5F
:102F8000007AF4EE678AF1EE10FA77FEA88AD4F898
:102F90001034F6EE007A93ED008AB4EEE78AF1EE93
:102FA00010FAC0F22581DFED787AB4EEE78AF1EE0F
:102FB00010FA80F21D8194F8F88208F1FF385FFA68
:102FC00088F8B8F1040F00F26A8194F8F02208EB57
:102FD0008803DFF8D491A2F1020209EB8303B2FA6D
:102FE00082F20493520904992046FEF7A5FCD4F816
:102FF0000C3405901B68B3F5D27F0EDA94F8EE32EC
:103000005BB1624B03EB4013B3F908301D2B04DCBA
:10301000142303FB08935B7A05936421002005F0D9
:10302000A9FB182894F8F0224FEA880BCCBFF7EEE2
:10303000009ADFED579A0BEB0803032A9FED559A90
:10304000B7EE007A09EB830328EE899AD97A94F8CF
:10305000F93237EE497A11FB03F14F4BA3FB0131F3
:103060004FEA511308BF03EB911307EE903A0BEBB5
:103070000803F8EEE77A09EB83035A7B67EE877A59
:10308000FDEEE77A17EE903A5F2BA8BF5F2303931C
:10309000002A40F01481DFED3C7AB4EEE78AF1EECD
:1030A00010FA07DABAFBF5F305FB13A313F0FF0AD6
:1030B00000F05B81D4F80C341B68B3F5D27FC0F20A
:1030C000C38064210020079205F054FB039B079AFC
:1030D000834240F3B980DFED2C7A64210020B4EE06
:1030E000E78AF1EE10FA80F2F58005F043FB1D2827
:1030F00040F3ED81362840F3F2814F2840F30E82F1
:103100005D2800F30182B0EE690A069A0499204610
:10311000FEF7F0FCD4F80C341B68B3F5D27F80F2D4
:10312000E88094F8EE32002B00F01181013B022080
:1031300084F8EE32DFED147AA4F8EC02B4EEE78AFC
:10314000F1EE10FABFF623AB0BEB080309EB830398
:103150001A7B642A3FF41BABB4F8EC3202FB03F396
:10316000632B40F200810C4AA2FB0323C3F34F13ED
:10317000A4F8EC32FFF70BBB6C3C0120A43C01200F
:1031800000007042000082423333333F5836002043
:10319000CDCCCC3ECDCC0C3F1F85EB51C894470223
:1031A00000515E4374F08102842D0020CDCC4C3D53
:1031B0000000000094EDCF7A5FED046A37EEC76A35
:1031C000F0EE477AE6EE267AC4EDCF7A82E5F0EEAD
:1031D000487AFEEEC87A17EE902A68E4F0EE687A34
:1031E000FEEEC87A17EE902A4EE45FED0F7A67E59F
:1031F00094F8F88208F1FF385FFA88F8B8F1040F04
:103200004CD8DFF86C9308EB8803002709EB8303A5
:103210000493DFEDCB7A94F8F022B4EEE78AF1EE76
:1032200010FAC0F28280F7EE009A4FEA880BBAFBE0
:10323000F5F313F0010F08EB880309EB830314BFC8
:103240009B7A5B7A0593F6E6002A74D1059B0A2BDC
:1032500005D8B0EE690A19462046FEF7B9FEDFED43
:10326000B87AB4EEE78AF1EE10FAFFF653AF039E98
:10327000642100201436502EA8BF502605F07AFA9B
:10328000B042C0F2F580D4F80C341B68B3F5D27F9D
:10329000FFF647AFA4F8EC52FFF779BA002794F88D
:1032A000EF82DFF8CC92B8F1040F40F242814FF088
:1032B0000008CDF81090ACE7DFEDA28A67E60121A7
:1032C000002001EB420105F055FA0246E3E69E4B71
:1032D0009E4D63E505F04EFA3128B0EE690A00F321
:1032E0008B8005992046FEF7B7FFC0E7964B974EB7
:1032F00028E5002F00F086804FF47A71002005F059
:1033000039FA07EE900ADFED926AF8EEE77A87EE77
:10331000A67AB4EEC79AF1EE10FACCBF02230123CD
:1033200015FB03F3A4F8EC320EE7A2F10202B2FAA5
:1033300082F2520957E62346002693F85C121033B6
:10334000002900F0AD800136082EF6D187E7032171
:10335000012005F00FFA142184F8EE02082005F090
:1033600009FA80B2E6E6012302E76421504607929B
:1033700005F000FA2228079A3FF79CAED4F8100413
:10338000B6EE007A9FED73AA5346D0ED006AB0EE18
:10339000690ADDED067A2046A6EE8A7A0599F8EEEE
:1033A000677A67EE877AFCEEE77A17EE90CA944464
:1033B0006246FEF795FAD4F81034F0EE4A7A9FEDA3
:1033C000667AD3ED006AE6EE877AF5EEC07AF1EE22
:1033D00010FA00F1AB809FED617AF4EE477AF1EEDE
:1033E00010FA77FE277AC6ED027A93E65C4B5D4EC3
:1033F000A8E45B4B5B4DD1E4DDE904122046FEF707
:1034000067FF34E738460A2105F0B4F9022875DC75
:10341000012015FB00F0042185B2002005F0AAF977
:10342000002863D04FF47A71002005F0A3F907EE6D
:10343000900A9FED476AB8EEE77ADFED487A68EECA
:10344000A77AC7EE066AF4EEE76AF1EE10FA0CD539
:1034500007EE905AB7EE087AF8EEE77A67EE877AC9
:10346000FCEEE77A17EE903A9DB2A4F8EC526BE6C8
:10347000049901222046FEF75FFA069B06460320C8
:103480001946B3FBF0F005F075F99FED370A0246D7
:10349000314629EE800A01232046FEF721FAF2E6A2
:1034A00004EB0616059B04F537708A4686F85D32F4
:1034B0000123C6ED989A86F85C32079202F06CF907
:1034C000079A86F868A21044C6F86402C7E6B0EE10
:1034D000690A069A04992046FEF77CFA1AE6B0EECD
:1034E000690A05992046FEF7B7FE13E6042102207B
:1034F00005F040F910FB05F5ADB293E70521022078
:1035000005F038F980B284E79FED180A2046069A44
:1035100029EE800A0499FEF729FCFBE5B0EE690A62
:103520002046DDE90412FEF7D3FEF3E5DFED057A70
:1035300059E708EB880309EB8303049369E600BFAE
:103540003333333F00000000DE571700DF5717000A
:1035500000007A44EC51383E8FC2F53D3333B33E20
:10356000008C3C4B00BE6C506666E63ECDCC4C3FBA
:10357000842D0020F8B50123002600F55C77044671
:10358000A0F89C330D4680F890633146384602F02F
:10359000F5F8314604F5607002F0F0F8D4F80C3418
:1035A0001B68002B42D05A0802F52F62934235D98E
:1035B00041F26802934228BF1346B3F5E16F38BF6A
:1035C0004FF4E163682D29463846C4F8983328BF84
:1035D0006821342938BF3421C4F8941302F0D8F894
:1035E0001449154AF7EE000A9FED140AD4E9F903CD
:1035F000016301F56D2101F65B411963022102624D
:1036000020461A62FEF732FC2046F7EE000A9FEDD4
:103610000B0A0321BDE8F840FEF728BCB2FBF3F229
:10362000082A28BF082202FB03F3C1E74FF42F63E7
:10363000C8E700BFA3182B0014F40400000000002A
:1036400038B590F89C3303B938BD0446002500F521
:103650005C702946A4F89C5302F090F8D4EDE87A07
:10366000F5EEC07AF1EE10FA11D4B7EE007AF4EE6E
:10367000C77AF1EE10FA02DD4FF4803507E09FEDD6
:10368000287AF4EEC77AF1EE10FA29DD254DD4ED53
:10369000E97A254BF5EEC07A1D62F1EE10FA1DD4E1
:1036A000B7EE007AF4EEC77AF1EE10FA02DD4FF4CD
:1036B000803307E09FED1A7AF4EEC77AF1EE10FA44
:1036C00017DD184BF7EE000A184A20460321136253
:1036D000B0EE600ABDE83840FEF7C8BB0023F1E752
:1036E0009FED137AF4EEC77AF1EE10FA0AD5114D78
:1036F000CDE79FED0F7AF4EEC77AF1EE10FA08D518
:103700000C4BDFE7B0EE677ABEEEC87A17EE105AC0
:10371000BDE7B0EE677ABEEEC87A17EE103AD1E791
:1037200000FEFF460000FF7F603101200C560120A3
:1037300000FEFFC60000018070B5139E0446C0F86D
:10374000D01000254FF07A51C0F8A45080F8B45042
:10375000C0F8B85080F8CE50C0F8C41026604FF0C2
:103760000816C4E93523049B4822C4E92F66C4F82F
:10377000DC30254E059BC4F8A8600226C4F8E03072
:10378000069B84F8AC600026C4F8E430079BC4F8BC
:10379000B060C4F8E8301D4E089BC4F8C8604FF60E
:1037A000FF76C4F8EC30099BA4F8CC60C4F8F03084
:1037B000DDE90B100A9BC4F8FC00201DC4E93D3173
:1037C0000D9B2946C4F800310E9BC4F804310F9BB1
:1037D000C4F80831109BC4F80C31119BC4F81031A7
:1037E000129BC4F81431149BC4F81831159BC4F80B
:1037F0001C310AF013FE5822294604F14C000AF04D
:103800000DFE204670BD00BF000201010060EA47C6
:103810002DE9F843002504462DED088BB7EE008A0C
:10382000DFEDC68A2F46012DEBB200F0AB80022BF4
:1038300000F0A580002B78D0D4F8DC60A368002BC2
:1038400078D004223762F3627286013543F2333353
:10385000042D7362E7D1D4ED0D6A002294ED0E7A47
:103860004FF6FF709FEDB66A01274FF08A764FF052
:103870008045012AD3B255D0022B50D0002B4BD01B
:10388000D4F8EC10F5EEC06AF1EE10FA42D466EE10
:10389000867AFCEEE77A17EE903A0733DB0883422C
:1038A0009C4628BF8446A1F82AC09BB3B5EEC07AD7
:1038B000C1E90B65F1EE10FA2AD467EE067AFCEE48
:1038C000E77A17EE903A0733DB0883429C4628BF1D
:1038D0008446A1F834C0DBB10132042AC9D194ED89
:1038E0000B7ADFED987AD4F8F820B4EEE77AF1EEAF
:1038F00010FA4AD4F1EE047AB4EEE77AF1EE10FA57
:1039000040F3CC809048D4F8FC100346506241E06C
:103910008F86E1E74F85C9E7D4F8E010B2E7D4F825
:10392000E810AFE7D4F8E410ACE7A368D4F8D060AF
:10393000002B86D1B4F90C2033620B2A1346728611
:1039400000F038810C2A00F02A81093B9BB2012B40
:1039500040F23881052A7FF478AFD4ED047AF5EE91
:10396000C07AF1EE10FA00F12381F4EEC87AF1EE9C
:1039700010FA40F32F814FF0FF33B36265E7D4F8BC
:10398000D8605BE7D4F8D46058E77048D4F8FC10EE
:1039900003465062D4ED0C7A41F6A120D4F8002100
:1039A000F5EEC07A4B62D061F1EE10FA00F1EF80D3
:1039B000B7EE007AF4EEC77AF1EE10FA7FDDD4F8B4
:1039C00004114FF4803342F23D201362C861604D10
:1039D0000B62286870B1DFED5F0A042194ED0F0AD5
:1039E000F9F7F8FFDFED5B0A94ED0F0A052128686F
:1039F000F9F7F0FF94ED100A0025DFED577AD4F8BF
:103A0000080120EE270A554EEBF768FC94ED100AEA
:103A1000DFED537AD4F80C0120EE270A9FED4DBA62
:103A2000EBF75CFCFFEE007AD4ED119A9FED4DAA06
:103A3000B0EE679ADFED4C8A69EEA77ADFED4BAA0C
:103A4000DFF83091F4EEC97AD4E93C78F1EE10FA5F
:103A5000474C1ED4B7EE000AF4EEC07AF1EE10FA2D
:103A60003EDD0023AA1D47F82230F0EE407AFEEE3C
:103A7000C87A17EE903A032D48F8223053D0F6EC6E
:103A8000017A013569EEA77AF4EEC97AF1EE10FAFF
:103A9000E0D5B0EE4B0A4FF48033E3E7F7EE006A6F
:103AA000D4F8FC10C6EE877AB0EE677ABEEEC17A23
:103AB00017EE103A82ED097AC8BF234B6AE7B0EEE1
:103AC000677AD4F8041142F23D20BEEEC87A17EEB0
:103AD000103A82ED087AC8BF4FF48033C86176E7A8
:103AE000B6EE008AA7EE888A28EE0A8AB0EE480A67
:103AF00009F0B2F8B4EEE80AF0EE40BAF1EE10FACE
:103B00003ADDB0EE480A08F0A3FF2346B4EEE80A17
:103B1000AA1D47F82230F1EE10FA08DD2346032DE6
:103B200048F82230ABD1BDEC088BBDE8F883B4EE89
:103B3000EA0AF1EE10FA98D54B469CE70000804F58
:103B4000666630423333333FD0CCCC0C00B76D5B6C
:103B5000C8330120000000007B142E3E34360020C4
:103B60001F856B3EDB0FC93F00FEFF4600FEFFC610
:103B70000000FF7F00000180B4EEEA0AB0EE480AC0
:103B8000F1EE10FA2DD508F063FF4B46BEE7D4F8EE
:103B90000411002342F23D201362C86117E7B26AA4
:103BA00006F13800F16903F023FFB4F90C20D1E6E7
:103BB0000023E2E6F16906F1380003F05DFFB4F995
:103BC0000C20C7E6F16906F1380003F0ADFEB4F948
:103BD0000C20BFE667EEA87AFCEEE77A17EE903A83
:103BE000CBE608F035FFF0EE6B7AFEEEC87A17EE02
:103BF000903A8BE72DE9F04FD0F818B1A1B00990B9
:103C000015910F92BBF1000F00F039819BF859908C
:103C1000A9F10303012B00F232810023DBF88410A9
:103C2000AF4A1846189316931B931093CDF804B01F
:103C3000AC4F12910690CDE9193382FB0132CB17BC
:103C4000C3EB620202EB4203A1EB83020BF15A03C6
:103C50000E9209F1FF3253FA82F20A92099AA2EB0C
:103C60008203A3F5927213926FF05702A2EB0B023C
:103C70001492DBF89C201192DBF898200492DBF878
:103C8000942005920BF15902CB4602920023302179
:103C9000CDE91D331F931793029B13F8012F029355
:103CA00003E00131492900F0CA80A7FB0103DB08CA
:103CB00003EB4303A1EB83039342F2D1149BABF1DB
:103CC0000206019A17AC53FA86F6029B0DF1700EAC
:103CD0004FF001099D1A1E44F046A446593D0A467C
:103CE0001C918DF85C9001980132B5FBFBF30BFB46
:103CF0001353034493F85A0000E00132A7FB02A3D8
:103D0000DB0803EB4303A2EB83038342F5D10135C8
:103D100048F8042F0CF8019FB542E4D1BBF1030F22
:103D200003D10C318DF85F901F91049A4FF0010C74
:103D3000119B04F10308D24325466FEA030A0B9452
:103D4000D20F64461CAE4FEADA7ADDF848C007921B
:103D5000CDE90CBE9E463CB9A84506F104064CD000
:103D600015F8014F002CF7D0059A0021336840F672
:103D70000209063203950892BCF1000F40F39580CA
:103D8000A3EB0C02002AB8BF5242A7FB02B0C00846
:103D900000EB4000A2EB800229FA02F2D20700F108
:103DA0008680ACEB0300B0FA80F04009019A92F8EB
:103DB000632082B9A2F155320E9D02F1004282FBCE
:103DC000032BDA17C2EB6B0202EB4202A3EB820277
:103DD000AA4208BF20469E4556D1BAF1000F53D0E3
:103DE0000C330131542BC9B201DC0329C4D1039D2A
:103DF00000230436A8452B70B2D1099B0025DDF8BD
:103E000034E003F15C01139EDDE90B4B201D14F837
:103E1000013B002B4DD11E3584420EF1040E01F101
:103E20000101F4D10321002004F0A4FC069B2844E6
:103E3000002B4BD0109B984248DB01230693029B3A
:103E40000A9A93427FF422AF069BC3B10F9A159F43
:103E5000141D07F110039A4238BFA7422CBF01245A
:103E6000002441D318AE169D0FCE38602046BA60AC
:103E70000F9A7960FB60156021B0BDE8F08F0024D7
:103E8000204621B0BDE8F08F049A9A4202D1079AE9
:103E9000002AA5D1059A002A02DB089A9A429FDAE5
:103EA00000289DD1039D336056E7002093E720460C
:103EB0007CE70B78002BAFD0DEF8003056F82120DD
:103EC0009B1A002BB8BF5B421D44A5E7179B18AC9B
:103ED000109016931CAB0FCB84E80F00ADE700BF2A
:103EE000ABAAAA2AABAAAAAA159B18A90F9A16AC24
:103EF000181F0C33013A51F8045B40F8045F9842F4
:103F000014F8015B02F8015FF5D1069CB8E700BF29
:103F1000BC4B1B682DE9F04F82460F4691462DEDB4
:103F2000048B85B0002B00F0158190ED2C0AF7EE84
:103F3000000A1846F9F766F9282838BF2820C3B2C6
:103F4000039309F1FF390125DFEDAF8A0AF1140867
:103F50006C1E19F8013F9FEDAD9A0AF15C06DFED8A
:103F6000AC9A4FF00C0BE4B263BB3278D2B1A54AE5
:103F7000106830B100EB0B02052100921A46F9F7E8
:103F8000C1F9012C00F00481022C00F0FE80002C0D
:103F900000F0F880DAF8EC0002F058F800233370F3
:103FA00086F84430042D74D0013519F8013F08F12A
:103FB00004080136EDB204370BF1030B6C1EE4B2BA
:103FC000002BD2D03A68B0EE000A924B82F3070180
:103FD000D8ED000A029203EB8103C0EEA80A93ED2C
:103FE000008A08F0A5FB3378029A28EE008A002B9D
:103FF00054D0D8F838309A42D4D0DAF81C311B6843
:10400000082B00F0AA80052B40F2A780012C00F0BD
:10401000C280022C00F0C880002C00F0D480B5EEE5
:10402000C08ADAF8DC30F1EE10FA5AD4B4EEC98A5C
:10403000F1EE10FA0ADC68EE297A7749FCEEE77AAD
:1040400017EE902AC3ED077A8A424CD9724A012CA6
:10405000DA614FF0000388ED138A86F8443049D1C5
:10406000DAF8E40001F0CAFF664C206860B1B0EEF7
:10407000480AF9F78DF8024620680521039B00EBFA
:104080000B040094F9F73EF93B68042DC8F838306A
:104090008AD105B0BDEC048BBDE8F08F012C00F097
:1040A000C280022C00F0C880002C00F09E80B5EE8B
:1040B000C08ADAF8DC30F1EE10FA22D4B4EEC98A04
:1040C000F1EE10FA0ADC68EE297A5348FCEEE77A42
:1040D00017EE901AC3ED077A814214D94E49D9617F
:1040E00011E00022DA610023012C88ED138A86F8A2
:1040F0004430B5D0022C60D0002C61D0DAF8EC004E
:10410000B0E70021D961002388ED138A86F8443096
:104110000123C8F838209C4233705DD0022C6DD04A
:10412000002C7DD0DAF8EC0001F068FF354B186800
:1041300000283FF437AFB0EE480AF9F729F8314BC1
:10414000024605211868039B00EB0B040094F9F765
:10415000D9F827E764230393F3E60221002004F053
:1041600009FB00287FF452AF2C4B88ED1B8A1B689B
:10417000C8F87C30D8F84C30C8F85C30012386F899
:10418000443071E7DAF8E00006E7DAF8E80003E720
:10419000DAF8E40000E7B5EEC08ADAF8D430F1EEE0
:1041A00010FA7FF543AF9CE7B5EEC08ADAF8D83055
:1041B000F1EE10FA7FF53AAF93E7DAF8E80051E74D
:1041C000DAF8E0004EE7B5EEC08ADAF8D030F1EE6A
:1041D00010FA7FF52BAF84E7DAF8E40001F00EFF68
:1041E000084B18680028A6D1DEE6B5EEC08ADAF8DA
:1041F000D030F1EE10FA7FF561AF82E7DAF8E8002F
:10420000ECE700BF7C300120000096440044AC463F
:10421000C637BE475CE900200000FE7F0060012039
:10422000DAF8E000DAE7B5EEC08ADAF8D430F1EE79
:1042300010FA7FF543AF64E7B5EEC08ADAF8D830FC
:10424000F1EE10FA7FF53AAF5BE700BF2DE9F84FCA
:10425000514B00F19F0B064600F16004D3F800803B
:1042600000F1A3075D46DFF844912DED088BB7EE12
:1042700000BA9FED4A9ADFED4A9A9FED4AAADFED18
:104280004AAAA5EB0B0A15F8013F5FFA8AFA002B40
:1042900041D0236B94ED040AA8EB030307EE903A98
:1042A000F8EE677A87EE898AB4EECB8AF1EE10FADF
:1042B0003CDB08F0D7F8F0EE408A94ED080A08F0ED
:1042C000D1F830EE680A30EE280A08F063F8D4ED31
:1042D000007A70EE677AF0EEE77AF4EEE97AF1EEC2
:1042E00010FA20DDBAF1010F3ED0BAF1020F50D022
:1042F000BAF1000F4AD0D6F8DC20B4EECA0AF1EECB
:1043000010FA38DDC2F81C9084ED000AB4EECB8AB6
:10431000F1EE10FA07DABD4204F10404B1D1BDECAC
:10432000088BBDE8F88F00232B70F4E708F09AF8AB
:10433000F0EE408A94ED080A08F094F830EE680A2E
:10434000E0EE088AB0EE680A08F024F8D4ED007AAE
:1043500070EE677AF0EEE77AF4EEE97AF1EE10FAB1
:10436000D4DDBAF1010FC0D1B4EECA0AD6F8D42018
:10437000F1EE10FAC6DC60EE2A7AFCEEE77A17EE70
:10438000903AC2ED077A4B45BED9BBE7D6F8D020AC
:10439000B3E7D6F8D820B0E7006001200000E14381
:1043A0000AD7233C0044AC46C637BE470000FE7F18
:1043B00090F8AC30012B10B52DD0022B044651D013
:1043C000854B1A68002A00F0CB8050794FF4C073F7
:1043D0001179D268B3FBF0F301FB03F394F8B40056
:1043E000D4F8B8100128B2FBF3F3A3EB010100F0FD
:1043F000BD80022866D0002800F08480B4F8C22076
:104400008A4200F2B08000229FED740AC4F8B830EE
:1044100084F8B42010BD724801F0BEF9714B07EE6C
:10442000900A93ED007AF8EE676AB8EEC77AC6EEA6
:10443000877AF5EEC07AF1EE10FA06D4B7EE007A7C
:10444000F4EEC77AF1EE10FA7CDDDFED647AF0EE7F
:10445000006AB0EE087A27EEA70AA7EEE67A20EE09
:10446000070A10BDD0ED327A5F4AFCEEE77A9FED85
:104470005F0A126817EE903A012B38BF0123B2FB96
:10448000F3F107EE903A03FB1122F8EE676A07EEAC
:10449000902AF8EE677A87EEA67A37EE077A27EE4B
:1044A000000A08F0D5FAB6EE007AF7EE006AD4ED0D
:1044B000317AA0EE077A76EEE76AE6EE877AB0EE1A
:1044C000670A10BDB4F8C020002A5BD007EE901A2E
:1044D00007EE102AB7EE000AF8EE677AB8EE477AD0
:1044E000C7EE876AF4EEC06AF1EE10FA4ADAB0EE6F
:1044F000006AF0EE087A26EEE67AE6EEC67AA7EED5
:10450000270A10BDB4F8BC20002A43D007EE901A49
:1045100007EE102AB7EE006AF8EE677AB8EE477A2F
:10452000C7EE876AF4EEC66AF1EE10FA32DAB0EE40
:10453000007AF0EE087A26EEA60AE6EEC77A20EEBA
:10454000270A10BDF4EE006AF4EEE67AF1EE10FAF6
:1045500028D4F6EE0C6AF4EEE67AF1EE10FA33DCCB
:10456000B7EE000A10BD9FED1D0A10BDB4F8BE20C5
:104570008A42F5D80222B7EE000AC4F8B83084F8AF
:10458000B42010BD03229FED150AC4F8B83084F89A
:10459000B42010BD0122B7EE000AC4F8B83084F888
:1045A000B42010BDB2EE007A67EE877AF5EEC07ADD
:1045B000F1EE10FAD7D4B7EE000AF4EEC07AF1EEBD
:1045C00010FA7FF744AF10BD37EE677AF2EE007A4B
:1045D00067EE277AEAE700BF2C35012000000000D3
:1045E000603001203CE9002000600120DB0F4940E1
:1045F000A14A13792DE9F047044682B01BB9537ADA
:10460000002B40F0C68094F9CC20002AC0F2CD8067
:1046100007EE902A994ADFED9A6AB8EEE77A1268B7
:10462000C7EE267A002A00F0C78092ED1B7A002B95
:1046300040F0AB80934B94ED126A67EE807AD3ED35
:10464000005ADFED916A67EEA57A67EE867A67EE2B
:10465000877AF4EEE67AF1EE10FACCBF0125002558
:104660008A4B1A68002A56D0D2F80011D4F810618B
:10467000002900F0FD80002303E001338B4200F0AD
:104680009E8052F833008642F7D102EBC303043315
:1046900093ED007AF4EE477AF1EE10FA13D09FED25
:1046A0007C7AF4EEC77AF1EE10FA00F3A6809FED63
:1046B000797AF4EEC77AF1EE10FA00F19E80C6ED39
:1046C000087AC3ED007AD4F81461002303E00133C3
:1046D0008B4200F0838052F83300B042F7D102EBF6
:1046E000C30393ED017A0433F4EE477AF1EE10FA46
:1046F00011D09FED677AF4EEC77AF1EE10FA79DC0B
:104700009FED647AF4EEC77AF1EE10FA72D4C6ED3A
:10471000087AC3ED007A94F8AB30AB4232D05E4FEA
:10472000386878B39FED587AF4EEC77AF1EE10FA54
:104730000EDC0C2600EB060C0023033605211A467E
:10474000CDF800C0F8F7DEFD182E19D03868F1E773
:10475000F7EE000A04F15B09F8F754FD282804F18C
:1047600060084FF00C0638BF28205FFA80FA19F86D
:10477000012F002A66D1033608F10408182EF6D15D
:1047800084F8AB5002B0BDE8F0870025DFED437A36
:1047900066E7D268131F18BF0123002A94F9CC20C2
:1047A000B8BF0023002ABFF633AF344ADFED3C7AAE
:1047B0001268002A7FF439AFB7EE007A37E7202974
:1047C0002FD0C8004F1C031D42F8316010443549FA
:1047D000134441603946C2F8007159E7202B0FD0CD
:1047E00002EBC3012F4842F833604860591CC2F8FD
:1047F000001174E786ED087A8BE786ED087A60E7AA
:104800009FED237AF4EEC77AF1EE10FA2DDC9FEDDE
:10481000217AF4EEC77AF1EE10FA26D4C6ED087AC2
:1048200079E79FED1B7AF4EEC77AF1EE10FA19DC06
:104830009FED187AF4EEC77AF1EE10FA12D4C6EDB5
:10484000087A40E798ED000A3868F8F7A1FC0246BC
:1048500038685346052100EB060CCDF800C0F8F788
:1048600051FD88E786ED087A2DE786ED087A52E754
:10487000042301270846A7E76C11012088100120B6
:104880000000C84254E900206F12833A442A0120F4
:1048900000FEFF4600FEFFC67C3001200000000045
:1048A0009A99193E000080BFD0F8183170B50446BF
:1048B0002DED048B86B0002B00F0928093F8A120A0
:1048C000002A00F08D8090F8CE200ABB90F8AA1044
:1048D0001A6F002940F09680D0F8A430934217D088
:1048E00090F8A83090F8A9000133C4F8A420DBB2F6
:1048F000984284F8A83008D884F8A81001AA02A920
:104900002046FFF777F900287FD1002384F8AA30EA
:104910002046B7EE008AFFF799FC2046FFF748FDD6
:10492000204684ED2C0AFFF763FED4ED097A94ED5E
:104930000A7AB3EE046AD4ED2C6A37EE677ADFEDBB
:10494000375AD4F8F860A6EEE58AE7EE267A28EE24
:10495000278AB4EEC68AF1EE10FA0DD5304B3149F4
:10496000D4F8FC500A461C46B361F161C5E9064221
:1049700006B0BDEC048B70BD9FED2B9AB4EEC98AD6
:10498000F1EE10FA3BDCDFED298ADFED299A68EEC3
:10499000288AB0EE680A08F05BF8F0EE687AB4EEA8
:1049A000C98AD4F8FC50BEEEE00AFEEEE07AF1EEE1
:1049B00010FA86ED070AC6ED067A2CDCB0EE680A1E
:1049C00017EE904A08F044F820EE290AFDEEC07A6E
:1049D00017EE902AC5E9064206B0BDEC048B70BD07
:1049E0009FED140A204684ED2C0AFFF701FE2046B5
:1049F00006B0BDEC048BBDE87040FFF727BC0E4B42
:104A00000E49ADE7C0F8A42078E701AA02A9204624
:104A1000FFF77EFA79E7094A074CA7E7285C8F3E43
:104A2000DF571700DE57170000D089469365153809
:104A30000000004F0000000000BE6C50008C3C4B9A
:104A40002DE9F047076804462DED068B82B0002F54
:104A500000F030813F78052F34D8DFF8988207EBDB
:104A6000C70308EBC30393ED048A07EBC701DFED2F
:104A7000978A4FEAC70904F11405CE0004F1240A0D
:104A8000482208EBC1011436201D04F0E9FB46441E
:104A900042F21171002003F06DFE07EE100AF1EEF4
:104AA000006AB8EEC77AF8EE007A87EE286AE6EE7A
:104AB000267A77EE887AE5EC017A554508D0B6EC8F
:104AC000018AE5E7B9EE008A0027DFF82882CCE703
:104AD00042F21171002003F04DFE07EE900A9FEDA7
:104AE0007C8AB7EE009AF8EEE77ADFED7A9AB9445D
:104AF000002042F2117104F15B0687EEA86A08EB10
:104B0000C9080546DFF8F09198ED097AD8ED086AF2
:104B10002F46D8ED0CAAF0EE487AE6EE297A77EE29
:104B2000897A66EEA76A67EE277AC4ED096AC4ED52
:104B30000A7A03F01FFE07EE900A42F2117128462E
:104B4000F8EEE77A98ED0FAA04F1480887EEA87A04
:104B5000A7EE298A38EE098A28EE2A8A84ED0D8A82
:104B600003F008FE07EE100ADFED5B6A2046B8EEA0
:104B7000C77ADFED5A7A9FED5A8A87EE286AE6EE09
:104B8000267A77EE897A67EE8A7AC4ED107AFEF794
:104B90003FFE16F8012FEBB25AB1012D00F08780CD
:104BA000022B00F08180002B7BD0D4F8EC0001F0C8
:104BB0004DFAD9F8000048B105EB45020023052164
:104BC0000C32024400921A46F8F79CFB013537700C
:104BD00086F84470042D48F8047F88ED058AD8D102
:104BE000012505210220C4F8A47084F8AB5084F894
:104BF000A87003F0BFFD94F9CD3084F8AA50002BC3
:104C000084F8A9005BDBDBB200259FED358A84F8D0
:104C1000AC30112184ED2C8A082084F8B450C4F8FB
:104C2000B85003F0A7FD034619210820A4F8BC30B2
:104C300003F0A0FD034611210820A4F8BE3003F0C4
:104C400099FD034611210420A4F8C03003F092FD21
:104C5000034642F211712846A4F8C23003F08AFDDF
:104C600007EE900ADFED195AF8EEE77ADFED1D6ADC
:104C70009FED1D7A1D4987EEA56A1D48A6EE268A7E
:104C800038EE078A84ED318A03F074FD07EE900A4E
:104C9000F8EEE77AC4ED327A02B0BDEC068BBDE8DF
:104CA000F087D4F8E00082E7D4F8E8007FE7D4F892
:104CB000E4007CE7B9EE008ADFF83880D5E603210E
:104CC000002003F057FDC3B29EE700BF00401C4622
:104CD000CDCC4CBECDCCCC3E9A99993E9A9919BE7A
:104CE00000000000CDCCCC3DCDCC4C3E81A90300D2
:104CF000905F01000C3100207C300120FFF7A0BE46
:104D0000016810B5044619B10978052988BF00214A
:104D1000064B01EBC101201D482203EBC10104F049
:104D20009FFA2046BDE81040FEF772BD0C3100200E
:104D3000002980F8CD1015DB0B4B002280F8AC1059
:104D40001B6880F8B4205BB193F805C04FF4C072C3
:104D50001979DB68B2FBFCF201FB02F2B3FBF2F360
:104D6000C0F8B830704700BF2C35012000000000AB
:104D700005282DE9F84FDA4B05D01A780AB1002240
:104D80001A70BDE8F88F1C78002CFAD10122082196
:104D900020461A7003F0EEFCC5B2072D2B4600F238
:104DA000FA80D04905EB4502AA4601EBC20051F852
:104DB00032704068CC4E0021012286F80432002374
:104DC000C6F810120421D6F800B096F8084286F80A
:104DD000053286F8213286F80622C6F82422CBF85E
:104DE0002030ABF83210002C40F0AD80D6ED833A85
:104DF000DFF8FC920AEB4A02BA4BB7EE005BB91E31
:104E0000023803EBC2089FEDB93AC7F1020709F572
:104E1000007E4A4630F9023F07EB010C07EE103ADC
:104E200031F9023FB8EEC77A06EE103AB8EEC66B1B
:104E300027EE037AB7EEC77A37EE067BBDEEC77B67
:104E400017EE103A1BB2D4B107EE903AD8F8003002
:104E5000B7EEE36AB8EEE77A33F90C3004EE103AB5
:104E600035EE466B27EE237AB8EEC44BB7EEC77A21
:104E7000A4EE067BBDEEC77B17EE103A1BB222F8FC
:104E8000023B9645C6D19A4B01219A4ACBF82C3069
:104E90001068D6F81C32126886F82012D31AC6F8A9
:104EA0001802312B10D9DFED946A96ED8B7A36EE2D
:104EB000C77A9FED815BB0EEC77AB7EEC77AB4EEE2
:104EC000C57BF1EE10FA6EDC1921052003F052FCCF
:104ED00007EE900A9FED7A4BB8EEE76B9FED7A5B99
:104EE00086EE047BB7EEC77BB7EEC76AB4EEC56B40
:104EF000F1EE10FA54D4F7EE007AB4EE677AF1EEE0
:104F000010FA37FE877A7D4B86ED857A1B78002B69
:104F10003FF437AF14217A4806F0E2FD00230A225D
:104F20002946784803F024FB0521774806F0D8FD90
:104F3000022174489FED660B03F02EFB7148BDE81B
:104F4000F84F03F0F9BAF7EE007AD6ED833AF4EEB3
:104F5000E73AF1EE10FA7FF54BAFB7EEE36A9FED5B
:104F60005E5B36EE056BF7EEC63BF4EEE73AF1EE2C
:104F700010FAC0F2978096F807A2F0EE673A1C4646
:104F800086F80622C6ED837A86F8083286F805325E
:104F900086F804A22CE75D48A2462346074609E7A7
:104FA0009FED5B7AAFE7C6F81C22C6ED8A6A96F8D9
:104FB0000622C6ED8B6A34B1F7EE007AF4EEE73ADA
:104FC000F1EE10FA51D453460AEB4A0A454F03EB6F
:104FD0004303B7EE006B02EB4A0257F83A009FED2D
:104FE000433A57F82210821E07EBC307C0F10200B4
:104FF000023931F9023F00EB020C07EE103A32F9A8
:10500000023FB8EEC77A05EE103AB8EEC55B27EE60
:10501000037AB7EEC77A37EE057BBDEEC77B17EE96
:10502000103A1BB2CCB107EE903A3B68B7EEE35AA8
:10503000B8EEE77A33F90C3004EE103A36EE455B01
:1050400027EE237AB8EEC44BB7EEC77AA4EE057B01
:10505000BDEEC77B17EE103A1BB229F8023BCE45D6
:10506000C7D1234BCBF82C302EE7B7EEE36A9FED88
:105070001A5B36EE056BF7EEC63BF4EEE73AF1EE5F
:1050800010FA12DB002496F80732F0EE673A86F841
:105090000612C6ED837A86F8084286F8054286F83D
:1050A000043291E7C6ED833AA2E65346C6ED833A51
:1050B0008AE700BFAFF300807B14AE47E17A843FFC
:1050C0000000000000408F40FCA9F1D24D62503F2B
:1050D000333333333333E33F9A9999999999A93FFD
:1050E000097B01201030002024070120000000006F
:1050F00028070120006001209A99193FEDEB00205C
:10510000102C002090D40020282C0020BC800020EF
:105110006F12833A024B186808B1E1F74BBD704734
:10512000B4FB0020044B1B680BB1002800DA704769
:10513000C1B21846E0F750B8B4FB002008B5002112
:105140001C4800F001FB00211B4800F0FDFA002183
:105150001A4800F0F9FA0021194800F0F5FA002188
:10516000184800F0F1FA0021174800F0EDFA00218C
:10517000164800F0E9FA0021154800F0E5FA002190
:10518000144800F0E1FA0021134800F0DDFA002194
:10519000124800F0D9FA0021114800F0D5FA002198
:1051A000104800F0D1FA00210F48BDE8084000F097
:1051B000CBBA00BF80090120902701206030012078
:1051C000AC56012008600120F4FA0020E42F0120F1
:1051D000303001204CFB0020540901206CFB0020E2
:1051E0003CFB002014070120EC5F01200F2816D89B
:1051F000104B10B50446186878B1032104EB440441
:10520000F9F730FD0C4B03EB84031B7928B123B174
:10521000B0FBF3F203FB12021AB9012010BD00200B
:105220007047B3FBF0F200FB1230B0FA80F0400997
:1052300010BD00BF2C35012014AB00200F282AD848
:1052400000EB4000154A02EB80018300087908B3A7
:10525000002110B5D4584FF0030E421E04EB0E038C
:10526000D2B21EFB023E227801F1010C1C4602F074
:10527000FD02012A08BF5FFA8CF19E4503F103038A
:10528000F1D101EB810101EB81018900B1FBF0F16A
:10529000C8B210BD70470020704700BF14AB00209B
:1052A000002B43D02DE9F047B1FA81FE4FEA5E1E94
:1052B000D1B388424FF0010476464FF05F0728BF14
:1052C0000846A04605461FE0B5FBF1FCBEFBF1FA1F
:1052D000D4451DD04FF04109B2FBF1FC01FB1C2C61
:1052E0000CEB4C0C03F80C809C448CF8017004F11E
:1052F000010A8C428CF8029002F101025FFA8AFCEA
:105300000544864464460FD24FF000090028DBD1E3
:10531000B2FBF1FC01FB1C2C0CEB4C0C03F80C60F9
:105320009C448CF80160E2E7BDE8F087704700BF5D
:105330000021014800F008BA8055012038B5044624
:105340004FF07E5300250160C0F8A0302D22294681
:10535000283084F8A45009F061F82422294604F189
:10536000580009F05BF80E4904F17C0304F1A00237
:1053700043F8041B9342FBD10A4B4FF07E500A497D
:1053800063602362094B0A4D0A4AE16023610A49BE
:105390000A4BE0612046A56061616262A36138BD8D
:1053A000000080BF9A99593F3333B33E0000AA42B0
:1053B0003333333F6666663F3333733F9A99993E82
:1053C00010B504464DF2096229490068EBF7BAFFAF
:1053D00094ED010A2068ECF767F894ED020A206862
:1053E000ECF77EF894ED030A2068ECF7A7F894ED4B
:1053F000040A2068ECF7BCF894ED050A2068ECF785
:10540000E1F894ED060A2068ECF7FAF8B7EE000A26
:105410002068ECF721F994ED070A2068ECF73CF9D5
:1054200094ED080A2068ECF74FF9D4ED097A9FED66
:10543000117AF4EEC77AF1EE10FA09DC9FED0E7ADC
:10544000F4EEC77AF1EE10FA09D50C4B1A4601E0DA
:105450000B4B1A460B480C49C361CA6110BDB0EE34
:10546000677ABEEEC87A17EE103AF2D5034AF1E732
:10547000D0E2202000FEFF4600FEFFC600000180B3
:105480000000FF7FB83001209831012008291AD888
:10549000B5EEC00AF1EE10FA16D4F7EE007AB4EECB
:1054A000670AF1EE10FA37FE800A032903D1DFED17
:1054B000087A20EE270A00EB81020123084482EDDE
:1054C0000A0A80F84C3070479FED020AEDE700BFF2
:1054D0000000F04200000000B5EEC00AF1EE10FA44
:1054E0000AD4F7EE007AB4EE670AF1EE10FA37FE4E
:1054F000800A80ED280A70479FED020A80ED280A95
:10550000704700BF0000000008290CD8DFE801F058
:105510001D322C2F202326290C001C4B1A461C4818
:105520001C49C361CA617047DFED1B7AB4EEE70A1C
:10553000F1EE10FAF1DCDFED197AB4EEE70AF1EEE4
:1055400010FA1AD5164B1A46E9E70068EBF7ACBF1C
:105550000068ECF737B80068ECF752B80068ECF771
:105560009BB80068ECF7B0B80068EBF7E7BF0068DD
:10557000EBF7FEBF0068EBF7B3BFF0EE407AFEEE4C
:10558000C87A17EE903AC9D5054AC8E70000FF7FF0
:10559000B83001209831012000FEFF4600FEFFC612
:1055A000000001802DE9F84300254FF483798046FF
:1055B00000F14B07041D2DED068BDFED3E8A9FEDBC
:1055C0003EAADFED3E9ADFED3EAA9FED3E9A23E034
:1055D00094ED098A032D38D0B5EEC08AF1EE10FAA9
:1055E0004BD4F7EE007AB4EE678AF1EE10FA37FE8C
:1055F000888A082E84ED158A45D0D4ED1E7A78EE7F
:10560000677AF0EEE77AF4EEEA7AF1EE10FA2BDC44
:10561000082E48D00135043417F8013FEEB2002BB4
:10562000D6D129FA05F3DB0741D5F7EE007A94EDE0
:10563000008AD8ED286A032D37EEC87A77EEE67A2D
:1056400067EE877AA7EEA88AC6D188EE0A7AD4EDEB
:105650001E7A78EE677AF0EEE77AF4EEE97AF1EE08
:1056600010FA84ED157AD5DDB0EE480A3146404691
:10567000FFF74AFF84ED1E8ACAE79FED128A082EC3
:1056800084ED158AB9D198F8A430D4ED1E7A002B98
:1056900008FE098A78EE677AF0EEE77AF4EEEA7AA5
:1056A000F1EE10FAE0DCBDEC068BBDE8F88394ED7A
:1056B000008A8FE7CDCC0C3F0000F042EC51B83EA1
:1056C000A69B443B00000000124B4FF07E5200218D
:1056D000114810B4114CC3F8282200221C604FF46A
:1056E0008034A3F8202283F80822C3F81822C3F8D4
:1056F0000C12C3F81012C3F81C2201220849C3F887
:1057000004425DF8044BC3F81412C3F82C02C3F82A
:105710002422704724070120000080BF6871012007
:105720000AD7233C014B1868704700BF0060012076
:10573000034A044B1068A3FB00308009704700BF88
:1057400000600120D34D6210012910B504460DD030
:10575000074B084A022908BF1346A3609847002256
:105760000123206062602046237310BD024BF4E7E2
:105770003D35020049350200256B020038B58368CB
:1057800004460D4698470123C4E90005237338BD3C
:10579000436819444160704738B5037B45682BB1B5
:1057A0000446836898472368ED1A0544284638BDA7
:1057B000037B70B50D4646682BB104468368984755
:1057C0002368F61A0644AE4234BF0020012070BDA3
:1057D0000020704700207047F8B50127027A1E4C60
:1057E0000D46BA40C1F307210646204684F8A5209D
:1057F00084F8307184F82F7106F0EAFAE9B2204695
:1058000006F0E6FA0021204606F0BAFB08B10020B7
:10581000F8BD3B460222317A204606F031FC0128D1
:10582000F5D994F8A22094F8A300824210D2531C18
:10583000A118DBB2897E98424FEA012184F8A23098
:1058400006D923440232987E84F8A2200843F8BD8A
:105850004FF0FF30F8BD00BFA0D40020F8B50127FD
:10586000037A144C242903FA07F30D4608BFC280BB
:105870001646C1F30721204684F8A53084F830711C
:1058800084F82F7106F0A4FAE9B2204606F0A0FAD7
:10589000C6F30721204606F09BFA2046F1B206F037
:1058A00097FA3946204606F06BFBB0FA80F04009C3
:1058B000F8BD00BFA0D400202DE9F0414FF0010851
:1058C0000F461546302144F2600280F804800446F9
:1058D000FFF7C4FF064610B93046BDE8F0816C22E0
:1058E00026212046FFF7BAFF4FF4F97228212046FF
:1058F000FFF7B4FF40F622722C212046FFF7AEFFDF
:1059000044F246423C212046FFF7A8FF40F23712FE
:1059100024212046FFF7A2FF002F6BD0454B3421F6
:1059200020469F428CBF42460022FFF797FF07EEBA
:10593000905A9FED417A3221B8EE676A07EE907A6D
:105940002046F8EE676AB5FBF7F2C6EE267A02F05B
:105950001F0206EE902AF8EEE66A77EEE67A67EE28
:10596000877AFCEEE77A17EE903AC3F30A0343EA2C
:10597000C222FFF773FF44F2FF5230212046FFF7A7
:105980006DFF732202212046FFF768FF4FF4C870B5
:1059900003F068F941F61D522E212046FFF75EFF05
:1059A000072204212046FFF759FFB0220621204696
:1059B000FFF754FF10220A212046FFF74FFF002275
:1059C0000E212046FFF74AFF43F63C4210212046B5
:1059D000FFF744FF47F67F7222212046FFF73EFF84
:1059E000362224212046FFF739FF01233046637217
:1059F000BDE8F08144F2FF0230212046FFF72EFF80
:105A0000732202212046FFF729FF4FF4C87003F0EC
:105A100029F941F61D522E212046FFF71FFF0422CF
:105A200020461146FFF71AFF302206212046FFF7D5
:105A300015FFBFE7406603010000004510B50446AE
:105A400008480EF0C1F9052003F00CF906212046A4
:105A5000FFF7C2FE2046044A0021BDE81040FFF7D0
:105A60002BBF00BFA0D400200040C40A10B50446DC
:105A7000D1B1012901D0002010BD40F273122A21BA
:105A8000FFF7ECFE0028F6D0882220212046FFF701
:105A9000E5FE0028EFD0E2882046242122F004020F
:105AA000BDE81040FFF7DABE55222021FFF7D6FEF1
:105AB0000028E0D0E2882046242142F00402BDE81C
:105AC0001040FFF7CBBE00BF38B5054611B38029A3
:105AD0000CD8C1F180042B7944EA042453B922463E
:105AE00028462221BDE83840FFF7B8BE2B790024B4
:105AF000002BF4D0EA8800232421284622F010024B
:105B00002B71FFF7ABFE224628462221BDE8384024
:105B1000FFF7A4BE012347F67F7222210371FFF72E
:105B20009DFEEA882846242142F01002BDE8384054
:105B3000FFF794BE9FED1F7ADFED1F7AE0EE077A44
:105B400038B50546FCEEE77A17EE904A14B3802C80
:105B50000CD8C4F180042B7944EA042453B92246BA
:105B600028462221BDE83840FFF778BE2B79002473
:105B7000002BF4D0EA8800232421284622F01002CA
:105B80002B71FFF76BFE224628462221BDE83840E4
:105B9000FFF764BE012347F67F7222210371FFF7EE
:105BA0005DFEEA882846242142F01002BDE8384014
:105BB000FFF754BE00000143EE7CFF3E38B50C46B3
:105BC0002E2105460D2C38BF0D241F2C28BF1F2465
:105BD000FFF702FE074B2E2144EA04240340284627
:105BE0001C432246FFF73AFE002808BF0024A0B25B
:105BF00038BD00BFE0E0FFFF2DE9F84FB0F81A8094
:105C000040F262530546868B08F10108984500F280
:105C1000B780B0451FFA88F708F1100400F0B7808C
:105C20000021284602F096F9B04545F824006F831C
:105C300080F0C28008F26354A41BEB8BA34212D203
:105C4000E41A4FF0000A40F2625905EB860701366C
:105C5000386C4E4588BF002618B102F02FF9C7F8FE
:105C600040A0013CF1D1002405F12009AE832B7E38
:105C70002341DB0715D559F82430B8EBD31F03F0C7
:105C80007F0A4FEAD31611D3A8EB0606BAF1000F2C
:105C900012D1103655F8261019B1E2B2284602F09A
:105CA00035F90134082CE2D1BDE8F88F08F26353CE
:105CB0009E1BBAF1000FECD002F0AAF88346002830
:105CC000EFD0071D96B3731E103355F82310A1B300
:105CD00001F5827EAEEB4A0296450ED93846134650
:105CE00033F902CB9E4520F802CBF9D801F2031319
:105CF0009B1A23F0010302331F4410360BF5827206
:105D000055F8261081B3974201F1040105D231F90B
:105D1000023B27F8023BBA42F9D82846E2B259467C
:105D200002F0F4F8584602F0C9F8BAE740F26253BC
:105D3000103355F823100029CAD107EB4A029742C5
:105D4000DBD26FF0040310363846A3EB0B031A4482
:105D500022F001020232174408F060FB55F82610C9
:105D60000BF582720029CED19742D6D20BF20312E4
:105D70003846D21B22F00102023208F04FFBCCE77A
:105D80000027B846B04508F110047FF449AF55F834
:105D9000240008B102F092F8013640F263539E42AB
:105DA0007FF43EAF0021284602F0D4F8002645F8E3
:105DB000240044466F8340E7A8EB06043DE700BF9C
:105DC0002DE9F04F002183B0814602F0CFF8002882
:105DD00000F0118199F81C30B3B300F5827A031DED
:105DE0000190D646B9F81E209ABB99F81C100229DA
:105DF00009D00139062900F2D980DFE801F0BED7C9
:105E00000BA89E866B00B9F82C10A9F81E1000296B
:105E100040F0C2804FF00402B9F82E1089F81C201F
:105E2000D9F83020A9F81E1002F1404292FBF1F29D
:105E3000C9F824207345D5D3DDF8048048460022F4
:105E4000414602F063F8404603B0BDE8F04F02F06F
:105E500035B8013AD9F820101FFA82F8D9F8242071
:105E6000891301EB624101EB624606EB624C0CEBDD
:105E7000624505EB624000EB624707EB624404EBCE
:105E80006242D3E900BA31FB0BF136FB1BF6C1EAE3
:105E900006463CFB0AFC35FB1AF5CCEA0545996839
:105EA00030FB01F037FB11F7C0EA0740D96834FB3B
:105EB00001F432FB11F2C4EA0244C3E90065C3E90C
:105EC0000204D9E908211033A9F81E800A44C9F850
:105ED0002020AFE70022C9F82020B9F82820A9F82F
:105EE0001E20002A6CD04FF00101013A89F81C10E5
:105EF00000211FFA82F80C460A460F4608460D4656
:105F00008C460E46C9F82410BBE700219E45DDF8FB
:105F1000048089F81C1091D908F2031003F11002D3
:105F2000C01A203320F00F00034442E9041142E973
:105F3000021110329342F8D180E7D9F820104FF6C1
:105F4000FE78D9F82420891301EB62418BE74FF0EA
:105F50000502D9F830104FF6FE7889F81C2000228F
:105F6000C9F820108913C9F824200C460A460F46A8
:105F700008460D468C460E4683E74FF002024FF06E
:105F8000804189F81C20B9F82A20A9F81E20B1FB0D
:105F9000F2F2C9F824204DE7C9F824204FF08042DE
:105FA000C9F82020032289F81C2043E7D9F82010E3
:105FB0004FF6FF78D9F82420891301EB624152E7AC
:105FC0004FF002024FF0804189F81C20B9F82A20D6
:105FD000B1FBF2F1C9F824104914013A01EB810038
:105FE0001FFA82F800EB41040F184E0001EB410C40
:105FF0000A198D0045E703B0BDE8F08F72B6037F44
:10600000012B01D9C28EA2B90022038D0262C38383
:1060100053B9428D4FF080430221C2830177B3FB15
:10602000F2F3436262B6704701234262037762B6BD
:106030007047072BF6D0036A0721C2835B420177C2
:1060400093FBF2F3436262B6704700BF72B6037F00
:1060500053B1072B08D0036A0621828E5B42017779
:10606000C28393FBF2F3436262B670472DE9F041BD
:106070000021804601F07AFF04460121404601F0EC
:1060800069FF05468CB3A0B30C3004F10C0105F593
:10609000867C51E9022350E9026712FB36FE2EF39B
:1060A000CF3E12FB06F222F3CF32C2EA0E4213FBBE
:1060B00037FE2EF3CF3E13FB07F323F3CF33C3EAB0
:1060C0000E430830604541E9022301F10801E0D1A7
:1060D00000222146404601F019FF204601F0EEFE65
:1060E0002846BDE8F04101F0E9BE0028F9D1BDE83D
:1060F000F0812046BDE8F04101F0E0BE2DE9F04F0F
:1061000083B0984601F5807BC369DDF830A001902B
:10611000D0E90997D0E90B5431F9026B38463703BF
:1061200053FB14FC05EB8C0C59FB14F53844CCEBF9
:106130006000A0EB850053FB10F604EB860653FBD2
:1061400016F50CEB850559FB16F4A7EB050EAEEB27
:10615000840E53FB1EF406EB8404AC442CF34F3C3A
:10616000264426F34F36704420F34F308B4522F8F7
:1061700002CB28F8026B2AF8020BCDD1019BC3E9B0
:106180000A751C6303B0BDE8F08F00BF2DE9F04F26
:1061900001F5807487B00294846905900394046AC1
:1061A00001930494DDE910BAD0E90997D0E90B64B2
:1061B000049832F9025B00FB05F525F0784000F108
:1061C0000060C00050FB10F0264B50FB13F0013B69
:1061D000ED1603EBC000C5F10605039B284153FBF8
:1061E00010F0214B3D4631F9027B98424FEA0737C8
:1061F000A8BF1846000250FB14FE06EB8E0E59FB9A
:1062000014F63D44CEEB6505A5EB860550FB15FC69
:1062100004EB8C0C50FB1CF60EEB860659FB1CF8AD
:10622000BC1BA4EB880850FB18F00CEB8004B644B0
:106230002EF34F3EA4442CF34F3C454425F34F35F9
:10624000019B23F802EB0193029B2BF802CB8B42BC
:106250002AF8025BACD1059BC3E90A761C6307B040
:10626000BDE8F08FABAAAA2AE71052002DE9F0434F
:10627000002183B0044601F06DFE05460121204651
:1062800001F068FE0646002D3CD001F0C1FD074636
:10629000002853D001F0BCFD8046002837D001F023
:1062A000B7FD8146002850D0031D002E3DD001933C
:1062B00008F104032046321D0093291D3B1DFFF702
:1062C00065FF304601F0FAFD284601F0F7FD002297
:1062D0003946204601F01AFE384601F0EFFD012252
:1062E0004146204601F012FE404601F0E7FD2046FF
:1062F0000222494601F00AFE484603B0BDE8F043D9
:1063000001F0DCBD0028F8D103B0BDE8F0832846D9
:1063100001F0D4FD384601F0D1FD002EF4D0304616
:1063200003B0BDE8F04301F0C9BD00933A1D08F188
:106330000403291D2046FFF7E1FEC5E7284601F0CA
:10634000BDFD002EE0D03046EAE7284601F0B6FD5C
:10635000384601F0B3FD404601F0B0FD002ED3D029
:106360003046DDE7F8B5002705463C46B4B339466C
:10637000284601F0EFFD08B3BB1D04F1040E00F147
:10638000040C55F82360B6F5803F47D000F58271C4
:106390005CF8042B36FB02F336FB12F203F30F0317
:1063A00002F30F02C3EA0243DEF8002093FA12F36D
:1063B0008C454EF8043BEBD101F080FD0137042FF2
:1063C000D4D128462146002201F0A0FD2046BDE898
:1063D000F84001F073BD0137042F3AD03946284602
:1063E00001F0C4FD04460028F5D0BB1D55F823007C
:1063F000B0F5803FE2D0211D04F582760B6830FBBA
:1064000003F230FB13F302F30F0203F30F03C2EAAC
:10641000034341F8043BB142F0D1CFE700F10C0255
:1064200004F10C0300F5867C53F8081C52F8086C44
:1064300091FA16F143F8081C53F8041C52F8046C46
:1064400091FA16F1083243F8041C08339445EBD155
:10645000B2E7F8BD2DE9F84F454B464C186819795D
:1064600004F580750368444AAB42D1770BD2434BA5
:106470001B78002B4BD04FF0E02340222C4605F533
:106480008075C3F808223E4BDFF804A1D3F80080E2
:10649000DFF800913B4BBAF80060D3F800B0B9F8D0
:1064A0000070B8F1000F4FD0BBF1000F21D1B8F14F
:1064B000000F49D008F10401204601EB46014036A7
:1064C00001F06DFBBFF34F8F4FF0E022C2F8704F29
:1064D0002034AC42FAD3BFF34F8FBFF36F8F7F2EC0
:1064E00026D8AAF800607F2F15D8A9F80070BDE85B
:1064F000F88F0BF1040208F10401204602EB470279
:10650000403701EB4601403601F02AFBDAE72C4622
:1065100005F58075B7E700245846A9F8004001F05A
:10652000CDFC194B1A681C60164B1A60BDE8F88F39
:1065300000244046AAF8004001F0C0FC134A104B6A
:10654000116814601960CEE7BBF1000F08D00BF1A1
:106550000401204601EB4701403701F040FBB1E761
:106560004FF480725946204607F058FFAAE700BF53
:1065700030F50020003B242000800E40FA7A0120F4
:1065800020F5002028F500202CF5002024F500201F
:10659000D67A0120D87A012038B50021044601F0CE
:1065A000D9FC88B172B61C4A1368002B2BD01B494A
:1065B0000D68002D2CD0156008600021184A11804C
:1065C00062B6184601F07AFC0121204601F0C2FCB7
:1065D00098B172B6134A136883B113490C6854B169
:1065E00014600024114A0860148062B61846BDE8A1
:1065F000384001F063BC086062B638BD0B491060DA
:106600000B8062B638BD064910600B8062B6DBE7CE
:10661000086062B6D8E700BF20F5002024F500200E
:10662000D67A012028F500202CF50020D87A012008
:1066300010B5044601F022FE204610BDF8B52D4CE1
:1066400005462D4AE36F43F44023E3679368002B2C
:1066500046DBD2F88830002B42DB002342F2107276
:106660004FF40C611C200DF0B3FBE369234A23F4C3
:106670004063234943F40063E361A36A1A40214B5A
:1066800042F0CE02A2624A68134043F400234B60FA
:106690002DB91D4B0322C3F82021C3F824211A4E23
:1066A0000327154B0124C6F8287100254FF48030CC
:1066B0001649174A174E1D66DC601E6158619961C4
:1066C000DA61C3F8E050C3F88C4004F1E064C3F829
:1066D0009040C3F89400C3F89810C3F89C20F8BD0C
:1066E000002DFCD1084B0322C3F82021C3F824213C
:1066F000F8BD00BF00C00F400040384000FEFFFF63
:1067000000C00A40F8FFF7FF00801F401B1F010078
:10671000001F1F1F0100004770B5264D00240121F6
:10672000254E284601F050FD244A254B2046146092
:106730001C60FFF783FF234B0321234A0220C3F889
:1067400080112B6821491A604FF480729C61DA82B3
:10675000DA8306229C829A831D4ADE601A61C3E9AD
:10676000011029791B480FFA81FC1B4B40F82C4083
:1067700040F82C30194B1A48D976D2F86630194CAB
:1067800043F01043C2F8663042F81A0C01F0FAFCEC
:106790002A79154B0121207002F1100003EB5213EE
:1067A00002F01F02114C91409B00114A42F8204018
:1067B000196070BD30F5002000FEFFFF20F50020BD
:1067C00028F5002000801F40003B2420020001012A
:1067D0002240384000C00E401400008000800E406F
:1067E00001000090FA7A0120403800386D42020022
:1067F00000EC0020024A0349034805F0BFBA00BF7D
:1068000088D800204944020030F500202DE9F041ED
:10681000044601F0FDFA002800F096800546237E2C
:10682000043005F5827CDBB9E269C2EA224205F157
:10683000240305F5927143E9082243E9062243E95E
:10684000042243E9022220338B42F4D12046294618
:10685000002201F05BFB2846BDE8F04101F02EBBB1
:10686000D4E90731626A83FAA1F6EFF300873F01AA
:106870006CD5002A58D0571C022F04D991FBF2F690
:1068800093FBF2F7F61B7F2E24DD05F1140105F5CD
:106890008A7C01E0E369626A9F1803EB4203C3EA62
:1068A000274703EB020E03EB4203C3EA2E4E9E186A
:1068B00003EB4203C3EA264603EB42001344E061C4
:1068C000C0EA234041E9047E41E90260103161459C
:1068D000E0D1BBE7012E3CDDB71E06464FEA570864
:1068E00008F1020E05EB8E0E01E0E369626A03EB2C
:1068F00042011344E161C1EA234146F8041B764595
:10690000F3D1C8EBC87308F10108216A07EB43060D
:1069100000EB8808FEB1E369626A1344C1EA2343CD
:10692000404640F8043B216A0023E1612376C1EA36
:10693000214160458AD240F8041B844586D940F83D
:10694000041B8445F7D881E7BDE8F08196FBF2F699
:1069500099E78046DEE74046E6E700BFF8B5037EEC
:10696000002B69D0012B04463AD001F051FA0546BC
:10697000002860D0A38B73BB628B04EB4202B2F998
:106980002200291D05F5827647F6AE7E04EB43030F
:106990000246B3F9240002440EFB02F2121421F85D
:1069A000022BB4F81CC0678B0CF1010304EB4C0CF8
:1069B0009BB2ACF824209F4298BF0023B142A3832E
:1069C000E4D120462946002201F0A0FA2846BDE87D
:1069D000F84001F073BA04EB4302B2F92200D0E7A9
:1069E000DFF85CC0458BDCF80030DDB100F122013E
:1069F000076A124E44F2A71001EB450510FB13F293
:106A00004FEAD23E9BB206EA024200FB03E31A447D
:106A100022F0004303EBD27337FB03F221F8022F7D
:106A20008D42EBD10222CCF80030227601F0F0F951
:106A3000054600289ED12076F8BD00BF0000FF7FEC
:106A400070D800202DE9F04F83B0044601F0E0F942
:106A5000019000287CD0B4F92E80811D00F5837749
:106A60004FF6FE7E3C4E37E0A36A36F919206344A8
:106A700036F91B9003EB5C03A9EB02092B440AFBDC
:106A800009F903EB6503B4F92C5002EB2942B4F980
:106A90002E9023F0004302FB05F54FEAD35CC3F3CD
:106AA000CF12A3620CF1010A36F91C3036F91AC074
:106AB000ACEB030C02FB0CF203EB224309FB03F3E8
:106AC000DB1303EBE53330FB03F343F3CF33023146
:106AD00021F8043CB9422FD0E06900237045F6DD6F
:106AE000236AC01AE06110FB30F0D4E90CC35B10DC
:106AF00030FB03F34FEACC059B1335FB03F5636AC8
:106B0000B8F1320F0CEB03022A4422F000424FEAA4
:106B1000D259C2F3CF1A62624B4609F1010B5246B9
:106B2000A2DC013336F9195036F913305B1B02FB36
:106B300003F305EB2343C6E7019D204600222946C7
:106B400001F0E4F9284603B0BDE8F04F01F0B6B912
:106B500003B0BDE8F08F00BF1812002072B600230A
:106B6000024AC0E90933C26162B670470000FF7F84
:106B7000B5EEC00AF1EE10FA1DD4F7EE007AB4EECD
:106B8000E70AF1EE10FA08DD4FF4804243F6FF7396
:106B900072B6C385828562B67047DFED097A47F623
:106BA000FF7220EE270ABDEEC00A10EE103A1BB2AB
:106BB000D21A12B2ECE747F6FF720023E8E700BFF3
:106BC00000FC7F46B5EEC00AF1EE10FA1DD4F7EED8
:106BD000007AB4EEE70AF1EE10FA03DD4BF6FD732E
:106BE00043637047DFED0E7A20EE270AFDEEC07A90
:106BF00017EE903AB3F5804F0ADBA3F5804303EB21
:106C0000430343F3110343637047064B43637047E9
:106C1000C3F5804303EB430343F391035B42DFE798
:106C200000FEFF4600D0FFFF036A2DE9F04705464E
:106C300033B9D5E9063203EBC213AB61BDE8F08787
:106C400001F0E6F806460028F3D000F1020C2F6AA6
:106C500000F58170134CD5E9068142464FEA12696E
:106C6000C2F30F2E09F1010ACEF5803334F91990E1
:106C700009FB03F334F91A900EFB093353FB07F3B6
:106C80002CF8023F60450A44E8D108EBC1132846BE
:106C900031460022AB6101F039F93046BDE8F047DA
:106CA00001F00CB918120020B1F5803F4FEA212302
:106CB0005FFA81FC11DA0F495A1C023331F91220B4
:106CC00031F91300CCF580730CFB00F002FB0300DC
:106CD0008030001200F5C040704740F2FF110548B7
:106CE000C3F50072C91A30F9122030F9110052426E
:106CF0004042E7E714B30020B1F5704F2DE9F041B1
:106D00000F460646904627DC1D460C4605E004F576
:106D100080540135B4F5704F17DC002CF7DB2146A9
:106D20003046B8F1000F25D0FFF7BEFF05F00F0386
:106D300004F58054013506EB8303B4F5704FD3F8A6
:106D400010211044C3F81001E7DDC7F570420B4B6A
:106D500007F5805713401F44D6F8083106EBC302ED
:106D6000013303F01F03976082F80C80C6F80831E6
:106D7000BDE8F081FFF798FF4042D7E700F0FFFF42
:106D80002DE9F04FD0F8084183B0D0F80C81D0F84D
:106D900004A0A4EB08020194D3063DD00646DFF818
:106DA0008090013C304604F01F0406EBC407BD6828
:106DB00097F80CB0294605F58055FFF775FFB5F536
:106DC000003FBD6008DBBBF1000F726814BF4FF4D9
:106DD000404149460A447260BBF1000F00D1404275
:106DE000A0458244DDD108F1010856F83820B2F5FB
:106DF000003F11DB08F01F02019B9342C6F80C21F3
:106E00000AD002F1010856F83820B2F5003F03DB42
:106E100008F01F02C6F80C21504603B0BDE8F08F01
:106E20000040FFFF002938B50446154603DB026821
:106E3000002A20DB38BD0368002BFBDBD0F85401AF
:106E4000CA1AC11A00230803090D06F059FA40F6C0
:106E5000FF7194F85031B0F5805F18BF0146002BE8
:106E6000E8D02B46002249422046FFF745FF002389
:106E700084F8503138BDC2F1000C00238A1A4FEA61
:106E80000C304FEA1C5106F03BFA40F6FF7194F8C3
:106E90005031B0F5805F18BF0146002BCAD12B4698
:106EA000012249422046FFF727FF012384F8503191
:106EB00038BD00BF2DE9F8430D4690F85011044647
:106EC00017461E46E9B10268D0F854118A4251D2E1
:106ED000AA4201D8A9424DD8891A0023AA1A080348
:106EE000090D06F00DFAB0F5805F33464FF0000251
:106EF00014BF414220492046FFF7FEFE002384F8DC
:106F00005031D4F80080B8F1000F33DA002D31DBB6
:106F1000C8F10001A5EB08090023C4F85471080367
:106F20004A46090D06F0ECF9B0F5805F33464FF0A4
:106F3000010214BF414210492046FFF7DDFE012344
:106F4000BD4284F8503115D3A7EB08014A4600230F
:106F50000803090D06F0D4F9B0F5805F33464FF011
:106F6000000214BF414204492046FFF7C5FE00233A
:106F700084F85031BDE8F88301F0FFFF70B50E1EB4
:106F8000054614461BDBFFF7FBFE2A684FF440431F
:106F9000002AA2FB0313A3F5C04300FA83F309DB25
:106FA00004F00F0405EB8404B4F91001C4F81031A7
:106FB0002E6070BD6A6802F540426A60F0E70268C0
:106FC000002A12DBC2F100410023B21A0803090DA6
:106FD00006F096F9B0F5805F23464FF0000214BF2B
:106FE000414209492846FFF787FE31462846FFF708
:106FF000C7FE2A684FF44043A2FB0323A3F5C04316
:1070000000FA83F3CCE700BF01F0FFFF436A2DE9EC
:10701000F04F054685B0076AD0E906462BB904EB68
:10702000C614846105B0BDE8F08F00F0F1FE009059
:10703000002858D0E3190193009B1C1DB5F932308C
:107040000C2B2AD8DFE813F088007A000D00A60088
:10705000C600EB00050114012D01540054006D0120
:107060009301686A20F34F00009AC0F1000C00B24F
:10707000931D02F5837E0FFA8CFC019A002A03F11E
:1070800002033244ACBF0146614623F8041C9E450E
:10709000F4D1019B03EBC61301932B6A019AD21A18
:1070A000B5F93430AA617BB1009A02F582711A46B3
:1070B00001E0B5F93420B4F90030134403F30F03B1
:1070C00024F8023BA142F4D1009C2846002221462C
:1070D00000F01CFF204605B0BDE8F04F00F0EEBE0A
:1070E000009800F0EBFEAB6903EBC613AB6199E7C8
:1070F000009B05F13809DDF804B04FF0000803F1FA
:10710000060A0BE002FB00F0031408F101080AF183
:10711000020A2AF8043CB8F1800FBAD0B3444246C0
:1071200048465946FFF72AFFB5F932306A6A0A2BFA
:10713000E8D1524200FB02F21314E6E7009B6F6AAB
:1071400003F58270019A234637FB12F123F8021BE4
:1071500098423244F8D19CE7009B21466F6A03F5C0
:10716000827C019AA948130EC2F30F2E30F91390B6
:1071700003F10108CEF5803330F9188009FB03F3E1
:107180000EFB083353FB07F321F8023B8C453244D6
:10719000E9D17EE7009B4FF6FF78019803F1060ED8
:1071A00003F58379D5F824C0820F0EF1020EC313C4
:1071B000A8EBD031013A0CFB03F33044012A0CFB5D
:1071C00001F14FEA234398BF0B142EF8043CF1451C
:1071D000EAD15EE7E86A002882D0009B21466F6A08
:1071E00003F5827C019A130EC2F30F2803F1010EFE
:1071F000FF2B30F9139014BF00EB4E0E8646BEF9FC
:107200000030C8F5803E08FB03F30EFB093353FB47
:1072100007F321F8023B8C453244E4D139E7686A30
:1072200020F34F00009AC0F1000CAF6A00B2931D2A
:1072300002F5837E0FFA8CFC019A974203F1020358
:10724000324494BF614601469E4523F8041CF4D1A4
:107250001FE7009B686A03F5827C019AC0432346BE
:1072600030FB12F123F8021B9C453244F8D110E7A1
:10727000009BA146DDF8048003F5827A02E0CA454E
:107280003FF407AFB5F9303018EB060829F8023B98
:10729000F5D3686A01F038FA6B6AA0EB63002886C0
:1072A000EDE7AB6A4FF6FF724FF0FF3B00984FEAF5
:1072B00013490394811D4FEA5308A2EB090200F51C
:1072C000837AD5F824C06FF00047BBFBF9F9BBFB0C
:1072D000F2FB6FEA53020292019A029CA2EB530E58
:1072E0000BE01B0C0CFB03F31B1421F8023C0231D6
:1072F0003244B644514500F08280130C904509FB9E
:1073000003F3EED808EB02034FEA1E4094424FEA23
:1073100013430BFB107069D900140CFB00F003142D
:10732000E3E705F1380A019FA3464FF00008374410
:10733000424650463946FFF775FD39465046FFF73D
:107340001FFD08F00F0208F1010805EB8202B8F1F9
:10735000800FB2F94831C2F84801696AAF6301FB96
:1073600003F34FEA23432BF8023BE0D191E605F10A
:107370003809019FA0464FF0000B0294AC6A3744D5
:107380005B46484622463946FFF794FD3946484653
:10739000FFF7F6FC1E4BA3FB043C0BF00F030BF1B5
:1073A000010BA4EB0C0A05EB8303BBF1800F0CEB84
:1073B0005A0CD3F848114FEA1C4CCCF5405C6044A1
:1073C000C3F848014FEA61136A6AC3EB6103AF6314
:1073D0001BB202FB03F34FEA234328F8023BCDD153
:1073E000DDE9013403EBC613019356E609FB03F311
:1073F00003F100431B140CFB03F31B1475E7019B03
:10740000039C03EBC613019347E600BF181200204C
:10741000016000802DE9F04F002185B00646446AE6
:1074200000F098FD0346012130461F46029300F00C
:1074300091FD356AD6F830820190002F00F0F1807E
:1074400096F8393283BB06F130013A1D07F582798F
:10745000D6F828A08C46C64FDFF81CE347F6FD702F
:10746000DFF818B3039132F9021B0AFB01F121F096
:10747000784303F10063DB0053FB13F353FB17F373
:10748000C9160EEBC303C1F10E010B41A3FB04317E
:107490001B0C814243EA01438CBF5D44ED184A4511
:1074A0004CF8045FDFD114E0029B06F13000D6F8FF
:1074B00028C02A46191D03F58277039031F9023B53
:1074C0000CFB0323B942224440F8043FF6D105EBFC
:1074D000C415029800F0F2FCF36A3562DBB100F0EB
:1074E00097FC0290B8B1029A96F83832141D0C2B12
:1074F00038D8DFE813F0E9010802DB001A00550173
:1075000018014501CD017C01BB00BB00F2004A001F
:10751000029800F0D3FC019B002B00F090801846ED
:1075200005B0BDE8F04F00F0C9BCDDE9023006F55A
:107530000C7EF56A991D4FF6FF7C50F8043F02312E
:107540009F0FDA13013FACEBD33305FB02F2012F9F
:1075500005FB03F34FEA224298BF1A14864521F82F
:10756000042CEAD1B6F93632002B6BD1019B002BEB
:1075700053D1029C30460022214600F0C7FC204631
:1075800005B0BDE8F04F00F099BC019B002B00F066
:10759000A48006F50F7903F1020825464FF0000B91
:1075A000DDF80CA0039438F9027F5B465AF8044FCB
:1075B000484607F5004721463F043A46FFF77AFC64
:1075C00021464846FFF7DCFB6A4BA3FB0723FF1A63
:1075D00003EB57031B0CC3F5405318440BF00F0388
:1075E0000BF1010B06EB8303BBF1800FD3F84C7357
:1075F000C3F84C034FEA6713F26AC6F83C42C3EB88
:1076000067031BB202FB03F34FEA234325F8023B57
:10761000C9D1039CB6F93632A3B9019800F04EFCEB
:10762000A7E706F1300306F50C712A46039343F8E9
:10763000042F8B422244FAD105EBC4154CE705B068
:10764000BDE8F08F029A02F582711A4601E0B6F9A0
:107650003622B4F90030134403F30F0324F8023B3D
:10766000A142F4D1019B002B83D0D6E7DDF80C902A
:1076700006F50F7825464FF0000A524659F8041FC8
:1076800040460AF1010AFFF779FCF36A96F83822BE
:1076900003FB00F00A2A4FEA204008BF4042BAF13B
:1076A000800F00B225F8020BE7D15BE7F06A20F308
:1076B0004F004542029B039A00B22DB2063306F5F5
:1076C0000C7C52F8041F02330029ACBF0146294646
:1076D000944523F8041CF4D144E7DDF80CB006F51A
:1076E0000F7AA14600255BF8047F2A4650463946AA
:1076F000FFF798FB39465046FFF742FB05F00F02B3
:10770000013506EB8202802DB2F94C33C2F84C03EE
:10771000F26AC6F83C7202FB03F34FEA234329F8EE
:10772000023BE0D11EE7019A002ABFD0F36A23F39F
:107730004F08C8F1000E1346911C029A039D0FFAE0
:1077400088F80FFA8EFE063203F5817931F9023F8F
:10775000704655F8047F023203F50043B7EB034F40
:1077600038BF4046894522F8040CEFD152E700BFEC
:10777000ABAAAA2A01600080AAAAAA2A0000FE7F5A
:10778000F06A2246029B0399C04303F5827551F8C3
:10779000043F30FB13F322F8023B9542F7D1E1E6B8
:1077A000356B002D3FF4B4AE029B21460398D6F80A
:1077B0002CE003F5827C50F8042F130EC2F30F2245
:1077C0005F1CFF2B35F9138014BF05EB47072F46CD
:1077D000B7F90030C2F5803702FB03F307FB08332B
:1077E00053FB0EF321F8023B8C45E4D1BAE6019B32
:1077F000002B3FF49AAE03F10209029B06F1340E0E
:1078000006F50D7703F1060CF56A4FF0FF3B10E02B
:10781000BBFBF2F26FF0004302FB11331B1405FBBC
:1078200003F31B14BE450CF1020C2CF8043C3FF48E
:10783000F1AE39F9022F5EF8041B02F500420B0C81
:107840004FEAC238B1EBC23F6FEA080ABBFBF2F065
:1078500000FB03F34FEA134305FB03F34FEA234313
:10786000E0D308EB01038A45C2F57F42A1EB080192
:107870004FEA134302F1FF024FEA114100FB03F309
:10788000C6D803F100431B1405FB03F31B14C9E71F
:10789000039D06F50C7AA146474606E0B6F9343258
:1078A000AA4529F8023B3FF45DAE3B4655F8047FFC
:1078B0009F42F3D2F06A00F027FFF36AA0EB630067
:1078C00003B2A6F83432EBE7029B2146039DD6F8BB
:1078D0002CE003F5827C134855F8042F130EC2F3F5
:1078E0000F2230F913805F1CC2F5803330F9177016
:1078F00008FB03F302FB073353FB0EF321F8023BB3
:107900006145E9D12EE6029B22460399F56A03F50B
:10791000827051F8043F35FB13F322F8023B824298
:10792000F7D11FE6181200202DE9F047C1EBC1681E
:1079300000262D4A0F464FEA481305464FF44049AA
:10794000DFF8A8A0B34201EB0304C3F100480360D1
:10795000A8BF4FF4C042C0E9426642601DE0214624
:107960002846FFF70DFA2A68A2FB0913002AA3F59F
:10797000C04300FA83F003DA6B6803F540436B60A1
:1079800006F00F03013600B2A8EB07084433202E9F
:1079900045F823002C603C4423D0002CDFDAE31BA5
:1079A000002B12DB3A4600234FEA08304FEA185109
:1079B00005F0A6FCB0F5805F33464FF0000214BF1F
:1079C000414251462846FFF797F921462846FFF7DE
:1079D000D7F92B68A3FB0923A3F5C04300FA83F072
:1079E000CEE7BDE8F08700BF00A0FFFF01F0FFFF7A
:1079F0002DE9E847C1EBC16592461D4B00266D019C
:107A0000C0F8542189460746AA42A3FB0A23194A13
:107A100088BF4FF4C04205600D44C0F80861426061
:107A2000AAEB0302C0F80C6103EB52088CBF0123E0
:107A300033464FEA184880F85031C8F5405833466D
:107A4000294652463846FFF735FA29463846FFF7A9
:107A500097F906F00F0340440136443300B2202E5C
:107A600047F823003D604D44E9D1BDE8E88700BFF9
:107A70000160008000A0FFFF4FF00042FFF7B8BF99
:107A800000224FF4C041C0E94222C0E90021704702
:107A90002DE9F84386690EB9BDE8F883044600F085
:107AA000B7F905460028F7D000F10C0100F5867CF7
:107AB000E36944F2A712294812FB13FE9BB200EAC5
:107AC0000E4702FB03F303EBDE331F4427F00043B2
:107AD00003EBD77336FB03F712FB13F800EA084EEB
:107AE0009BB20EEBD83E02FB03EE2EF0004303EBFD
:107AF000DE7336FB03FEC7EA0E4712FB13F800EAFB
:107B0000084E9BB20EEBD83E02FB03EE2EF0004374
:107B100003EBDE7336FB03F812FB13F900EA094EA0
:107B20009BB20EEBD93E02FB03EE2EF0004303EBBB
:107B3000DE7336FB03FEC8EA0E4841E902780831DD
:107B40006145B9D120462946E361002200F0DEF903
:107B50002846BDE8F84300F0B1B900BF0000FF7F40
:107B60002DE9F04F00F5807EB1E8A00AB2E840159B
:107B7000C5EA0643C6EA2544C7EA0845C8EA2746D7
:107B8000C9EA0A47CAEA2948CBEA0C49CCEA2B4A97
:107B9000A0E8F8078645E7D1BDE8F04F70474FF001
:107BA00000022DE9F00F00F5807C00BFB1E8A00ACB
:107BB000C5EA0203C2EA2544C7EA0205C2EA27462B
:107BC000C9EA0207C2EA2948CBEA0209C2EA2B4AFB
:107BD000A0E8F8078445E9D1BDE8F00F70474FF001
:107BE00000022DE9F00F00F5807C00BFB1E8A00A8B
:107BF000C2EA0543C2EA0504C2EA0745C2EA07062B
:107C0000C2EA0947C2EA0908C2EA0B49C2EA0B0AFA
:107C1000A0E8F8078445E9D1BDE8F00F70472DE9E9
:107C2000F00F089C00F5007B51F8045B53F8046BDF
:107C3000C5EA0647C6EA254952F8045B54F8046BC6
:107C4000C5EA0648C6EA254AA0E880078345EBD185
:107C5000BDE8F00F704700BF08B5007D01F0AAF83D
:107C6000003818BF012008BDC8B2D1B201F0B4B8C5
:107C70000181704738B5837A0446016823F0040314
:107C80001C4A83720B68934231D1007D01F092F857
:107C9000003818BF0120A37AC3F34002904208D0F5
:107CA000154A83F002031268C3F38000A372626076
:107CB00038BD114965680A68B4F808C0521B6245AE
:107CC00012D303F0010290420ED0086883F0010342
:107CD0000A68E56843F004030968521B6060E160CC
:107CE00001202261A37238BDC3F3800038BD9847DC
:107CF000D1E700BF715A020000600120807A00F0D5
:107D00000500A0F10500B0FA80F04009704700BFFF
:107D1000807AC30754BFC0F380000020704700BFC3
:107D200000224FF00A0C04494260A0F808C0827299
:107D300001600275704700BF44A500204FF0000CA1
:107D4000C9B203680E4A10B50175044680F80AC02E
:107D50001B6893420BD1084601F02CF818B1A37AA6
:107D600043F00303A372074B1B68636010BD984781
:107D70000028F8D0A37A43F00303A372F3E700BF0F
:107D8000715A0200006001204FF0E0234022C3F846
:107D900008227047F8B5144B144D1C686E689CB1EE
:107DA000237A20466BB123686F681B6898476B681D
:107DB000E188DB1BC3F38F12B1EB931FA28038BFA6
:107DC000E2806469002CEBD1084B094A5B6810889B
:107DD0009B1B084CC3F38F11B0EB931F218038BF5E
:107DE0001180BFF34F8FF8BD98F40020001000E021
:107DF000D07A0120CE7A0120036818470B6803600F
:107E0000704700BF0B680360704700BF704700BF3A
:107E100030B472B6244D254C2A8804F1700104EB6D
:107E200082038B423CD204F16F01501CC91A00EB53
:107E3000910002E00132824232D09C4653F8041B8A
:107E40000029F7D0B1FA81F04FF00043C34021EA96
:107E50000301CCF8001001B90132154B2A801A88B1
:107E6000013291B2198062B6ACEB040C41F67C731E
:107E7000C0EB00644FEAAC0CC0EB841001240CEBA7
:107E80008C1C03EBCC1303EB80030A480068C4543A
:107E90001844094B1C88944230BC38BF1980704785
:107EA00062B6002030BC7047D27A01209CF40020DA
:107EB000CA7A012094F40020CC7A0120428872B65C
:107EC0000378012B03D9013B037062B67047D1439D
:107ED00053090B484FF0004201F01F01CA4050F80F
:107EE00023100A430749B1F800C040F823209C45FD
:107EF000054A88BF0B801388013B138062B6704728
:107F00009CF40020D27A0120CA7A0120C36813B9F8
:107F10001DE0DB68E3B1187A9042FAD110B45868DA
:107F200093F809C0006950F82C4054B1DB682BB1BC
:107F3000187A9042F3D0DB68002BF9D15DF8044B3E
:107F4000704740F82C10087801300870EEE7704751
:107F5000704700BF437A8B4206D90369002253F869
:107F6000210043F8212070470020704738B5437A3C
:107F70008B421BD90369002253F8214043F821208A
:107F8000A4B12378012B01D8204638BDFFF740FF6C
:107F9000054628B14FF48072211D043001F060F9CC
:107FA0002378013B23702C46204638BD0024204610
:107FB00038BD00BF00220449C0E9002202810274DA
:107FC0000A680860C26070470CF50020037CFBB9AA
:107FD00003680146FBB14368EBB1427A5B7A9A428F
:107FE0001CD230B472B62B4B1C68ECB1E368C3B141
:107FF000486801E0DB68A3B15A688242FAD193F87D
:1080000009C04A7A9445F5D162B6042030BC704765
:10801000012062B67047032062B67047022062B644
:1080200070476469002CE1D11B4C236843B199422D
:1080300002D10BE0994207D01A46DB68002BF9D138
:10804000052062B630BC704702F10C040D68E86888
:10805000E8B1C3681BB908E0DA683AB11346814257
:108060001846F9D162B60620D0E70346D960CB683E
:10807000002023600123C860AA7A2B721A44AA72D6
:108080004A68947A13721C4494720B74D9E7E960BD
:10809000EDE700BF98F400200CF5002010B5047C3B
:1080A0009DF808E00CB1012010BD027280F809E0D3
:1080B000C0E90013BDE81040FFF788BF38B5037C66
:1080C000002B36D043680446427A5B7A9A4238D213
:1080D00072B60168CB68002B2DD0984233D01A4677
:1080E000DB689C422AD0002BF9D16268607A136960
:1080F00053F8200048B1FFF7E1FE72B66268002530
:10810000607A1369216843F820508B7A013BDBB217
:108110008B7203B90B72937A013BDBB2937203B992
:1081200013720A4B00201A6820741C60E26062B669
:1081300038BD012038BD62B6032038BDE368D36086
:10814000D3E7022038BDC368CB60CEE70CF5002032
:1081500010B50446FFF7B2FF094A136843B19C42C9
:1081600002D108E09C4205D01A46DB68002BF9D109
:10817000204610BD0C32E3682046136010BD00BFDE
:108180000CF500200C4B1A789AB90C4A0C4910B423
:10819000C2F858110B48D02401224FF0E02180F89A
:1081A000464040241046C1F808415DF8044B1A705F
:1081B00070470020704700BFF87A012000EC0020D3
:1081C000AD5B020000E400E030B472B621B9036890
:1081D00013B102790F2A3BD9244C2188002341FA9C
:1081E00003F212F0010208D00133102BF7D162B66E
:1081F00000220371026030BC70474FF0010C0CFA92
:1082000003FC41EA0C01218062B619495FFA83FC44
:10821000184C194480F804C04B01E16F41F0C001D3
:10822000E16740F2824414490C6081F81AC081F879
:108230001EC081F818C081F81FC0036030BCC3E9BC
:108240000022C3E90222C3E90422C3E906227047DF
:10825000064C218841FA02F5ED07BFD5044D1544BF
:10826000B3EB451FBAD162B6C5E700BFDE7A012085
:108270008074000200C00F4000800E4003790F2B75
:1082800011D8094A937672B60849012290F804C0C1
:108290000B8802FA0CF223EA02030B8062B610226A
:1082A000002302710360704700800E40DE7A0120D7
:1082B000704700BF704700BF704700BF704700BFE6
:1082C00070B51A4C1A4D2368AB4202D0194AD168D6
:1082D00029BBA369AB4202D0164AD169C9B9236B45
:1082E000AB4202D0134AD16A69B9A36CAB4209D040
:1082F000104AD16B31B101211B680F48D163BDE831
:108300007040184770BD01211B680C48D162984726
:10831000EBE701211B680A48D1619847DFE701219B
:108320001B6804F10800D1609847D2E7C0EE002036
:10833000C8A200200041084010EF0020F8EE002005
:10834000E0EE002038B5064CA4F1600554F8083C76
:108350002046183CDB689847AC42F7D138BD00BFD7
:1083600010EF002003682DE9F041044688B017465D
:10837000002B4BD000229A600122DA60304D04A815
:10838000DFF8E0801D4451F8083B2D1102935B6833
:1083900005EB45069847F60006F1080058F8063048
:1083A0004044DB6801909847264A04A9DDE90103AF
:1083B000029248F806309B689847029B04A8DB6845
:1083C00098472368032220481F609A601F4A237938
:1083D0001F4C535513785178C0F828428B4228BF60
:1083E0000B469178D2788B4228BF0B46934228BF28
:1083F0001346184C4FF0E0224FF08061012084F8C2
:108400007A30C2F80C1108B0BDE8F081124AD36E80
:1084100043F44053D3660122104B1A60104A1346AE
:108420000260403298680028A8D01033934223603D
:10843000F8D100231846236008B0BDE8F08100BFE2
:1084400000BFF7BFC8A2002000EC00206CD80020BD
:10845000D960020000E400E000C00F400040084086
:1084600000410840C0EE002010B4064B0020064C2E
:10847000064A1C609C611C639C6405495DF8044BC2
:1084800003F07CBCC0EE0020C8A2002088D80020E9
:108490005D61020000207047084603F00BBB00BF7F
:1084A000012A70B508BF0A228AB091B34FF0210E9D
:1084B00001E05FFA86FE0EF1FF36B1FBF2F502FB3A
:1084C00015145FFA84FC092C0CF137040CF1300C04
:1084D00098BF5FFA8CF40EF1280C88BFE4B2914289
:1084E000EC4429460CF8244CE3D24BB10EF1FF3E8C
:1084F0002D225FFA8EFE0EF128036B4403F8242C24
:10850000036801A9CEF122025B68714498470AB062
:1085100070BD30224FF0210E8DF82520E5E700BF19
:10852000002903DB00230A22FFF7BABF49422D23AB
:108530000A22FFF7B5BF00BF00B5036883B040F65D
:108540000D2C022201A95B68ADF804C0984703B066
:108550005DF804FB054B022888BF034610B41C6875
:10856000184663685DF8044B184700BF90D400209C
:108570005AB90368C9B2074A1B68934200B506D1CD
:1085800008465DF804EB03F095BAFFF789BF5DF884
:1085900004EB1847B1620200B4EE400B70B5F1EE87
:1085A00010FA05462DED028B86B07CD6B0EEC07B6E
:1085B0009FED476BB4EE467BF1EE10FA6BDC9FED5E
:1085C000467BB4EEC70BF1EE10FA5ADC9FED447B0C
:1085D000B4EEC70BF1EE10FA53D4B5EEC00B0C4657
:1085E000F1EE10FA5BD40023B6EE007B002C5ED0D7
:1085F0004FF0000C9FED3C6B0CF1010C27EE067B5D
:108600005FFA8CF2A242F7D330EE070B0A2228461B
:10861000FCEEC07BB8EE678B17EE901A30EE488BFD
:10862000FFF73EFF0F2C4FF02E03B2EE046B064611
:1086300028BF0F248DF808300DF1090302AA611E2E
:1086400053FA81F128EE060BFCEEC07BCDED017AEA
:108650009DF8043007EE903A3033B8EEE78B02F81D
:10866000013F914230EE488BECD12B68013402A9D6
:1086700028465B68E2B29847304606B0BDEC028BF4
:1086800070BD2B6803221A495B6806B0BDEC028BF3
:10869000BDE870401847036803221649F4E7B1EEBD
:1086A000400B0123A0E7036803221349ECE730EEF7
:1086B000070B0A222846FCEEC07B17EE901A06B084
:1086C000BDEC028BBDE87040FFF7EABEAFF300805F
:1086D000FFFFFFFFFFFFEF7F000000E0FFFFEF4124
:1086E000000000E0FFFFEFC19A9999999999B93F6D
:1086F000C4A20020C0A20020BCA2002008B1014BEF
:108700001860704784F4002000B9704714490A6863
:10871000EAB1D31730B4134C134D84FB024C134C05
:108720009444C3EB2C4304FB132244F2A71405FB2F
:1087300003F304FB0233002B10DA6FF000421A44FB
:108740000A60B2FBF0F330BC00FB13207047084A0C
:10875000B2FBF0F30A6000FB132070471A46EFE704
:1087600084F400205F0B4E83ECF4FFFF1DF3010047
:1087700042CE0C1F884200DB704730B4124C091AFD
:108780002368EBB1114A124D82FB032CDA179C448B
:10879000C2EB2C4244F2A71C05FB12330D4D05FB26
:1087A00002F20CFB0322002A0CDA6FF000431344A0
:1087B0002360B3FBF1F201FB123330BC1844704765
:1087C000054BF5E71346F3E784F400205F0B4E8377
:1087D0001DF30100ECF4FFFF42CE0C1F1C2849D80A
:1087E000F8B5254F04463B78E3B9244B1B5DFF2BBE
:1087F00029D0234A02EB041291680A6802F440501F
:10880000B0F5805F30D01C061FD41E4C2360236A55
:10881000D80704D403F0E2F9236AD907FAD5194B33
:10882000586AF8BD174D184E01E003F0D7F9AB6C4C
:108830001B06FAD4B36C13F08003F6D13B700F4BD8
:108840001B5DFF2BD5D10020F8BD0F4C03F07F033B
:108850002360236ADA0704D403F0C0F9236ADB0734
:10886000FAD5094B586AF8BD22F480521C060A60FA
:10887000EBD4CAE7002070470B7B012054AE0020E8
:1088800084A8002000400C4000800C40082830B430
:1088900022D00A280CBF4FF405714FF44671104CDA
:1088A000104D636C626C2B400F4802F003021A43B8
:1088B000636C03F0E00313430B436364436C426C4B
:1088C0002B4002F003021A43436C03F0E00313430E
:1088D000194330BC416470474FF44071DFE700BF7B
:1088E00000400C4000FCFFFF00800C4010B41F4C07
:1088F0001F281F49A36C23F02003A364626C8B6CB8
:1089000022F4404223F020038B644B6C23F4404359
:1089100012D942F4404243F4404362644B64134929
:10892000134A8B6C5DF8044B43F020038B64936C0B
:1089300043F02003936470470F2808D942F40042A3
:1089400043F4004309480A4942644B64E7E70728B7
:1089500004D942F4804243F48043F3E7032862647D
:108960004B64DCD85DF8044B704700BF00400C40FE
:1089700000800C40A249A34B88422DE9F047A24C4D
:108980005E699A69D4F80C801BD9A04B984240F2DA
:108990000281C31A9E491B0AA1FB031340F22761FF
:1089A000DB0903EB830303EB830303F2E2438B4214
:1089B00028BF0B46A3F54877964BA3FB0737FF0864
:1089C00004E0954FB8428CBF0E2706278D4908F06A
:1089D0001F09D1F88030B94543F0C003C1F8803099
:1089E0000CD228F01F08A1F5F82148EA0708C1F8C1
:1089F0000C800B68002BFCDA08F01F0916F00073DE
:108A000024D186490C698649A14300F0EA8082F4AA
:108A1000805134464FF4805514F0605F04D026F046
:108A200060561E43774B5E6111F4405F07D022F41D
:108A3000405274492A438A618B6C1A07FCD446F071
:108A40000076704A5661936C9B06FCD4754CA0422C
:108A500000F2CE804FF0010C0146634603FB011289
:108A600003F1010E0CF10105A24218D8BEF1080F66
:108A70004FF0010340F08D80BCF1040F00F29180B3
:108A80000A18A24200F2A48005FB00F1AC4603F1F3
:108A9000010E03FB01120CF10105A242E6D90CF113
:108AA000FF318C0286EA81215F4810445F4A904280
:108AB0007FD9DFF8A4A16C225D48584DB0FBFEF0D1
:108AC000D5F800E0B0FBFCF0DFF890C10EEA0C0C2A
:108AD000D44509D042F400524FF4805CC5F800C080
:108AE0002A602A68002AFCDA464A156905F007055B
:108AF0009D4203D01361936CDD03FCD411F4E05F5D
:108B000009D026F4E05604F4E0543E4A2643566168
:108B1000936C9907FCD44749474A014491423CD899
:108B2000464BC909A3FB0131090B4B1E1B0286EA08
:108B3000030212F4407F06D026F4407603F440731B
:108B4000304A334353612F4A536923F00073536112
:108B5000936C9B06FCD43A4B4F45A3FB00234FF08C
:108B6000FF324FEA9343B0FBF1F1B2FBF3F3354A26
:108B70001060354A1160354A136008D228F01F088A
:108B8000214A48EA0707D7601368002BFCDABDE8E2
:108B9000F087734662E7122718E74FF44073042109
:108BA000C5E70CF1FF31204807238C02104486EA08
:108BB0008121274ADFF8A8A0A2FB0020020D25484A
:108BC000362A38BF362202FB00F042EA0A0A74E76E
:108BD0004FEA8C24002386EA8C214FF0010EAC462C
:108BE00062E71D4686F0C05411464FF0C05313E7AC
:108BF00000244FF0010C024631462346E64653E777
:108C000000A4781F00C00F40000008400046C323A6
:108C100023B24C001F85EB5100366E0100800D40E1
:108C200040300080FFB19F26808D5B00FF7EF64DB7
:108C300000643F4D7FD1F0087F17B42C9F10E500F2
:108C400083DE1B438CD4002088D40020BC56012036
:108C5000819F5E16001BB7006C2000807F30018072
:108C60000020008000B970472DE9F84F01218146AE
:108C7000214C224D224E54E8003F2A68306844E8D7
:108C80000013002BF7D11F494B684FF47A7BDFF8B4
:108C900078A01B1A01270BFB02F8DAF80020A3FBCF
:108CA00002325A4594BF9044D84454E8003F2A68A1
:108CB000306844E80073002BF7D14B68DAF800C045
:108CC0001B1A0BFB02F2A3FB0C3CBCF57A7F94BF92
:108CD000624402F57A72A2EB0802B2F57A7F06D3FB
:108CE000B9F1010908F57A78DFD1BDE8F88F02F013
:108CF00075FF0449D9E700BF04600120006001202E
:108D0000FC5F0120001000E0BC56012030B40F4B86
:108D10004FF0010C0E4D0F4C53E8002F28682168CE
:108D200043E800C2002AF7D10B4B5B680B4A5B1A81
:108D30004FF47A71126801FB00F0A3FB023230BCE1
:108D40008A4294BF80184018704700BF0460012019
:108D500000600120FC5F0120001000E0BC560120F3
:108D6000272816D80201104B03EB00109B5810B4B3
:108D7000C2685C68144205D061B95DF8044BC3F861
:108D800088207047836851B1084A5DF8044B1A6027
:108D9000704770475DF8044BC3F884207047044A5D
:108DA0005DF8044B1A60704784A8002038F0010079
:108DB0003830010027280BD8064B020103EB0010C6
:108DC0009A58C36892681A4214BF01200020704765
:108DD0000020704784A80020272829D8164B0201BC
:108DE000012903EB00109A5810B45368C4680ED0E0
:108DF00004290CD023EA040353608368A9B1022933
:108E000017D003290CBF0D4A0D4A1A6007E023430F
:108E100001295360836808D040F638021A6043681D
:108E200015225DF8044B1A60704738221A60F6E785
:108E30007047044A1A60F2E784A800203830010025
:108E40003800010038F0010030B4124A0020124B03
:108E50000121124D124CC2F8F032C2F8F402C2F8ED
:108E6000B810C2F8A000C2F8A450C2F8B0105369FC
:108E7000DB07FCD551612378DB07F0D41368054983
:108E800043F0010313600B68DB07FCD462B630BC0F
:108E9000704700BF00802A400504012401000F0034
:108EA00000812A4070B50E4C4FF6FF7E0D4E04F146
:108EB0001E05A6F58053002102E0B34281B204D220
:108EC0001A88481C02337245F7D124F8021FAC42BD
:108ED00006F58056EDD1044B01221A7070BD00BF1B
:108EE000BE56012000101F60127B0120B0F5876F75
:108EF0002CD2174B10B51B78044623B3A008154B92
:108F000004F00301144CA3FB0023144ADB08C3EB59
:108F1000031E9C46A0EB0E0341EA8C01FF2034F8AF
:108F200013C01A444FEA4C0C13030CEB023CBCEB8D
:108F3000023F07D91A880233D4B28C4208BF100A04
:108F40009C45F7D810BDFFF7ADFFD7E7FF2070476E
:108F5000127B012089888888C0560120F001060014
:108F6000F8B50F46164672B6344B40F20641344A05
:108F70009A610222DA610022C3F8A020C3F8F0123D
:108F8000C3F8F422C3F8F822C3F8FC224FF470228D
:108F9000C3F8A4200122C3F8B02020F01F038219D7
:108FA000BFF34F8F4FF0E024C4F85C3F20339A4268
:108FB000FAD8BFF34F8FBFF36F8F204D6B69DA077D
:108FC000FCD501231F49B2B220F07F406B6142F40F
:108FD0007022C5F8F01242F20121184CC5F8F412C3
:108FE000C5F8BC30C5F8A000C5F8A420C5F8B0305D
:108FF000154D01E05B0609D4636913F00100F9D057
:1090000041236361BDE8F840FFF71EBF082E0AD870
:1090100036B13246394637440646284600F020F934
:1090200040236361E8E7A6F1080008263946324686
:1090300037440646284600F013F9F1E700802A403D
:10904000F05AF05A3204180880812A4010B472B6DF
:10905000284B0221284C00229C614FF47024D961D6
:1090600040F20641C3F8F0120121C3F8F422C3F81C
:10907000F822C3F8FC22C3F8A020A2F58052C3F85E
:10908000A4400240C3F8B010BFF34F8F02F58051E7
:1090900002F120034FF0E02C994234BF01218021DE
:1090A00002EB41118B42CCF85C2F1A4603F12003EE
:1090B000F8D1BFF34F8FBFF36F8F0E4A5369D907B3
:1090C000FCD501240D490E4B54610340C2F8F01247
:1090D0004FF470200749C2F8A030C2F8A400C2F8CB
:1090E000B0404B69DB07FCD501235DF8044B4B61B5
:1090F000FFF7AABE00802A40F05AF05A2004180850
:1091000000F0FF00B0F5876F80F08680444B2DE9BA
:10911000F0471B78C2B005468946002B79D0AB08D2
:10912000404E05F00305404FA6FB0326F60845EA2E
:109130008605C6EB06169E1B3C4B37F8164033449B
:1091400060004FEA033800EB0330B0EB033F64D913
:1091500043464FF0FF0C1A880233D1B2A94208BF30
:109160004FEA122C9842F6D8E14541D0B4F5006F91
:1091700041D302AC4FF48072FF21204605F04EF936
:1091800008F5805008F102034246984234BF01209E
:109190004FF4006008EB4000134602321B88824205
:1091A000D9B24FEA13236354F6D104F805900DF1B8
:1091B00007090DF2071A00254C464046FFF746FF07
:1091C00014F801CF08EB450002220DF10601631EE1
:1091D000BCF1FF0FA3EB090306D043EA0C230135D2
:1091E000ADF80630FFF7BCFEA245E9D127F81650CE
:1091F00042B0BDE8F08745EA092502A90222013400
:10920000ADF80850FFF7ACFE27F8164042B0BDE8B5
:10921000F087FFF747FE82E770474FF0FF0CA3E7A8
:10922000127B012089888888C0560120F001060041
:1092300062B170B505460C468E182046013415F80B
:10924000011BFFF75FFFB442F7D170BD704700BF4D
:1092500008B5F0F743FBF1F727F802F0BFFCFAE797
:10926000844641EA000313F003036DD1403A41D331
:1092700051F8043B40F8043B51F8043B40F8043BF0
:1092800051F8043B40F8043B51F8043B40F8043BE0
:1092900051F8043B40F8043B51F8043B40F8043BD0
:1092A00051F8043B40F8043B51F8043B40F8043BC0
:1092B00051F8043B40F8043B51F8043B40F8043BB0
:1092C00051F8043B40F8043B51F8043B40F8043BA0
:1092D00051F8043B40F8043B51F8043B40F8043B90
:1092E00051F8043B40F8043B51F8043B40F8043B80
:1092F000403ABDD2303211D351F8043B40F8043B20
:1093000051F8043B40F8043B51F8043B40F8043B5F
:1093100051F8043B40F8043B103AEDD20C3205D32F
:1093200051F8043B40F8043B043AF9D2043208D027
:10933000D2071CBF11F8013B00F8013B01D30B8899
:1093400003806046704700BF082A13D38B078DD077
:1093500010F003038AD0C3F10403D21ADB071CBF49
:1093600011F8013B00F8013B80D331F8023B20F8B3
:10937000023B7BE7043AD9D3013A11F8013B00F8EC
:10938000013BF9D20B7803704B7843708B78837074
:109390006046704704F036B904F034B904F03AB9C5
:1093A00004F038B901F1FF3C70B56646002400E0D6
:1093B0000134B0FBF2F502FB1503092B03F1370E64
:1093C00003F130035FFA8EFE98BF5FFA83FE90428E
:1093D000284606F801EFEBD2631C0022C818CA54D5
:1093E0007CB162461CF8015F10F8016DA1EB0C0323
:1093F00002328CF80060013B521A057023449A42F5
:10940000EFDB084670BD00BF4FF0010C0CFA01FC09
:1094100001EB410100EB411170B5B1F80EE01FFA0C
:109420008CF5254C1FFA8EFE24782E010EFB03339B
:1094300006F0F006E340B0F888417345A4B228BFB7
:1094400073463443012AA0F888410DD0022A28D05F
:10945000C2B10CF00F02B0F888C11FFA8CFC4CEAC4
:10946000020CA0F888C170BD9BB20CF00F022D0257
:10947000CB82B0F8803105F470659BB22B43A0F825
:109480008031E8E7AEEB030E0CF00F021FFA8EFE00
:10949000A1F80AE0B0F880319BB21343A0F8803104
:1094A000D9E79BB20CF00F02CB83B0F880319BB2AE
:1094B0001E43A0F88061CEE7E2EB002027284BD8BE
:1094C000F8B52A4D044615F8202005EB8005012A41
:1094D0002DD0022A3FD16B78C3F3011003283ED070
:1094E000234A02EB803203F0030C224889B2634620
:1094F00002EB4C1C0678BCF806E05801BCF81030B2
:109500001FFA8EFECEF1011E1EFA83F303F1FF3E19
:109510000EFB01F1F1408E4523D95B1AC3F1010323
:109520009BB289B20244ACF8063011820DE06A7831
:10953000C2F30113032B10D00F4800EB83308BB222
:1095400002F00301AA78FFF75FFF0C4BEA7803EB08
:1095500004135B681A60F8BD70470948EFE7094AD1
:10956000C1E7991E4FF6FF73DBE700BF70AE002026
:1095700000C01D40E2EB002000C03D4084A8002058
:1095800000803E4000801E4000230F2248F2B82C8D
:10959000194610B54FF470444FF4806EA0F88C411A
:1095A0004FF46044A0F88E210A46A0F89031B0F83C
:1095B00088319BB243F0F003A0F8883101EB4103FE
:1095C000013100EB431304299C80A3F806E05A8480
:1095D0001A865A805A81A3F80EC05A82DA825A83B8
:1095E000DA83EBD1B0F888319BB243F00F03A0F8D7
:1095F0008831B0F888319BB243F47063A0F88831A9
:1096000010BD00BF374B384A996F384841F47F018D
:1096100070B5996741F20106D3F8801045F6C05540
:1096200043F226040A43C3F88020FFF7ADFF00F59C
:109630008040FFF7A9FF00F58040FFF7A5FF00F588
:109640008040FFF7A1FF0022A0F503104FF00F0E9E
:10965000114600EB42134FEA421C01329981042A61
:109660005981A3F80EE09E82DD8020F80C1019824B
:109670009C81EED100221E484FF00F0E41F20106F0
:10968000114645F6C05543F2260400EB42134FEA5B
:10969000421C01329981042A5981A3F80EE09E826E
:1096A000DD8020F80C1019829C81EED10022114837
:1096B0000F2641F20105114645F6C05443F2260E2D
:1096C00000EB42134FEA421C01329981042A59816E
:1096D000DE819D82DC8020F80C101982A3F80CE05A
:1096E000EED170BD00C00F40000003FC00C03D4043
:1096F00000001E4000401E4072B6EFF30583524C3E
:10970000C4F884301EF0040F0CBFEFF30882EFF3AF
:1097100009824FF0E0234D4E4D4DD3F8280DD3F87C
:109720002C1DC4E92201D3F8341DD3F8383DC4E917
:1097300024139369C4F89830D369C4F89C3000F0BE
:10974000D3F884ED280A02F0E9FA0B214FF0FF323A
:10975000C4F8A4000B46C4F880103E49301D5A409E
:10976000202402F00103013C01FB03F383EA5202CF
:10977000F7D1A84202D073680646EFE7324BC3F830
:10978000A820BFF34F8F4FF0E0233049324AC3F88F
:10979000701FC3F8702FBFF34F8FBFF36F8F2F4A27
:1097A00002252F48D36E2F4943F44053D3660560FA
:1097B000D3692D4823F07F0343F04003D3610B6846
:1097C00083423DD8264D00214FF0E0234FF0FF3279
:1097D00029600126C5F808112449C5F80011C5F80B
:1097E0000861C3F88021C3F88421C3F88821C3F835
:1097F0008C21C3F8902101E000F0E8F9D5F80C3194
:10980000002BF9D00134C5F80C614F2CF4D9184B5A
:10981000022018494FF00042C1F840015A63D5F8C0
:109820000C313BB9144815490D4A0163D2F80C318B
:10983000002BFAD04FF0E023114AC3F80C2DFEE7BD
:10984000FFF798F8BEE700BF00FF272080FF272022
:10985000A8FF27202083B8EDA0FF272000C00F40DD
:10986000004008408CD40020803DCD0B009F240098
:1098700000900D4000002E4000800F40F100AD0B25
:109880000400FA050A490A6838B108B513180948EE
:10989000834204D810460B6008BD1046704704F0A0
:1098A000AFFE0C234FF0FF320360104608BD00BF2F
:1098B00084D8002000002820002070474FF0FF309F
:1098C000704700BF4FF4005300204B60704700BF4B
:1098D000012070474FF0FF30704700BF30BFFDE7F9
:1098E00030BFFDE7FFF708BF124AD2F880305B07B0
:1098F000FBD5D2F880301048C3F30B230F4990ED0D
:10990000007A07EE903A91ED006AB8EE477A0C4A79
:10991000F8EEE77A0B4BD2ED006A77EEC77A93ED5B
:10992000007AB8EE477A67EE867A87EEA60A37EEB7
:10993000400A704700810D4098560120A056012032
:10994000A45601209C56012030B4002931D12B4C63
:109950002B4B01211960DAB12A49002248F2800517
:109960004FF001109A605D60C4E91232C1F8BC0189
:109970004FF48032D1F8B0311343C1F8B031224BEB
:1099800020491A60D1F8B031002BFBD130BC7047B0
:109990001C4980254FF001109A605D60C4E91232C5
:1099A000C1F8BC01D1F8B03143F48033C1F8B03113
:1099B000E5E70904154B0124002541F0800198607A
:1099C0001C60596000F580510C4CD96000F50051C5
:1099D000E560196100F5405100F58040A3605961D0
:1099E00008499861D1F8B03143F00103C1F8B031B2
:1099F000D1F8B031002BFBD1AAE700BF0000002056
:109A000020EF002000002E402828012040EF0020F9
:109A1000836BF0B41BB1536843F40043536072B6D8
:109A2000446B3CB31A4B2260D3F8B0410C421DD1B9
:109A3000184E776804E07468E41BB4F5166F0BD217
:109A4000D3F8404144F48044C3F84041D3F8B851BE
:109A5000D3F840416404EED50D4007D10C4CC0E969
:109A60000225D4F8B0310B43C4F8B031426362B67A
:109A7000F0BC7047064DC0E90224D5F8B0310B4365
:109A8000C5F8B0310263426362B6F0BC704700BFF4
:109A900000002E40001000E070B5056B9DB1064639
:109AA0002A46002403E012680134012A0CD05368CE
:109AB00013F08003F7D032632CB12846B36B2D68C6
:109AC0009847013CF9D170BDC6E90C33F4E700BFFB
:109AD00030B4D9B91F4C204B0021204A01254FF04A
:109AE000011099601D60C4E9023180245C60C2F8F5
:109AF000BC01D2F8B0311A482B43C2F8B031016032
:109B0000D2F8B031002BFBD130BC70470904154BA3
:109B1000104C012541F080019860104A596000F511
:109B200080511D60D96000F50051A364196100F5F2
:109B3000405100F58040596100219861E164D2F8FC
:109B4000B03143F48033C2F8B031D2F8B031002BD9
:109B5000FBD1C0E70000002020EF002000002E40D5
:109B60002828012040EF002010B472B60A4C0122D0
:109B70000A49237802FA00F018432070D1F84831DE
:109B80001A0605D480221343C1F84421C1F8483194
:109B900062B65DF8044B70471B7B012000002E402D
:109BA000084901220B7802FA00F023EA000008704D
:109BB00030B9054AD2F8483123F08003C2F8483161
:109BC000704700BF1B7B012000002E402DE9F04FA5
:109BD000A84C87B0D4F84461F107C4F8446140F15F
:109BE0009C80D4F8AC31002B63D0A34DDFF8909269
:109BF000DFF8ACB2DFF8AC82C4F8AC31D5E90A705A
:109C0000D4F8403143F40053C4F84031D4F8403123
:109C10009B04F5D5D4F840314FF0011223F40053E2
:109C2000C4F84031C4F8B421D4F8B43113F00113AE
:109C3000FAD1BAB2C9F80030B2F5106FCDE90470AC
:109C400000F0B28100F2C38040F202318A4200F09B
:109C5000268240F2DD8040F281618A4200F2AC80CF
:109C6000B2F5D06F80F0D581B2F5A06F40F09E8044
:109C7000824AEB6493600123AA64136080235360DB
:109C80004FF00113C4F8BC31D4F8B03143F4803341
:109C9000C4F8B031D4F8B031002BFBD1BDF812308C
:109CA0005B0643F08073C4F85431D4F8AC31002B18
:109CB000A2D1704BD3F8BC417CB3714AC3F8BC410C
:109CC00011680C4240F088826E4B1B681C4024D007
:109CD0005FEA144810D0684D4FF0010998FAA8F7D0
:109CE000B7FA87F705EBC71009FA07F74030FFF717
:109CF000D3FE38EA0708F1D1A4B274B15E4D4FF03B
:109D0000010894FAA4F7B7FA87F705EBC71008FA29
:109D100007F7FFF7C1FEBC43F3D1720616D5554BCA
:109D2000D3F8AC21C3F8AC21D3F8BC21C3F8BC21D3
:109D3000D3F8B041002CFBD14FF0FF32C3F8B4216F
:109D4000D3F8843101F04EFD4E4B1C60F40103D575
:109D50004D4B1B6803B19847B00103D54B4B1B68B3
:109D600003B19847710709D5424BD3F8843113F4F6
:109D7000007300F01081464B01221A703D4BD3F85E
:109D800048311A060FD533060DD5424A13782BB148
:109D9000013BDBB21370002B00F0998207B0BDE8E5
:109DA000F04F01F0DFB807B0BDE8F08F7CD94FF07D
:109DB0000113C4F8C03178E7B2F5086FF7D136481F
:109DC00001219BF800300370FFF782FE6DE742F23D
:109DD00021218A4200F0D38140F2998048F2A211F9
:109DE0008A4200F0BF8176D948F2A1439A4240F0FE
:109DF000B680B0F5102FDAD203AA284904A800F0E3
:109E00009BFE0028D3D003992448FFF761FE4CE75E
:109E1000822A00F0918140F2B580B2F5817F40F056
:109E2000A68010F0780F83B2C1D103F07F0213F047
:109E3000800F58F8223014BF23F4803323F001033D
:109E400048F8223000220D4BEA649A600122AB648C
:109E50001A6080225A604FF00113C4F8BC31D4F864
:109E6000B03143F48033C4F8B031D4F8B031002BB2
:109E7000FBD11AE700002E400000002020EF002058
:109E8000282801202C280120C0610120C461012064
:109E9000287B01202E7B01209055012020280120C5
:109EA000277B0120C0012E4040F221339A4204D08A
:109EB00040F221439A427FF47AAFB0F5102F4FEA77
:109EC0001041BFF474AFB54B0122C3E90070B44830
:109ED000FFF73AFDE9E642F221339A4225D1B14B30
:109EE00000229A60EA640122AB641A6080225A6000
:109EF0004FF00113C4F8BC31D4F8B03143F48033CF
:109F0000C4F8B031D4F8B031002BFBD1CDE640F627
:109F100001318A4200F0ED8042F221039A420AD1D7
:109F2000010C07297FF443AFCDE748F2A1139A4211
:109F30003FF45FAF3BE740F681239A427FF437AFAF
:109F400080B2042800F0BA8105287FF430AF964B28
:109F50001B78012192480370FFF7BAFDA5E622F4B1
:109F6000807248F2A1239A423FF443AF1FE7FFF407
:109F70001EAF40F221139A429FD040F221239A4211
:109F80009BD014E7802A7FF412AF88480221038017
:109F9000FFF79EFD89E6864A1370864BD3F8483159
:109FA0001A067FF500AFEEE68349C7F3074C4FF082
:109FB000C81201938BF800C0C4F8C811C4F8CC21B2
:109FC000C4F8D0214FF0C412C4F8D421C23AC4F866
:109FD000D82101F009FC00F05BFF00F039FD714A67
:109FE0000121019BAA6411608021936051604FF0B0
:109FF0000112EB64C4F8BC21D4F8B02142F48032E1
:10A00000C4F8B021C9F80030D4F8B031002BFBD12E
:10A010004BE66A4B596800293FF4C9AE4FEA174C2A
:10A020001FFA80FE04E019690C3300293FF4BFAE2B
:10A030001A886245F7D15A887245F4D14FEA1C223A
:10A04000032A00F0E2801A89000C824228BF0246EF
:10A05000BCF5007F174640F0DE80554B5849187814
:10A06000584BDFF864A1002818BF19465648FFF77F
:10A07000F7F82AF01F030AEB0701BFF34F8F4FF0E9
:10A08000E020C0F8703F20339942FAD8BFF34F8FD9
:10A09000BFF36F8F4C483946FFF71AFD05E610F005
:10A0A000780F83B27FF483AE03F07F0213F0800F4A
:10A0B00058F8223014BF43F4803343F0010348F8CA
:10A0C00022300022374BEA649A600122AB641A60A6
:10A0D00080225A604FF00113C4F8BC31D4F8B0317B
:10A0E00043F48033C4F8B031D4F8B031002BFBD145
:10A0F000DBE580B2042800F0C58005287FF457AE68
:10A10000284AC7F30F4CEB649360274BAA6483F88B
:10A1100000C001231360802353604FF00113C4F883
:10A12000BC31D4F8B03143F48033C4F8B031D4F842
:10A13000B031002BFBD1B8E583B210F078007FF48A
:10A1400036AE03F07F0258F82210184A1080180625
:10A1500058D4CF0701D50123137002211348FFF70C
:10A16000B7FCA2E5B0F5403FFFF421AE0C48032157
:10A1700083704AF644430380FFF7AAFC95E580B25A
:10A1800000287FF4ACAE114BC7F3074C1A68104B94
:10A190001A60104B83F800C0A1E600BF38F300201E
:10A1A0002028012020EF0020227B01209055012053
:10A1B000287B012000002E400200CC00D4D20020D9
:10A1C0003C1E0060941F0060A03E2420006001201F
:10A1D00048600120267B0120002142F2210011600D
:10A1E0003D49D1E9002195B2854228D03B4B9A42A6
:10A1F00003D03B4B9A427FF467AD3A49364800F0B2
:10A20000CDFC61E5CB03A6D4A7E70A78000C824217
:10A2100028BF02461746BCF5E06F51D1324B3A4693
:10A22000DFF8E4A018783149314B002818BF1946EF
:10A230005046FFF715F807238AF8013019E789B26D
:10A240000029D3D127492B4D03C9A98086284FEA7D
:10A2500011412860A971C9D172B62748017841F02F
:10A2600040010170D3F848110D0606D441F0800179
:10A270008020C3F84401C3F8481162B61F4B502137
:10A280001970B3E71E4AC7F30F4CEB6493601D4B84
:10A29000AA6483F800C001231360802353604FF049
:10A2A0000113C4F8BC31D4F8B03143F48033C4F89E
:10A2B000B031D4F8B031002BFBD1F6E4114B47E6B6
:10A2C000DFF844A03A465046FEF7CAFFD1E6062022
:10A2D000FFF766FC09F080FD38F300202101010240
:10A2E0002101000120280120287B0120941F00600B
:10A2F0003C1E0060406001201B7B01202E7B012062
:10A3000020EF0020257B0120A03E24202DE9F047EE
:10A310001F46831E042B01D9BDE8F087DFF84C905F
:10A3200015460C463C2209EBC01806464FEAC01AF7
:10A33000002108F10400240404F070F8B5FA85F255
:10A340000123520944EA427449F80A40C8F83870B7
:10A35000C8F80830002FDFD0034AB34011680B4320
:10A360001360BDE8F08700BF2C280120000000200A
:10A370002DE9F0470D46811E042901D9BDE8F0877B
:10A38000C701DFF84C909246044640373C2200213A
:10A390001E4609EB07082D0408F1040004F03EF8FE
:10A3A000BAFA8AF2520945EA427249F807200122B4
:10A3B000C8F83860C8F80820002EDFD0034B1034EE
:10A3C0001968A2400A431A60BDE8F0872C280120D2
:10A3D000000000202DE9F0471446013A022A04D873
:10A3E0001D46831E0746042B01D9BDE8F087DFF820
:10A3F00044900E46A4073C2209EBC01800214FEA06
:10A40000C01A08F1040044EA064404F007F80123E6
:10A4100049F80A40C8F83850C8F80830002DE4D090
:10A42000034ABB4011680B431360BDE8F08700BFCF
:10A430002C280120000000202DE9F0471446013AA5
:10A44000022A04D81D46831E0746042B01D9BDE805
:10A45000F0874FEAC018DFF848A00E46A40708F1BD
:10A4600040083C22002144EA06440AEB080909F1AD
:10A47000040003F0D3FF01234AF80840C9F838501C
:10A48000C9F80830002DE2D0044A07F11000116825
:10A4900083400B431360BDE8F08700BF2C280120E8
:10A4A0000000002012048160C36101F5405342F0B6
:10A4B000800210B40124426001F50052046001F5ED
:10A4C000805401F58041C46081615DF8044BC0E9AE
:10A4D00004237047831E0A46042B00D97047064B9D
:10A4E00000F110014FF0010C03EBC0100CFA01F168
:10A4F0004030FFF78DBA00BF00000020831E0A46DF
:10A50000042B00D970470121024B814003EBC0109E
:10A51000FFF77EBA000000204068704700EB83031D
:10A5200098422DE9F04709D30AE050F8044B250C76
:10A53000834221F8024B22F8025B01D98C07F4D444
:10A54000A3F10804A04230D2A3F1090800F1080CDD
:10A550009646174FA8EB00084FEAD80808F1010803
:10A560004FEA880901EB88065CE902A40CF1080CAB
:10A570001FFA8AF545EA04453C4041F8045B44EA89
:10A580001A44B1424EF8044BEED100EBC8004A44E5
:10A59000834208D950F8041B0C0C834226F8021B96
:10A5A00022F8024BF6D8BDE8F0870E46F0E700BF70
:10A5B0000000FFFF38B5114A114B11781A680023CB
:10A5C000104C114DCA401148214622602A78FFF7ED
:10A5D00069FF2B782344BFF34F8F4FF0E022C2F87E
:10A5E000684F2034A342FAD8BFF34F8FBFF36F8F69
:10A5F00006490620BDE83840FFF76CBF247B0120E8
:10A60000C4290120003D2420237B012040F10020AB
:10A6100038B505460021FDF7A9FC0121044628466E
:10A62000FDF7A4FC3B4B05461B78F3B1002C4AD048
:10A63000002D54D072B6384B186800283DD0374AE8
:10A640001168002956D019603549364B1460002432
:10A650000A680D6034490C801C681A60FDF72EFCF6
:10A660002046FDF72BFC62B638BD14B12046FDF73D
:10A6700025FC15B12846FDF721FC274C206818B1B0
:10A68000FDF71CFC00232360244C206818B1FDF763
:10A6900015FC00232360234C206818B1FDF70EFC45
:10A6A000002323601E4C206818B1FDF707FC00232F
:10A6B00023601D4B00221A8038BD1C60194A1A4BBA
:10A6C00015601880CFE7FDF7A3FB0446B0B14FF447
:10A6D00080720021043003F0A1FE002DAAD1FDF705
:10A6E00097FB054688B14FF480720021043003F0D7
:10A6F00095FE9FE70A4B14601D60B4E7002DB3D0B0
:10A700002846BDE83840FDF7D9BB2046BDE83840B3
:10A71000FDF7D4BB257B012038F500203CF5002057
:10A7200044F5002040F50020DA7A01202DE9F84FA9
:10A7300001224A4BDFF838A186081A70484BDAF834
:10A7400000401F88474BB9461D68002C4AD0002D99
:10A7500051D0002E58D0C7F180039E427AD3DFF843
:10A7600014B1414FDFF81081FBB93B68002B37D1A2
:10A77000D8F80030002B33D13C60C8F80050FDF70A
:10A7800047FB0446002843D0FDF742FB054600285E
:10A7900046D0344BCAF800401860002E33D07F2ECC
:10A7A0004FF000094FF0800345D92A1D211D58465E
:10A7B0004E4402EB490201EB4901803E0BEB830B57
:10A7C000FFF7ACFE3B681BB9D8F80030002BD3D0A4
:10A7D0008023234A13801EB1244A13680133136077
:10A7E000BDE8F88FFDF714FB04460028F8D0CAF83E
:10A7F0000000002DADD1FDF70BFB05460028EFD082
:10A80000184B1860A5E73746154B1F80BDE8F88F39
:10A81000144BCAF800001860114B1880BDE8F88F7F
:10A820002046FDF74BFB0F4BCAF800501D600C4B48
:10A830001D80BDE8F88F4F464B462A1D211D584606
:10A8400037441A4419443346FFF768FE044B1F800F
:10A85000BDE8F88F7B00DFF81CB0EEE7F97A012045
:10A86000D47A01201CF5002010F50020386001206A
:10A8700018F50020203D242014F5002008B538B13B
:10A88000114B5868C0F30E40C0F1B400FFF74EFF03
:10A890000023B4220D490C48FFF704FE0B4B03F1D3
:10A8A000B401BFF34F8F4FF0E022C2F85C3F20337A
:10A8B0009942FAD8BFF34F8FBFF36F8F024905203B
:10A8C000BDE80840FFF71ABE60EF0020203D2420BD
:10A8D000002303480349044A03700B601360704768
:10A8E000FB7A012038F5002040F50020394A2DE997
:10A8F000F84F13680133092B2DED028B55D9B42184
:10A9000000234FF02D0908EE101A13600027DFF81E
:10A91000D8B0DFF8D8A0DBF80000A9EB07020028C8
:10A920004AD0BAF800C0051D2B4B05EB4C05D3F8F7
:10A930000080CCF180039A4208F1040428BF1A4633
:10A94000264B04EB4C0403EB87065AB1114635F94C
:10A95000023B013934F902EB9BB243EA0E4346F85D
:10A96000043BF4D194441744BCF17F0F0BD81FFA79
:10A970008CFC4F45AAF800C0CDD318EE100ABDECF0
:10A98000028BBDE8F88FFDF799FA4046FDF796FA7D
:10A990001348144B0022016894460260CBF8001063
:10A9A00019681A600C4B1960E3E7B0214FF02C09CD
:10A9B000136008EE101AA9E7084B0146920003EB5A
:10A9C000470003F02BFD18EE100ABDEC028BBDE82A
:10A9D000F88F00BF7CD8002040F5002080F20020D6
:10A9E0003CF5002044F5002038F50020DA7A0120FB
:10A9F00038B5FFF77BFF114A114B054612681B78EB
:10AA0000104CDA40104900230A60024621460F48E4
:10AA1000FFF748FD6019BFF34F8F4FF0E023C3F8F5
:10AA2000704F2034A042FAD8BFF34F8FBFF36F8F1F
:10AA300006490520BDE83840FFF74CBDC429012078
:10AA4000247B012080F20020003D242060F10020C2
:10AA500038B52B4900242B4B2B4A1C600C60117815
:10AA60002A4BA1422A4A2B4D21461A600BBF0323D1
:10AA700004230A20082020222B70274B1870274817
:10AA800003F0CCFC0122B4210520254BFFF7A2FCEA
:10AA90002346B42223492148FFF704FD214B03F14B
:10AAA000B401BFF34F8F4FF0E022C2F85C3F203378
:10AAB0009942FAD8BFF34F8FBFF36F8F1749052024
:10AAC000FFF71CFD20220021174803F0A7FC174BBD
:10AAD000297801220620FFF7AFFC0020FFF76AFD6E
:10AAE00020220021124803F099FC0520114B01227D
:10AAF000B421FFF7A1FC0020BDE83840FFF778BF84
:10AB0000386001203C600120287B0120C4290120FD
:10AB10009A99192C237B0120247B012060EF0020CF
:10AB200095860200203D242040F10020CD830200C4
:10AB300060F10020098802000378A12B01D00020D9
:10AB40007047C3784078012B08D0022BF7D18138A9
:10AB50000328F4D8DFE800F01B17130B10B40E4CD9
:10AB6000184664680C705DF8044B1360704701234D
:10AB700000200B7002234870012013607047FF23F0
:10AB800000200B70F6E7002318460B70F2E7024B2B
:10AB900098680870587AEDE760D800200378212B78
:10ABA00001D000207047C3784278012B09D0022BD6
:10ABB000F7D1012AF5D1074B104609781A60996040
:10ABC0007047012AEDD1034B10460978C3E90021F3
:10ABD000704700BF60D80020124A134BD2F8200201
:10ABE00020F07F40984210B584B002D200EB800084
:10ABF00040000E4C01A90A22FEF7D4FB01A9002354
:10AC0000204611F8012B01333AB10A2B20F8022F0C
:10AC1000F7D11623237004B010BD5B00DBB22370A4
:10AC200004B010BD00441F4080969800A0EB0020A7
:10AC300000F0F8BE00F0C8BE00F02CBF00F0E6BE89
:10AC400000F082BF00F058BF0846114600F048BF30
:10AC500038B50C4B04460C4D1B68298843B1B1F53F
:10AC6000917F09D24B1C9BB2084A2B80545438BDAB
:10AC7000B1F5917FF6D338BD0022044898470021F2
:10AC80000123F1E788600120EC7A01209C6001201B
:10AC9000F8B5144C4FF0E025134E4FF4003204EB9E
:10ACA0004024124F06EB40160346C5F88C2121467E
:10ACB0003A883046FFF7F6FB3B882344BFF34F8FBB
:10ACC000C5F85C4F2034A342FAD8BFF34F8FBFF3CF
:10ACD0006F8F04203146FFF711FC4FF40033C5F8A5
:10ACE0000C31F8BD0040242080EF0020E07A0120E4
:10ACF00042684FF6FC71114BC2F30E42C0691B88CB
:10AD00009B1A0B4017D00E4930B40E4C0E4D2278D2
:10AD100021F810300021013225F81010062A94BFC6
:10AD2000D1B20A46217009490C6823440B60084BD4
:10AD3000985430BC7047FFF7ABBF00BFE07A0120EA
:10AD40004C560120177B01206856012044560120F3
:10AD5000845601202DE9F04F0123DFF828A1DFF808
:10AD600028B183B0414E9AF80020414D414F8BF8F5
:10AD7000003005EB42153388D7F80080CDE900029A
:10AD8000002B6DD13C4CDFF804912846FFF7C4FB43
:10AD900010F080005DD03B68A3EB0803282B04D99A
:10ADA0000123237003B0BDE8F08F2378002BF9D185
:10ADB00099F80030002BF5D000F010FF3388002BFD
:10ADC000E3D02E4A9AF800101288D01A043B2C4C7B
:10ADD0009BB22044338000EB4120009E4902C0F822
:10ADE000006C93BB04F5406428460C442146FFF7F1
:10ADF00059FBBFF34F8F04F1200204F50073934217
:10AE000034BF012310234FF0E02204EB4313C2F8B8
:10AE1000704F20349C42FAD1BFF34F8FBFF36F8F36
:10AE200004202946FFF756FB019B02200133032B28
:10AE300094BFDBB200238AF80030FEF7B1FE002396
:10AE40008BF8003003B0BDE8F08F0220FEF78CFED7
:10AE5000F5E70A4B9AF800101A8820701346B5E7F8
:10AE6000064A01991288D01AB0E700BFE47A01209F
:10AE700080F10020006001201C7B0120E87A012085
:10AE8000004024201E7B0120207B0120277B012005
:10AE9000214B70B51B78002B3BD04FF400731E463E
:10AEA0001E4980221E4D00240B8000211D482B804E
:10AEB00003F0B4FA1C4A21461C4B1470C0221C48F3
:10AEC0001C8003F0ABFA1B4A31461B4B04209460F4
:10AED0009C60C2E90044194AC3E900441470184B4D
:10AEE000184A1C70184B14602246FFF70FFA2346CD
:10AEF000224629880420FFF73BFA20460134FFF759
:10AF0000C7FE062CF9D100231049114A0B701370AB
:10AF100070BD40231E46C3E7287B0120E07A012054
:10AF2000E87A012080F100201E7B0120E47A0120D4
:10AF300080EF00204C56012068560120177B01202D
:10AF4000197B012044560120098B02001C7B012043
:10AF5000207B0120024B1B780BB1FFF7FBBE704733
:10AF6000277B01202DE9F843214B1D7815B9214E8F
:10AF700033880BB9BDE8F883DFF888801E4A98F85B
:10AF800000701E4C02EB47191D4A04EB472412883F
:10AF900048462146D21A2B46FFF784FABFF34F8F5B
:10AFA00004F1200204F50073934234BF01231023FF
:10AFB0004FF0E02204EB4313C2F8704F20349C4260
:10AFC000FAD1BFF34F8FBFF36F8F0137494604208B
:10AFD000FFF780FA032F4FF000034FF0020098BFF5
:10AFE000FDB2338088F80050BDE8F843FEF7D8BDC5
:10AFF000207B0120E47A012080F10020004C2420F5
:10B00000E87A01201E7B0120F8B54FF400324FF0A2
:10B01000E023204CC3F88C211F4B227819788A42F8
:10B020002ED0D3B21D4A1E4F01331E491E4E072B90
:10B0300028BF0023D05C37F8102001EB40218D5849
:10B040000432316892B2043927F810203160174970
:10B0500031F81010914207D94FF0E0234FF400323D
:10B060002846C3F80C21F8BDDBB22370FFF710FEB1
:10B070004FF0E0234FF400322846C3F80C21F8BD0E
:10B0800000254FF0E0234FF400322846C3F80C218E
:10B09000F8BD00BF197B0120177B012084560120D9
:10B0A0006856012000402420445601204C560120BF
:10B0B0002DE9F0410746FFF7A7FF98B1C0F303233E
:10B0C00000F00F059F4A04465E1CC0F303134FEACD
:10B0D00010281370A5F10803062B06D8002F47D0BF
:10B0E000BE4245D00020BDE8F081AB1E5FFA88F07B
:10B0F000012B19D9F72818BFF02801D9052D13D035
:10B10000042D00F089816B1F022B40F249810F2D25
:10B11000E8D1F72808D8F02803D08B4B1B88002BE8
:10B12000E0D0FFF795FDDDE7F1380E28DAD801A36E
:10B1300053F820F0CD900200DF900200FB90020057
:10B14000FD8E0200FD8E020009910200FD8E0200BC
:10B1500017910200FD8E02005190020085900200BE
:10B160006D900200FD8E02009D900200B5900200DD
:10B17000082DC4F3033318D1082B16D1734980224C
:10B18000734BC4F307450F68F6B2240E1A701FB153
:10B19000294630462246B8476E4901206E4A6F4B19
:10B1A0000E7015701C70BDE8F081092D14D1092BAB
:10B1B00012D1220E664B00F0B7809021C4F30745F0
:10B1C000F6B21970D4B2664B1B68002BE4D022464D
:10B1D000294630469847DFE70A2D05D10A2B03D1CF
:10B1E000604BA0215A4A06E00B2D11D10B2B0FD139
:10B1F0005D4BB021564A1B68C4F30745F6B2117087
:10B20000240E002BC8D02946304622469847C3E773
:10B210000C2D40F081800C2B7ED1544BC0214C4A28
:10B220001B68C4F30745F6B21170240E002BB3D08F
:10B23000294630469847AFE74D4B1B68002B00F07E
:10B24000FF80C4F307459847414AF6B2240E82F8BE
:10B250000080A1E7474B1B68002BF2D1464B1B68CF
:10B260002BB3FC20C4F307459847EDE7434B1B681D
:10B27000002BE6D1404B1B68CBB1FB20C4F3074544
:10B280009847E1E73E4B1B68002BDAD13A4B1B682D
:10B290006BB1FE20C4F307459847D5E7394B1B68CF
:10B2A000002BCED1344B1B680BB1FF209847C4F361
:10B2B0000745C9E7344BC4F307451B68002BC3D0CF
:10B2C00028469847C0E7314B1A68002AEFD0630C34
:10B2D000C4F30640250C03F47E53EDB218439047A7
:10B2E000B2E72B4BC4F307451B68002BE8D1ABE753
:10B2F000284BC4F307451B68002BA4D1A4E7264BB9
:10B300001B68002B9DD11C4B1B68002BCFD0F82055
:10B31000C4F30745984797E70D2D62D10D2B60D1F7
:10B320001E4BD0210A4A7BE78021F6B2C4F30745C1
:10B330001970064B1B68002B79D0294630461446FD
:10B34000984729E7297B0120EC7A012060600120E1
:10B350002D7B01202A7B01202B7B01202C7B0120CF
:10B3600064600120986001205C6001206C60012015
:10B370007C60012080600120706001205860012005
:10B380004C6001208C6001209060012074600120DD
:10B3900078600120946001205460012050600120F9
:10B3A000FFF756FC052D08D0C4F30740FFF750FC0B
:10B3B000072D02D1200EFFF74BFC2A4B2A48198893
:10B3C0002A4A0170080A2A4C10700020294A188065
:10B3D000F0232468137064B327480122A04701209A
:10B3E00081E60E2D7FF47EAE0E2B7FF47BAE234BD9
:10B3F000E021204A1B68117063B3610CC4F306425C
:10B40000F6B201F47E51250C3046240E1143EDB204
:10B41000A1F500519847BFE6FFF71AFCC4F30740B7
:10B42000FFF716FC200EFFF713FC00205BE61C461E
:10B43000B2E6134B1B6893B10F489847012052E6C0
:10B44000104B1B68002B3FF432AFFA20C4F30745C2
:10B450009847F9E6C4F30745F6B2240E9CE60120AE
:10B4600041E600BFEC7A01202B7B01202C7B0120E0
:10B47000886001202D7B01209C60012068600120F4
:10B480008460012070600120F8B5144C4FF0E02575
:10B49000134E4FF4003204EB4024124F06EB4016DB
:10B4A0000346C5F88C2121463A883046FEF7FAFF5C
:10B4B0003B882344BFF34F8FC5F85C4F2034A34231
:10B4C000FAD8BFF34F8FBFF36F8F03203146FFF7DA
:10B4D00015F84FF40033C5F80C31F8BD00542420A2
:10B4E00040F00020E27A0120244B2DE9F0411C8835
:10B4F0004368C569C3F30E43E41A002C24DD2049D8
:10B5000020480A780078D3B21F4E82421F4807D0E5
:10B5100010F8038036F81870C7F50072944218D9F5
:10B520000133002226F81540082B194E88BF134618
:10B5300026F8152098BFDAB2C554164B0A701A685F
:10B5400014441C60BDE8F0812846BDE8F041FFF7D7
:10B550009BBF07EB4820104922462744084401EBD3
:10B560004521FDF77DFE0B4A284626F81870136822
:10B570002344BDE8F0411360FFF786BFE27A012063
:10B58000187B01201A7B0120585601208C5601207F
:10B590007456012048560120005424201D4B1A786F
:10B5A000002A36D102F0FF031B4A12788AB32DE934
:10B5B000F0411A4D2A8852B3194EC2F50068194F4E
:10B5C0003278194C07EB421704EBC2244246384646
:10B5D0002146FEF767FF04EB0802BFF34F8F4FF0E1
:10B5E000E023C3F8704F2034A242FAD8BFF34F8F44
:10B5F000BFF36F8F03203946FEF76CFF33780133BA
:10B60000DBB2032B88BF0023337000232B80BDE8FF
:10B61000F0817047217B0120277B0120E67A012001
:10B620001F7B012000F20020006424202DE9F04F50
:10B6300085B0CDE90110002900F0BF800023604CE7
:10B64000DFF89881DFF898A15E4F009301235E4AEE
:10B6500023705E4B1978B8F8003002EB4119002BCB
:10B6600040F0A7801E461D469B464846FEF754FF05
:10B6700010F0800000F08C80BFF34F8F9AF80030FC
:10B6800084F800B005B93E68002B7DD13B689B1B58
:10B69000782B00F287804E4B1B78002B74D000F083
:10B6A0009DFA0122B8F8003015462270002BDCD03C
:10B6B000464AC3F5006011781A4600EBC120454D9B
:10B6C000C9022844019D954217D20393DDE9015137
:10B6D0002A46FDF7C5FD039B4FF040425B1BA8F8CF
:10B6E00000303D4BC3F88420BFF34F8F00980023F8
:10B6F0002844237005B0BDE8F08F364BCD18029971
:10B70000FDF7AEFD00234FF4006229464846FEF7E0
:10B71000C9FEBFF34F8F05F1200205F50063934288
:10B7200034BF012340234FF0E02205EB4313C2F85E
:10B73000705F2035AB42FAD1BFF34F8FBFF36F8FED
:10B7400003204946FEF7C6FE204A13780133DBB2D8
:10B75000032B84BF00231D4A1370B8F80030019AF0
:10B76000D11A009A1A4401910092029A1A440023B5
:10B770000292194AA8F80030C2F88430BFF34F8F04
:10B78000237000297FF462AF009805B0BDE8F08F08
:10B790004FF400620D4B8AF8000019781346A8F8A0
:10B7A00000208AE7012300988AF8003005B0BDE840
:10B7B000F08F1A46C3F500607FE70198E5E700BF08
:10B7C000217B01200060012000F200201F7B01206E
:10B7D000277B01200064242000002E40E67A01200F
:10B7E0001D7B0120704700BF2D4B002180222D487A
:10B7F00070B51B7800242C4D8B422C4E0CBF40237F
:10B800004FF400732B80338002F008FE284A214653
:10B81000284B14704FF4807227481C8002F0FEFD04
:10B82000264A1021264B0220C2E90044C2E9024404
:10B83000244AC3E900441470234AC3E90244234B59
:10B840001C70234614602246FEF792FD2246318882
:10B8500003201F4BFEF75AFD2346012229880320AF
:10B86000FEF786FD20460134FFF70EFE082CF9D1C5
:10B87000184B00214A221848184C0460C3F8841061
:10B88000C3F88020D3F84821154942F08072C3F8EC
:10B89000482121B1134A137843F00103137070BD9E
:10B8A000287B012000F20020EA7A0120E27A0120C0
:10B8B0001F7B0120E67A012040F00020585601202D
:10B8C00074560120187B0120485601201A7B012064
:10B8D0000193020000002E40C0610120B5930200D8
:10B8E000000000002F7B01202DE9F04F4FF0E023F6
:10B8F0004FF40032DFF8C8A083B0C3F88C218B4628
:10B900009AF8004000294FD08046E4B20027DFF8C3
:10B91000B490264BABEB070225491B78A34204F1F8
:10B9200001043FD0092C234B404628BF00241E5D54
:10B9300039F816C00CEB462319441F4B33F8165048
:10B94000A5EB0C05AA421CD20CEB462C18491B4C4B
:10B9500061440192FDF784FC216839F8165058467D
:10B96000019AA1EB0B012A44394429F816202160E1
:10B970004FF0E0234FF40032C3F80C2103B0BDE8D0
:10B98000F08F2A462F44FDF76BFC0C49E3B230469A
:10B990000A68A844521B0A608AF80030FFF774FD59
:10B9A000BB45B6D83846E3E70846E1E7187B0120F7
:10B9B000005424208C56012058560120485601205E
:10B9C0001A7B0120745601200B4B0C4A127819780F
:10B9D000D3B28A420DD0013309480A4A092B0A49D9
:10B9E00028BF0023C35C31F8131002EB4323585CDB
:10B9F00070474FF0FF307047187B01201A7B012001
:10BA00008C5601200054242074560120044B10B59C
:10BA10001C680CB1204610BD00F0E0F8204610BDB7
:10BA2000485601202DE9F84F144E154D33782A78E9
:10BA3000934221D0DCB2DFF85090DFF850B0DFF84D
:10BA40005080104F0134082C5FFA84FA01D9002489
:10BA5000A24619F80400DBF8003038F8102037F857
:10BA60001010521A9B1ACBF80030FFF70DFD86F824
:10BA700000A02B78A342E5D1BDE8F88F1A7B012006
:10BA8000187B0120745601208C5601204856012055
:10BA90005856012000B583B001210DF10700FFF7D2
:10BAA00023FF20B19DF8070003B05DF804FB4FF0C1
:10BAB000FF30F9E7094B00B583B01B788DF807001C
:10BAC0003BB101210DF10700FFF7B0FD03B05DF8B8
:10BAD00004FB03F0FF0003B05DF804FB277B0120AB
:10BAE000044B1B7803F0FF020BB1FFF79FBD10461C
:10BAF000704700BF277B01202DE9F0410024DFF8CB
:10BB0000448001230D4D27460D4E88F800303378D0
:10BB100028462035A34204F1010405D0FEF7FCFCC1
:10BB2000030658BF07F50067042CF0D1BFF34F8F11
:10BB30000023384688F80030BDE8F08100F200208C
:10BB40001F7B0120217B01202DE9F8431D4B1B7831
:10BB500013B11D4D2A880AB9BDE8F8831B4EC2F502
:10BB600000691B4933784A461A4C01EB43181A4FB7
:10BB700004EBC324012340463B7021460023FEF71B
:10BB800091FC04EB0902BFF34F8F4FF0E023C3F8A1
:10BB9000704F2034A242FAD8BFF34F8FBFF36F8F9C
:10BBA00003204146FEF796FC33780133DBB2032BCA
:10BBB00088BF0023337000232B80BFF34F8F3B706F
:10BBC000BDE8F883277B0120E67A01201F7B012056
:10BBD00000F2002000642420217B01202DE9F8439D
:10BBE0002D4B1E7866B12D4F3B784BB90123F107E1
:10BBF0003B7043D4B20726D400233B70730701D4B3
:10BC0000BDE8F883264B1A68002AF9D0EFF30582C5
:10BC1000002AF5D1EFF3108572B61868002834D0E9
:10BC2000204C2178002930D10122227042691A600B
:10BC3000002A2ED0916105B962B600258368457748
:10BC400098472570DCE7DFF8648098F80030002B17
:10BC5000D2D00025DFF858902B4659F82340013503
:10BC6000236820461B69984710B163699B68984711
:10BC700098F80020EBB29A42EFD8BDE7FFF7C6FE76
:10BC80000028B7D0AFF30080B4E7002DB8D162B67A
:10BC9000B6E7054B1A60CEE72F7B0120047B01201D
:10BCA00048F50020FC7A012054F50020FD7A01209F
:10BCB00058F5002070B5EFF3108272B60C4C206876
:10BCC00080B10C4E00254369236073B19D6102B9B8
:10BCD00062B6836845779847EFF3108272B62068A2
:10BCE0000028F0D102B962B670BD3360EFE700BF43
:10BCF00050F500204CF50020FFF7DCBF0449054A51
:10BD00004968054B1960136801331360704700BF21
:10BD1000001000E000600120FC5F0120074A506A2B
:10BD2000936A19468446506A936A9942F9D18445C8
:10BD3000F7D1DB0B43EA4040704700BF00400D40A5
:10BD400000F03F020B4B8009520233F9101030B45F
:10BD5000C2F50044451C084801FB04F133F91530D5
:10BD6000084002FB030040F3CF3030BC20F001005C
:10BD7000704700BF10AF00200000FFFF03460846D9
:10BD8000194602F00FBC00BF90F8A32090F8A20063
:10BD9000101A704790F8A23090F8A3209A4205D963
:10BDA0005A1C034480F8A220987E70474FF0FF3061
:10BDB000704700BF90F8A23090F8A3209A4202D9B1
:10BDC0001844807E70474FF0FF307047704700BFC7
:10BDD0000346B0F8300178B193F82F21882A03D9AF
:10BDE000012200205A60704702F1010C01201A4420
:10BDF00083F82FC182F8A510704700BF38B5B0F89E
:10BE000030410CB9204638BD90F82F310546C3F1BA
:10BE10008904A2420DD8144605F1A5002246184413
:10BE2000FDF71EFA95F82F312046234485F82F316F
:10BE300038BD01224260EFE72DE9F04FD0F814A0A1
:10BE40001524017E8146437E83B00AEB0111384AF6
:10BE50000AEB0313374F097A93F8283002EB0115E8
:10BE60000901E86852F8018002EB0311D5F804B02B
:10BE70001B01CE68D558CBF80040C8F88400D8F82C
:10BE800004304A6803432C490192C8F80430146016
:10BE9000C5F884606B6833436B60284B4C683A6824
:10BEA000A3FB0232920C02EB820252004B681B1B76
:10BEB0009A42FBD84FF0090C1F4ADFF880E0D8F80F
:10BEC0000830034202D0AB6833422FD1C5F88860F6
:10BED00054683968AEFB0131890C01EB810153686C
:10BEE0001B1B9942FBD8C5F8846054683968AEFBC7
:10BEF0000131890C01EB810153681B1B9942FBD86E
:10BF0000BCF1010CDBD1604699F81830019A0AEBBC
:10BF10000313DB68CBF8003099F819300AEB031AE9
:10BF2000DAF82C30136003B0BDE8F08F0120EBE7A6
:10BF300084A800208CD40020001000E083DE1B4386
:10BF40000E4A10B51168046905E0DB0107D41368D7
:10BF50005B1A102B08D8636913F0007FF5D14FF4FA
:10BF6000FE430120636110BDFFF766FF0028FAD091
:10BF70004FF4FE4301206361F5E700BF006001203C
:10BF80002DE9F04790F82FA10569BAF1000F4FD0C5
:10BF900081468846FFF7D4FF002849D0374E002459
:10BFA000376818E06B69190551D4DA0455D458057F
:10BFB00059D4990441D43268D21B322A3DD8544511
:10BFC00007D9EA6D520704D19B0555D4B8F1000F8B
:10BFD00052D0FFF703FE5445E4D8EA6D500702F053
:10BFE0000703DFD413E099F8A5200133022442F4BB
:10BFF0008062042B2A661ED08A4503F1010309EBF7
:10C0000001020ED992F8A520042B2A66CAD001217C
:10C01000002CE8D02146013301348A4509EB0102A6
:10C02000F0D8B8F1000FBDD04FF400732B66B9E71C
:10C030000420BDE8F0870124B4E72B694FF40072B7
:10C04000042043F440732B612A66BDE8F0872B6916
:10C05000042043F440732B61EBE72B69052043F484
:10C0600040732B61E5E72B694FF40072022043F423
:10C0700040732B612A66DCE70020DAE700600120CC
:10C080002DE9F84F83460C4615461F46D0F810A000
:10C09000FFF756FF002800F09E806100012DDFF8B9
:10C0A0003C8140F20146CBB24FF0000138BF012580
:10C0B000D8F800900C461E43ABF8A21020E09BF885
:10C0C000A330872B3FD9DAF8142010055AD412F484
:10C0D000105F70D1D8F80030A3EB0903322B6AD877
:10C0E0009BF8A330AB4209D3022C07D9DAF85C30B5
:10C0F000590703D193054BD4002F49D0FFF76EFDAC
:10C10000022CDCD8DAF85C3003F007025B07D6D4E7
:10C11000681E224440F480704CB9CAF86060013453
:10C12000131B032BCBD8022CC9D8002CF5D0012C23
:10C1300037D01FB14FF40073CAF860309BF8A330BA
:10C140000324872BBFD8DAF85C2012F4E02FC2F367
:10C15000024CB8D0591C9C441933C9B25FFA8CFC0C
:10C160005BFA83F3DAF870004A1C61458BF8A31080
:10C17000D1B203F8010FA6D08929F3D1DAF814203F
:10C180001005A4D5DAF8103043F44073CAF8103023
:10C19000DAF85C3013F4E02F06D19BF8A300BDE879
:10C1A000F88FCAF86000BAE7DAF8103043F4007389
:10C1B000CAF81030F1E7DAF810304FF4007243F4A7
:10C1C0004073CAF81030CAF86020DAF85C3013F413
:10C1D000E02FE2D0E8E70420BDE8F88F00600120FE
:10C1E000F8B506690446D6F8145115F4706301D009
:10C1F000C6F81431A8070BD5D6F8702111043DD527
:10C200000023012184F8A230234484F8A3109A76F5
:10C21000EA0710D594F83071F7B194F82E7194F8BC
:10C220002F31BB4226D97B1C274484F82E3197F846
:10C23000A530C6F86031AB050DD594F8A30018B150
:10C24000D4F83C3103B198470023A4F8A230A4F8F5
:10C250002E3184F83031F8BDD4F8383103B1984725
:10C26000002384F82E31012384F8303194F82F31E3
:10C27000BB42D8D80023C6F86031DCE794F8A3307D
:10C28000872BC5D8591CC9B2BEE700BF0148FFF7CC
:10C29000A7BF00BFA0D400200148FFF7A1BF00BF87
:10C2A000E0D500200148FFF79BBF00BF20D700204A
:10C2B00010EE103A40F22A41C3F30A528A42B7EE16
:10C2C000C03A32D8B7EE000B2D4B93ED4A2B93EDCD
:10C2D000481BB0EE417BA2EE037B17EE100A37EE4F
:10C2E000417B00F01F0203EBC20130B492EE037BEE
:10C2F00093ED4C4B53F832404D6893ED4E6B93EDFC
:10C30000505BA4EE076B27EE074B00210A1905EBE3
:10C31000C033A5EE070B43EC172BA6EE040B30BC85
:10C3200020EE070BB7EEC00B704713F5000F20D0BF
:10C33000B2F5FF6F1AD2DFED137AB4EEE70AF1EE31
:10C3400010FA10DCDFED107AB4EEE70AF1EE10FA25
:10C3500012D4DFED0E7AB4EEE70AF1EE10FAB1D5A1
:10C36000002000F079BD002000F07CBD30EE000A16
:10C3700070479FED070A7047002000F067BD00BFBF
:10C38000800300201772B142B4F1CFC2CF8ECEC26B
:10C390000000000010EE103AC3F30A52B2F5866FA7
:10C3A000B7EEC07A2ED2B7EE000B2A4B93ED402B9E
:10C3B00032EE073B13EE100A33EE423B00F01F0251
:10C3C00003EBC20130B437EE437B93ED424B53F89D
:10C3D00032404D6893ED446B93ED465BA4EE076BE2
:10C3E00027EE074B00210A1905EBC033A5EE070B1A
:10C3F00043EC172BA6EE040B30BC20EE070BB7EE78
:10C40000C00B704713F5000F1ED0B2F5FF6F18D2A6
:10C41000B5EEC00AF1EE10FA10DCDFED0F6AB4EEF3
:10C42000E60AF1EE10FA12D9DFED0C6AB4EEE60A74
:10C43000F1EE10FAB7D5002000F00EBD002000F09C
:10C4400011BD30EE000A70479FED050A70470020CD
:10C4500000F0FCBC80030020000016C3000015C3E0
:10C460000000000010EE103AB3F17E5F3ED0A3F55D
:10C470000001B1F1FE4F10EE102A3AD2BFEE002BB0
:10C4800002F14043284903F54D03C3F3C34001EBD8
:10C49000001091ED424B91ED447B91ED406B91ED9D
:10C4A000465BD90DC9052DED028B90ED021B90ED79
:10C4B000008B521ADB1500EE103A03EE902AB8EE0C
:10C4C000C00BB7EEE33A30EE010BA8EE032BBDEC48
:10C4D000028B22EE023BA4EE027BA5EE020BA6EE3F
:10C4E000037BA3EE070BB7EEC00B70479FED0F0A5F
:10C4F0007047590014D0B3F1FF4F14D0002B0BDB61
:10C50000B1F17F4F08D2DFED0A7A60EE277A17EE9D
:10C51000903AA3F13862B1E700EE103A00F0BABCED
:10C52000012000F0A5BC7047C804002000000000F6
:10C530000000004B0000000070B553EC102B784C4D
:10C5400003F1404C4FF0FF350CF5901C954274EB15
:10C550000C042DED068B10EE100A1E4652D24FEA47
:10C56000134EAEF1100547F6DF74A54200F29F802E
:10C57000BFEE008B06F1404303F5D013C3F3463200
:10C580004FEA135C1B1507EE903A664B03EB02145F
:10C5900093ED006B94ED261B4FEA0C5C93ED0C4B76
:10C5A000B8EEE79B93ED025BA6EE091B93ED042B1F
:10C5B00093ED083B93ED067B94ED240B93ED0A6B12
:10C5C000021EA6EB0C0343EC1A2BAAEE008BA4EE82
:10C5D000086BA3EE087B28EE084BA6EE047B38EE32
:10C5E000016B31EE460B30EE080B28EE048BA5EE06
:10C5F000090BA2EE040BA8EE070B30EE060BBDEC08
:10C60000068B70BD484CA34208BF002A79D0B7EE14
:10C61000001B30EE411B434921EE01AB91ED123B73
:10C6200091ED184B91ED107B91ED166BA3EE017B14
:10C63000A4EE016B91ED1E3B91ED1C4B91ED0E8B29
:10C64000A3EE014B9FED309B91ED145B91ED200B20
:10C65000A5EE0A7BB0EE415B91ED1A2BA0EE0A4BE2
:10C66000A1EE095B91ED223BA1EE495BA2EE0A6BC4
:10C67000B0EE410B21EE0AABA3EE0A4BA4EE0A6B1F
:10C6800025EE054BA6EE0A7BA4EE080B31EE456BBA
:10C6900031EE055B28EE066B31EE401BA4EE081B65
:10C6A000A6EE051BA7EE0A1B30EE010BA7E79418B8
:10C6B00043EB03052C431DD01C4CA34208BF002AAA
:10C6C0009DD01EF4004F0DD147F6F07131EA0E01F6
:10C6D00008D09FED0F7B20EE077B51EC170BA1F1EB
:10C6E000507645E7BDEC068B43EC102BBDE870405F
:10C6F00000F03ABCBDEC068B0120BDE8704000F0B4
:10C700001BBC9FED050B7AE7000000000000A04174
:10C7100000000000000030430000000000000000A6
:10C72000FF080300E80500200000F03F0000F07F54
:10C7300030B410EE103A2DED028BA3F5000110EE8F
:10C74000902AB1F1FE4F10EE104A82B04FEA42013A
:10C750007CD201F1FF3C6FF08070844580F0F7805F
:10C76000002004F1404303F54D03C3F3C342DB0D46
:10C77000DB05E11ADB1507EE903AB14B03EB021231
:10C7800092ED003B04EE101AB7EEE06AB7EEC44A31
:10C79000BFEE000BA3EE040B93ED443B20EE001B19
:10C7A00093ED464B93ED402BA0EE034B93ED425B94
:10C7B00093ED483BA0EE025B21EE012B92ED028B44
:10C7C000B8EEE77B37EE087BA0EE037BA1EE047B9F
:10C7D000A5EE027B26EE077B17EE903A48F2BF01EA
:10C7E000C3F3CF338B4250D2B7EE000B954B93ED92
:10C7F000402B37EE023B13EE102A33EE423B02F0A1
:10C800001F01821803EBC10093ED424B37EE437BCF
:10C8100053F83140456893ED446B93ED465BA7EECA
:10C82000046B27EE074B0023181905EBC231A7EE66
:10C83000050B41EC170BA6EE040B20EE070BB7EE31
:10C84000C00B02B0BDEC028B30BC70474D1E6FF0C8
:10C850008070854280F0CE8059004D1E854280F068
:10C860009280002B55DB0020B4F5000FBFF479AFA8
:10C87000DFED757A07EE103A67EE277A17EE904AE9
:10C8800024F00044A4F138646BE79FED656BB4EECF
:10C89000C67BF1EE10FA15DC9FED636BB4EEC67B40
:10C8A000F1EE10FA20DD4FF04C5388B10193DDED2D
:10C8B000016ABFEE006A76EE666AF4EE466AF1EE51
:10C8C00010FA11D002B0BDEC028B30BC00F0CABA35
:10C8D0000093DDED006AB7EE006A76EE866AF4EE4C
:10C8E000466AF1EE10FAEDD19FED516BB4EEC67BC6
:10C8F000F1EE10FA57D99FED506BB4EEC67BF1EE16
:10C9000010FA7FF571AF02B0BDEC028B30BC00F0C5
:10C91000A3BAC2F3C7517E2911DD962954DC012048
:10C92000C1F1960100FA01F1481E104207D11142EF
:10C9300014BF01200020000424F0004494E700EE1E
:10C94000103A02B0BDEC028B30BC00F0A3BA002953
:10C9500052D0B3F17E5F2CD06400B4F17F4F2ED85B
:10C96000B1F17F4F2BD1B4F1FE4F4BD0B4F1FE4F5C
:10C970006FEA020234BF00240124D20F94424CD04B
:10C980009FED320A5DE7002B20EE000A1EDB00203F
:10C9900000293AD1002ABFF654AF02B0BDEC028B99
:10C9A00030BC00F065BA02B0BDEC028B30BC00F0C8
:10C9B0004DBA82F48002520012F5000F22D907EE20
:10C9C000903A37EEA00A3CE70020B5E7C2F3C75320
:10C9D000A3F17F001728DAD8C3F19600012303FAE8
:10C9E00000F0441E1442D2D11040D1D0B1EE400A22
:10C9F0001846CDE70029AFD184F48002520012F529
:10CA0000000FDCD8B7EE000A1BE7002ABFF619AF0B
:10CA1000F7EE007A87EE800A13E720EEA00A10E70F
:10CA200071D5D1FFFFFF5F40E2AAA3FFFFFF5F4088
:10CA30000000000000C062C00000000000A062C052
:10CA4000680F0020800300200000004B0000000061
:10CA500030B510EE104AC4F30A53B3F57D7FB7EE3C
:10CA6000C06A83B01BD226EE065BB3F5667F6ED339
:10CA700026EE052B25EE021B734B93ED1A3B93ED2F
:10CA8000187B93ED164BA5EE037BA2EE046BB0EE84
:10CA9000460BA7EE010BB7EEC00B03B030BD40F262
:10CAA0002E4293425ED8684991ED087B26EE077BC3
:10CAB000FDEEC77B91ED0A5B17EE903A03F500039C
:10CAC0001B1613F0020F07EE903A01F1700208BF37
:10CAD0000A46D807B8EEE77BA7EE456B26EE067B45
:10CAE0001BD403F0030301EBC30192ED1A4B91ED4C
:10CAF000002B92ED185B26EE026B92ED163BA7EE33
:10CB0000045B26EE074B27EE047BA4EE036BA5EE39
:10CB1000076BB7EEC60B03B030BD92ED142B27EEBA
:10CB2000075B92ED126B92ED0E3BA7EE026B92ED5E
:10CB30000C0B92ED104BA7EE030B27EE057BA5EE39
:10CB4000040BA6EE070BB7EEC00B03B030BD220DF1
:10CB500012F4FF6FDFD1B7EEC55B00EE104A8DED2A
:10CB6000015AD8E7B3F5FF6F4BD2384BC4F3836259
:10CB700003EB820053F822200569C4F31603C4F3C3
:10CB8000C25143F400038B40016A03FB02F2A3FB92
:10CB90000110E3FB050202F100518D0F01F040414D
:10CBA000511A00F07FFB2A4B9FED257B05EBD474D7
:10CBB00041EC160B14F0020FA3F1700208BF1346EC
:10CBC000E90726EE077B27EE076B1FD404F003046A
:10CBD00002EBC40293ED1A4B92ED002B93ED185B20
:10CBE00027EE027B93ED163BA6EE045B27EE064B89
:10CBF00026EE046BA4EE037BA5EE067BB7EEC70B17
:10CC000089E703B0BDE8304000F044B993ED142B40
:10CC100026EE065B93ED127B93ED0E3BA6EE027BB8
:10CC200093ED0C0B93ED104BA6EE030B26EE056B6C
:10CC3000A5EE040BA7EE060BB7EEC00B6BE700BF2B
:10CC4000182D4454FB21193C90100020D8A5002039
:10CC5000001100200000000038B510EE104AC4F3A7
:10CC60000A53B3F57D7FB7EEC07A1ED227EE077B5D
:10CC7000B3F5667F6FD327EE071B634B93ED142B41
:10CC800093ED125B93ED0E3BA7EE025B93ED0C0B65
:10CC900093ED104BA7EE030B27EE017BA1EE040BE7
:10CCA000A5EE070BB7EEC00B38BD40F22E42934203
:10CCB00054D8554991ED086B27EE066BFDEEC66B17
:10CCC00091ED0A5B16EE903A03F500031B1613F084
:10CCD000020F06EE903A01F1700208BF0A46D8072B
:10CCE000B8EEE66BA6EE457B27EE076B1AD503F090
:10CCF000030301EBC30191ED002B92ED1A4B92ED72
:10CD0000185B92ED163BA6EE045B27EE027B27EE46
:10CD1000064B26EE046BA4EE037BA5EE067BB7EE76
:10CD2000C70B38BD92ED142B92ED127B92ED0E3BAA
:10CD300092ED0C0B92ED104B26EE065BA6EE027BFD
:10CD4000A6EE030B26EE056BA5EE040BA7EE060B75
:10CD5000B7EEC00B38BDB7EE000A38BDB3F5FF6FB4
:10CD60003DD22A4BC4F3836203EB820053F82220A6
:10CD70000569C4F31603C4F3C25143F400038B40A6
:10CD8000016A03FB02F2A3FB0110E3FB050202F1BF
:10CD900000518D0F01F04041511A00F083FA1C4BF5
:10CDA0009FED177B05EBD47441EC160B14F0020FCA
:10CDB000A3F1700208BF1346E90726EE077B27EEB2
:10CDC000076B10D504F0030402EBC40292ED002BB4
:10CDD00093ED1A4B93ED185B93ED163B93E7BDE88B
:10CDE000384000F057B893ED142B93ED127B93ED80
:10CDF0000E3B93ED0C0B93ED104B9DE7AFF30080D2
:10CE0000182D4454FB21193C90100020D8A5002077
:10CE10000011002010B582B08DED010A044601F02A
:10CE2000EFFB9DED010A046002B010BD30B1F1EEE0
:10CE3000407A27EE800A2220FFF7ECBFF0EE407A1E
:10CE400027EE800A2220FFF7E5BF00BF9FED010A11
:10CE5000FFF7ECBF000000109FED010AFFF7E6BFEF
:10CE60000000201A9FED010AFFF7E0BF00000070EC
:10CE70009FED070AFFEE007AB7EE007A00284FF028
:10CE8000220047FE277A87EE800AFFF7C3BF00BF64
:10CE90000000000070EE407AB4EE400A87EEA77AF8
:10CEA000F1EE10FAB0EE470A02D62120FFF7B2BF2A
:10CEB000704700BF10EE101AC1F3C7520029A2F14B
:10CEC0007F0CB4BF4FF0FF300120BCF11E0F0FDC10
:10CED000BCF1000F1DDBC1F31603BCF1160F43F4C8
:10CEE00000030ADD963A03FA02F202FB00F07047F3
:10CEF000FDEEC07A17EE900A70474FF4800242FAB6
:10CF00000CF21A44CCF1170C22FA0CF202FB00F0DE
:10CF10007047BCF1FF3F18BF0020704710B582B0CA
:10CF20008DED000B044601F06BFB9DED000B0460E2
:10CF300002B010BD0000000082B00028B7EE006B08
:10CF4000BFEE007B06FE077B8DED007B9DED000BA9
:10CF50009FED037B222080EE070B02B0FFF7DEBFC0
:10CF60000000000000000000B4EE400BF1EE10FAEB
:10CF700030EE407B87EE076BB0EE460B02D62120E9
:10CF8000FFF7CCBF704700BF81F0004102E000BF57
:10CF900083F0004330B54FEA41044FEA430594EA79
:10CFA000050F08BF90EA020F1FBF54EA000C55EAB4
:10CFB000020C7FEA645C7FEA655C00F0E2804FEA85
:10CFC0005454D4EB5555B8BF6D420CDD2C4480EA67
:10CFD000020281EA030382EA000083EA010180EA97
:10CFE000020281EA0303362D88BF30BD11F0004FE5
:10CFF0004FEA01314FF4801C4CEA113102D040421B
:10D0000061EB410113F0004F4FEA03334CEA133355
:10D0100002D0524263EB430394EA050F00F0A7806D
:10D02000A4F10104D5F1200E0DDB02FA0EFC22FA68
:10D0300005F2801841F1000103FA0EF2801843FA5C
:10D0400005F359410EE0A5F120050EF1200E012A4D
:10D0500003FA0EFC28BF4CF0020C43FA05F3C0188B
:10D0600051EBE37101F0004507D54FF0000EDCF104
:10D07000000C7EEB00006EEB0101B1F5801F1BD3AD
:10D08000B1F5001F0CD349085FEA30004FEA3C0CB1
:10D0900004F101044FEA445212F5800F80F09A80A7
:10D0A000BCF1004F08BF5FEA500C50F1000041EBAB
:10D0B000045141EA050130BD5FEA4C0C404141EBAF
:10D0C0000101013C28BFB1F5801FE9D291F0000FAA
:10D0D00004BF01460020B1FA81F308BF2033A3F159
:10D0E0000B03B3F120020CDA0C3208DD02F1140C50
:10D0F000C2F10C0201FA0CF021FA02F10CE002F18B
:10D100001402D8BFC2F1200C01FA02F120FA0CFC83
:10D11000DCBF41EA0C019040E41AA2BF01EB0451CC
:10D12000294330BD6FEA04041F3C1CDA0C340EDCCA
:10D1300004F11404C4F1200220FA04F001FA02F30D
:10D1400040EA030021FA04F345EA030130BDC4F1CB
:10D150000C04C4F1200220FA02F001FA04F340EAC0
:10D160000300294630BD21FA04F0294630BD94F071
:10D17000000F83F4801306BF81F480110134013D58
:10D180004EE77FEA645C18BF7FEA655C29D094EAC9
:10D19000050F08BF90EA020F05D054EA000C04BF47
:10D1A0001946104630BD91EA030F1EBF0021002032
:10D1B00030BD5FEA545C05D14000494128BF41F0D1
:10D1C000004130BD14F580043CBF01F5801130BD35
:10D1D00001F0004545F0FE4141F470014FF00000C0
:10D1E00030BD7FEA645C1ABF194610467FEA655C71
:10D1F0001CBF0B46024650EA013406BF52EA033513
:10D2000091EA030F41F4002130BD00BF90F0000F00
:10D2100004BF0021704730B54FF4806404F132043C
:10D220004FF000054FF0000150E700BF90F0000FF5
:10D2300004BF0021704730B54FF4806404F132041C
:10D2400010F0004548BF40424FF000013EE700BFEC
:10D2500042004FEAE2014FEA31014FEA02701FBF7C
:10D2600012F07F4393F07F4F81F06051704732F0AE
:10D270007F4208BF704793F07F4F04BF41F4002105
:10D28000704730B54FF4607401F0004521F0004163
:10D290001CE700BF50EA010208BF704730B54FF0ED
:10D2A00000050AE050EA010208BF704730B511F0EE
:10D2B000004502D5404261EB41014FF4806404F126
:10D2C00032045FEA915C3FF4D8AE4FF003025FEAAC
:10D2D000DC0C18BF03325FEADC0C18BF033202EB30
:10D2E000DC02C2F1200300FA03FC20FA02F001FA8A
:10D2F00003FE40EA0E0021FA02F11444BDE600BF2D
:10D3000053B94AB9002908BF00281CBF4FF0FF31AC
:10D310004FF0FF3000F070B9ADF1080C6DE904CEAC
:10D3200000F006F8DDF804E0DDE9022304B0704700
:10D330002DE9F047089E0D4604460F46002B4AD1C2
:10D340008A42944665D9B2FA82F343B102FA03FCE9
:10D35000C3F120029F4020FA02F217439C404FEA9B
:10D360001C4E1FFA8CF5B7FBFEF1220C0EFB117759
:10D3700042EA074201FB05F090420AD91CEB020287
:10D3800001F1FF3780F01C81904240F2198102398F
:10D390006244121AA4B2B2FBFEF00EFB102244EA61
:10D3A000024400FB05F5A5420AD91CEB040400F178
:10D3B000FF3280F00781A54240F2048164440238C4
:10D3C00040EA0140641B00211EB1DC400023C6E995
:10D3D0000043BDE8F0878B4208D9002E00F0ED80B5
:10D3E0000021C6E900050846BDE8F087B3FA83F1DD
:10D3F000002949D1AB4202D3824200F2F880841A5C
:10D4000065EB030201201746002EE2D0C6E9004773
:10D41000DFE702B9FFDEB2FA82F3002B40F0908022
:10D420008A1A4FEA1C471FFA8CFE0121B2FBF7F55E
:10D4300007FB1520220C42EA00420EFB05F0904249
:10D4400008D91CEB020205F1FF3802D2904200F22B
:10D45000CB804546121AA4B2B2FBF7F007FB1022AC
:10D4600044EA02440EFB00FEA64508D91CEB040466
:10D4700000F1FF3202D2A64500F2BB801046A4EBB9
:10D480000E0440EA05409FE7C1F120078B4022FAD5
:10D4900007FC4CEA030C05FA01F420FA07F3FD40FF
:10D4A0004FEA1C492343B5FBF9F81FFA8CFE09FB30
:10D4B00018551C0C44EA054408FB0EF5A54202FA77
:10D4C00001F200FA01F00BD91CEB040408F1FF3A59
:10D4D00080F08880A54240F28580A8F1020864446B
:10D4E000641B9DB2B4FBF9F309FB134445EA044401
:10D4F00003FB0EFEA64508D91CEB040403F1FF351F
:10D500006CD2A6456AD9023B644443EA0843A3FBB4
:10D510000295A4EB0E04AC42C846AE4656D353D097
:10D5200056B1B0EB080264EB0E0404FA07F7CA40E8
:10D53000CC401743C6E9007418460021BDE8F087C7
:10D54000C3F1200102FA03FC20FA01F225FA01F1ED
:10D550009D402A434FEA1C471FFA8CFEB1FBF7F0AF
:10D5600007FB1015110C41EA054100FB0EF58D4239
:10D5700004FA03F408D91CEB010100F1FF382FD2A3
:10D580008D422DD902386144491B92B2B1FBF7F5A7
:10D5900007FB151142EA014205FB0EF1914208D941
:10D5A0001CEB020205F1FF3816D2914214D9023D5C
:10D5B0006244521A45EA004138E73146304608E7EE
:10D5C0003946E6E61046FBE64845A9D2B9EB020823
:10D5D00065EB0C0E013BA3E74546EAE72B4694E7D3
:10D5E0004046D1E7D0467BE7023D624432E7084639
:10D5F0000AE76444023842E7704700BF0A2200216C
:10D6000000F09EBD024B0146186800F00BB800BF49
:10D6100014DE0020024B0146186801F0AFBA00BFCB
:10D6200014DE00202DE9F04F01F10B06162E83B019
:10D63000044624D8102900F2BA8000F0A3FA10267C
:10D6400018220220B54F3A44A2F1080153688B42D8
:10D6500000F0BA805A68D96822F003021A449D6823
:10D66000E9608D60516841F001012046516003F18D
:10D67000080500F08DFA284603B0BDE8F08F36F0BB
:10D68000070600F19480B14200F2918000F07AFA2E
:10D69000B6F5FC7FC0F09A81730A00F08F80042BEE
:10D6A00000F26F81B30903F1390003F1380CC300B4
:10D6B0009A4F3B44A3F108055B689D4206D10CE0FC
:10D6C000002980F22781DB689D4206D05A6822F04B
:10D6D0000302911B0F29F3DD60463D69DFF850C25C
:10D6E00065457CD06A6822F00302931B0F2B00F380
:10D6F0007B81002BC7E904CC80F26C81B2F5007FFE
:10D7000080F01A81D308796801334FEA521E012252
:10D7100002FA0EF20A4357F833E0C5F808E007EBC7
:10D72000C3010839E9607A6047F83350CEF80C50ED
:10D73000831001219940914257D8114206D120F01F
:10D7400003004900114200F10400FAD007EBC009C0
:10D750004D468646D5F80C80454508D11DE1002B85
:10D7600080F22481D8F80C80454500F01681D8F865
:10D77000042022F00302931B0F2BF0DD2046D8E992
:10D78000025408EB060146F00106C8F80460EC609C
:10D79000A56043F00104C7E90411C1E902CC4C6063
:10D7A00048F8023000F0F4F908F1080502E00C2313
:10D7B00023600025284603B0BDE8F08F4FF40073C6
:10D7C00040204FF03F0C73E7D3689A4208BF023005
:10D7D0007FF440AF3D69DFF858C1654582D17A6872
:10D7E0008310012199409142A7D9BD686B6823F04D
:10D7F00003094E4503D8A9EB06030F2B7ADCDFF8AB
:10D8000034B1474BDBF800201B680132334405EB91
:10D81000090A00F0338103F580530F3323F47F6846
:10D8200028F00F084146204600F0C2FE411C024687
:10D8300000F0F380824500F2EE803A4B19684144D3
:10D840001960084600F04E81DBF8001001930131A9
:10D850001BBFA2EB0A010918CBF80020196012F0D7
:10D86000070B00F01781CBF108010A44CBF580517A
:10D8700090440831A1EB0801C1F30B0A5146204640
:10D88000009200F095FE421CDDE9002300F04F817C
:10D89000801A00EB0A081968BA6048F00100514488
:10D8A000BD425060196000F02981B9F10F0F40F2BC
:10D8B00027816868A9F10C0C2CF0070C00F001001E
:10D8C00040EA0C0068604FF0050E05EB0C00BCF15F
:10D8D0000F0FC0E901EE00F2328150681546124B7D
:10D8E0001A688A4238BF1960104B1A688A4238BFDA
:10D8F000196094E0AA1943F0010346F001066E6036
:10D900002046BA60536000F043F90835284603B05A
:10D91000BDE8F08FD9681A44A1E600BFF8D900200D
:10D92000A0F7002070F7002098F700209CF7002057
:10D9300000DA002000DE0020B2F5206F4FEA52230B
:10D9400063D3142B00F2B78003F15C01C9005B3391
:10D9500007EB010E7958AEF1080E8E4500F091806C
:10D960004B6823F00303934202D989688E45F7D1AF
:10D97000D1F80CE07A68C5E9021ECEF80850CD60F7
:10D98000D6E6142B59D9542B00F29D80330B03F1AA
:10D990006F0003F16E0CC3008AE60EF1010E1EF05B
:10D9A000030F05F108057FF4D5AE51E0424445462A
:10D9B0005368D8F80C1043F00103536055F8083F42
:10D9C0002046D9608B6000F0E3F8F3E6F00806F13A
:10D9D000080237E62A442046536843F001035360A7
:10D9E000083500F0D5F8E5E6A919204646F001060D
:10D9F00043F001046E60C7E90411C1E902CC4C6038
:10DA0000AB5000F0C5F80835D4E6930903F13901AD
:10DA1000C90038339CE7BD425FD0BD68686820F01C
:10DA200003084645A8EB060302D80F2B3FF762AF69
:10DA3000204600F0ADF80025BCE603F15C0003F1E0
:10DA40005B0CC30034E659F808394B4540F096802A
:10DA500010F0030F00F1FF30F5D17B6823EA0103DA
:10DA60007B60490099423FF6C0AE19B9BDE6490056
:10DA70000EF1040E1942FAD0704667E603F1100861
:10DA8000D0E69A104FF001087B6808FA02F21A43B8
:10DA90007A6070E702EB08014942C1F30B0A514674
:10DAA0002046009200F084FD431CDDE900237FF452
:10DAB000EFAEDA46EFE6542B25D8130B03F16F01D6
:10DAC000C9006E3344E7B3F5AA7F25D8F30B03F101
:10DAD000780003F1770CC300EAE5294B186840444D
:10DAE0001860B1E6CAF30B0CBCF1000F7FF4ACAECA
:10DAF000BD68C84448F001006860F0E61546EEE6EF
:10DB00000123536094E7B3F5AA7F23D8D30B03F125
:10DB10007801C90077331BE740F25452934223D86F
:10DB2000B30C03F17D0003F17C0CC300C0E5ABF145
:10DB3000080BD844A8EB02084FF0000AABE605F149
:10DB400008012046009301F019F8BD68009B686841
:10DB50001968C4E640F254518B420BD8930C03F180
:10DB60007D01C9007C33F3E64FF47E737F204FF0D4
:10DB70007E0C9DE54FF47E717E23E9E67B6870E7BD
:10DB800070F70020014800F0E5BE00BF68F70020F4
:10DB9000014800F0E1BE00BF68F700202DE9F84F12
:10DBA0001746002900F098800C4607F10B058046C7
:10DBB000FFF7E8FF162D54F8041C5BD810252A4601
:10DBC000AF425CD821F003069642A4F1080962DA5C
:10DBD000BC4BD3F808C009EB0600844500F09780E1
:10DBE000D0F804C02CF0010303445B68DB0768D461
:10DBF0002CF0030C06EB0C03934247DACB0710D44E
:10DC000054F8083CA9EB030ADAF8043023F00301C6
:10DC10008C44B444944580F211817318934280F28D
:10DC2000E88039464046FFF7FDFC0746E0B154F86E
:10DC3000043C23F001034B44A0F10802934200F09E
:10DC4000D280321F242A00F2F580132A00F2AC8021
:10DC500003462246116819605168596092689A60BB
:10DC60002146404600F08AFF4046FFF791FF3846C4
:10DC7000BDE8F88F25F00705002D2A46A0DA0C2311
:10DC8000C8F8003000273846BDE8F88F1E46D0E9B6
:10DC90000223D3609A60731B0F2B22D8D9F804306B
:10DCA00003F0010333434E44C9F80430736843F072
:10DCB0000103736040462746FFF76AFF3846BDE818
:10DCC000F88FC907ADD454F8083CA9EB030ADAF879
:10DCD000041021F00301A0E7BDE8F84F1146FFF75B
:10DCE000A1BCD9F8042009EB050102F001024E4461
:10DCF00043F001032A43C9F804204B60736843F0E2
:10DD0000010308317360404600F038FFD2E7DCF8C9
:10DD1000040020F0030B06EB0B0C05F1100084450A
:10DD20004DDAC9073FF57DAF54F8081CA9EB010A8D
:10DD3000DAF8041021F003018B44B34458453FF74F
:10DD40006CAF5746DAF80C1057F8080F321F242A28
:10DD5000C160886000F2DB80132A40F2D68021681F
:10DD6000CAF808106168CAF80C101B2A00F2DF809C
:10DD700008340AF110022168116061685160A168DD
:10DD800091600AEB0501ABEB050242F001029960DC
:10DD90004A60DAF8043003F001032B434046CAF826
:10DDA0000430FFF7F5FE6EE72368036063684360A5
:10DDB0001B2A68D804F1080200F108034AE709EBBE
:10DDC00005029A60ACEB050343F00103536054F87D
:10DDD000043C03F001032B43404644F8043CFFF7A6
:10DDE000D7FE27464FE750F8043C23F003031E44B8
:10DDF00051E75746DAF80C1057F8080F321F242A5B
:10DE0000C16088604CD8132A48D92168CAF8081024
:10DE10006168CAF80C101B2A56D808340AF110029F
:10DE20001E462368136063685360A3689360D146FD
:10DE30003C4630E7214600F075FA11E7D0E90213BD
:10DE40005746CB60996057F8081FDAF80C30CB6062
:10DE5000321F242A99602DD8132A29D92368CAF899
:10DE600008306368CAF80C301B2A42D808340AF11B
:10DE7000100322681A6062685A60A2689A60664657
:10DE8000D1463C4607E7A3688360E368C360242A61
:10DE900026D004F1100200F11003DBE63A46BFE79A
:10DEA000214638461E46D14600F03CFA3C46F2E692
:10DEB0003B46DEE7214638466646D14600F032FA58
:10DEC0003C46E8E6F8D90020A168CAF81010E168DD
:10DED000CAF81410242A20D010340AF118029FE73F
:10DEE000236903616169416104F1180200F11803BB
:10DEF000B0E6A368CAF81030E368CAF81430242AE0
:10DF000021D010340AF11803B3E73A4633E721462B
:10DF1000384600F007FA164B33E72269CAF8182092
:10DF20006269CAF81C2018340AF1200278E7A16857
:10DF3000CAF81010E168CAF81410242A0DD0103461
:10DF40000AF1180217E72369CAF818306369CAF89A
:10DF50001C3018340AF120038BE72269CAF8182014
:10DF60006269CAF81C2018340AF1200203E700BFD6
:10DF7000F8D900200CB410B51F4B00291C689CB0C8
:10DF800035DB4FF40273ADF81430029006901FABEE
:10DF900018D001394FF6FF7204910791ADF81620A1
:10DFA00002A91E9A0193204600F006FF421C01DAE6
:10DFB0008B232360029B00221A701CB0BDE8104026
:10DFC00002B070474FF6FF7204910791ADF816202A
:10DFD00002A91E9A0193204600F0EEFE431C01DACE
:10DFE0008B2323601CB0BDE8104002B070478B2328
:10DFF00023604FF0FF30F5E714DE0020012B2DE900
:10E00000F84F40D0242B98463DD84C4D8E4676464E
:10E010001EF801BB15F80B4014F00804F7D1BBF152
:10E020002D0F72D0BBF12B0F08BF9EF800B06FF020
:10E03000004908BF06F1020E002B42D0102B57D02A
:10E04000B9FBF8F700252E4608FB179A05E033D0F8
:10E0500008FB06C601251EF801BBABF1300CBCF174
:10E06000090F06D9ABF1410CBCF1190F12D8ABF175
:10E07000370C634517DDB5F1FF3FECD0B742E6D270
:10E080004FF0FF35E7E700F0BBFA162303600020EE
:10E09000BDE8F88FABF1610CBCF1190F03D8ABF1FF
:10E0A000570C6345E7DC6B1C27D08CB90AB1A5BBC4
:10E0B00011603046BDE8F88FE245C9DA4FF0FF3510
:10E0C000C9E7BBF1300F05D04FF00A084346B7E768
:10E0D0007642EBE79EF8003003F0DF03582B21D1A6
:10E0E0004FF010089EF801B043460EF1020EA7E76C
:10E0F000BBF1300F1AD09846A2E72223036072B119
:10E100000EF1FF314E461160D3E79EF800B04FF09C
:10E11000004906F1020E01248EE7B146F0E74E46B3
:10E120003046C7E74FF00808434689E79EF800509D
:10E1300005F0DF05582DD3D0984681E7B1A6002021
:10E1400010B4054C8446134620685DF8044B0A461B
:10E150006146FFF753BF00BF14DE0020024A0349A7
:10E16000034800F0BBB800BF08DE00208DEE0200BF
:10E1700068D300200C4B4168994210B5044601D089
:10E1800002F078FFA168094B994202D0204602F0C4
:10E1900071FFE168064B994204D02046BDE810406B
:10E1A00002F068BF10BD00BFA4F700200CF80020EB
:10E1B00074F800202DE9F8432A4C2B4B2B48DFF84C
:10E1C000C090DFF8C0802A4F186000250423082281
:10E1D000294604F15C00274E6566C4E90253C4E990
:10E1E0000055C4E90455A56100F018F9224B636796
:10E1F0000822294604F1C400C4E90749C4E9098793
:10E20000C4E91A55C4E91E55C4F8CC502567C4F8B2
:10E210008050E66200F002F9184BC4F8DC30294661
:10E2200004F16803082204F59670C4F88430C4E948
:10E230002298C4E92476C4E93455C4E93855C4F8B1
:10E240003451C4F8D850C4F8E85000F0E7F804F1AD
:10E25000D003C4E93C98C4E93E76C4F8EC30BDE88C
:10E26000F88300BFA4F70020DCF8002075BF02008F
:10E270003DF102005DF10200090001001200020000
:10E28000D9F00200FDF0020010B504460A4800F083
:10E2900061FB636B23B9094B094A1B68626323B1B5
:10E2A000BDE81040044800F057BBFFF783FFBDE80E
:10E2B0001040014800F050BB6CF70020DCF8002053
:10E2C0008DBF0200014800F045BB00BF6CF7002085
:10E2D000014800F041BB00BF6CF700202DE9F84376
:10E2E00080460F4616464FF00009D6E90154013D1D
:10E2F00011D4A389012B05F1FF3508D9B4F90E30EB
:10E300000133214603D04046B84749EA00096B1C57
:10E3100004F16804EDD13668002EE6D14846BDE828
:10E32000F88300BF88420DD98B1883420AD900EBCD
:10E33000020CBAB1624613F801CD02F801CD994240
:10E34000F9D170470F2A0ED8034602F1FF3C4AB1BB
:10E350000CF1010C013B8C4411F8012B03F8012F47
:10E360006145F9D1704740EA01039B0750D1A2F102
:10E37000100370B501F1200C23F00F0501F1100E10
:10E3800000F11004AC441B095EF8105C44F8105C0A
:10E390005EF80C5C44F80C5C5EF8085C44F8085CC1
:10E3A0005EF8045C44F8045C0EF1100EE64504F1DE
:10E3B0001004E9D1013312F00C0F01EB031102F04C
:10E3C0000F0400EB031327D0043C24F003064FEAAC
:10E3D000940C1E441C1F8E465EF8045B44F8045FD8
:10E3E000B442F9D10CF1010402F0030203EB8403FF
:10E3F00001EB840102F1FF3C4AB10CF1010C013B3D
:10E400008C4411F8012B03F8012F6145F9D170BD3F
:10E4100002F1FF3C03469BE72246EBE7830730B55A
:10E4200048D0541E002A3FD0CAB2034601E0013C46
:10E430003AD303F8012B9D07F9D1032C2DD9CDB286
:10E4400045EA05250F2C45EA054536D9A4F1100209
:10E4500022F00F0C03F1200EE6444FEA121C03F1E8
:10E46000100242E9045542E9025510327245F8D1D2
:10E470000CF1010214F00C0F03EB021204F00F0C6C
:10E4800013D0ACF1040323F003030433134442F824
:10E49000045B9342FBD10CF003042CB1C9B21C44C1
:10E4A00003F8011B9C42FBD130BD64461346002C8F
:10E4B000F4D1F9E703461446BFE71A46A446E0E75D
:10E4C00040EA01039B0730B501D1032A0FD88446E7
:10E4D00001F1FF3E07E01EF8011F03F8011B541E67
:10E4E000C1B19C4622466346002AF4D130BD0B469A
:10E4F0008446194653F8045BA5F1013424EA050467
:10E5000014F0803FE4D1043A032A4CF8045B194626
:10E51000EFD8DDE79444002CE8D003F8011B6345F5
:10E52000FBD130BD024A12680123503200F002B81C
:10E5300014DE0020F0B4074610B33E468C4616F8B1
:10E54000010B01E0A04216D01CF8014B002CF9D1C0
:10E55000D8B116F8015B0C4601E0002BF9D014F895
:10E56000013B9D42F9D14DB1002306F8013C1660F4
:10E570003846F0BC70475BB13746DEE72E46F6E71B
:10E580001768002FD9D13846F3E7F0BC1060704708
:10E59000166038463B70ECE7014B93F82801704752
:10E5A0008CD8002013460A460146022000F052BAD9
:10E5B00038B5074D0022044608462A60FBF762F989
:10E5C000431C00D038BD2B68002BFBD0236038BD26
:10E5D000B829012038B50C46084D8446114620461E
:10E5E0001A4600232B606446F9F7B4FF431C00D0A1
:10E5F00038BD2B68002BFBD0236038BDB829012023
:10E60000014B1868704700BF14DE002000000000B6
:10E6100000000000000000000000000000000000FA
:10E620000000000000000000A2EB0300704700BFE4
:10E6300002780B78012A28BF9A42F5D16DE904458A
:10E6400040EA0104CDE902676FF0000C4FEA447222
:10E6500012B380EA010414F0070F6AD100F0070436
:10E6600020F0070004F0030521F007014FEAC5057B
:10E67000F0E8042314F0040FF1E804670CFA05F441
:10E6800062EA040266EA04060AD063EA0403624608
:10E6900067EA0407664603E0F0E80423F1E804674C
:10E6A00082FA4CF582EA0604A4FA8CF46CBB83FA75
:10E6B0004CF583EA0705A5FA8CF595B950E90223D4
:10E6C00051E9026782FA4CF582EA0604A4FA8CF456
:10E6D00083FA4CF583EA0705A5FA8CF52543DBD0D0
:10E6E0009CB92DBAB5FA85F424F0070427FA04F191
:10E6F000DDE9026723FA04F303F0FF0001F0FF01F4
:10E70000FDE80445A0EB0100704724BAB4FA84F494
:10E7100024F0070426FA04F1DDE9026722FA04F284
:10E7200002F0FF0001F0FF01FDE80445A0EB01004D
:10E73000704714F0030F3CD110F0030428D150F8B7
:10E74000082B51F8083B82FA4CF582EA0305A5FA3A
:10E750008CF55DB950F8042C51F8043C82FA4CF564
:10E7600082EA0305A5FA8CF5002DE8D02DBAB5FA9A
:10E7700085F424F0070423FA04F122FA04F202F0EB
:10E78000FF0001F0FF01FDE80445A0EB0100704728
:10E790004FEAC40420F0030050F8082B21F00301D5
:10E7A00051F8083B0CFA04F462EA040263EA040339
:10E7B000C9E710F003041AD0A1EB040120F0030014
:10E7C000E40750F8042B06D00FD28B785FFAA2F43E
:10E7D000E41A06D12BB1CB785FFAB2F4E41A00D177
:10E7E0001BB920465DF8104B704701F1040150F849
:10E7F000042BCC0721F0030151F8043B48D824D264
:10E8000022F07F4482FA4CF594EA1325A5FA8CF5A0
:10E810000AD165B951F8043B84EA0204B4EB036FF2
:10E820000ED150F8042BEBE74FEA132355E035F0F7
:10E830007F454DD10878FDE80445C0F100007047E0
:10E840004FEA126203F0FF0347E002EA1C4482FA37
:10E850004CF594EA1345A5FA8CF50AD165B951F83F
:10E86000043B84EA0204B4EB034F0CD150F8042BB0
:10E87000EBE74FEA134330E015EA1C4528D10B883B
:10E880004FEA124229E04FEA124203EA1C4324E015
:10E8900002F0FF0482FA4CF594EA1365A5FA8CF5B0
:10E8A0000AD165B951F8043B84EA0204B4EB032FA2
:10E8B00009D150F8042BEBE74FEA13630DE015F094
:10E8C000FF0F05D10B684FEA122223F07F4304E0CB
:10E8D0004FF00000FDE80445704712BA1BBA82FAF7
:10E8E0004CF482EA0304A4FA8CF5B5FA85F402FA32
:10E8F00004F203FA04F34FEA1260FDE80445A0EBCA
:10E900001360704770B50D4E0D4D761BB61006D0D6
:10E91000002455F8043B01349847A642F9D1094E2A
:10E92000094D761B05F05CFAB61006D0002455F8A8
:10E93000043B01349847A642F9D170BDD01D006058
:10E94000D01D0060FC1D0060D01D0060704700BF3E
:10E95000704700BF704700BF704700BF0000000055
:10E96000000000000000000090F800F06DE9024592
:10E9700020F007016FF0000C10F0070491F820F070
:10E9800040F049804FF000046FF00700D1E9002308
:10E9900091F840F000F1080082FA4CF2A4FA8CF2EF
:10E9A00083FA4CF3A2FA8CF34BBBD1E9022382FA2F
:10E9B0004CF200F10800A4FA8CF283FA4CF3A2FAAC
:10E9C0008CF3E3B9D1E9042382FA4CF200F1080098
:10E9D000A4FA8CF283FA4CF3A2FA8CF37BB9D1E956
:10E9E000062301F1200182FA4CF200F10800A4FA9A
:10E9F0008CF283FA4CF3A2FA8CF3002BC6D0002AD7
:10EA000004BF04301A4612BAB2FA82F2FDE8024597
:10EA100000EBD2007047D1E9002304F00305C4F1F4
:10EA200000004FEAC50514F0040F91F840F00CFA0D
:10EA300005F562EA05021CBF63EA050362464FF072
:10EA40000004A9E7024B01461868FFF7B1BD00BFFB
:10EA500014DE00202DE9F047DFF87CA00646DAF846
:10EA6000000098460F469146FFF774FF184B1C684C
:10EA700024B365681F2D24DC5EB96B1C0235DAF8FF
:10EA80000000636044F82570FFF766FF0020BDE8D2
:10EA9000F08704EB85010123C1F88890D4F8882120
:10EAA000AB401A43022EC4F88821C1F80881E4D192
:10EAB000D4F88C211A43C4F88C21DEE7054C1C6085
:10EAC000D7E7DAF80000FFF747FF4FF0FF30DEE747
:10EAD000D0F50020D4F5002080D80020F8B5244FD0
:10EAE0000C460646FFF74EF8BB685D68C4F57E61CC
:10EAF0000F3125F003054B1923F47F6323F00F0337
:10EB0000A3F58054B4F5805F07DB00213046FFF7A2
:10EB10004FFDBB682B44984204D03046FFF738F8CD
:10EB20000020F8BD61423046FFF742FD01300DD0B4
:10EB3000104ABB682D1B45F001055D601368304627
:10EB40001B1B1360FFF724F80120F8BD002130469D
:10EB5000FFF72EFDBA68831A0F2BDEDD43F00103A9
:10EB60005360054B03491B68C01A0860D5E700BF16
:10EB7000F8D9002070F7002000DE0020002961D0C5
:10EB8000F8B50C460646FEF7FDFF54F8042C7B4F03
:10EB9000A4F1080522F0010105EB010CB868DCF8CE
:10EBA0000430604523F0030300F08B80D207CCF8DB
:10EBB000043032D454F8082CAD1A1144AA6807F175
:10EBC000080082426AD00CEB0304D4F804E0EC683D
:10EBD000D4601EF0010FA26000F0978041F00103A5
:10EBE0006B60CCF80010B1F5007F35D27868CB08A7
:10EBF0000122490901338A40024357F833107A60F1
:10EC000007EBC302083AC5E9021247F83350CD605A
:10EC10003046BDE8F840FEF7BBBF0CEB030252687C
:10EC2000D00710D4194407F10800DCF808308342FB
:10EC300073D0DCF80C20DA60936041F001036B6064
:10EC40006950D0E7704741F00103B1F5007F44F807
:10EC5000043CCCF80010C9D3B1F5206F4FEA512322
:10EC600048D28B0903F1390003F13802C300F818C8
:10EC7000FB580838984259D05A6822F003028A4259
:10EC800002D99B689842F7D1D868C5E902308560FF
:10EC9000DD603046BDE8F840FEF77ABF0CEB0302BA
:10ECA0005268D20763D40B44DCE90212CA60916057
:10ECB00043F001026A603046EB50BDE8F840FEF7D1
:10ECC00067BF0B44D10707D454F8082CAD1A13447E
:10ECD000D5E90212CA60916043F001026A60284AD5
:10ECE000BD6012689A4293D8264B30461968FFF7E8
:10ECF000F5FE8DE7142B0AD9542B1FD80B0B03F10B
:10ED00006F0003F16E02C300B1E719448DE703F110
:10ED10005C0003F15B02C300A9E741F00103C7E90E
:10ED20000455C5E902006B60695071E7796892107B
:10ED3000012404FA02F20A437A60A6E7B3F5AA7F37
:10ED400006D8CB0B03F1780003F17702C3008EE7FE
:10ED500040F25452934206D88B0C03F17D0003F12C
:10ED60007C02C30083E74FF47E737E227FE741F08D
:10ED700001036B60CCF800104AE700BFF8D900200F
:10ED800004DE0020A0F7002082B049B15AB16BB177
:10ED900013780B601278101E18BF012002B0704764
:10EDA00001A9002AF3D1104602B070476FF00100AC
:10EDB000F4E700BF000000002DE9F04F2DED088BB7
:10EDC000D1B00C460BEE101A90460893834602F021
:10EDD000CBFA036812931846FFF7C6FD20AF1090D8
:10EDE000082200213846FFF719FBA3891B0603D52B
:10EDF0002369002B00F0558700239FED838B9FED47
:10EE0000849BCDE92533CDE91333CDE9153327AA0A
:10EE10000E9324929246119304934446A1467E4B4E
:10EE2000D3F8E450FFF7B8FB4A4603461CA9009705
:10EE30005846A847002800F0B080C0F2A6801C9A6F
:10EE4000252A034601D09944E9E7B9EB04050646B3
:10EE500040F0A78000234FF0FF328DF867309846CE
:10EE6000069309F1010999F8003003922B25202619
:10EE700009F10109A3F120025A2A00F2CF80DFE84C
:10EE800012F0E802CD00CD00E302CD00CD00CD00B0
:10EE90006A00CD00CD0005028402CD001002C90237
:10EEA000CD00BD025B005B005B005B005B005B00B4
:10EEB0005B005B005B00CD00CD00CD00CD00CD0040
:10EEC000CD00CD005301CD0083011A02530153013F
:10EED0005301CD00CD00CD00CD001502CD00CD00F9
:10EEE0009602CD00CD00CD00AB01CD00AA02CD0031
:10EEF000CD00E306CD00CD00CD00CD00CD00CD008E
:10EF0000CD00CD005301CD008301DE01530153013B
:10EF100053017702DE017F00CD008902CD005F0240
:10EF2000E0062F027F00CD00AB017C00B806CD00CB
:10EF3000CD00BD06CD007C00A3F13002002119F800
:10EF4000013B01EB810102EB4101A3F13002092AEF
:10EF5000F5D906918EE7584602F006FA43681593F4
:10EF60001846FFF701FD1690584602F0FDF9836838
:10EF70001393169B002B40F02D8699F8003077E70D
:10EF800099F8003048F0200872E70822002138463E
:10EF9000FFF744FA0123994441E7B9EB040506461B
:10EFA00011D0269B2B442693259B0133072BCAE9BE
:10EFB000004525931CDC0AF1080A049B2B440493AA
:10EFC000002E7FF447AF269B002B41F00B821BEEF7
:10EFD000103AB3F90C3013F0400F049B18BF4FF0F8
:10EFE000FF330493049851B0BDEC088BBDE8F08F5B
:10EFF0001BEE101A24AA584603F038FA0028E6D16E
:10F000000DF19C0AD9E700BF0000000000000000DD
:10F01000FFFFFFFFFFFFEF7F8CD800200B93002B3B
:10F02000D1D00021CDE90C118DF8DC3001238DF811
:10F03000671002930791059303910F9137AC18F075
:10F040000203099302D0029B0233029318F0840357
:10F050000A9305D1069B029A9D1A002D00F369833D
:10F06000269A89B125990DF1670001310132CAF85C
:10F07000000007294FF0010026922591CAF80400EC
:10F0800000F3A2830AF1080A099B83B1259B1AA900
:10F0900001330232CAF80010072B4FF0020126920A
:10F0A0002593CAF8041000F3A3830AF1080A0A9B07
:10F0B000802B00F06C82039B05995D1A002D00F3F4
:10F0C000A58218F4807F40F00D82059BCAF80430B9
:10F0D0001A44259BCAF800400133072B269225933A
:10F0E00000F31B830AF1080A18F0040F05D0069BF1
:10F0F00002995C1A002C00F38883049B06990298FD
:10F100008142ACBF5B181B180493002A40F0B08208
:10F1100000232593079B1BB107995846FFF72EFD47
:10F120000DF19C0A4C4679E60B93089B073323F0BC
:10F130000703B3EC028BB0EEC87BB4EE497BF1EE73
:10F1400010FA089340F3E984B5EEC08BF1EE10FAA3
:10F1500001F159809DF86710AB4CAC4B28F080084A
:10F160000B9A472AC8BF1C460023CDE90C33032263
:10F1700007930292059203930F9300293FF45FAF28
:10F18000029B013302935AE7432B0B9303D018F0F1
:10F19000100F00F05D85089D0822002122A837ACE1
:10F1A000FFF73CF922AB55F8042B2146584602F0F4
:10F1B00073F903460133059001F0EE82059B089533
:10F1C00023EAE37302930021CDE90C118DF8671057
:10F1D000079103910F9132E70B93089B1A46002386
:10F1E0008DF86730134653F8044B0893002C00F059
:10F1F00048850B9B532B00F0EC8618F010030C9302
:10F2000040F0E786039B5D1C01F0E5800C991A46EF
:10F21000204602F0F1F80790002801F02883079BB0
:10F220001A1B05920C9B039322EAE2720F930D9333
:10F23000079373239DF8671002920B939DE718F0D4
:10F24000200F0B93089B3DD0073323F007031A468A
:10F2500011465B6851F8082B08911946002BC0F243
:10F260000C84039B013300F09E8228F0800052EA58
:10F270000103029040F09982039B002B40F09A8298
:10F28000804600230393059350AC06E1089B53F896
:10F29000042B0692002A80F21984069A089352429F
:10F2A000069299F8003048F00408E1E599F800303A
:10F2B00048F00808DCE548F0100818F0200F0B9320
:10F2C000089BC1D118F0100F40F00B8418F0400FCC
:10F2D00000F0038433F9042B0893D1170B46BDE7E4
:10F2E000089B48F00202029253F8042B089347F659
:10F2F0003003ADF868307820454B1193002102238C
:10F300000B900020039C8DF86700601C00F0AD801E
:10F31000029820F0800852EA010040F0A480002CFE
:10F3200040F0AE86002BACD1029B13F00103059395
:10F3300000F0D18330238DF83F310DF23F14ACE063
:10F3400018F0200F40F0D48318F0100F40F09F8683
:10F3500018F0400F40F0978718F4007F00F0978670
:10F36000089B049953F8042B089311704C4655E5FB
:10F3700099F80030682B03BF99F8013048F4007801
:10F3800009F1010948F0400872E599F800308DF85C
:10F3900067506DE599F800306C2B03BF99F8013088
:10F3A00048F0200809F1010948F0100860E50B93C6
:10F3B00048F0100818F0200100F05183089B073333
:10F3C00023F00703596853F8082B089328F4806347
:10F3D0000293002395E70B9348F010030293029BDE
:10F3E00013F0200100F02983089B073323F0070363
:10F3F000596853F8082B0893012382E799F80030E5
:10F4000048F0800834E500BF28A80020C0A20020F2
:10F4100030A80020494611F8013B2A2B01F049820F
:10F42000A3F13002092A894698BF002101F24481E4
:10F4300019F8013B01EB810102EB4101A3F130021C
:10F44000092AF5D9039115E599F8003048F001082B
:10F450000EE59DF86730002B7FF48FAD99F80030F2
:10F460008DF8676004E5CDF80880012B00F09D81E0
:10F47000022B50AC20D1119802F00F031209C35C8B
:10F4800004F8013D42EA0172090952EA0103F3D18D
:10F4900050AB1B1BDDF808800593059A03989DF877
:10F4A000671082424FF00003B8BF0246CDE90C332B
:10F4B000079302920F9360E602F00703D20842EA34
:10F4C0004172C908303352EA0105204604F8013D73
:10F4D000F2D1029AD10700F14D8250AB1B1B90462E
:10F4E0000593DAE70B9B652B40F3D480B5EE408B98
:10F4F000F1EE10FA40F0C181259BBA49CAF800101C
:10F50000013301320121072B26922593CAF80410FA
:10F5100000F351850AF1080A1B9B0E998B4280F279
:10F52000D082109B12991A44CAE90013259B269297
:10F530000133072B259300F397830AF1080A0E9BEA
:10F540005C1E002C7FF7D0AD102C259B40F36E8500
:10F550001BEE106A102505E00AF1080A103C102C79
:10F5600040F364850133A0491032072BCAE9001526
:10F57000CDE92532F0DD24AA3146584602F076FF67
:10F5800000287ED1DDE925320DF19C0AE6E7069BD5
:10F5900002995D1A002D7FF78EAD102D259B21DD80
:10F5A000099410261BEE104A04E0103D102D0AF1BC
:10F5B000080A16DD01338C491032072BCAE9001600
:10F5C000CDE92532F1DD24AA214658460DF19C0AE9
:10F5D00002F04CFF002854D1103D102DDDE92532FA
:10F5E000E8DC099C8049CAF8045001332A44072BFF
:10F5F000CDE92532CAF8001000F32685039B059952
:10F600005D1A002D0AF1080A7FF75BAD102D259BCE
:10F610001FDD514610261BEE10AA04E0103D102DF0
:10F6200001F1080114DD01336F481032072BC1E9E5
:10F630000006CDE92532F1DD24AA5146584602F0F4
:10F6400015FFF0B9103D102DDDE9253227A9EADCC0
:10F650008A4601336449CAF804502A44072BCDE98D
:10F660002532CAF8001000F3DA810AF1080A28E509
:10F670001BEE101A24AA584602F0F8FE00283FF4A8
:10F6800047AD079B002B3FF4A2AC07995846FFF704
:10F6900075FA9CE40E9B012B40F37A81259BCAF8F6
:10F6A0000040013301320121072B26922593CAF82D
:10F6B000041000F3F8810AF1080A10991298013336
:10F6C0000A44072BCAE90001CDE9253200F3DD81A8
:10F6D0000AF1080AB5EE408BF1EE10FA00F07781DE
:10F6E0000E990133013901340A44072BCAF800404E
:10F6F0002593CAF80410269200F35B810AF1080AE8
:10F700001499CAF8041001330A44072B1EA9CDE945
:10F710002532CAF800107FF7E5AC1BEE101A24AAB8
:10F72000584602F0A3FE0028ABD1269A0DF19C0AA0
:10F73000DAE4102DDDE925122C4E24DD1794102378
:10F740001BEE104A084604E0103D102D0AF1080A8D
:10F7500017DD013010320728CAE90063CDE9250220
:10F76000F2DD24AA214658460DF19C0A02F07EFEE5
:10F77000002886D1103D102DDDE925024FF0100341
:10F78000E7DC179C014601312A440729CDE92512FF
:10F79000CAF80060CAF8045000F3BD839DF86710F2
:10F7A0000AF1080A5DE4CDF808800A2A71F1000325
:10F7B00080F0458330320123DDF808808DF83F2149
:10F7C00005930DF23F1468E61BEE101A24AA584662
:10F7D00002F04CFE00287FF454AF269A0DF19C0AEB
:10F7E00052E400BF60A8002044D3002064A8002099
:10F7F0001BEE101A24AA584602F038FE00287FF4A7
:10F8000040AF269A0DF19C0A51E4102C259BBE4E68
:10F810001FDD1BEE108A102504E0103C102C0AF1AD
:10F82000080A16DD01331032072BCAE90065CDE95D
:10F830002532F2DD24AA414658460DF19C0A02F019
:10F8400015FE00287FF41DAF103C102CDDE9253299
:10F85000E8DC01332244072BCAE90064CDE92532F4
:10F860007FF74BAC1BEE101A24AA584602F0FEFD9F
:10F8700000287FF406AF269A3FE41B99002940F345
:10F880005A830C9E0E9B9E42A8BF1E46002E0BDD87
:10F89000259B01333244072BCAE900462692259363
:10F8A00000F389860AF1080A0C9D002EA8BFAD1B43
:10F8B000002D00F303820C9B18F4806F2344059302
:10F8C00040F01F821B9B0E998B4203DB18F0010F47
:10F8D00000F0CF84109912980A44CAE900012599D2
:10F8E000269201310729259100F3A5860AF1080A1D
:10F8F0000E996518CC1A059BED1AA542A8BF25469E
:10F90000002D0DDDCAF80030259BCAF804500133E4
:10F910002A44072B2692259300F3BB860AF1080A96
:10F92000002DA8BF641B002C7FF7DEAB102C259B9D
:10F9300040F37C831BEE106A102505E00AF1080AEB
:10F94000103C102C40F37283013370491032072BA6
:10F95000CAE90015CDE92532F0DD24AA3146584622
:10F9600002F084FD00287FF48CAEDDE925320DF134
:10F970009C0AE5E7302B3FF48BAD3023023804F8C6
:10F98000013C50AB1B1ADDF808800593044684E562
:10F9900018F0010F7FF482AE259BCAF800400133B6
:10F9A00001320121072B26922593CAF804107FF714
:10F9B000A5AE1BEE101A24AA584602F057FD0028E7
:10F9C0007FF45FAEDDE925320DF19C0A98E60E99D1
:10F9D0004C1E002C7FF794AE102C40F361831BEE7D
:10F9E000106A102505E00AF1080A103C102C40F3BB
:10F9F0005783013345491032072BCAE90015CDE979
:10FA00002532F0DD24AA3146584602F02FFD0028A9
:10FA10007FF437AEDDE925320DF19C0AE5E71BEEF8
:10FA2000101A24AA584602F021FD00287FF429AEBE
:10FA3000269A0DF19C0AFFF744BB029B13F01003BA
:10FA400040F0C180029A12F0400200F07A830898D8
:10FA500050F8042B0890194692B2012351E418F093
:10FA6000100355D118F0400200F05D83089850F85B
:10FA7000042B0890194692B2A8E4524261EB41016E
:10FA8000CDF808802D2001233CE41BEE101A24AA97
:10FA9000584602F0EBFC00287FF4F3ADDDE9253297
:10FAA0000DF19C0A16E61BEE101A24AA584602F025
:10FAB000DDFC00287FF4E5ADDDE925320DF19C0A7F
:10FAC000FBE518F0010F3FF40FAB2AE5089399F816
:10FAD0000030FFF7CDB950ACDFE418F4007F40F000
:10FAE000DB8353F8042B0893D1170B46FFF7B6BB03
:10FAF000089B049853F8041B0893C217C1E900023D
:10FB00004C46FFF78BB900BF64A8002044D3002007
:10FB1000089B53F8042B089358E4B4EE488BF1EE9D
:10FB200010FA80F194860B9B612B00F05285412BDB
:10FB300000F0C085039B01330B9B23F0200500F0F0
:10FB40008084472D04D1039B002B08BF012303931E
:10FB500018EE903A002B48F480724646C0F21886A0
:10FB6000B0EE48AB00239046099307930B9B413BB3
:10FB7000252B00F29883DFE813F06F0496039603B9
:10FB8000960368046C049603960396039603960303
:10FB9000960396039603960396039603960396039D
:10FBA000960396039603960396039603960396038D
:10FBB000960396039603960396039603960396037D
:10FBC000960368046C04089B53F8042B08930123E4
:10FBD000FFF797BB139B002B3FF4CFA9139B1B7818
:10FBE000002B3FF4CAA999F8003048F48068FFF769
:10FBF0003FB90B93CDF80880FFF7F1BB0B939A4BFD
:10FC0000119318F0200100F00581089B073323F0C1
:10FC10000703596853F8082B089318F0010F0AD00E
:10FC200052EA010307D00B9B8DF86930302348F06E
:10FC300002088DF8683028F4806302930223FFF7EE
:10FC400060BB0B93FFF7B6BB0B93884B1193D8E7C0
:10FC5000089B012153F8042B02918DF8DC200893B6
:10FC6000059137ACFFF7AFBA1BEE101A24AA58461D
:10FC700002F0FCFB00287FF404AD269A0DF19C0AEB
:10FC80005DE4039B0794062B224628BF06230394BA
:10FC90002146CDE90C22764C029305930F92FFF793
:10FCA0006CBA40215846FDF7BDFC20602061002859
:10FCB00000F00F8640236361FFF79EB8102D259B4F
:10FCC00040F35D82514610261BEE10AA04E0083175
:10FCD000103D102D40F35282013366481032072B3D
:10FCE000C1E90006CDE92532F1DD24AA5146584686
:10FCF00002F0BCFB00287FF4C4ACDDE9253227A963
:10FD0000E6E70E9BCDF82490E31803930D9BCDF806
:10FD10002880139E059DDDF85890DDF83C800B94FB
:10FD20001BEE101A5046002B34D0B8F1000F35D11D
:10FD30000D9B013B013E0D93159BC0E90039259BAE
:10FD400001334A44072B269225936CDC0830039B31
:10FD500096F800C05B1B6345A8BF6346002B9A461C
:10FD60000CDD259C01341A44072CC0E9005326926F
:10FD7000259400F3778196F800C00830BAF1000F9F
:10FD8000ACBFACEB0A046446002C0ADC65440D9B56
:10FD9000002BCAD1B8F1000F00F0AC8308F1FF3896
:10FDA000CAE7102CDDF894C024DD05954FF0100A49
:10FDB00063460D4604E0103C102C00F1080016DDEF
:10FDC00001332C491032072BC0E9001ACDE9253246
:10FDD000F1DD24AA2946584602F048FB00287FF4AA
:10FDE00050AC103C102CDDE9253227A8E8DC294670
:10FDF000059D9C460CF1010322444460072B1D4CD9
:10FE00000460CDE9253200F3C68396F800C00830BF
:10FE10006544BCE718F0100300F0C280089B53F85B
:10FE2000042B0893F9E624AA5846059102F01EFB1C
:10FE300000287FF426AC269A059927A887E7029820
:10FE4000CDF81CA050AC00F4806000250AEE10BA7A
:10FE5000094BDDF84CA0CDF81490A3464FF00508EF
:10FE6000AC46044610E000BF30A8002044A80020A3
:10FE700058A8002044D30020CDCCCCCC0A2A71F164
:10FE8000000136D34A463146501840F10000A3FB2A
:10FE9000005626F0030505EB9605401B151A4FF09A
:10FEA000CC3661F1000E06FB05F6A5FB039503FBBE
:10FEB0000E6609F0010E2E44AEFB085E2D184FEAC7
:10FEC000590930350BF8015C49EAC6790CF1010C8F
:10FED0000BF1FF3B7608002CD0D09AF80000844547
:10FEE000CCD1BCF1FF0FC9D00A2A71F1000180F01A
:10FEF0008F815C4650AB1B1BDDF81490CDF84CA0F5
:10FF00001AEE10BADDF81CA0DDF80880CDF838C074
:10FF10000593FFF7C2BA1BEE101A24AA584602F046
:10FF2000A5FA00287FF4ADAB9DF86710269A0DF175
:10FF30009C0AFFF796B8259BBE48CAF8000001331B
:10FF400001320120072B26922593CAF8040000F302
:10FF500077810AF1080A002940F0AF800E9908F075
:10FF600001030B433FF4C0A8109B12991A44CAE93D
:10FF70000013259B26920133072B259300F3528211
:10FF80000AF1080A0E99CAF8004001330A44072B07
:10FF9000CDE92532CAF804107FF7A4A8FFF7BDBB4E
:10FFA00018F0400200F0DD80089850F8042B08900B
:10FFB000194692B231E61BEE101A24AA584602F0F6
:10FFC00055FA00287FF45DAB269A0DF19C0AFFF7E5
:10FFD000A3BA22AE0822002130461D94FEF71EFA75
:10FFE000039B5A1C00F0DB800025CDF80890CDF86B
:10FFF0001C809946A8460CE037A9584601F04CFAF7
:02000004600397
:10000000431C404400F0C883484508DC00F01884D5
:1000100080461D9A525933460435002AECD1CDF85A
:100020001480DDF80890DDF81C80C5E001338249BA
:10003000CAF804402244072BCAF80010CDE9253243
:100040007FF750A8FFF769BB1BEE101A24AA584689
:1000500002F00CFA00287FF414AB269A0DF19C0AEA
:10006000FFF729B824AA5846059102F0FFF90028A5
:100070007FF407AB96F800C0269A059927A87DE67D
:10008000012BCDF808807FF4F3A9FFF793BB089B01
:10009000049953F8042B4C4611600893FEF7BEBE3A
:1000A00001336549CAF804402244072BCDE92532C3
:1000B000CAF800107FF722AB7BE4109B12981A4419
:1000C000CAE90003259B26920133072B259300F3F1
:1000D000A9810AF1080A0029BFF654AF4D42103138
:1000E00080F20F831BEE101A102605E00AF1080AB1
:1000F000103D102D40F3058301334F481032072B7C
:10010000CAE90006CDE92532F0DD24AA584603915C
:1001100002F0ACF900287FF4B4AADDE92532039996
:100120000DF19C0AE4E7089B18F400711ABF114610
:1001300053F8042B53F8042B089318BFD2B2FFF7DF
:1001400045B9029B13F40071089B1ABF114653F87E
:10015000042B53F8042B089318BFD2B20123FFF7E6
:10016000D0B8089B18F400711ABF114653F8042B3D
:1001700053F8042B089318BFD2B24EE58A460133D8
:100180002D49CAF804502A44072BCDE92532CAF874
:10019000001000F339810AF1080AFFF78CBB002335
:1001A000194600961DAA584601F09CF903460133F2
:1001B000059000F0F1821D94059B002B4ED0632B1F
:1001C00000F318810023079337AC08220021304642
:1001D000FEF724F9059D00962B461DAA2146584698
:1001E00001F080F9854240F07C83059A0023A354F6
:1001F00022EAE272CDE90C339DF867100393029274
:100200000F93FEF7BABF2D218DF86710FEF7A4BF3C
:10021000169B1599ABEB030B1A465846FEF750F99F
:100220009AF80120054B0AB10AF1010A4FF0000CBF
:1002300028E600BF60A8002044D30020CDCCCCCC61
:100240001BEE101A24AA584602F010F900287FF479
:1002500018AA1B99269A0DF19C0A7CE6059B9DF82D
:1002600067100F93CDE90233CDE90C330793FEF706
:1002700084BF0E99059865182D1ACC1AA542A8BFFF
:100280002546FFF74DBB089B049953F8042B0893B0
:1002900011804C46FEF7C2BD13F9042B0893D11709
:1002A0000B46FEF7DBBF039A022122AB01931DAB85
:1002B000009358461BABB0EE4A0B029201F04CFA89
:1002C000472D029A044600F06181462D104405D165
:1002D0002378302B00F06F821B9A1044B5EE40ABB0
:1002E000F1EE10FA40F0468103461B1B0E93472D9A
:1002F00000F01081462D00F0B5811B9B0C930C9BE8
:10030000412D03F1FF331B9300F0E5819DF82C2074
:100310000021002BB8BF0C9B8DF87820BABFC3F129
:1003200001032D222B22092B8DF8792040F3DA814D
:100330000DF18F05DFF81CC42A4610468CFB032103
:10034000DA17C2EBA10202EB8201A3EB41013031CB
:1003500000F8011C19466329134600F1FF32ECDC5A
:100360003033D9B2831E9D4202F8011C40F28B82C9
:1003700013460DF17A0201E013F8011B02F8011B8C
:100380009D42F9D10DF191030DF17A021B1A13442C
:100390001EAA9B1A14930E9B149A012B1A440592C1
:1003A00040F30382059B109A1344059326F480635F
:1003B000059A43F480780023CDE90C3322EAE272F7
:1003C0000F930292099B002B40F0B1809DF86710BB
:1003D0000393FEF7D2BE2046FEF7C6FA024605900A
:1003E000FEF720BF1BEE101A24AA584602F03EF872
:1003F000FEF7EDBD591C5846FDF714F904460028D8
:1004000000F0CA810790E0E61BEE101A24AA5846B5
:1004100002F02CF800287FF434A9269A0DF19C0AEA
:10042000FFF749BA1BEE101A24AA584602F01EF82C
:1004300000287FF426A9DDE925321B990DF19C0ADD
:1004400049E606230393FFF783BB039B02215A1C53
:100450002BE7039A032128E71BA8B0EE4A0B01F013
:100460004FF8B4EE007B20EE070BB5EE400BF1EE3B
:1004700010FA01D101231B93B348039BB3EE005B39
:10048000013B224604E0B5EE400BF1EE10FA13D02A
:1004900020EE050BFDEEC07BB3F1FF3F17EE901A87
:1004A000415CB8EEE76B944630EE460B02F8011B58
:1004B000194603F1FF33E6D1B6EE006BB4EEC60B7E
:1004C000F1EE10FA00F34881B4EE460BF1EE10FAAB
:1004D00004D117EE903ADB0700F13E81002906DBDC
:1004E0004B1C1344302102F8011B9342FBD1131B18
:1004F0000E93FCE60B9C0E9BDDF82490DDF8288023
:100500001396E3189D42294628BF19468246059155
:10051000FFF7D8B91B9B0C93DA1C02DB039A9342BA
:100520000CDD0B9B023B0B9323F02005E7E62D210E
:1005300000238DF867100393FEF722BE0C9B0E9AE2
:100540009342C0F2BD80F0070C9B40F13281109ABB
:1005500013440593710503D50C9B002B00F33581E3
:10056000059B23EAE373029367230B9300230F9306
:100570000D9327E7229B8342BFF4B7AE30215A1C6C
:1005800022921970229B9842F9D8AEE6F30700F147
:10059000A780229BA9E624AA5846059101F066FF90
:1005A00000287FF46EA896F800C0269A059927A81F
:1005B0006544FFF7ECBB1BEE101A24AA584601F065
:1005C00055FF00287FF45DA8269A0DF19C0AFFF7DD
:1005D0006BB978238DF8693030238DF86830039B30
:1005E000632B48F0020600F3A6800023079337AC84
:1005F00018EE903A002B48F481782BDBB0EE48AB34
:100600000B9B23F02005002309930B9B612B7FF4A8
:10061000ADAAB0EE4A0B1BA800F072FFB4EE007B4F
:1006200020EE070BB5EE400BF1EE10FA01D10123DD
:100630001B93464821E71BEE101A24AA584601F0E6
:1006400015FF00287FF41DA81B9B269A0DF19C0A1C
:10065000FFF74EB90B9B23F020052D230993B1EE34
:1006600048ABD2E71B9A0C92002A06F0010340F334
:100670000D8103990B4340F0CF800C9B05936623BB
:100680000B93720500F1A380059B23EAE3730293A9
:100690006CE71BEE101A24AA584601F0E7FE00286A
:1006A0007EF4EFAF1B9C0E9B269A1C1B0DF19C0A3F
:1006B000FFF736B958238DE700220392FEF7DABB25
:1006C0000E9B109A9A180C9B0592002B40F3AB805E
:1006D00067230B93D5E70B9A0F32D2B2012118E6AC
:1006E000A018FBE5002940F0A88030228DF87A2080
:1006F0000DF17B02303302F8013B1EABD31A149389
:1007000049E601331249CAF804502A44072BCDE9BF
:100710002532CAF800107FF733AC1BEE101A24AA5A
:10072000584601F0A3FE00287EF4ABAFDDE9253288
:100730000DF19C0A26E4591C5846FCF773FF044649
:1007400050B3079054E700BF44A8002030A8002011
:1007500044D3002067666666CDF888C012F8011C95
:1007600090F80FC0614513460AD14FF0300E03F8E0
:1007700001EC229B591E229113F8011C8C45F6D0E6
:10078000392916BF0131817AC9B203F8011CAEE6DE
:1007900000239046079360E71BEE102AB2F90C3055
:1007A00043F040039381FEF716BCF5077FF5FEADDD
:1007B000F8E50593CEE6B5EE40ABF1EE10FA3FF466
:1007C0008BADC2F101021B9287E567230B9313994E
:1007D0000B78FF2B79D000250C9A284603E00130D6
:1007E0000131FF2B08D0934206DAD21A4B78002B46
:1007F000F5D10B780135F4E70C9213910D900F951C
:100800000F9A0D9B16991344059A01FB0323059338
:1008100023EAE3730293D5E5109BD31819446623AA
:1008200005910B932DE7C3F101031A4422EAE27309
:100830000293672305920B9398E60DF17A0259E72C
:10084000039BDDF80890DDF81C800593B4E418EEF6
:10085000903A002BB4BF2D219DF86710254C264BF4
:10086000B8BF8DF8671028F08008FEF779BC039BAD
:100870000293059373239DF8671003900F900D90DA
:100880000B93FEF77ABC0223149384E5039A134377
:1008900005D10123662202930B92059366E6109B15
:1008A00001331A4422EAE2730293662305920B9302
:1008B0005CE6089A99F80130894652F8041B0892C0
:1008C00041EAE1710391FEF7D3BA00230F930D9330
:1008D00096E70C23CBF800304FF0FF330493FEF77C
:1008E00081BB1BEE102A938943F040039381FEF7EE
:1008F000C8BE00BF2CA80020BCA20020436C70B56D
:1009000005460C464BB153F8240080B1026843F809
:1009100024200023C0E9033370BD2122042100F00C
:100920004BFE034668640028EDD1002070BD012114
:1009300001FA04F6721D9200284600F03DFE0028E0
:10094000F3D0C0E90146E4E731B1436C4A6853F89B
:100950002200086043F82210704700BF2DE9F041E3
:100960000E6980460F461D4601F1140E0020DEF888
:1009700000108CB202FB0453090C4FEA134C02FB2B
:1009800001CC01309CB204EB0C4486424EF8044B7F
:100990004FEA1C45EBDC3DB1BB68B34207DD07EB1A
:1009A000860301365D613E613846BDE8F0817968B5
:1009B00040460131FFF7A2FF0446B0B13A69023266
:1009C00007F10C0192000C30F8F74AFCD8F84430DB
:1009D0007A6853F82210396043F82270274607EBF3
:1009E000860301365D613E61DEE7034B0348224624
:1009F000BA2100F0C1FD00BF38A600204CA600209F
:100A0000030C1B04D3B90004102310F07F4F04BF64
:100A10000002083310F0704F04BF0001043310F0DF
:100A2000404F04BF80000233002805DB10F0804FE8
:100A300003F1010308BF2023184670470023E4E7B1
:100A4000036813F0070208D0D9071FD49A0722D5EC
:100A50005B08036001221046704799B209B91B0C6C
:100A60001022D9B209B908321B0A190704BF1B09A1
:100A70000432990704BF9B080232D90703D45B08EC
:100A800002F1010205D003601046704700221046B3
:100A900070472022DFE79B08022203601046704760
:100AA00038B5436C04460D464BB15868B0B1026886
:100AB0005A6000220123C0E90435C26038BD2122FA
:100AC000042100F079FD034660640028EDD1094B54
:100AD0000948002240F2451100F04EFD1C22012180
:100AE000204600F069FD0028F1D001220223C0E970
:100AF0000123DEE738A600204CA600202DE9F04FA8
:100B00000E691569AE4285B08846144605DB2A4653
:100B1000234635460C4616469846A3686168AF19C9
:100B2000BB42B8BF0131FFF7E9FE0190002800F099
:100B30008780019B03F1140909EB870AD14505D28F
:100B40004B46002243F8042B9A45FBD808F11408C1
:100B500008EB860B04F11403D8451A4603EB850510
:100B60005FD22B1B153B23F0030304331534A5423E
:100B700038BF0423CDE902A7AC461F46924605E0E4
:100B8000090C29D1C34509F1040948D958F8041BB7
:100B90008DB2002DF4D056464C46002356F8041B67
:100BA00022681FFA81FE90B2090C05FB0E00120CA0
:100BB000034405FB012202EB13429BB243EA0243CA
:100BC000B44544F8043B4FEA1243E7D849F80730EC
:100BD00058F8041C090CD5D0D9F8003050461A46F4
:100BE0004C4600260588120C01FB052216449BB2D8
:100BF00043EA064344F8043B50F8045B22682D0C9A
:100C000093B201FB053303EB164384454FEA1346C9
:100C1000E8D8C34549F8073009F10409B6D8DDE939
:100C200002A7002F02DC05E0013F03D05AF8043D83
:100C3000002BF9D0019B18461F6105B0BDE8F08F6D
:100C4000034B0448019A4FF4B17100F095FC00BFCA
:100C500038A600204CA6002012F003032DE9F04135
:100C60001446064632D10D46A41020D0D6F8408056
:100C7000B8F1000F33D0E3074FF0000707D464103A
:100C800015D0D8F80000A8B18046E307F7D5424652
:100C900029463046FFF732FFB5B16968736C6410BE
:100CA00053F821202A6043F821500546E9D128460F
:100CB000BDE8F081424641463046FFF71FFFC8F8C5
:100CC000000007608046E0E70546D8E7013B0F4A91
:100CD00052F823200023FFF741FE0546C4E7012117
:100CE0003046FFF70BFE804640B1012340F27122EF
:100CF000C0E90432002330640360BCE7044B0548BC
:100D0000424640F2451100F037FC00BF48AE0020DB
:100D100038A600204CA600202DE9F0470D461446C9
:100D20002F69AB68496807EB62177E1C9E428046BC
:100D30004FEA621904DD5B009E4201F10101FADC19
:100D40004046FFF7DBFD8446002852D0B9F1000F82
:100D500000F114020EDD09F105014FEA810E134680
:100D600000EB8101002043F8040B8B42FBD1AEF174
:100D700014031A44296905F1140314F01F0E03EB40
:100D800081012ED0CEF1200910464FF0000A1C68D8
:100D900004FA0EF444EA0A0440F8044B53F8044BF6
:100DA000994224FA09FAF2D84B1B153B23F00303AE
:100DB000043305F11500814238BF0423BAF1000F56
:100DC00018BF374642F803A0D8F844306A68CCF818
:100DD000107053F822102960604643F82250BDE895
:100DE000F087043A53F8040B42F8040F9942F9D8FB
:100DF000EAE7034B034862464FF4EF7100F0BCFB97
:100E000038A600204CA600200B6984460069C01A51
:100E100016D10CF1140C14310CEB830210B401EB5D
:100E2000830301E0944508D252F8044D53F8041DA1
:100E30008C42F7D005D24FF0FF305DF8044B70477D
:100E4000704701205DF8044B704700BF2DE9F84F53
:100E50000F691369FF1A002F0E4690467FD101F1EA
:100E60001405143202EB830205EB830301E09D427B
:100E700078D253F8041D52F8044DA142F7D069D33B
:100E80007168FFF73BFD8146002877D03569D8F8B7
:100E90001020C76008F1140E06F1140009F1140ABD
:100EA00006F110010EEB820200EB850756464FF06B
:100EB000000C5EF8044B51F804BFA3B21CFA8BFC83
:100EC000ACEB03034FEA144CCCEB1B4C0CEB234C68
:100ED0009BB243EA0C43724546F8043B4FEA2C4C64
:100EE000E7D8A2EB0801153908F11508424521F0B1
:100EF000030404F1040438BF0424204421F0030255
:100F000038BF002287425244544418D9264601462D
:100F100051F8043B1CFA83FC4FEA2C4202EB1342CB
:100F20001FFA8CFC4CEA02438F4246F8043B4FEA1E
:100F3000224CEDD8013F3F1A27F00307E21923B9ED
:100F400052F8043D013D002BFAD0C9F81050484634
:100F5000BDE8F88F334601274646984690E7F9DB0F
:100F600000278DE70021FFF7C9FC814668B1012207
:100F70000023C9E904234846BDE8F88F064B07481B
:100F80004A4640F2452100F0F7FA034B03484A462F
:100F900040F2372100F0F0FA38A600204CA60020DD
:100FA0002DE9F043884683B0012157EC106B1546BC
:100FB000FFF7A4FC0446002851D0C7F30A59C7F331
:100FC0001303B9F1000F01D043F48013002E0193F5
:100FD00018D101A8FFF734FD019A6261012200F1E6
:100FE00020032261B9F1000F25D0A9F2334909EBA2
:100FF00003022046C3F13503C8F800202B6003B07C
:10100000BDE8F08368460096FFF71AFD034610B36B
:10101000DDE90002C3F1200102FA01F10143DA40E7
:1010200061610192002AA26114BF022201222261A1
:10103000B9F1000FD9D1A3F23243C8F8003004EB64
:1010400082031869FFF7DCFCC0EB421320462B60DB
:1010500003B0BDE8F083009A6261019AE2E7034BB6
:101060000348224640F20F3100F086FA38A60020ED
:101070004CA6002070B500294BD006460C4610B196
:10108000436B002B48D0636ED80734D5B4F90C30CD
:10109000002B3ED02146304600F050F8E36A05466A
:1010A00033B1E169304698470028B8BF4FF0FF35AB
:1010B000A3891A063CD4216B41B104F14003994243
:1010C00002D03046FDF75AFD00232363616C21B145
:1010D0003046FDF753FD00236364FDF7F3F8636EBC
:1010E0000022DB07A2811FD5A06DFDF731FCFDF7C3
:1010F000EFF8284670BDA3899905CBD4A06DFDF704
:1011000029FCB4F90C30002BC4D1656E15F0010533
:1011100005D00025284670BDFDF7B6F8B3E7A06DF1
:10112000FDF71AFC284670BDA06DFDF715FCDBE746
:1011300021693046FDF722FDBDE700BFB1F90C2063
:101140002DE9F0410C461107804647D4636842F40C
:101150000062002BA2815EDDA56A002D58D000231D
:10116000D8F80060C8F8003093B212F4805256D11B
:101170000123E1694046A847431C67D0A389A56ABB
:101180005F0705D56368C01A236B0BB1E36BC01A08
:10119000E169024600234046A847411C41D1D8F8E6
:1011A0000030002B3DD01D2B01D0162B56D1A3892A
:1011B0002269226023F4006300216160A381216B16
:1011C000C8F8006021B304F14003994202D04046C0
:1011D000FDF7D4FC00202063BDE8F0812669BEB194
:1011E00093B2256826609A070CBF63690023AD1B84
:1011F000A3600BE02B463246E169676A4046B84778
:10120000B0F1000CA5EB0C05664417DD002DF1DCF8
:101210000020BDE8F081E36B002B9DDCF8E7206D3A
:10122000AEE7B4F90C302269226023F40063A38195
:101230000022DB046260C2D52065C0E7A38943F0C9
:1012400040034FF0FF30A381BDE8F081D8F80030B3
:10125000002B93D01D2B06D0162B04D0A38943F06E
:101260004003A381D5E7C8F80060D1E738B50C4644
:10127000054608B1436B03B3B4F90C0088B1636E43
:10128000DB0701D481050FD528462146FFF756FF1D
:10129000636EDA07054602D4A3899B0508D5284664
:1012A00038BD0546284638BDA06DFDF753FBEBE77A
:1012B000A06DFDF751FB284638BDFCF7E5FFDBE7E5
:1012C00010B50C46B1F90E1000F07AF8002803DBD7
:1012D000236D0344236510BDA38923F48053A381A8
:1012E00010BD00BF2DE9F0410C46B1F90C101F46AE
:1012F000CB05054616460BD421F48051A1813B460F
:10130000B4F90E1032462846BDE8F041FDF762B947
:10131000B4F90E100223002200F03CF8B4F90C10CE
:10132000EAE700BF10B50C46B1F90E1000F032F834
:10133000A389421C0EBF23F4805343F480532065DD
:10134000A38110BDB1F90E1000F012B849B1FF2A07
:1013500002D80A70012070478A2303604FF0FF30E3
:1013600070470846704700BF004870477CD900208E
:1013700038B5074D0022044608462A60F8F79EFA61
:10138000431C00D038BD2B68002BFBD0236038BD38
:10139000B829012038B50C46084D84461146204630
:1013A0001A4600232B606446F8F794FA431C00D0D9
:1013B00038BD2B68002BFBD0236038BDB829012035
:1013C00038B50C46084D8446114620461A4600237F
:1013D0002B606446F8F770FA431C00D038BD2B68C8
:1013E000002BFBD0236038BDB8290120000000008D
:1013F000000000000000000001F0FF01102A2BDBBC
:1014000010F0070F08D010F8013B013A8B422DD0A5
:1014100010F0070F42B3F6D1F0B441EA012141EADE
:10142000014122F007047FF000070023F0E8025694
:10143000083C85EA010586EA010685FA47F5A3FA24
:1014400087F586FA47F6A5FA87F68EB9EED1F0BC95
:1014500001F0FF0102F0070232B110F8013B013A3E
:1014600083EA010313B1F8D10020704701387047B7
:10147000002D06BF35460338073815F0010F07D198
:10148000013015F4807F02BF013015F4C03F0130F8
:10149000F0BC0138704700BF70B5054684B05BB141
:1014A0001C4669B10E4B2846D3F8E0602346B0478E
:1014B000431C0FD004B070BD00F582740029F1D137
:1014C000074A2346D2F8E06028460A4601A9B047F9
:1014D000431CEFD100228A2322602B6004B070BD30
:1014E0008CD8002010B582B0049CCDE900344FF0B8
:1014F000FF3302F06BFB02B010BD00BF0000000024
:1015000030B482B08DED000B019A194C22F00043EB
:101510000021A342016021DC009C1C431ED0154C1D
:10152000144054B99FED107B20EE077B8DED007BBE
:10153000019A6FF0350122F0004322F0FF42DDE90D
:10154000004522F4E00242F07F551B1545F40015DA
:10155000A3F2FE33CDE900450B4403609DED000B83
:1015600002B030BC704700BF0000000000005043D4
:10157000FFFFEF7F0000F07F00B50B4C256814469D
:10158000EE681A4685B003460D464CB107490095F2
:10159000CDE901143046064900F054FFF8F7A0F9F0
:1015A00004490C46F3E700BF14DE002098A5002094
:1015B000A8A50020441E002038B5A1FB02148CBB56
:1015C000FCF730F80546E0B150F8042C22F0030295
:1015D000043A242A17D8132A1AD91B2AC0E900442E
:1015E0001DD9242A14BF00F1100200F118024FF097
:1015F0000003C0E9024404BF04614461C2E900334E
:101600009360284638BD2146FCF708FF284638BDC0
:1016100002460023C2E900339360284638BD00F13A
:101620000802F6E7FCF7ECFF0C2300250360E8E76F
:101630002DE9F04F03690C69A34283B0C0F28780A3
:10164000013C01F11405A30000F11408009355F8C2
:10165000243058F82420013381469A4208EB840054
:1016600005EB84070190B2FBF3F63BD34FF0000C7F
:10167000AE464046E24663465EF804BB02681FFA87
:101680008BFC06FB0C334FEA134C4FEA1B4B06FB5B
:101690000BCC9BB2AAEB03031FFA8CFA13FA82F36A
:1016A000CAEB124202EB23429BB243EA0243774564
:1016B00040F8043B4FEA224A4FEA1C43DCD2009B2D
:1016C00058F8033073B9019B043B984504D307E0F5
:1016D000984504F1FF3403D253F80429002AF7D0C7
:1016E000C9F810404846FFF78FFB00282BDB013676
:1016F0004146002355F8040BD1F800C082B29A1A73
:10170000030C12FA8CF2C3EB1C4303EB224392B29C
:1017100042EA0342AF4241F8042B4FEA2343E9D2A5
:1017200058F8242008EB84036AB9043B984504D395
:1017300007E0984504F1FF3403D253F80429002A46
:10174000F7D0C9F81040304603B0BDE8F08F002054
:1017500003B0BDE8F08F00BF2DE9F04F2DED028BF7
:101760008FB08DED020B0191816B1A9D059357ECA3
:10177000106B0446934641B1C26B4A60012393400B
:101780008B60FFF7E1F80023A363B7F10008B4BF53
:10179000012300232B60BE4BBCBF28F00048CDF8CE
:1017A0000C8033EA080300F09F809DED028BB5EEBC
:1017B000408BF1EE10FA11D1059A012313601B9BA7
:1017C000002B00F03F82B34B1B9A1360013B009348
:1017D00000980FB0BDEC028BBDE8F08F0CAA0DA9EC
:1017E0002046B0EE480BFFF7DBFB5FEA18530546D7
:1017F00040F09280DDE90C130B4403F23242202AC0
:1018000040F3FA82C2F1400208FA02F803F21242EF
:10181000D64048EA060207EE102AB8EE477B581E6B
:1018200017EE906A53EC172B4FF0010AA6F1F873EC
:101830009FED913B9FED927B9FED935B06EE900AAF
:1018400043EC122BB8EEE64BB7EE086B32EE466B6C
:10185000A6EE037BA4EE057BFDEEC76BB5EEC07B69
:10186000F1EE10FA16EE907A08D5B8EEE66BB4EE0B
:10187000476BF1EE10FA18BF07F1FF37162F00F291
:101880004581854B03EBC70393ED007BB4EEC78B1B
:10189000F1EE10FA57D5091A0023B1F1010807F14A
:1018A000FF370A9300F1398100230693002F52DAA3
:1018B000069B0497DB1B06937B420893019B092B35
:1018C0004FF000074ED8052B40F39D82043B019357
:1018D0000026019B9A1E032A00F22581DFE812F000
:1018E000AA03A7039D037E03059AC8F3130842F2D7
:1018F0000F7358EA060813601ED11B9B002B00F0E3
:101900009185664B009308331B9A009813600FB0C3
:10191000BDEC028BBDE8F08F18EE906AC6F313069B
:10192000A3F2FF3053EC182B46F07F530C994FF085
:10193000000A43F440137BE71B9B002B40F03B83E2
:10194000574B009344E7091A0023B1F101080A93A9
:1019500000F1E380069300230893019B0497092B71
:10196000B844B0D900230126019307964FF0FF3900
:101970009B460021E163CDF82C902046FEF7BEFF88
:101980000090002800F04085009BA363B9F10E0F82
:1019900000F2DC80002E00F0D980049B002B40F385
:1019A000DE833D4A03F00F0102EBC10292ED007BA2
:1019B0001A11DB0540F182833A4991ED086B02F080
:1019C0000F02032088EE065B5AB13649D60704D5CC
:1019D00091ED006B013027EE067B521001F10801FA
:1019E000F4D185EE076B0A9B3BB1B7EE007BB4EEFA
:1019F000C76BF1EE10FA00F1AE8407EE900AB8EE74
:101A0000E75BB1EE0C7BA5EE067B17EE902A51EC5E
:101A1000170BA2F15071B9F1000F00F08883049EFA
:101A20004A46079B002B00F04784B6EE003B1A4B5A
:101A3000FDEEC64B03EBC20CB8EEE47B36EE477B03
:101A40001CED026B83EE065B41EC160B14EE900A64
:101A500035EE465B0099B4EEC75B3030F1EE10FA1C
:101A600001F8010B00F3AC84B7EE002BB2EE044B8F
:101A70004FF0000C31E000BF61436F63A787D23F96
:101A8000B3C8608B288AC63FFB799F501344D33F6D
:101A90000000F07F61A80020A00E0020B4A7002065
:101AA000C0A70020780E00200CF1010C94454DDAFF
:101AB00027EE047B25EE045BFDEEC76B16EE903A35
:101AC000B8EEE63B303337EE437BB4EEC57BF1EE48
:101AD00010FA01F8013B00F1738432EE476BB4EE6B
:101AE000C56BF1EE10FADFD5009A049602E08A4247
:101AF00000F05084894611F8013D392BF7D00133AD
:101B0000DBB20B70049B0133049355E1091A0123E6
:101B1000B1F101080A937FF5C7AEC1F10103069345
:101B20004FF00008C2E60026E66331462046FEF785
:101B3000E5FE0090002800F06784009BA3634FF04F
:101B4000FF330B9399460123B34607930D9A002A5E
:101B500055DB04990E2952DCB74BBBF1000F03EBA8
:101B6000C10393ED006B15DAB9F1000F12DC40F000
:101B7000F282B1EE047B26EE077BB4EEC78BF1EE6A
:101B800010FACA464E4600F26D82DDF800806FEA18
:101B90000B0B70E288EE067BBDEEC77B009917EE5B
:101BA000103AB9F1010F03F13003B8EEC75B01F849
:101BB000013BA5EE468B00F03483B2EE044B0123CB
:101BC00011E088EE067BBDEEC77B013317EE102ACD
:101BD0004B4502F13002B8EEC75B01F8012BA5EED0
:101BE000468B00F01E8328EE048BB5EE408BF1EEA1
:101BF00010FAE6D1049B013304938946DCE0079B8D
:101C000043B3019B012B40F37682089B09F1FF3A15
:101C1000534580F23F82089BCDF820A0AAEB030237
:101C200017444FF0000AB9F1000FC0F22583069B5C
:101C300009934B44C844069301212046FEF730FF28
:101C400006460CE07D4B009300980FB0BDEC028B74
:101C5000BDE8F08F069BDDF820A0079E0993099B45
:101C60006BB1B8F1000F0ADD434506991A46A8BFCB
:101C70004246891A9B1A06910993A8EB0208089B11
:101C800063B1079B002B00F0A782BAF1000F00F3AD
:101C90000482089BB3EB0A0240F0FF820121204638
:101CA000FEF7FEFE002F824600F3AF80019B012B62
:101CB00040F38781002308930120002F40F0B1807A
:101CC000404410F01F0000F07A81C0F12002042A85
:101CD00000F3888040F0F681069B002B05DD294645
:101CE0001A462046FFF718F80546B8F1000F05DD43
:101CF000514642462046FFF70FF882460A9B002BCA
:101D000040F03F81B9F1000F40F32581079B002B84
:101D100040F0A380049B01330493DDF80080012789
:101D200007E0294600230A222046FEF717FE013766
:101D3000054651462846FFF77BFCB94500F13000C7
:101D400008F8010BEDDCB9F1000F009ACCBFCB46CF
:101D50004FF0010B034693440027294601222046F9
:101D60000193FEF7D9FF51460546FFF74DF80028CD
:101D700040F3AF811BF8013C009A0BF1FF3B04E0FC
:101D80005A4500F0B1811BF8013D392B0BF10109D7
:101D9000F6D001338BF8003051462046FEF7D4FDD3
:101DA00056B12FB1B74203D039462046FEF7CCFDDD
:101DB00031462046FEF7C8FD29462046FEF7C4FD01
:101DC000002389F80030DDE904231A601B9B002BF7
:101DD0003FF4FEAC0098C3F800900FB0BDEC028B4E
:101DE000BDE8F08FC0F11C00069B03440693099BDD
:101DF0000344099380446FE7C2F1200206FA02F21D
:101E000007EE102A09E5012663E501463A46204619
:101E1000FEF722FF019B012B824640F3C581002380
:101E20000893DAF810200AEB82021069FEF7E8FD49
:101E3000C0F1200044E700BFA00E002060A80020F1
:101E4000314600230A222046FEF788FD0B9B002B1B
:101E5000064640F3CE8204979946099B002B05DD88
:101E600031461A462046FEF757FF0646089B002BD0
:101E700040F0EB81B046029B009F03F001027B1E05
:101E80004B440893019B0A921343099351462846F9
:101E9000FFF7CEFB314683462846FEF7B5FF4246A4
:101EA000514681462046FEF7D1FFC26801460BF13C
:101EB0003003002A42D1CDE906032846FEF7A4FFED
:101EC000069902902046FEF73FFD029A079B1AB939
:101ED0000999002900F07E82B9F1000FC0F28381D8
:101EE000019949EA01090A9951EA090900F07B813F
:101EF000002A00F3C681089A3B7007F10109974256
:101F0000CB4600F0C481294600230A222046FEF772
:101F100025FD4645054631464FF000034FF00A02C5
:101F2000204612D0FEF71AFD4146064600230A223B
:101F30002046FEF713FD4F468046A7E72046029352
:101F4000FEF702FD029B0122C6E7FEF707FD4F46A2
:101F5000064680469AE7019B022B71DC079B002B0B
:101F60007FF47BAF049B5146013328460493FFF76F
:101F70005FFBDDF800B000F130030BF8013B0027F8
:101F8000EBE651462846FEF73FFF0028BFF6BAAE03
:101F9000294600230A222046FEF7E0FC049B5F1E30
:101FA000079B0546002B7FF44BAF0B9B002B40F3A8
:101FB00018829946B1E6BC4B00930333A4E41C207D
:101FC00012E7DDE9020100287FF474AEC1F31302C9
:101FD000002A00F0F480029B08936DE6012307932A
:101FE000049B5B4403F10109B9F1010FCC460B934B
:101FF000B8BF4FF0010C0021BCF1170FE1637FF770
:10200000BCAC01200422520002F1140363450146D6
:1020100000F10100F7D9E163AFE401230793BBF1BD
:10202000000F52DDCDF82CB0D946DC46E3E70023A3
:102030000793D5E700230793F1E7DDF82C90049789
:10204000B9F1000F7FF4A1AD51464B460522204661
:10205000FEF784FC014682462846FEF7D5FE00289E
:102060007FF793AD049B03F1010B009B312298464F
:1020700003F8012B009351462046FEF765FC0BF157
:102080000103DDF800900493CDF80080002E7FF46A
:102090008FAE91E6A3EB0A0AC5E5314652462046CB
:1020A000FEF7DAFD2A46014606462046FEF726FDE3
:1020B000294605462046FEF747FCEAE50220B0EE39
:1020C000485B81E4C0F13C008EE64FF0010BD9463D
:1020D0004FE403D1019BDB073FF54CAED9461BF81B
:1020E000013D302BFAD057E6049B009A013304934C
:1020F0003123137050E6BAF1000F00F0238102F291
:102100003342069B09931344DDF820A006939044C4
:1021100092E507EE900AB1EE0C5BB8EEE77BA6EE17
:10212000075B15EE902A51EC150BA2F1507141ECB2
:10213000150BB1EE047B36EE477BB4EEC57BF1EEBA
:1021400010FA00F33781B1EE455BB4EEC57BF1EEDA
:1021500010FA7FF5FBAC4FF0000A564615E500F08B
:10216000F580049B51495A4202F00F0001EBC00177
:1021700091ED006B121128EE066B00F04281B0EE7B
:10218000467B4B4900260220D30705D591ED005B25
:102190000130012627EE057B521001F10801F3D131
:1021A000002E06FE076B1EE4029B002B7FF437AE69
:1021B000DDE90201C1F31302002A40F037813D4AF4
:1021C0000A40002A00F0FA80069B0133069301239F
:1021D00008F1010808936FE52946089A2046FEF7A2
:1021E0003BFD05465AE5002A12DD2946012220461C
:1021F0000193FEF791FD51460546FEF705FE0028C6
:10220000019B40F3E180392B00F0CA800BF13103D0
:10221000B94609F8013B049B01333746049346460F
:10222000BAE538EE088BB4EEC68BF1EE10FA0ADC94
:10223000B4EE468BF1EE10FA7FF4DCAC17EE103AF8
:10224000D8077FF5D7AC009A54E471682046FEF7B2
:1022500055FB0746002800F0DE80336902339A0000
:1022600006F10C010C30F6F7FBFF3946012220463F
:10227000FEF752FD8046FEE5069BA3EB090309939A
:10228000DAE4392B00F08C80B9460133C1E7049AB7
:1022900001323746049246465FE529462046FEF75E
:1022A000DBFC0546FAE400BFC0A70020A00E00201A
:1022B000780E00200000F07F5E4BFDEEC65B03EB66
:1022C000C20C1CED023BB8EEE57B36EE477B41ECE1
:1022D000160B15EE901A23EE063B00983031012ABA
:1022E00000F8011B00F08380B2EE044B009B9918AC
:1022F00027EE047BFDEEC76B16EE903A303300F804
:10230000013B8142B8EEE65B37EE457BF0D1B6EE9D
:10231000006B33EE065BB4EEC75BF1EE10FA3FF5EF
:10232000E3AB36EE436BB4EEC76BF1EE10FA7FF71A
:102330000DAC8946013919F8013C302BF9D0731CDA
:10234000049339E50C9AC2F13602DAE60220B0EEC7
:10235000486BFFF748BBB9F1000F3FF4DAAE0B9AB8
:10236000002A7FF7F3ABB2EE044B26EE046B01308C
:1023700007EE900A049BB8EEE75BB1EE0C7BA6EE8D
:10238000057B17EE90CA51EC170B5E1EACF1507135
:10239000FFF747BB049B013304933123FFF7B1BB25
:1023A000049BBB4601330493392337460BF8013BAA
:1023B0004646E1E44FF0000A564653E608927BE4B5
:1023C000731C04938946F7E47FF422AFDA077FF5A4
:1023D0001FAF18E7392BE3D0B9F1000F3FF716AF65
:1023E00016E7019B022B3FF728AE0497BAE501469A
:1023F0008DE7019B022B3FF720AEDDF82C90049770
:102400002BE50220FFF7EFBA0B4B0C48002240F2FD
:10241000AF11FFF7B1F8084B08483A4640F2EF21F8
:10242000FFF7AAF8064B0093FFF7D2B9029B089377
:10243000F7E400BFA00E002038A60020C4A70020AB
:10244000B4A700200EB410B583B005AB064C53F80A
:10245000042B01930146206800F0C4F803B0BDE8E6
:10246000104003B0704700BF14DE00202DE9F04F8C
:102470009368176883B09246002B70D081468A68B3
:1024800008680C46083743E0A38913F4906F2ED0F8
:10249000D4E90416A0EB010806EB460606EBD67657
:1024A00008F1010076102844B042324684BF064647
:1024B00032465B0537D511464846FBF7B3F8019025
:1024C00000283AD042462169F6F7CAFEA289019B4C
:1024D00022F4906242F08002A281A6EB080203EB94
:1024E00008006661A260236120602E46A84642462D
:1024F0005946FBF717FFDAF80830A2682068921BEC
:1025000040445B1BA2602060CAF808303BB3083728
:1025100057E902B5002DFAD0AA4216469046B3D923
:102520002E46A846E3E74846FBF738FB034600285B
:10253000D3D121694846FCF721FBA3890C2243F043
:102540004003C9F800204FF0FF30A3810022002390
:10255000CAF80820CAF8043003B0BDE8F08F0020A4
:102560000023CAF8043003B0BDE8F08F2DE9F84F1E
:102570004B6E9C0490462DD59368126843B38B46EE
:10258000064602F1080959E9025A5FEA9A0715D08E
:10259000043D002401E0A7420ED055F8041F5A461E
:1025A000304601F05BFA431C04F10104F3D100232F
:1025B000C8E90133BDE8F88FD8F808302AF0030ADB
:1025C000A3EB0A03C8F8083009F10809002BDAD197
:1025D0000020ECE701F00CF80023C8E90133BDE866
:1025E000F88F00BF2DE9F04F2DED028BC5B00DF136
:1025F000500A834608EE101A16460021082250465B
:102600001C460793FBF70AFFBBF1000F04D0DBF871
:102610003430002B00F0A08618EE102A536EDB0732
:1026200040F11385B2F90C108AB295040BD418EE60
:10263000103A41F4005199815B6E8AB218EE101A7B
:1026400023F400534B66100740F1058118EE103A51
:102650001B69002B00F0FF8002F01A030A2B00F028
:102660000A810023CDE91933CDE90D331BAA0C9360
:10267000189291460B930593B0464446A84BD3F865
:10268000E450FBF789FF2246034612A9CDF800A0CB
:102690005846A847002800F04581C0F23981129AB7
:1026A000252A034601D01C44E8E7B4EB080605469A
:1026B00040F03C81002361788DF8433004F101083B
:1026C00006934FF0FF371E462B2408F10108A1F1B5
:1026D00020035A2B00F27881DFE813F0B50276016F
:1026E0007601B0027601760176016A007601760104
:1026F0007D028D02760188029702760192025B00CC
:102700005B005B005B005B005B005B005B005B00F1
:102710007601760176017601760176017601760101
:1027200076015C02840076017601760176017601FD
:1027300076017601760176017601E8007601760170
:10274000760133027601DA02760176018B05760195
:1027500076017601760176017601760176017601C1
:1027600076015C028600760176017601CD02860054
:102770007F007601C0027601FD02EA00ED027F00D3
:10278000760133027C006905760176016B057601DE
:102790007C00A1F13003002218F8011B02EB820239
:1027A00003EB4202A1F13003092BF5D906928EE723
:1027B0005846FEF7D9FD43680D931846FCF7D4F848
:1027C0000E9005465846FEF7CFFD83680B93002D0B
:1027D00040F0D68498F8001077E798F8001046F09B
:1027E000200672E746F01006B40640F18E81079B82
:1027F000073323F007031A46596852F8083B07923B
:102800000A460029C0F27084791C00F0A28526F0E7
:102810008001039153EA020100F03F840A2B72F118
:10282000000180F0418530338DF80F31039E012384
:1028300004930DF20F14049BBB42B8BF3B460393B5
:10284000002308939DF84330002B00F0CB80039BBE
:1028500001330393C6E018EE101A584618EE105ACA
:1028600001F040F8002840F05286AA8902F01A03CD
:102870000A2B7FF4F6AE18EE101AB1F90E30002BC9
:10288000FFF6EFAE4B6EDB0702D4970540F11286E0
:1028900018EE101A23463246584600F069FE05909D
:1028A000059845B0BDEC028BBDE8F08F46F01006F0
:1028B00016F0200200F03681079B073323F0070350
:1028C00019465A6851F8083B079126F48061039134
:1028D000002100208DF84300781C00F0108203983E
:1028E00020F0800653EA020040F00882002F40F0FA
:1028F0003885002940F0D583039B13F0010304932E
:1029000000F0118430238DF80F310DF20F1492E78F
:10291000082200215046FBF781FD01231C44ADE64F
:102920008CD80020B4EB080605461BD0199B1A9AD8
:1029300001333244072BC9E900861A9219931CDD32
:10294000002A00F0A68318EE101A18AA5846FFF7BE
:102950000DFE20BB0DF16C09059B33440593002D42
:102960007FF4A8AE1A9B002B40F0C18518EE103AF8
:102970000022B3F90C30199215E009F10809EBE7D0
:1029800018EE101A18AA5846FFF7F0FD002800F0BC
:10299000A680089B1BB108995846FCF7EFF818EE83
:1029A000103AB3F90C3018EE102A526E12F0010FE3
:1029B0009AB200F0A080500600F1B285059845B0AB
:1029C000BDEC028BBDE8F08F0029CBD000238DF841
:1029D00043300123CDE903338DF8AC102BAC002339
:1029E00008931F4616F00203099302D0039B02339B
:1029F000039316F084030A9305D1069B039A9D1A4C
:102A0000002D00F37B82DDE91903411C9DF8432072
:102A100082B101220133C9F8042007290DF14302D4
:102A2000CDE91913C9F8002000F34A82084609F1DC
:102A300008090131099AE2B111AA0233C9F800204C
:102A400007294FF00202CDE91913C9F8042040F319
:102A50005082002B00F0438318EE101A18AA584633
:102A6000FFF784FD002894D1DDE919030DF16C090D
:102A7000411C0A9A802A00F08481049ABD1A002D14
:102A800000F3D781049AC9F8004013440729CDE91F
:102A90001913C9F8042040F36E81002B00F07582F1
:102AA00018EE101A18AA5846FFF760FD00287FF4A8
:102AB00070AF1A9B0DF16C09750705D5069A03993D
:102AC000541A002C00F36B82DDE905210398814242
:102AD000ACBF521812180592002B7FF451AF089921
:102AE00000231993002900F049815846FCF746F865
:102AF0000DF16C09C1E59C053FF55DAF18EE104A7C
:102B0000A06DFBF729FFA28955E7F006079A00F1AF
:102B10001F83710640F1198332F9043B0792DA17DB
:102B200011466EE616F01003079940F0098316F07F
:102B3000400000F001831A4651F8043B07919BB214
:102B4000C3E6079B1A4600238DF84330134653F81B
:102B5000044B0393002C00F01284532900F065838A
:102B600016F0100540F061837B1C00F0B3843A46F8
:102B700029462046FEF740FC0890002800F09F847C
:102B8000031B039A049323EAE3732F4607920393EC
:102B9000089557E6432902D0F50640F12D83079D9D
:102BA0000822002116A82BACFBF738FC16AB55F811
:102BB000042B21465846FEF76FFC03460133049070
:102BC00000F0B384049B079523EAE3730393002387
:102BD0008DF8433003E7079B53F8042B0692002A35
:102BE00080F29C82069A5242CDE9062398F80010A2
:102BF00046F0040669E598F800108DF8434064E556
:102C000098F8001046F080065FE5424612F8011B76
:102C10002A2900F09684A1F13003092B90464FF049
:102C200000073FF654AD18F8011B07EB870703EBCD
:102C30004707A1F13003092BF5D948E598F80010B2
:102C400046F0010641E59DF84330002B7FF4C2AD0C
:102C5000202398F800108DF8433036E598F80010DE
:102C60006C2903BF98F8011046F0200608F101080E
:102C700046F0100629E598F80010682903BF98F877
:102C8000011046F4007608F1010846F040061CE504
:102C900046F010030393039B13F0200200F006821A
:102CA000079B073323F0070319465A6851F8083B7E
:102CB000079101210DE6079A46F00203039352F8AB
:102CC000043B079247F63002ADF84420B84A0C9214
:102CD00002210022FDE5B70600F14882F50600F169
:102CE0004683740600F1D583B00540F14083079B0D
:102CF000059953F8042B07931170BEE4039601293C
:102D00003FF48CAD022944AC11D10C9803F00F01B3
:102D10001B09415C04F8011D43EA0273120953EADE
:102D20000201F3D1039E44AB1B1B049383E503F024
:102D30000701DB0843EA4273D208303153EA020547
:102D4000204604F8011DF2D1039EF307EBD530298C
:102D5000E8D03023023804F8013C44AB1B1A039E30
:102D60000493044667E5049B1B9401221C931A9369
:102D700019920DF16C0909F108099DE60DF16C0934
:102D80007BE4069A039D551B002D7FF776AE102D30
:102D900040F3BB83099418EE104A07E000F1020CDF
:102DA00009F108091046103D102D1EDD8149C9F8B2
:102DB0000010421C10331021072ACDE91923C9F84D
:102DC0000410EBDD18AA002B74D0214658460DF1F3
:102DD0006C09FFF7CBFB00287FF4DBADDDE91903BD
:102DE000103D102D00F1010CE0DC099C714AC9F87E
:102DF00004502B44BCF1070FCDE919C3C9F80020DA
:102E000040F39481002B00F01F8318EE101A18AACB
:102E10005846FFF7ABFB00287FF4BBAD049ADDE911
:102E20001903BD1A002D00F101010DF16C097FF7A6
:102E300029AE102D29DD0994102718EE104A07E05D
:102E400000F1020C09F108091046103D102D1ADDA1
:102E5000421C58491033072AC9E90017CDE9192344
:102E6000EEDD18AA03B3214658460DF16C09FFF7B1
:102E70007DFB00287FF48DADDDE91903103D102D99
:102E800000F1010CE4DC099C61464A4AC9F804508F
:102E90002B440729CDE91913C9F8002000F3E78076
:102EA00009F108090131EDE54FF0010C18460DF16B
:102EB0006C09CAE74FF0010C18460DF16C0972E776
:102EC000002B00F0048118EE101A18AA5846FFF7DC
:102ED0004DFB00287FF45DADDDE919030DF16C09B0
:102EE000411CA7E5022311AA1C931B9201210DF19D
:102EF0006C09084609F10809411CBAE5102D40F398
:102F0000E582DDE919130F94084618EE104A07E030
:102F100000F1020C09F108091046103D102D1DDDCD
:102F20002549C9F80010421C10331021072ACDE9A9
:102F30001923C9F80410EBDD18AA03B3214658463B
:102F40000DF16C09FFF712FB00287FF422ADDDE9DB
:102F50001903103D102D00F1010CE1DC0F9C6046BF
:102F6000154AC9F804502B440728CDE91903C9F8BC
:102F7000002000F3C18009F10809411C46E518460C
:102F80004FF0010C0DF16C09C7E77607199353D583
:102F9000069A0399541A002C4EDD0DF16C09102C81
:102FA00040F3B082199918EE106A10250DE000BFA9
:102FB00030A8002054D3002074A80020881C09F1F8
:102FC00008091146103C102C1ADD4A1CB348103376
:102FD000072AC9E90005CDE91923EFDD18AA33B3A3
:102FE00031465846FFF7C2FA00287FF4D2ACDDE93B
:102FF0001913103C102C01F101000DF16C09E4DCF7
:10300000A64AC9F8044023440728CDE91903C9F8A2
:1030100000207FF759AD7BB118EE101A18AA584658
:10302000FFF7A4FA00287FF4B4AC1A9B4CE501200A
:1030300019460DF16C09C5E7DDE9053203998A42AD
:10304000ACBF9B185B18059349E5B2F90C108F05CE
:1030500018EE103A8AB23FF5E8AA18EE105A986DA9
:10306000FBF778FCB5F90C108AB2FFF7DEBA002B3B
:103070003FF479AE18EE101A18AA5846FFF776FA00
:1030800000287FF486AC19991A9B01310DF16C0967
:10309000F8E419920DF16C095EE4002F7FF4C3ABE4
:1030A000039E0027049744ACFFF7C5BB039B13F0B6
:1030B000100354D1039A12F0400000F06B8107997D
:1030C0001A4651F8043B07919BB2012101E4099A89
:1030D000002A64D1184601210DF16C09C9E40121CF
:1030E00018460DF16C09C4E45B4262EB42020396A0
:1030F0002D200121FFF7EEBB002B00F0888018EE99
:10310000101A18AA5846FFF731FA00287FF441AC8C
:10311000DDE919030DF16C09411C77E498F8001002
:103120000793FFF7D2BA44ACFFF785BB09F1080952
:103130000CF101016046A0E416F4007240F09781A2
:1031400051F8043B0791FFF7C0BBB30500F188813C
:1031500052F8043B0792DA171146FFF752BB079962
:1031600051F8043B07910121FFF7B3BB079B05987A
:1031700053F8041B0793C217C1E90002FFF77DBA99
:103180000B9B002B3FF426AB0B9B1B78002B3FF4D3
:1031900021AB98F8001046F48066FFF796BA022338
:1031A00011AA1C931B9201200DF16C09A2E6039653
:1031B00071E53B4B0C9316F0200259D0079B073367
:1031C00023F0070318465A6850F8083B0790F407A5
:1031D00009D553EA020006D08DF84510302146F09B
:1031E00002068DF8441026F4806103910221FFF756
:1031F00070BB2C4B0C93DEE7079B012153F8042B8B
:1032000003918DF8AC20079304912BACDFE49DF87B
:103210004320002A40F03281099A002A7FF462AEEE
:10322000184601210DF16C0927E40021082216A897
:103230001394FBF7F3F8791C00F0BC800025079489
:103240002C460CE02BA95846FEF726F9421C2044D8
:1032500000F06B81B84208DC00F070810446139ADC
:10326000525916AB0435002AECD10494079CAFE008
:1032700016F0100307980CD116F0400405D01A463A
:1032800050F8043B07909BB2A1E716F4007240F09F
:10329000E18050F8043B079099E700BF74A8002034
:1032A00030A8002044A800200399049744AC9E460F
:1032B00008EE90BA01F480664FF0000C234606E059
:1032C000BEF10A0F72F1000239D3A6462A46A6497A
:1032D0001EEB020040F100000F46A1FB001424F099
:1032E000030101EB9401401ABEEB00014FF0CC3515
:1032F00062F1000405FB01F507FB0455A1FB074142
:103300000D44052704F00101A1FB071B09186408FF
:10331000303103F8011C44EAC5740CF1010C013B87
:103320006D08002ECCD00B9909786145C8D1BCF14D
:10333000FF0FC5D0BEF10A0F72F100026CD21C461D
:1033400044AB1B1B049F039E049318EE90BAFFF737
:1033500072BA0396FFF762BA5846FAF795FFFFF77D
:103360005BB9012903967FF4CDACFFF75CBA079BEC
:10337000059953F8042B11600793FFF77EB9062FC8
:103380003B46039A794C079228BF06230493039384
:10339000FFF725BB039B079913F4007214BF51F884
:1033A000043B51F8043B07911CBF0246DBB20121EC
:1033B000FFF78FBA16AB00930023194613AA58469D
:1033C000FEF790F803460133049000F0AE801394AA
:1033D000049B002B30D0632B63DC002308932BACC1
:1033E0000822002116A8FBF719F8049D16AB0093DC
:1033F00013AA2B4621465846FEF774F8854240F042
:10340000AB80039B049A07930023A3541F4622EA30
:10341000E2730393FFF716BA0E9A0D999B1A18469A
:103420000893FBF74DF80B99089B4A780AB10131D4
:103430000B914FF0000C48E7039B0793049B039309
:103440001F460893FFF7FEB9012118460DF16C09DC
:10345000FFF713BB50F8043B07902246DBB2B6E6F9
:1034600012F9043B0792DA171146FFF7CAB951F86F
:10347000043B07910246DBB2FFF727BA01231C93F6
:1034800001210DF143031B930DF16C090B46FFF76E
:10349000CDBA079B059953F8042B07931180FFF7CA
:1034A000ECB8591C5846FAF7BDF8044600283CD041
:1034B000089095E7886DFBF74FFAFFF7E9B9039B92
:1034C0000793CDE90377089FFFF7BCB919981A9BBA
:1034D000013045E5039B07932046FBF745FA20EAB8
:1034E000E0732F46049003930895FFF7ABB918EEED
:1034F000101A18AA5846FFF739F800283FF436AAE0
:10350000FFF74DBA199801307AE58C466EE46B6E80
:10351000D90705D4AB899A0502D4A86DFBF71CFA2C
:103520004FF0FF330593FFF749BA18EE102AB2F9AE
:103530000C3043F040039381FFF735BA079C0497A2
:1035400046E7079B98F8011053F8047B07939046D1
:1035500047EAE777FFF7B9B818EE102A938943F0E6
:1035600040039381FFF715BACDCCCCCC58A80020EE
:1035700070B50C468989ADF58E6D21F00201ADF86C
:103580001410616E1B91E189ADF81610E169099183
:10359000616A0B911CA9029106914FF48061064665
:1035A0000491079118A80021CDE900320891FBF79A
:1035B000CDF9DDE9003202A93046FFF713F8051E08
:1035C00007DB02A93046FDF751FE002818BF4FF077
:1035D000FF35BDF814305B0603D5A38943F04003E3
:1035E000A3811898FBF7B4F928460DF58E6D70BDD0
:1035F0009368002B00F085802DE9F04FB1F90C3075
:103600000C461907804683B0174698B225D5236922
:103610001BB310F002033D682DD04FF0000ADFF815
:10362000C0B25646B9465E453346524628BF5B4651
:103630004046002E52D0E169676AB847002856DD3F
:10364000D9F808301B1A8244361AC9F80830002B02
:10365000E9D1002003B0BDE8F08F2146404600F0DC
:1036600041F9002840F03881B4F90C303D6898B237
:1036700010F00203D1D110F0010944D14E46009759
:1036800046B38205D4F808B040F18580B3455A4668
:1036900000F2B48010F4906F40F0C1802068019275
:1036A0004946FAF73FFEA368019AA3EB0B01236892
:1036B000A1601344B24623600026009A9368A3EBEE
:1036C0000A03D1449360002BC3D0B4F90C0080B23C
:1036D000002ED6D1D5E900960835D1E7D5E900A668
:1036E0000835A0E721464046FDF7C0FD88B3B4F990
:1036F0000C3043F040034FF0FF30A38103B0BDE82E
:10370000F08F002070471E46BA469946184600952D
:103710001F4666B3002832D04A46D4E90413206815
:10372000A568B24228BF3246884204D905EB030B94
:103730005A4500F3A780934264DCE169656A3A4622
:103740004046A847B0F1000BD1DDB9EB0B09C9D059
:103750000120DAF80830A3EB0B035F44A6EB0B065D
:10376000CAF80830002B3FF474AF002ED2D1009A73
:103770005668134608320092002EF8D01F68324671
:103780000A213846FDF738FE002800F09C80013001
:10379000A0EB0709C0E720682369984216D8626940
:1037A000B24213D86FF00043B34228BF3346E169F9
:1037B00093FBF2F3676A02FB03F340464A46B847BD
:1037C000B0F1000A93DDA6EB0A0676E7B345DA46C8
:1037D00028BFB24652464946FAF7A4FDA3682268BC
:1037E000A3EB0A035244A3602260002BEBD12146D5
:1037F0004046FDF73BFD0028E5D078E72068B3465A
:1038000032464CE739460192FAF78CFD019AA368DB
:103810009B1AA360236813442360934695E72368AB
:103820002169A3EB010B636903EB430A0AEBDA7A24
:103830000BF101034FEA6A0A33445345524684BFF1
:103840009A46524643052CD511464046F9F7EAFE02
:1038500000283BD05A4621690190F5F701FDA28965
:10386000019B22F4906242F08002A28103EB0B00E4
:103870002361AAEB0B03C4F814A0A3602060B34635
:1038800032460CE739465A46FAF74CFD23685B444A
:10389000236021464046FDF7E9FC00283FF455AF80
:1038A00025E74046FAF77AF903460028DED1216978
:1038B0004046FBF763F9B4F90C300C2223F0800387
:1038C000C8F8002015E7721C914626E70C22B4F9CF
:1038D0000C30C8F800200CE74FF0FF30BAE600BF0C
:1038E00000FCFF7F38B5314B1B6805460C4613B111
:1038F0005A6B002A4ED0B4F90C3018079AB21CD576
:10390000216929B312F0010007D00020A06060698E
:103910004042A06139B1002038BD950758BF6069A9
:10392000A0600029F7D1120658BF0846F4D543F02D
:103930004003A3814FF0FF3038BDD1062ED552078A
:1039400014D4216943F00803A3819AB20029D9D184
:1039500002F42070B0F5007FD4D02146284600F054
:1039600047F9B4F90C3021699AB2CBE7216B51B118
:1039700004F14002914204D02846FBF7FFF8B4F965
:103980000C300022226321690022C4E9001223F0D6
:103990002403D7E71846FAF777FCACE7092243F08F
:1039A00040032A604FF0FF30A38138BD14DE0020B1
:1039B0002DE9F04782B0824688461446FAF7ECFDBE
:1039C000012803D108F1FF33FE2B36D90DF104098C
:1039D000424604F15C0349465046FDF75DFD421C3A
:1039E000064632D020B39DF804C0002509E02368C4
:1039F0005A1C226083F800C00135B54218D219F86C
:103A000001CFA368013B002BA360F0DAA769BB429A
:103A100061462246504602DBBCF10A0FE7D100F0B6
:103A200053F9431CE8D10646304602B0BDE8F087A2
:103A30004646304602B0BDE8F0875FFA88FC8DF854
:103A400004C006460DF10409CFE7A389304643F0D0
:103A50004003A38102B0BDE8F08700BF30B5536ECC
:103A600013F0010FB2F90C30144683B005469AB238
:103A700001D198051CD5900406D4626E43F400531E
:103A800042F40052A381626622462846FFF790FF67
:103A9000636EDA07054602D4A3899B0502D5284642
:103AA00003B030BDA06DFAF757FF284603B030BD14
:103AB000A06D0191FAF74EFFB4F90C3001999AB25A
:103AC000D9E700BF2DE9F04F8BB0DDE9158A149FCF
:103AD0000391814605921E46B8F1000F5CD0039B0E
:103AE000002B5ED0059B1D68002F6AD0741E4EB35C
:103AF000039B0493043D002601950BE0039B2BBB25
:103B0000019B1A68002A3AD0BC455CD2013C631C78
:103B1000664617D0D8F800300293019BDAF8E050DF
:103B200053F8042F019307A943464846D8F804B038
:103B3000A847421C3AD000EB060CBC45DED9029BDC
:103B4000C8E9003B30460BB0BDE8F08F00280EDD21
:103B5000049B019D18445A1E07A900F1FF3E11F86D
:103B6000013B02F8013F7245F9D101950490059B94
:103B70001A6804321A60019B1A68002AC4D1039B98
:103B80000BB1059B1A600CF1FF3600223046C8F8D5
:103B900000200BB0BDE8F08F039B00F58678002B6A
:103BA000A0D1059B4FF0FF371D689FE706468A218D
:103BB00000223046C9F80010C8F800200BB0BDE85C
:103BC000F08F3E46BEE76646BCE700BF10B584B046
:103BD000054C0698009007980190044800680294EC
:103BE000FFF770FF04B010BD8CD8002014DE002059
:103BF0002DE9F0418B890C46990796B008D504F160
:103C000043030122C4E90432236016B0BDE8F08109
:103C1000B4F90E100029064625DB6A4600F0ACF820
:103C200000281FDB019D05F47045A5F50055B5FA88
:103C300085F54FF480686D094FF4006741463046C2
:103C4000F9F7F0FCE0B1B4F90C30C4F8148043F09B
:103C5000800320602061A38135BB3B43A38116B064
:103C6000BDE8F081A38913F0800519D04FF040081A
:103C70000025414630462F46F9F7D4FC0028E2D112
:103C8000B4F90C309A05C0D423F0030304F14302C5
:103C900043F002030121C4E90421A3812260B4E7B7
:103CA0004FF480682F46C9E7B4F90E10304600F093
:103CB00079F810B9B4F90C30CFE7A38923F00303E6
:103CC00043F001031BB2C8E7F8B50D46144606469B
:103CD00010B1436B002B4CD0B4F90C20A369A36046
:103CE000170790B21BD52369CBB1EDB281042F46E3
:103CF00022D522686169D31A994229DD0133A1686E
:103D00000139A160511C2160157062699A4227D067
:103D1000A389DB0701D50A2D22D03846F8BD2146FC
:103D20003046FFF7DFFD08BBB4F90C20236990B2E1
:103D3000EDB281042F46DCD442F40052A281626EBF
:103D4000616922F4005262662268D31A9942D5DC76
:103D500021463046FDF78AFA40B922680123CEE7B2
:103D600021463046FDF782FA0028D6D04FF0FF37C3
:103D7000D3E7FAF789FAAFE770B50C46084D03466A
:103D80000026204611461C462E60F5F79BFD431C7D
:103D900000D070BD2B68002BFBD0236070BD00BF2E
:103DA000B829012038B5074D0022044608462A608C
:103DB000F5F78EFD431C00D038BD2B68002BFBD0DF
:103DC000236038BDB82901205FF800F00D1D0060A8
:103DD0005FF800F0711600605FF800F0A51B00604E
:103DE0005FF800F0751D00605FF800F0C516006018
:083DF0000000000000000000CB
:043DF800F8B500BF5B
:083DFC00807FFF7F0100000041
:103E040000000000000000000000000000000000AE
:103E1400000000000000000000000000000000009E
:103E2400000000000000000000000000000000008E
:103E3400000000000000000000000000000000007E
:103E4400000000000000000000000000000000006E
:103E5400000000000000000000000000000000005E
:103E6400000000000000000000000000000000004E
:103E7400000000000000000000000000000000003E
:103E8400000000000000000000000000000000002E
:103E9400000000000000000000000000000000001E
:103EA400000000000000000000000000000000000E
:103EB40000000000000000000000000000000000FE
:103EC40000000000000000000000000000000000EE
:103ED40000000000000000000000000000000000DE
:103EE40000000000000000000000000000000000CE
:103EF40000000000000000000000000000000000BE
:103F040000000000000000000000000000000000AD
:103F1400000000000000000000000000000000009D
:103F2400000000000000000000000000000000008D
:103F3400000000000000000000000000000000007D
:103F4400000000000000000000000000000000006D
:103F5400000000000000000000000000000000005D
:103F6400000000000000000000000000000000004D
:103F7400000000000000000000000000000000003D
:103F8400000000000000000000000000000000002D
:103F9400000000000000000000000000000000001D
:103FA400000000000000000000000000000000000D
:103FB40000000000000000000000000000000000FD
:103FC40000000000000000000000000000000000ED
:103FD40000000000000000000000000000000000DD
:103FE40000000000000000000000000000000000CD
:103FF40000000000000000000000000000000000BD
:1040040000000000000000000000000000000000AC
:10401400000000000000000000000000000000009C
:10402400000000000000000000000000000000008C
:10403400000000000000000000000000000000007C
:10404400000000000000000000000000000000006C
:10405400000000000000000000000000000000005C
:10406400000000000000000000000000000000004C
:10407400000000000000000000000000000000003C
:10408400000000000000000000000000000000002C
:10409400000000000000000000000000000000001C
:1040A400000000000000000000000000000000000C
:1040B40000000000000000000000000000000000FC
:1040C40000000000000000000000000000000000EC
:1040D40000000000000000000000000000000000DC
:1040E40000000000000000000000000000000000CC
:1040F40000000000000000000000000000000000BC
:1041040000000000000000000000000000000000AB
:10411400000000000000000000000000000000009B
:10412400000000000000000000000000000000008B
:10413400000000000000000000000000000000007B
:10414400000000000000000000000000000000006B
:10415400000000000000000000000000000000005B
:10416400000000000000000000000000000000004B
:10417400000000000000000000000000000000003B
:10418400000000000000F03F748515D3B0D9EF3F64
:104194000F89F96C58B5EF3F515B12D00193EF3F93
:1041A4007B517D3CB872EF3FAAB968318754EF3F29
:1041B4003862756E7A38EF3FE1DE1FF59D1EEF3FE2
:1041C40015B7310AFE06EF3FCBA93A37A7F1EE3F08
:1041D4002234124CA6DEEE3F2D89616008CEEE3FFC
:1041E400272A36D5DABFEE3F824F9D562BB4EE3FD9
:1041F400295448DD07ABEE3F85553AB07EA4EE3F27
:10420400CD3B7F669EA0EE3F745FECE8759FEE3F6A
:104214008701EB7314A1EE3F13CE4C9989A5EE3FB1
:10422400DBA02A42E5ACEE3FE5C5CDB037B7EE3FA3
:1042340090F0A38291C4EE3F5D253EB203D5EE3FDC
:10424400ADD35A999FE8EE3F475EFBF276FFEE3F0F
:104254009C5285DD9B19EF3F6990EFDC2037EF3FDF
:1042640087A4FBDC1858EF3F5F9B7B33977CEF3FC1
:10427400DA90A4A2AFA4EF3F40456E5B76D0EF3F47
:10428400000000000000E8429423914BF86AAC3F20
:10429400F3C4FA50CEBFCE3FD6520CFF422EE63FB7
:1042A4000000000000003843FE822B65471547409C
:1042B4009423914BF86ABC3EF3C4FA50CEBF2E3F10
:1042C400D6520CFF422E963FBEF3F879EC61F63FCE
:1042D4001930965BC6FEDEBF3D88AF4AED71F53FEF
:1042E400A4FCD432680BDBBFB010F0F03995F43F76
:1042F4007BB71F0A8B41D7BF8503B8B095C9F33F7D
:104304007BCF6D1AE99DD3BFA564880C190DF33FCB
:1043140031B6F2F39B1DD0BFA08E0B7B225EF23F21
:10432400F07A3B1B1D7CC9BF3F341A4A4ABBF13F9C
:104334009F3CAF93E3F9C2BFBAE58AF05823F13F3B
:104344005C8D78BFCB60B9BFA70099413F95F03F22
:10435400CE5F47B69D6FAABF000000000000F03F8B
:104364000000000000000000AC479AFD8C60EE3FA6
:104374003DF5249FCA38B33FA06A021FB3A4EC3FA3
:10438400BA913854A976C43FE6FC6A573620EB3F0D
:10439400D2E4C44A0B84CE3F2DAAA163D1C2E93F23
:1043A4001C65C6F04506D43FED417803E686E83F38
:1043B400F89F1B2C9C8ED83F624853F5DC67E73F7F
:1043C400CC7BB14EA4E0DC3F4D7E0AF7B612D7BFDA
:1043D400E0326849BFCADE3FDEE3FA9F4715E7BF14
:1043E400B8C8355F4715F73F0038FAFE422EE63F5E
:1043F4003067C79357F32E3D010000000000E0BF73
:104404005B3051555555D53F9045EBFFFFFFCFBF6E
:104414001101F124B399C93F9FC806E57555C5BF7D
:10442400000000000000E0BF775555555555D53FB5
:10443400CBFDFFFFFFFFCFBF0CDD95999999C93FD5
:10444400A74567555555C5BF30DE44A32449C23F2F
:10445400653D42A4FFFFBFBFCAD62A288471BC3F72
:10446400FF68B043EB99B9BF85D0AFF78281B73FFE
:10447400CD45D1751352B5BF9FDEE0C3F034F73F8D
:104484000090E6797FCCD7BF1FE92C6A7813F73FF9
:1044940000000DC2EE6FD7BFA0B5FA0860F2F63F78
:1044A40000E05113E313D7BF7D8C131FA6D1F63F51
:1044B400007828385BB8D6BFD1B4C50B49B1F63FF4
:1044C40000788090555DD6BFBA0C2F334791F63FE4
:1044D40000001876D002D6BF234222189F71F63FFF
:1044E40000909086CAA8D5BFD91EA5994F52F63F11
:1044F40000500356434FD5BFC4248FAA5633F63F0A
:1045040000406BC337F6D4BF14DC9D6BB314F63F85
:104514000050A8FDA79DD4BF4C5CC65264F6F53F7D
:1045240000A889399245D4BF4F2C91B567D8F53F7F
:1045340000B8B039F4EDD3BFDE905BCBBCBAF53F25
:1045440000708F44CE96D3BF781AD9F2619DF53F9F
:1045540000A0BD171E40D3BF875646125680F53FB4
:10456400008046EFE2E9D2BFD36BE7CE9763F53F15
:1045740000E030381B94D2BF937FA7E22547F53F74
:104584000088DA8CC53ED2BF83450642FF2AF53F38
:1045940000902729E1E9D1BFDFBDB2DB220FF53F4F
:1045A40000F8482B6D95D1BFD7DE34478FF3F43F25
:1045B40000F8B99A6741D1BF4028DECF43D8F43F11
:1045C4000098EF94D0EDD0BFC8A378C03EBDF43FAF
:1045D4000010DB18A59AD0BF8A25E0C37FA2F43F60
:1045E40000B86352E647D0BF3484D4240588F43F2E
:1045F40000F0864522EBCFBF0B2D191BCE6DF43F87
:1046040000B017754A47CFBF541839D3D953F43F74
:104614000030103D44A4CEBF5A84B444273AF43F3A
:1046240000B0E9440D02CEBFFBF81541B520F43FBC
:1046340000F07729A260CDBFB1F43EDA8207F43FDF
:104644000090950401C0CCBF8FFE575D8FEEF33F01
:10465400001089562920CCBFE94C0BA0D9D5F33FD3
:104664000010818D1781CBBF2BC110C060BDF33FFB
:1046740000D0D3CCC9E2CABFB8DA752B24A5F33F66
:104684000090122E4045CABF02D09FCD228DF33F29
:1046940000F01D6877A8C9BF1C7A84C55B75F33F19
:1046A400003048696D0CC9BFE236AD49CE5DF33FB9
:1046B40000C045A62071C8BF40D44D987946F33F49
:1046C400003014B48FD6C7BF24CBFFCE5C2FF33F8A
:1046D4000070623CB83CC7BF490DA1757718F33F21
:1046E4000060379B9AA3C6BF90393E37C801F33F99
:1046F40000A0B754310BC6BF41F895BB4EEBF23F57
:10470400003024767D73C5BFD1A919020AD5F23FC2
:104714000030C28F7BDCC4BF2AFDB7A8F9BEF23FCC
:104724000000D2512C46C4BFAB1B0C7A1CA9F23F2B
:10473400000083BC8AB0C3BF30B514607293F23FEB
:104744000000496B991BC3BFF5A15757FA7DF23F8F
:104754000040A4905487C2BFBF3B1D9BB368F23F87
:1047640000A079F8B9F3C1BFBDF58F839D53F23F23
:1047740000A02C25C860C1BF3B08C9AAB73EF23FC0
:104784000020F7577FCEC0BFB640A92B012AF23FC5
:1047940000A0FE49DC3CC0BF3241CC967915F23F03
:1047A40000804BBCBD57BFBF9BFCD21D2001F23F14
:1047B400004040960837BEBF0B484D49F4ECF13F2A
:1047C4000040F93E9817BDBF69658F52F5D8F13F97
:1047D40000A0D84E67F9BBBF7C7E571123C5F13FBB
:1047E40000602F2079DCBABFE926CB747CB1F13F9D
:1047F400008028E7C3C0B9BFB61A2C0C019EF13F54
:1048040000C072B346A6B8BFBD70B67BB08AF13F94
:104814000000ACB3018DB7BFB6BCEF258A77F13F7A
:1048240000003845F174B6BFDA314C358D64F13F80
:104834000080876D0E5EB5BFDD5F2790B951F13FF3
:1048440000E0A1DE5C48B4BF4CD232A40E3FF13F7D
:1048540000A06A4DD933B3BFDAF910728B2CF13F43
:104864000060C5F87920B2BF31B5EC28301AF13FA9
:1048740000206298460EB1BFAF3484DAFB07F13FE3
:104884000000D26A6CFAAFBFB36B4E0FEEF5F03F87
:104894000040774A8DDAADBFCE9F2A5D06E4F03F33
:1048A400000085E4ECBCABBF21A52C6344D2F03FEF
:1048B40000C0124089A1A9BF1A98E27CA7C0F03FAA
:1048C40000C002335888A7BFD136C6832FAFF03F4C
:1048D4000080D6675E71A5BF3913A098DB9DF03FB9
:1048E400008065498A5CA3BFDFE752AFAB8CF03F21
:1048F40000401564E349A1BFFB284E2F9F7BF03F86
:104904000080EB82C0729EBF198F358CB56AF03F70
:1049140000805252F1559ABF2CF9ECA5EE59F03FA4
:10492400008081CF623D96BF902CD1CD4949F03FA4
:104934000000AA8CFB2892BFA9ADF0C6C638F03F90
:104944000000F9207B318CBFA93279136528F03F30
:104954000000AA5D351984BF4873EA272418F03F84
:104964000000ECC2031278BF95B114060408F03FAE
:1049740000002479090460BF1AFA26F71FE0EF3F0C
:1049840000009084F3EF6F3F74EA61C21CA1EF3F13
:1049940000003D3541DC873F2E9981B01063EF3F25
:1049A4000080C2C4A3CE933FCDADEE3CF625EF3FCD
:1049B40000008914C19F9B3FE7139103C8E9EE3FB0
:1049C400000011CED8B0A13FABB1CB7880AEEE3FA2
:1049D40000C001D05B8AA53F9B0C9DA21A74EE3FD8
:1049E4000080D840835CA93FB5990A83913AEE3F91
:1049F400008057EF6A27AD3F569A6009E001EE3F09
:104A040000C098E59875B03F98BB77E501CAED3FC3
:104A140000200DE3F553B23F03917C0BF292ED3F7E
:104A24000000388BDD2EB43FCE5CFB66AC5CED3F02
:104A340000C057875906B63F9DDE5EAA2C27ED3F7E
:104A440000006A3576DAB73FCD2C6B3E6EF2EC3F50
:104A540000601C4E43ABB93F0279A7A26DBEEC3F88
:104A640000600DBBC778BB3F6D08376D268BEC3FEC
:104A74000020E7321343BD3F04585DBD9458EC3F1A
:104A84000060DE71310ABF3F8C9FBB33B526EC3F1B
:104A94000040912B1567C03F3FE7ECEE83F5EB3FF9
:104AA40000B092828547C13FC196DB75FDC4EB3FE0
:104AB4000030CACD6E26C23F284A860C1E95EB3FB5
:104AC4000050C5A6D703C33F2C3EEFC5E265EB3FBC
:104AD4000010333CC3DFC33F8B88C9674837EB3FC3
:104AE40000807A6B36BAC43F4A301D214B09EB3F34
:104AF40000F0D1283993C53F7EEFF285E8DBEA3F29
:104B040000F01824CD6AC63FA23D60311DAFEA3FD4
:104B1400009066ECF840C73FA758D33FE682EA3FCF
:104B240000F01AF5C015C83F8B7309EF4057EA3FF0
:104B34000080F65429E9C83F274BAB902A2CEA3F62
:104B44000040F80236BBC93FD1F29313A001EA3FFB
:104B540000002C1CED8BCA3F1B3CDB249FD7E93F94
:104B640000D0015C515BCB3F90B1C70525AEE93F56
:104B740000C0BCCC6729CC3F2FCE97F22E85E93FED
:104B8400006048D535F6CC3F754BA4EEBA5CE93FDE
:104B940000C04634BDC1CD3F3848E79DC634E93F27
:104BA40000E0CFB8018CCE3FE652672F4F0DE93FAE
:104BB400009017C00955CF3F9DD7FF8E52E6E83FBE
:104BC40000B81F126C0ED03F7C00CC9FCEBFE83FD4
:104BD40000D0930EB871D03F0EC3BEDAC099E83F3F
:104BE4000070869E6BD4D03FFB1723AA2774E83F3E
:104BF40000D04B338736D13F089AB3AC004FE83F1F
:104C0400004823670D98D13F553E65E8492AE83F9F
:104C14000080CCE0FFF8D13F6002F4950106E83F44
:104C2400006863D75F59D23F29A3E06325E2E73FD9
:104C340000A8140930B9D23FADB5DC77B3BEE73F65
:104C4400006043107218D33FC2259767AA9BE73FC1
:104C54000018EC6D2677D33F570617F20779E73F24
:104C64000030AFFB4FD5D33F0C13D6DBCA56E73F1A
:104C740000E02FE3EE32D43F0080E03779C34143B4
:104C8400176E05B5B5B89346F5F93FE9034F384DAE
:104C9400321D30F94877825A3CBF737FDD4F15755A
:104CA400000000000000F03F00000000000024406D
:104CB40000000000000059400000000000408F4048
:104CC400000000000088C34000000000006AF840B3
:104CD4000000000080842E4100000000D0126341D7
:104CE4000000000084D797410000000065CDCD414D
:104CF400000000205FA00242000000E8764837422E
:104D0400000000A2941A6D42000040E59C30A242CB
:104D14000000901EC4BCD64200003426F56B0C4340
:104D24000080E03779C3414300A0D88557347643E7
:104D340000C84E676DC1AB43003D9160E458E14348
:104D4400408CB5781DAF154450EFE2D6E41A4B44BD
:104D540092D54D06CFF08044F64AE1C7022DB54402
:104D6400B49DD9794378EA44BEF3F879EC61F63F0F
:104D74001930965BC6FEDEBF3D88AF4AED71F53F44
:104D8400A4FCD432680BDBBFB010F0F03995F43FCB
:104D94007BB71F0A8B41D7BF8503B8B095C9F33FD2
:104DA4007BCF6D1AE99DD3BFA564880C190DF33F21
:104DB40031B6F2F39B1DD0BFA08E0B7B225EF23F77
:104DC400F07A3B1B1D7CC9BF3F341A4A4ABBF13FF2
:104DD4009F3CAF93E3F9C2BFBAE58AF05823F13F91
:104DE4005C8D78BFCB60B9BFA70099413F95F03F78
:104DF400CE5F47B69D6FAABF000000000000F03FE1
:104E04000000000000000000AC479AFD8C60EE3FFB
:104E14003DF5249FCA38B33FA06A021FB3A4EC3FF8
:104E2400BA913854A976C43FE6FC6A573620EB3F62
:104E3400D2E4C44A0B84CE3F2DAAA163D1C2E93F78
:104E44001C65C6F04506D43FED417803E686E83F8D
:104E5400F89F1B2C9C8ED83F624853F5DC67E73FD4
:104E6400CC7BB14EA4E0DC3F0B6E49C91676D23F31
:104E74007AC675A06919D7BFDDBAA76C0AC7DE3F29
:104E8400C8F6BE484715E7BF2BB82A654715F73F54
:104E9400000000000000F03F000000000000F0BF30
:104EA400000000000000F0BF000000000000F03F20
:104EB40083C8C96D305F6441182D4454FB21F93F08
:104EC400000000000000F03F1C620CFDFFFFDFBF8C
:104ED400198F06E15355A53F9D359AE887C056BF03
:104EE400C3F87B024393F93E03A695595455C5BFB5
:104EF400C40B23057610813F24CF7437EB9429BF6C
:104F0400000000000000F03F000000000000F0BFBF
:104F1400000000000000F0BF000000000000F03FAF
:104F240083C8C96D305F6441182D4454FB21F93F97
:104F3400000000000000F0BF1C620CFDFFFFDF3F1B
:104F4400198F06E15355A5BF9D359AE887C0563F92
:104F5400C3F87B024393F9BE03A695595455C5BFC4
:104F6400C40B23057610813F24CF7437EB9429BFFB
:104F74000500000008000000080000001400000004
:104F84002200000019000000F0CF0020F8CF00201C
:104F940004D0002010D000201CD0002024D00020F9
:104FA40038D000204CD00020C0B70020A0CE002074
:104FB400A4CE002044B70020A8CE0020ACCE002010
:104FC400B0CE0020B4CE0020B8CE0020BCCE00204D
:104FD400C0CE0020C4CE00202CCF0020A4CF0020BF
:104FE400B4CF0020C4CF0020DCB50020D4CF0020F3
:104FF400E0CF002074CF002018B5002080CF00201F
:1050040074CF002074CF00208CCF002080CF0020EC
:1050140074CF00209CCF00200000240348066A09B6
:105024008C0CAB0FC812E215F9180B1C1A1F2322A3
:10503400282526281F2B112EFB30DF33BA368C3956
:10504400563C173FCE417A441C47B4493F4CBF4EAF
:1050540033519B53F5554258825AB35CD75EEB608B
:10506400F162E864CF66A6686D6A236CC96D5E6FF1
:10507400E2705472B573047541766B7784788979DC
:105084007C7A5C7B297CE37C897D1D7E9C7E097F08
:10509400617FA67FD87FF57FFF7FF57FD87FA67FCE
:1050A400617F097F9C7E1D7E897DE37C297C5C7BFE
:1050B4007C7A897984786B7741760475B5735472F8
:1050C400E2705E6FC96D236C6D6AA668CF66E86492
:1050D400F162EB60D75EB35C825A4258F5559B533C
:1050E4003351BF4E3F4CB4491C477A44CE41173F1D
:1050F400563C8C39BA36DF33FB30112E1F2B262851
:10510400282523221A1F0B1CF918E215C812AB0F0D
:105114008C0C6A09480624030000DCFCB8F996F6F6
:1051240074F355F038ED1EEA07E7F5E3E6E0DDDD5C
:10513400D8DADAD7E1D4EFD105CF21CC46C974C689
:10514400AAC3E9C032BE86BBE4B84CB6C1B341B110
:10515400CDAE65AC0BAABEA77EA54DA329A1159F14
:105164000F9D189B31995A979395DD933792A2908E
:105174001E8FAC8D4B8CFC8ABF8995887C87778683
:105184008485A484D7831D837782E3816481F78037
:105194009F805A8028800B8001800B8028805A8051
:1051A4009F80F7806481E38177821D83D783A48401
:1051B400848577867C879588BF89FC8A4B8CAC8DE7
:1051C4001E8FA2903792DD9393955A973199189B2D
:1051D4000F9D159F29A14DA37EA5BEA70BAA65AC63
:1051E400CDAE41B1C1B34CB6E4B886BB32BEE9C062
:1051F400AAC374C646C921CC05CFEFD1E1D4DAD70E
:10520400D8DADDDDE6E0F5E307E71EEA38ED55F030
:1052140074F396F6B8F9DCFC00000000D8D0002046
:10522400E0D00020ECD0002058CF002064CF002034
:105234006CCF002004CF00200CCF002014CF00201E
:105244001CCF002024CF002030CF00203CCF0020F2
:1052540048CF0020ECCE0020F4CE0020FCCE00206D
:10526400C8CE0020D0CE0020D8CE0020E0CE002032
:10527400536F6C6F204F464600000000536F6C6FF5
:105284003A200000556E6B6E6F776E003D3D3D20F9
:1052940054696D6520746F20726567656E3A2000ED
:1052A400203D3D3D3D3D3D3D3D3D3D3D3D3D3D3D47
:1052B400000000002D2D2D20426C6F73736F6D2044
:1052C4002D2D2D00426C6F73736F6D3A200000001A
:1052D4004441484F4E20284C656166290000000077
:1052E40042495455494E202852616469616C290031
:1052F400414C4F4E202857617665290042554E4453
:105304004F4B20284D6F756E7461696E2900000043
:10531400416C676F726974686D3A2000536B656CF9
:105324006574616C0000000052616E646F6D000072
:105334004F746865720000004F726465723A200011
:10534400466F7277617264005265766572736500A8
:1053540042726F6B656E00004A756D70000000004C
:1053640057616C6B3A2032463142000057616C6BD6
:105374003A20326D46316D420000000057616C6B7B
:105384003A2053706972616C0000000057616C6BC5
:105394003A204261636B747261636B005268797482
:1053A400686D3A2000000000467265650000000048
:1053B4005061747465726E3A2046696C6C2028746E
:1053C40075726E61726F756E642900005061747439
:1053D40065726E3A2052657374696E67000000004E
:1053E4005061747465726E206E6F2E004275727314
:1053F4007420284368616F7329000000426C6F7346
:10540400736F6D20536F756E643A204D4F52504840
:105414002028446963652000292000002062616E11
:105424006B200000426C6F73736F6D20536F756E49
:10543400643A2000202D20004E6F697365204D6F63
:1054440064653A20000000004D6963726F204B6967
:10545400743A2000202D206F726E616D656E747336
:1054640020000000250000004E6F697365204D6F19
:1054740064653A204E2F41002D2D2D204D75736902
:1054840063202D2D2D0000005363616C653A2000CC
:105494004B65793A2000000054656D706F3A200026
:1054A4006D7300004E6F7465733A20002C20000069
:1054B40043757272656E74206E6F74652028616323
:1054C4007469766520616C676F726974686D293AD6
:1054D4002000000020487A202800000020205B6182
:1054E4006C673A20000000005D00000050756E6398
:1054F4007475726520696E6465783A200000000056
:1055040050756E637475726520696E6465783A20AF
:105514004E2F41002D2D2D2042617373202D2D2DF2
:10552400000000004261737369737420536F756ED9
:10553400643A200042617373205061747465726E22
:105544003A200000202D20454E41424C45440000A5
:1055540042617373205061747465726E3A204449D9
:105564005341424C45440000426173732044726FBE
:105574006E65204D6F64653A200000004861726DCD
:105584006F6E79323A20000043686F726420656E52
:1055940067696E653A2000002D2D2D204C44522061
:1055A4002D2D2D004C44522056616C75653A200017
:1055B4005468726573686F6C643A20004348414FC5
:1055C4005320283E3D20302E39352900484947488C
:1055D40020283E3D20302E39342900004D454449D1
:1055E400554D20283E3D20302E3734290000000040
:1055F4004C4F5720283E3D20302E363429000000E1
:105604004441524B20283E3D20302E3432290000A4
:1056140056455259204441524B20283C20302E34C8
:10562400322900002D2D2D204861726D6F6E792076
:105634002D2D2D004861726D6F6E79313A20000076
:10564400215452494720703D0000000020623D0073
:1056540020613D00594553004E4F00004F4646001F
:105664004F4E00000A3D3D3D204C445220456666A5
:105674006563747320537461747573203D3D3D00FC
:10568400526177204C44523A20000000536D6F6FF2
:1056940074686564204C44523A2000004465627585
:1056A40067206C6F6767696E673A20003D3D3D3D3A
:1056B4003D3D3D3D3D3D3D3D3D3D3D3D3D3D3D3D16
:1056C4003D3D3D3D0A0000004861726D6F6E7932C8
:1056D400206F7665727269646520616374697665AA
:1056E4003A2000004861726D6F6E7931206F7665E3
:1056F4007272696465206163746976653A2000009A
:1057040042617373206F76657272696465206163A8
:10571400746976653A20000021504152414D206E53
:10572400616D653D00000000206D61783D00000062
:105734002076616C75653D00206F766572726964D0
:10574400653D00002067726F75703D220000000007
:10575400220000002076697369626C655F77686572
:105764006E3D220020646573633D22002150415246
:10577400414D5F454E44000021564F494345207436
:105784006F6B656E3D000000206964783D00000089
:1057940021564F4943455F454E44000044656275B8
:1057A40067206D6F646520636F6E666967757265E7
:1057B40064202D2055736572206F7665727269645A
:1057C4006573206170706C6965640000726F6F743A
:1057D400000000007363616C6500000074656D7007
:1057E4006F000000626C6F73736F6D5F7479706526
:1057F40000000000616C676F000000006F72646558
:105804007200000072687974686D00003D3D3D20AF
:105814004C6F61646564205072657365743A2054FA
:105824004553545F424C4F53534F4D5F4F4E4C5969
:10583400203D3D3D00000000536F6C6F3A20426CE8
:105844006F73736F6D0000003D3D3D204C6F6164CC
:105854006564205072657365743A20544553545FEF
:1058640044524F4E4553203D3D3D00004D757465F7
:10587400643A20426C6F73736F6D2C204E6F6973A2
:10588400650000003D3D3D204C6F6164656420501F
:1058940072657365743A20544553545F4E4F4953AF
:1058A40045203D3D3D000000536F6C6F3A204E6F24
:1058B40069736520286761696E20626F6F73746510
:1058C4006420746F20302E32290000003D3D3D20BD
:1058D4004C6F61646564205072657365743A20543A
:1058E4004553545F535452494E4753203D3D3D0068
:1058F400536F6C6F3A20537472696E6773000000C3
:105904003D3D3D204C6F6164656420507265736554
:10591400743A20414C4C5F564F49434553203D3D1A
:105924003D000000416C6C20766F696365732061F3
:1059340063746976650000003D3D3D204C6F6164F1
:105944006564205072657365743A204E4F4E45204D
:105954002864656661756C747329203D3D3D0000C3
:105964002150524553455420746F6B656E3D0000C1
:10597400215052455345545F454E440021535441F0
:1059840054555300206D7574653D000020736F6C91
:105994006F3D0000207265766572625F6D75746597
:1059A400643D0000206F76657272696465733D0022
:1059B4002063686F72645F6F6E3D00002063686FE0
:1059C40072645F726F6F743D000000002063686F43
:1059D40072645F713D0000002063686F72645F74DD
:1059E400656E73696F6E3D0020765F626173733D0F
:1059F4000000000020765F68323D000020765F687A
:105A0400313D0000206C64723D0000002070616430
:105A14005F70726573656E63653D000020626C6F34
:105A240073736F6D5F6C696D69745F67723D0000BD
:105A340020626C6F73736F6D5F6C696D69745F69FD
:105A44006E3D000020726567656E5F7365633D009F
:105A540020737465703D000020737465705F6D730E
:105A64003D0000002062706D3D00000020736967F6
:105A74003D0000002F000000206261723D00000024
:105A840020626561743D00002073796E635F7372F8
:105A9400633D00002073796E635F62706D3D0000AA
:105AA40020636F6E645F7365633D000020636F6EF7
:105AB400645F696E743D000020636F6E645F707292
:105AC4006F673D00206370753D00000020626C6FBD
:105AD400636B733D00000000207265766572625F3F
:105AE4007065616B3D000000206C6F6F705F6D61CD
:105AF400785F75733D000000206366675F736368B9
:105B0400656D613D0000000020554E4D55544544DF
:105B140000000000204D5554454400006D75746527
:105B2400642028736F6C6F2900000000534F4C4FA2
:105B34000000000061637469766500004D555445AA
:105B4400440000000A3D3D3D2043757272656E7449
:105B540020446562756720436F6E6669677572617C
:105B640074696F6E203D3D3D00000000467265651E
:105B740076657262202872657665726231293A20F0
:105B840000000000202000000A506172616D6574FD
:105B94006572204F76657272696465733A0000001D
:105BA4000A4D69786572204761696E204F76657287
:105BB40072696465733A00002020426173736973EB
:105BC400743A200020204861726D6F6E79313A205A
:105BD4000000000020204861726D6F6E79323A2017
:105BE400000000002020426C6F73736F6D3A200038
:105BF40020204E6F6973653120284C293A2000001B
:105C040020204E6F69736532202852293A20000003
:105C1400202042697264732F4472756D733A2000B8
:105C24003D3D3D3D3D3D3D3D3D3D3D3D3D3D3D3DA0
:105C34003D3D3D3D3D3D3D3D3D3D3D3D3D3D3D3D90
:105C44003D3D3D0A00000000566F696365205374B2
:105C5400617475733A000000526576657262206D56
:105C64007574653A200000003D3D3D20416C6C2078
:105C74006F766572726964657320636C65617265C1
:105C840064203D3D3D00000064656661756C7400F0
:105C94006366675F736176655F6661696C656400FE
:105CA4006366675F736176655F746F6F5F736F6F51
:105CB4006E0000006366675F736176655F6275738B
:105CC4007900000056455253494F4E002156455223
:105CD40053494F4E2066773D322E352E3020707258
:105CE4006F746F3D00000000206769743D76322EAA
:105CF400352E3020626F6172643D7465656E737910
:105D04003430206366675F736368656D613D0000CE
:105D140020736E3D0000000020666C6173685F753F
:105D24007365643D0000000020666C6173685F74F5
:105D34006F74616C3D0000002072616D5F75736566
:105D4400643D00002072616D5F746F74616C3D008E
:105D54004346475F474554002143464720736368E1
:105D6400656D613D0000000020736F757263653DD1
:105D7400000000002064697274793D002072656738
:105D8400656E5F6D696E3D0020726567656E5F6D5F
:105D9400696E5F6163746976653D000020766F6C9F
:105DA400756D655F6361703D00000000206C656483
:105DB4005F6272696768746E6573733D000000000A
:105DC4002062706D5F6D696E3D0000002062706D31
:105DD4005F6D61783D0000004346475F4C49535472
:105DE40000000000214346475F4954454D206B6540
:105DF400793D726567656E5F6D696E207479706553
:105E04003D696E74206D696E3D0000002064656616
:105E140061756C743D00000020756E69743D6D6998
:105E24006E7574657320646573633D224D696E7588
:105E3400746573206265747765656E2066756C6C35
:105E440020726567656E65726174696F6E73220096
:105E5400214346475F4954454D206B65793D766F34
:105E64006C756D655F63617020747970653D696EF2
:105E740074206D696E3D000020756E69743D706517
:105E84007263656E7420646573633D224C6F756440
:105E94006573742074686520766F6C756D65206B0E
:105EA4006E6F6220697320616C6C6F776564207417
:105EB4006F20726561636822000000002143464739
:105EC4005F4954454D206B65793D6C65645F627232
:105ED400696768746E65737320747970653D696E63
:105EE40074206D696E3D000020756E69743D7065A7
:105EF4007263656E7420646573633D22486F772016
:105F0400627269676874207468652062726561747E
:105F140068696E67204C454420676C6F7773220074
:105F2400214346475F4954454D206B65793D627076
:105F34006D5F6D696E20747970653D696E74206D56
:105F4400696E3D0020756E69743D62706D206465F4
:105F540073633D22536C6F776573742074656D7041
:105F64006F20746865206465766963652077696C61
:105F74006C207069636B206F6E20697473206F7777
:105F84006E220000214346475F4954454D206B650E
:105F9400793D62706D5F6D617820747970653D69DB
:105FA4006E74206D696E3D0020756E69743D62707B
:105FB4006D20646573633D22466173746573742058
:105FC40074656D706F2074686520646576696365B7
:105FD4002077696C6C207069636B206F6E20697424
:105FE40073206F776E220000214346475F454E447D
:105FF400000000004346475F534554002145525278
:106004002075736167655F4346475F5345545F6B13
:1060140065795F76616C756500000000726567657F
:106024006E5F6D696E000000766F6C756D655F6301
:10603400617000006C65645F6272696768746E65A4
:106044007373000062706D5F6D696E0062706D5FE6
:106054006D6178002145525220756E6B6E6F776EBC
:106064005F6366675F6B65792000000021455252CB
:10607400206F75745F6F665F72616E67652072650D
:1060840067656E5F6D696E2000000000214F4B2034
:1060940063666720726567656E5F6D696E3D0000BB
:1060A40021455252206F75745F6F665F72616E672F
:1060B4006520766F6C756D655F636170200000000C
:1060C400214F4B2063666720766F6C756D655F6347
:1060D40061703D0021455252206F75745F6F665F99
:1060E40072616E6765206C65645F6272696768746B
:1060F4006E65737320000000214F4B206366672098
:106104006C65645F6272696768746E6573733D0081
:1061140021455252206F75745F6F665F72616E67BE
:10612400652062706D5F6D696E20000021455252DA
:106134002062706D5F6D696E5F61626F76655F6D21
:1061440061782000214F4B206366672062706D5F89
:106154006D696E3D0000000021455252206F757438
:106164005F6F665F72616E67652062706D5F6D61FF
:1061740078200000214552522062706D5F6D617875
:106184005F62656C6F775F6D696E2000214F4B20F5
:106194006366672062706D5F6D61783D000000008A
:1061A4004346475F5341564500000000214F4B20B2
:1061B4006366675F7361766520756E6368616E6799
:1061C40065640000214F4B206366675F73617665E9
:1061D400000000004346475F524553455400000009
:1061E400214F4B206366675F72657365740000001E
:1061F4005155494554000000214F4B207175696584
:10620400743D0000424F4F544C4F414445520000EE
:10621400214F4B20626F6F746C6F61646572000074
:1062240021455252206E6F745F615F6E756D6265B9
:106234007220000021455252200000002020286EC8
:106244006F6E6529000000004F464620286C656784
:106254006163792072616E646F6D29004F4E20284E
:106264007368617265642063686F7264290000005A
:10627400214552522075736167655F5345545F6EC3
:10628400616D655F76616C75650000004D55544520
:1062940000000000214552522075736167655F4D0F
:1062A4005554455F766F6963655F73746174650007
:1062B4002145525220756E6B6E6F776E5F766F69F3
:1062C40063652000214552522075736167655F53F1
:1062D4004F4C4F5F766F6963655F6F725F6E6F6E71
:1062E400650000006E6F6E6500000000214F4B20BA
:1062F400736F6C6F3D6E6F6E65000000214F4B2015
:10630400736F6C6F3D0000005052455345540000BC
:10631400214552522075736167655F50524553455C
:10632400545F6E616D6500002145525220756E6B9D
:106334006E6F776E5F707265736574200000000085
:10634400214F4B207072657365743D00434C454189
:1063540052000000214F4B20636C65617200000005
:10636400524547454E000000214F4B20726567653A
:106374006E0000004745545F535441545553000088
:106384004C4953545F504152414D53004C4953546E
:106394005F564F49434553004C4953545F5052454F
:1063A400534554530000000048454C500000000081
:1063B4002148454C5020534554203C706172616D16
:1063C4003E203C76616C75653E207C204D555445DD
:1063D400203C766F6963653E203C307C313E207CF6
:1063E40020534F4C4F203C766F6963657C6E6F6E13
:1063F400653E207C20505245534554203C6E616DCF
:10640400653E207C20434C454152207C2052454728
:10641400454E207C204745545F53544154555320E6
:106424007C204C4953545F504152414D53207C20B1
:106434004C4953545F564F49434553207C204C49A3
:1064440053545F50524553455453207C2056455273
:1064540053494F4E207C204346475F474554207C98
:10646400204346475F4C495354207C204346475FB2
:10647400534554203C6B65793E203C76616C7565D0
:106484003E207C204346475F53415645207C2043B1
:1064940046475F5245534554207C20515549455445
:1064A400203C307C313E207C20424F4F544C4F41A5
:1064B400444552002145525220756E6B6E6F776EC3
:1064C4005F636F6D6D616E64200000002145525260
:1064D400206C696E655F746F6F5F6C6F6E67000030
:1064E4005374617475732064756D702028707269BB
:1064F4006E745374617475732829206669726568B3
:106504006F736529200000004441524B00000000D5
:106514004D454449554D00004252494748542028AE
:106524007472696767657273204348414F53290049
:106534004C44522073696D756C6174696F6E20727E
:10654400656C6561736564202D2072656164696E94
:106554006720746865207265616C2073656E736F63
:106564007220616761696E00426C6F73736F6D2096
:10657400646961676E6F737469637320000000005F
:1065840043686F726420656E67696E652000000061
:106594003E3E3E204348414F53206D6F6465206169
:1065A4006374697661746564202835207365636F4C
:1065B4006E647329000000003E3E3E204C4452208D
:1065C400636F6E74726F6C6C696E67204348414FE1
:1065D400532028737570707265737320686F746BC1
:1065E400657929000A3D3D3D2053657269616C203F
:1065F400436F6D6D616E6473203D3D3D000000008E
:10660400442F64202D20546F67676C65204C4452DE
:10661400206465627567206C6F6767696E67000048
:10662400422F62202D20546F67676C65204C4452C2
:106634002042617373206F7665727269646500002D
:10664400312020202D20546F67676C65204C445204
:10665400204861726D6F6E7931206F766572726950
:1066640064650000322020202D20546F67676C651C
:10667400204C4452204861726D6F6E7932206F76DF
:1066840065727269646500004C2F6C202D20507275
:10669400696E74204C4452207374617475730000E5
:1066A400532F73202D205072696E74207379737484
:1066B400656D20737461747573000000432F63204B
:1066C4002D205072696E7420646562756720636F53
:1066D4006E66696700000000502F70202D20546FF3
:1066E40067676C65207072696E7453746174757336
:1066F40028292066697265686F73652064756D70FA
:1067040020286F6666203D207374696C6C20736565
:1067140065206F74686572207072696E74732900E5
:10672400492F69202D2053696D756C61746520446F
:1067340041524B206C69676874206C6576656C20E7
:10674400286E6F20666C6173686C69676874206E6C
:1067540065656465642900004D2F6D202D20536903
:106764006D756C617465204D454449554D206C69C7
:10677400676874206C6576656C0000004F2F6F208D
:106784002D2053696D756C617465204252494748E8
:1067940054206C69676874206C6576656C20286188
:1067A4006C736F2074726967676572732043484124
:1067B4004F532900552F75202D2052656C65617348
:1067C40065204C44522073696D756C6174696F6EF9
:1067D4002C20726573756D6520746865207265611F
:1067E4006C2073656E736F7200000000522F72206C
:1067F4002D20546F67676C65207265766572622020
:106804006D7574652028706C617465526576657267
:1068140062206F757470757429000000472F67201B
:106824002D20546F67676C6520626C6F73736F6D96
:1068340020646961676E6F7374696373000000009C
:106844004B2F6B202D20546F67676C652073686134
:106854007265642063686F726420656E67696E6533
:1068640020286F6E203D206861726D6F6E697365BC
:10687400642C206F6666203D206C65676163792017
:1068840072616E646F6D2900582F78202D20547228
:106894006967676572204348414F53206D6F646593
:1068A40020707265766965772028352073656329C1
:1068B40000000000482F682F3F202D2053686F7779
:1068C40020746869732068656C700000212E2E2E78
:1068D400202D2053747275637475726564206C691D
:1068E40076652D636F6E74726F6C20636F6D6D616E
:1068F4006E64732C2073656E64202148454C5020CF
:10690400666F722064657461696C73003D3D3D3D42
:106914003D3D3D3D3D3D3D3D3D3D3D3D3D3D3D3DA3
:106924003D3D0A00556E6B6E6F776E20636F6D6D23
:10693400616E643A2027000027202D205072657371
:1069440073204820666F722068656C700000000038
:10695400214F4B206D757465200000002145525273
:1069640020756E6B6E6F776E5F706172616D200063
:1069740021455252206F75745F6F665F72616E6756
:10698400652000002076616C69643D00214F4B2036
:10699400000000004C44522042617373206F7665FE
:1069A40072726964652028554920666C6167206F9E
:1069B4006E6C79293A2000004E6F74653A20616349
:1069C4007475616C2042617373206F7665727269AD
:1069D400646520697320636F6D70696C652D7469DB
:1069E4006D65206F6E6C792E2052656275696C64DA
:1069F40020746F206170706C792E00004C4452201A
:106A04006465627567206C6F6767696E673A20001A
:106A14004D6F72706820656E61626C65643A2062C5
:106A2400616E6B3D0000000020616D703D00000050
:106A34004C4452204861726D6F6E7931206F7665D7
:106A440072726964652028554920666C6167206FFD
:106A54006E6C79293A2000004E6F74653A206163A8
:106A64007475616C204861726D6F6E7931206F7638
:106A740065727269646520697320636F6D70696CF7
:106A8400652D74696D65206F6E6C792E2052656278
:106A940075696C6420746F206170706C792E0000CD
:106AA4004C4452204861726D6F6E7932206F766566
:106AB40072726964652028554920666C6167206F8D
:106AC4006E6C79293A2000004E6F74653A20616338
:106AD4007475616C204861726D6F6E7932206F76C7
:106AE40065727269646520697320636F6D70696C87
:106AF400652D74696D65206F6E6C792E2052656208
:106B040075696C6420746F206170706C792E00005C
:106B14000004050809020000000405080902000039
:106B240048360020143800200506041E69060000BB
:106B340098D00020983800202C78002005060337D0
:106B44005F0A0000A4D00020A83800203C78002070
:106B540005090523730C0000B4D00020C0320020C6
:106B64004036002004090A1264040000C4D0002046
:106B7400102D0020C83200200609042864080000F3
:106B8400D0D00020503600201C3800200506041EFA
:106B94006906000098D00020A03800203478002036
:106BA400050603375F0A0000A4D00020B038002097
:106BB4004478002005090523730C0000B4D000209C
:106BC400C43200204436002004090A126404000080
:106BD400C4D00020182D0020D0320020060904283B
:106BE40064080000D0D00020BC320020D83200203D
:106BF40003010000F4B500200000000000000000C4
:106C040000000100FCB500201038002034380020BA
:106C14000401000004B60020E4940020EC94002059
:106C2400050100000CB60020320000003300000013
:106C3400340000003500000036000000370000007A
:106C440038000000390000003A0000003B0000005A
:106C54003C0000003D0000003E0000003200000047
:106C6400330000003400000035000000360000004E
:106C74003700000038000000390000003A0000002E
:106C84003B0000003C0000003D0000003E0000000E
:106C9400B07A0020B07A0020D08A0020645F0020FF
:106CA40004000000C4B50020D08A0020D08A00204F
:106CB400645F0020B07A002004000000CCB50020FE
:106CC400645F0020645F0020D08A0020B07A002036
:106CD4000400000044B50020444F00205457002015
:106CE400444F00205457002004000000D4B5002075
:106CF4001C3B0020304500201C3B00203045002078
:106D040004000000DCB500200C9500200C95002048
:106D1400D08A0020645F002004000000ACB500208D
:106D2400D08A0020645F0020B07A00201C3B002041
:106D340004000000E4B500201C3B00203045002086
:106D4400444F00205457002004000000ECB50020FC
:106D5400B87E0020B87E0020D88E00207065002008
:106D640004000000C4B50020D88E0020D88E002076
:106D740070650020B87E002004000000CCB500201F
:106D84007065002070650020D88E0020B87E002039
:106D94000400000044B50020485100205859002048
:106DA400485100205859002004000000D4B50020A8
:106DB400203D002038490020203D00203849002093
:106DC40004000000DCB5002010970020109700207C
:106DD400D88E00207065002004000000ACB50020AF
:106DE400D88E002070650020B87E0020203D002051
:106DF40004000000E4B50020203D002038490020B4
:106E0400485100205859002004000000ECB500202F
:106E1400BC800020BC800020E09200207467002029
:106E240004000000C4B50020E0920020E09200209D
:106E340074670020BC80002004000000CCB5002052
:106E44007467002074670020E0920020BC8000205A
:106E54000400000044B500204C5300205C5B00207B
:106E64004C5300205C5B002004000000D4B50020DB
:106E7400284100203C4B0020284100203C4B0020AE
:106E840004000000DCB500201499002014990020AF
:106E9400E09200207467002004000000ACB50020DC
:106EA400E092002074670020BC800020284100206C
:106EB40004000000E4B50020284100203C4B0020E1
:106EC4004C5300205C5B002004000000ECB5002063
:106ED400016E4600000001503C015F3C00000001CF
:106EE40064410000000000003333B33E6666E63EB2
:106EF400CDCCCC3E3333B33ECDCC4C3D3333B33E1B
:106F04006666E63ECDCCCC3E3333B33E6CD1002036
:106F1400000000000300000000000000000080C02A
:106F240000004040000000C00000A0400000FA4300
:106F3400000016459A99993F3333B33E00007A45D1
:106F440000C0DA459A99193F3333933F9A99593FD0
:106F54000000803FA8D100200000000001000000D4
:106F6400000000000000C0C000008040000040C0DD
:106F74000000C0400000AF430000AF446666663FB7
:106F84009A99993E00409C4500D00446CDCC0C3FD4
:106F94006666663F3333333F3333333FB0D100202B
:106FA400DC9000200000000000000000000040C051
:106FB40000000040000000C00000804000001644B3
:106FC4000000FA440000C03F0000803E00C05A4563
:106FD40000A00C460000003F0000803FCDCC4C3F99
:106FE4006666663FB8D10020C88600200000000015
:106FF40000000000000000C10000C0400000A0C06C
:10700400000000410000E1430000E144CDCC4C3FCE
:107014006666E63E00401C450080BB453333333F83
:107024000000403F9A99193F9A99593FC0D10020D6
:10703400786900200000000000000000000000C08B
:107044000000C03F0000C0BF0000404000002F44CB
:10705400008022450000803FCDCC4C3E0080BB45E3
:1070640000B03346CDCCCC3E6666863F6666663F4E
:107074000000403FC8D10020243F00200000000051
:10708400000000000000A0C000006040000040C0FC
:107094000000B0400000C8430000C8446666A63F34
:1070A4009A99993E00A08C450000FA450000003FE3
:1070B4003333733F0000403F3333733F0101FF001C
:1070C4000708090A0708090A16121012100A000014
:1070D40016121012100A000000010200CCC5002094
:1070E40020CE002028CE002034CE0020D0C60020A0
:1070F40040CE002048CE002050CE002058CE0020A4
:10710400FCD00020D0070000B80B0000AC0D00003C
:1071140088130000500000009600000000000000EA
:1071240001035000960000000000803F00000000B2
:10713400000000000000004000000000CDCC0C3F27
:107144000000000004D10020AC0D000088130000F2
:10715400D0070000B80B00003C00000078000000DD
:107164000000000001035000960000000000803F72
:1071740000000000000000000000004000000000CB
:10718400CDCC0C3F000000000CD10020C40900004D
:10719400AC0D0000B80B0000941100006400000066
:1071A400B40000000000000001035000960000003D
:1071B4000000803F000000000000000000000040CC
:1071C40000000000CDCC0C3F0000000018D10020CE
:1071D400D0070000C40900009411000070170000DB
:1071E400FA000000900100000000000001025000BD
:1071F400960000000000803F000000000000000036
:107204000000004000000000CDCC0C3F0000000056
:1072140020D10020D0070000280A000084030000C9
:107224004C040000BC020000BC02000090010000FD
:1072340001015000960000000000803F00000000A3
:10724400000000000000004000000000CDCC0C3F16
:107254000000000028D10020280A0000480D00008A
:10726400280A0000480D00005E01000058020000DA
:107274000000000001027800DC0000000000803FF4
:107284000000D04100002A43D7A30040AE47613E2E
:10729400CDCC0C3F0000000030D1002008070000D6
:1072A40034080000A00F0000301100007800000036
:1072B400040100000000000001035A00AA000000BD
:1072C4000000803F0000000000000000000040407B
:1072D4009A99193ECDCC0C3F0101000038D1002011
:1072E400100E0000A00F0000540B0000800C0000E2
:1072F40090010000900100008200A00001017800CC
:10730400C80000000000803F0000000000000000F2
:1073140000000040CDCCCC3DCDCC0C3F02000000A1
:1073240040D10020F4010000BC020000E001000094
:10733400940200002003000084030000B4003C0019
:1073440001020401A40100000000803F0000C040CD
:1073540000004041000000409A99993E6666663FED
:107364000200000044D1002060090000540B00001A
:1073740060090000540B0000120000001C00000013
:107384000000000006061A00280000000000803FEC
:107394000000000000000000000000400AD7A33DE8
:1073A400CDCC0C3F010000004CD10020681000003F
:1073B400C012000068100000C01200002D00000080
:1073C4004B00000000000000040437005F000000D0
:1073D4006666663F000000000000000000000040F8
:1073E400CDCCCC3DCDCC0C3F0100000054D10020CD
:1073F40098080000800C0000280A0000D80E000045
:107404007800000004010000000000000102780080
:10741400DC0000000000803F0000000000000000CD
:1074240000000040CDCC4C3D6666E63E0200000004
:10743400000080BFC3F5A8BEC3F5A83E0000803F8E
:107444001626190F1626190F000204010600000063
:1074540000020401060000000080094500004845C0
:10746400080000000000803E3333B33EAE47613E67
:10747400000000005CD10020000096440000E144BC
:107484000E0000003333B33ECDCCCC3E9A99993EE6
:107494000000000064D1002000002F450040834517
:1074A4002D0000000000003F0000003F0AD7233EEB
:1074B400000000006CD1002000002F4400808944AB
:1074C4000A0000009A99193ECDCC4C3E8FC2F53E7D
:1074D4000000000074D100200000AF440000FA4412
:1074E4000C000000CDCCCC3E3D0AD73E8FC2753E89
:1074F40000000000A0D000200000C8430000164493
:10750400190000009A99993E9A99993E52B81E3FE3
:10751400000000007CD1002000008C420000BE422C
:107524008C000000CDCC4C3E9A99993ECDCC4C3F7A
:107534000000000084D100200000574300007A437B
:107544003C0000009A99193F9A99193F6666E63EF5
:107554000000803F8CD100200000C8420000F042AF
:10756400780000003333333F0000003F0000803FC9
:107574000000803F94D10020000048420000704287
:10758400C80000003333333F3333333F0000803FC0
:107594000000803F98D100200000164300004843BB
:1075A400500000000000A03F0000803FCDCC0C3F05
:1075B4000000803FA0D1002000050300E424002047
:1075C400D8CD0020ECCD0020F8CD002004CE002042
:1075D40014CE002001695F020000020000020000D6
:1075E4000146500200000200000200000141460270
:1075F40000000200000000000000003F0000000046
:1076040000000040000080400000C0400000004135
:10761400010203FB1E161A0E080000001E161A0EA5
:107624000800000004040A03040406080305040215
:10763400070802000001030601733C00000000007B
:107644000000000001733C00000000000000000086
:1076540001733C00000000000000000001733C00C6
:107664000000000000000000014678000000000057
:107674000000000000000000000001467800000047
:107684000000000000000146780000000000000037
:1076940000000000000000000300010506000000D7
:1076A40003000105060000000506010308000000B0
:1076B4000506010308000000016446000000000004
:1076C40000000000014632015A460000000000009C
:1076D400014B9600000000000000000000000000C4
:1076E4000000000000000000016446000000014B9F
:1076F40046000000016446000000014B4600000003
:10770400016446000000014B46000000016446008D
:107714000000014B460000004D004B0CB118FE2543
:10772400D332993F2F4BD855F05EBB66956CE56F0D
:1077340020710970A76C1767945F4F568B4BC23F3B
:107744008B332927E71A3B0F6D04FFFA0EF391ECF4
:10775400BAE7DAE4A9E3A6E4ABE750EC63F254F940
:10776400C4001508EB0E57152F1B13209524E4288D
:10777400542DF831D7362F3CD342904A6253E25C01
:1077840031667E6F7177277DE57F9E7F5F7C6376B0
:10779400446E87647559404E9C426137B42CCD21A8
:1077A400AD17C20E69071EFF65F806F2BAEB3AE69A
:1077B40075DEAAD697CC5DC39DBB14B327AE61AA70
:1077C4009BA880A8EFA82EABB5AD64B081B481B9F5
:1077D400E1BD98C3EACA0DD38FDCB1E7B1F229FF4A
:1077E400AD0A9A13C01BC7205F235024AF2063192E
:1077F4004810CB05E4FBC2F12EE8F1DF42DB23DACB
:10780400E6DA5ADCB1DD34E055E254E346E394E1D0
:10781400B3DE66DA1CD373C908C023B9A1B447B177
:1078240012AFABAF77B414BD1BC87CD3B4DE1BEA74
:10783400CEF2BAF728FAFAF99FF744F488EFE2EAAD
:1078440087EAB7EE80F68D00DE0BDD17D423932D87
:10785400833408396B3A6F39FD35223082295F232E
:10786400DD1D00199513B10E4F0CD20B3E0CE00C2C
:10787400620D530F1F12F614DA17C21AAB1E7F23C0
:10788400BD27A52AB02CBA2DA12D792BF626AD1F24
:10789400B216990C210135F562E98EDEFBD4FDCCDC
:1078A40079C784C5C8C7FFCCF0D36FDC0CE680F081
:1078B400BCFAA6031F0BFA10FB15041ACA1C011FFD
:1078C4005420FB20A1201E1E101A3E157D0FD9093D
:1078D4005A047AFFE7FB51F9F8F74FF77AF722F8E1
:1078E40015F8DDF64DF489F022ECA6E711E399DEF4
:1078F4000FDB5FD8EDD6CDD641D794D8DEDA1BDEC8
:1079040057E169E4EBE612E97BEA14EBB2EA4EEAEA
:10791400CCEA6BEC45F0E7F54D0000004D004B0C54
:10792400B118FE25D332993F2F4BD855F05EBB6674
:10793400956CE56F20710970A76C1767945F4F56BB
:107944008B4BC23F8B332927E71A3B0F6D04FFFA99
:107954000EF391ECBAE7DAE4A9E3A6E4ABE750EC62
:1079640063F254F9C4001508EB0E57152F1B1320AE
:107974009524E428542DF831D7362F3CD342904A2D
:107984006253E25C31667E6F7177277DE57F9E7F6F
:107994005F7C6376446E87647559404E9C426137C0
:1079A400B42CCD21AD17C20E69071EFF65F806F28F
:1079B400BAEB3AE675DEAAD697CC5DC39DBB14B389
:1079C40027AE61AA9BA880A8EFA82EABB5AD64B082
:1079D40081B481B9E1BD98C3EACA0DD38FDCB1E7A4
:1079E400B1F229FFAD0A9A13C01BC7205F235024AC
:1079F400AF2063194810CB05E4FBC2F12EE8F1DF98
:107A040042DB23DAE6DA5ADCB1DD34E055E254E352
:107A140046E394E1B3DE66DA1CD373C908C023B924
:107A2400A1B447B112AFABAF77B414BD1BC87CD3BC
:107A3400B4DE1BEACEF2BAF728FAFAF99FF744F457
:107A440088EFE2EA87EAB7EE80F68D00DE0BDD17F9
:107A5400D423932D833408396B3A6F39FD352230A2
:107A640082295F23DD1D00199513B10E4F0CD20B33
:107A74003E0CE00C620D530F1F12F614DA17C21AF3
:107A8400AB1E7F23BD27A52AB02CBA2DA12D792B9F
:107A9400F626AD1FB216990C210135F562E98EDE8A
:107AA400FBD4FDCC79C784C5C8C7FFCCF0D36FDC49
:107AB4000CE680F0BCFAA6031F0BFA10FB15041A9F
:107AC400CA1C011F5420FB20A1201E1E101A3E15A3
:107AD4007D0FD9095A047AFFE7FB51F9F8F74FF7FC
:107AE4007AF722F815F8DDF64DF489F022ECA6E7D2
:107AF40011E399DE0FDB5FD8EDD6CDD641D794D80C
:107B0400DEDA1BDE57E169E4EBE612E97BEA14EB0B
:107B1400B2EA4EEACCEA6BEC45F0E7F54D00000022
:107B24004D004B0CB118FE25D332993F2F4BD8553D
:107B3400F05EBB66956CE56F20710970A76C1767E2
:107B4400945F4F568B4BC23F8B332927E71A3B0F69
:107B54006D04FFFA0EF391ECBAE7DAE4A9E3A6E4C4
:107B6400ABE750EC63F254F9C4001508EB0E57155B
:107B74002F1B13209524E428542DF831D7362F3C9D
:107B8400D342904A6253E25C31667E6F7177277DFF
:107B9400E57F9E7F5F7C6376446E87647559404EB3
:107BA4009C426137B42CCD21AD17C20E69071EFF6C
:107BB40065F806F2BAEB3AE675DEAAD697CC5DC351
:107BC4009DBB14B327AE61AA9BA880A8EFA82EABD7
:107BD400B5AD64B081B481B9E1BD98C3EACA0DD32F
:107BE4008FDCB1E7B1F229FFAD0A9A13C01BC7209D
:107BF4005F235024AF2063194810CB05E4FBC2F186
:107C04002EE8F1DF42DB23DAE6DA5ADCB1DD34E0D8
:107C140055E254E346E394E1B3DE66DA1CD373C958
:107C240008C023B9A1B447B112AFABAF77B414BD48
:107C34001BC87CD3B4DE1BEACEF2BAF728FAFAF9F1
:107C44009FF744F488EFE2EA87EAB7EE80F68D0006
:107C5400DE0BDD17D423932D833408396B3A6F3947
:107C6400FD35223082295F23DD1D00199513B10EE5
:107C74004F0CD20B3E0CE00C620D530F1F12F61486
:107C8400DA17C21AAB1E7F23BD27A52AB02CBA2D42
:107C9400A12D792BF626AD1FB216990C210135F5CD
:107CA40062E98EDEFBD4FDCC79C784C5C8C7FFCC9E
:107CB400F0D36FDC0CE680F0BCFAA6031F0BFA10BD
:107CC400FB15041ACA1C011F5420FB20A1201E1EF0
:107CD400101A3E157D0FD9095A047AFFE7FB51F9B2
:107CE400F8F74FF77AF722F815F8DDF64DF489F036
:107CF40022ECA6E711E399DE0FDB5FD8EDD6CDD6F3
:107D040041D794D8DEDA1BDE57E169E4EBE612E9E9
:107D14007BEA14EBB2EA4EEACCEA6BEC45F0E7F509
:107D24004D0000004D004B0CB118FE25D332993F95
:107D34002F4BD855F05EBB66956CE56F20710970CA
:107D4400A76C1767945F4F568B4BC23F8B33292721
:107D5400E71A3B0F6D04FFFA0EF391ECBAE7DAE48D
:107D6400A9E3A6E4ABE750EC63F254F9C4001508A8
:107D7400EB0E57152F1B13209524E428542DF831AE
:107D8400D7362F3CD342904A6253E25C31667E6F11
:107D94007177277DE57F9E7F5F7C6376446E876481
:107DA4007559404E9C426137B42CCD21AD17C20E9B
:107DB40069071EFF65F806F2BAEB3AE675DEAAD645
:107DC40097CC5DC39DBB14B327AE61AA9BA880A8C2
:107DD400EFA82EABB5AD64B081B481B9E1BD98C351
:107DE400EACA0DD38FDCB1E7B1F229FFAD0A9A13C9
:107DF400C01BC7205F235024AF2063194810CB0554
:107E0400E4FBC2F12EE8F1DF42DB23DAE6DA5ADCE6
:107E1400B1DD34E055E254E346E394E1B3DE66DADF
:107E24001CD373C908C023B9A1B447B112AFABAF17
:107E340077B414BD1BC87CD3B4DE1BEACEF2BAF708
:107E440028FAFAF99FF744F488EFE2EA87EAB7EEF2
:107E540080F68D00DE0BDD17D423932D833408398F
:107E64006B3A6F39FD35223082295F23DD1D0019FD
:107E74009513B10E4F0CD20B3E0CE00C620D530F58
:107E84001F12F614DA17C21AAB1E7F23BD27A52AC8
:107E9400B02CBA2DA12D792BF626AD1FB216990C54
:107EA400210135F562E98EDEFBD4FDCC79C784C5AA
:107EB400C8C7FFCCF0D36FDC0CE680F0BCFAA60395
:107EC4001F0BFA10FB15041ACA1C011F5420FB20B7
:107ED400A1201E1E101A3E157D0FD9095A047AFFDF
:107EE400E7FB51F9F8F74FF77AF722F815F8DDF6C2
:107EF4004DF489F022ECA6E711E399DE0FDB5FD89D
:107F0400EDD6CDD641D794D8DEDA1BDE57E169E44D
:107F1400EBE612E97BEA14EBB2EA4EEACCEA6BEC4C
:107F240045F0E7F54D0000004D004B0CB118FE255F
:107F3400D332993F2F4BD855F05EBB66956CE56FF5
:107F440020710970A76C1767945F4F568B4BC23F23
:107F54008B332927E71A3B0F6D04FFFA0EF391ECDC
:107F6400BAE7DAE4A9E3A6E4ABE750EC63F254F928
:107F7400C4001508EB0E57152F1B13209524E42875
:107F8400542DF831D7362F3CD342904A6253E25CE9
:107F940031667E6F7177277DE57F9E7F5F7C637698
:107FA400446E87647559404E9C426137B42CCD2190
:107FB400AD17C20E69071EFF65F806F2BAEB3AE682
:107FC40075DEAAD697CC5DC39DBB14B327AE61AA58
:107FD4009BA880A8EFA82EABB5AD64B081B481B9DD
:107FE400E1BD98C3EACA0DD38FDCB1E7B1F229FF32
:107FF400AD0A9A13C01BC7205F235024AF20631916
:108004004810CB05E4FBC2F12EE8F1DF42DB23DAB2
:10801400E6DA5ADCB1DD34E055E254E346E394E1B8
:10802400B3DE66DA1CD373C908C023B9A1B447B15F
:1080340012AFABAF77B414BD1BC87CD3B4DE1BEA5C
:10804400CEF2BAF728FAFAF99FF744F488EFE2EA95
:1080540087EAB7EE80F68D00DE0BDD17D423932D6F
:10806400833408396B3A6F39FD35223082295F2316
:10807400DD1D00199513B10E4F0CD20B3E0CE00C14
:10808400620D530F1F12F614DA17C21AAB1E7F23A8
:10809400BD27A52AB02CBA2DA12D792BF626AD1F0C
:1080A400B216990C210135F562E98EDEFBD4FDCCC4
:1080B40079C784C5C8C7FFCCF0D36FDC0CE680F069
:1080C400BCFAA6031F0BFA10FB15041ACA1C011FE5
:1080D4005420FB20A1201E1E101A3E157D0FD90925
:1080E4005A047AFFE7FB51F9F8F74FF77AF722F8C9
:1080F40015F8DDF64DF489F022ECA6E711E399DEDC
:108104000FDB5FD8EDD6CDD641D794D8DEDA1BDEAF
:1081140057E169E4EBE612E97BEA14EBB2EA4EEAD2
:10812400CCEA6BEC45F0E7F54D0000004A009E02F6
:10813400A2059208F30B620FEA1275164A1A4F1E33
:1081440080223026AE29092DDE2FA9321F35423771
:108154001C39A33A443C8A3DC23E25407241ED425B
:10816400F9448947544A414DF24FE952EC55BE58FF
:10817400655B715D845E695E475D505B67588854DA
:108184009F4FE849FB43003E8F38D533E32FD42C6F
:108194006B2AF3287728B3283C299829B529E6299E
:1081A400442A662AFE29C3280D27B92430217A1CC3
:1081B400CF165310060912015AF878EFBFE65DDEB8
:1081C4009DD68BCF6DC94DC42FC02CBD82BBEABADE
:1081D4005CBBDBBC4ABF6EC2ECC5A3C994CD8FD1D6
:1081E40026D565D81CDB1FDD6ADEDADE89DE48DDD4
:1081F400F3DA78D7DAD265CD24C707C048B83CB0E3
:1082040062A8E5A0DC998D930A8E7C89BA85C88220
:10821400DC800B802B8042812F83CE850C89398CA6
:10822400728FD6922C963199FB9B929E18A1AEA385
:1082340034A6D9A8D4AB47AF48B3DCB7EEBC76C2FA
:1082440078C8D4CE50D5D2DB6DE21DE9C5EF84F6F3
:1082540027FD9C03E70908101016F51B8E21C7267D
:10826400C82B9D30FF340A39A33CBF3F9A42B24425
:10827400414628474A4709471E46F044A6434B4215
:108284001F4104409A3FD93F56405741C442974446
:108294008A4679484E4AA14B6B4C9C4CE04B164A9B
:1082A400AF475744FF3FF43A5335E12E1A2869216A
:1082B400411B0316BE10D50B9D0710046B0186FFEE
:1082C400E3FD26FCAFFA96F99BF87CF7ADF61AF6B7
:1082D40040F5A2F424F4BEF34EF3A3F272F233F2A7
:1082E400CAF17BF154F120F20AF211F26EF3D6F4E2
:1082F40094F609F8FFF976FC73FE5400C501D40224
:10830400830378031103000258006CFE74FC43FAE3
:1083140010F807F6A6F41EF4FCF326F4DCF4DBF5FF
:10832400C0F614F861F9E5FAEAFCE7FE4A00000039
:108334004A009E02A2059208F30B620FEA12751618
:108344004A1A4F1E80223026AE29092DDE2FA9326B
:108354001F3542371C39A33A443C8A3DC23E25406E
:108364007241ED42F9448947544A414DF24FE95272
:10837400EC55BE58655B715D845E695E475D505B1C
:10838400675888549F4FE849FB43003E8F38D533E4
:10839400E32FD42C6B2AF3287728B3283C29982977
:1083A400B529E629442A662AFE29C3280D27B924BB
:1083B40030217A1CCF165310060912015AF878EFAF
:1083C400BFE65DDE9DD68BCF6DC94DC42FC02CBDDD
:1083D40082BBEABA5CBBDBBC4ABF6EC2ECC5A3C9B4
:1083E40094CD8FD126D565D81CDB1FDD6ADEDADE9D
:1083F40089DE48DDF3DA78D7DAD265CD24C707C041
:1084040048B83CB062A8E5A0DC998D930A8E7C89BB
:10841400BA85C882DC800B802B8042812F83CE8575
:108424000C89398C728FD6922C963199FB9B929E33
:1084340018A1AEA334A6D9A8D4AB47AF48B3DCB7D0
:10844400EEBC76C278C8D4CE50D5D2DB6DE21DE93D
:10845400C5EF84F627FD9C03E70908101016F51BE9
:108464008E21C726C82B9D30FF340A39A33CBF3F59
:108474009A42B244414628474A4709471E46F044B7
:10848400A6434B421F4104409A3FD93F56405741AF
:10849400C44297448A4679484E4AA14B6B4C9C4C43
:1084A400E04B164AAF475744FF3FF43A5335E12EA9
:1084B4001A286921411B0316BE10D50B9D07100411
:1084C4006B0186FFE3FD26FCAFFA96F99BF87CF777
:1084D400ADF61AF640F5A2F424F4BEF34EF3A3F27B
:1084E40072F233F2CAF17BF154F120F20AF211F282
:1084F4006EF3D6F494F609F8FFF976FC73FE540093
:10850400C501D402830378031103000258006CFEF2
:1085140074FC43FA10F807F6A6F41EF4FCF326F4F0
:10852400DCF4DBF5C0F614F861F9E5FAEAFCE7FEE1
:108534004A0000004A009E02A2059208F30B620F53
:10854400EA1275164A1A4F1E80223026AE29092DCA
:10855400DE2FA9321F3542371C39A33A443C8A3DE9
:10856400C23E25407241ED42F9448947544A414D87
:10857400F24FE952EC55BE58655B715D845E695EED
:10858400475D505B675888549F4FE849FB43003E62
:108594008F38D533E32FD42C6B2AF3287728B328CC
:1085A4003C299829B529E629442A662AFE29C328A4
:1085B4000D27B92430217A1CCF1653100609120155
:1085C4005AF878EFBFE65DDE9DD68BCF6DC94DC4FA
:1085D4002FC02CBD82BBEABA5CBBDBBC4ABF6EC2F7
:1085E400ECC5A3C994CD8FD126D565D81CDB1FDD7E
:1085F4006ADEDADE89DE48DDF3DA78D7DAD265CDF1
:1086040024C707C048B83CB062A8E5A0DC998D93A4
:108614000A8E7C89BA85C882DC800B802B804281DB
:108624002F83CE850C89398C728FD6922C963199F2
:10863400FB9B929E18A1AEA334A6D9A8D4AB47AF96
:1086440048B3DCB7EEBC76C278C8D4CE50D5D2DB02
:108654006DE21DE9C5EF84F627FD9C03E7090810C8
:108664001016F51B8E21C726C82B9D30FF340A39FE
:10867400A33CBF3F9A42B244414628474A47094770
:108684001E46F044A6434B421F4104409A3FD93F43
:1086940056405741C44297448A4679484E4AA14BB2
:1086A4006B4C9C4CE04B164AAF475744FF3FF43A9F
:1086B4005335E12E1A286921411B0316BE10D50B30
:1086C4009D0710046B0186FFE3FD26FCAFFA96F9C3
:1086D4009BF87CF7ADF61AF640F5A2F424F4BEF349
:1086E4004EF3A3F272F233F2CAF17BF154F120F2A9
:1086F4000AF211F26EF3D6F494F609F8FFF976FC57
:1087040073FE5400C501D4028303780311030002ED
:1087140058006CFE74FC43FA10F807F6A6F41EF435
:10872400FCF326F4DCF4DBF5C0F614F861F9E5FAA1
:10873400EAFCE7FE4A0000004A009E02A2059208F5
:10874400F30B620FEA1275164A1A4F1E8022302666
:10875400AE29092DDE2FA9321F3542371C39A33A21
:10876400443C8A3DC23E25407241ED42F94489476A
:10877400544A414DF24FE952EC55BE58655B715D68
:10878400845E695E475D505B675888549F4FE84933
:10879400FB43003E8F38D533E32FD42C6B2AF328C8
:1087A4007728B3283C299829B529E629442A662A3A
:1087B400FE29C3280D27B92430217A1CCF16531063
:1087C400060912015AF878EFBFE65DDE9DD68BCF1D
:1087D4006DC94DC42FC02CBD82BBEABA5CBBDBBCE7
:1087E4004ABF6EC2ECC5A3C994CD8FD126D565D836
:1087F4001CDB1FDD6ADEDADE89DE48DDF3DA78D7DA
:10880400DAD265CD24C707C048B83CB062A8E5A059
:10881400DC998D930A8E7C89BA85C882DC800B80B2
:108824002B8042812F83CE850C89398C728FD6920E
:108834002C963199FB9B929E18A1AEA334A6D9A87D
:10884400D4AB47AF48B3DCB7EEBC76C278C8D4CE5D
:1088540050D5D2DB6DE21DE9C5EF84F627FD9C03FC
:10886400E70908101016F51B8E21C726C82B9D306A
:10887400FF340A39A33CBF3F9A42B24441462847D9
:108884004A4709471E46F044A6434B421F41044051
:108894009A3FD93F56405741C44297448A46794843
:1088A4004E4AA14B6B4C9C4CE04B164AAF47574485
:1088B400FF3FF43A5335E12E1A286921411B031670
:1088C400BE10D50B9D0710046B0186FFE3FD26FC4B
:1088D400AFFA96F99BF87CF7ADF61AF640F5A2F4D8
:1088E40024F4BEF34EF3A3F272F233F2CAF17BF135
:1088F40054F120F20AF211F26EF3D6F494F609F868
:10890400FFF976FC73FE5400C501D4028303780397
:108914001103000258006CFE74FC43FA10F807F6C9
:10892400A6F41EF4FCF326F4DCF4DBF5C0F614F82C
:1089340061F9E5FAEAFCE7FE4A0000004A009E02FB
:10894400A2059208F30B620FEA1275164A1A4F1E1B
:1089540080223026AE29092DDE2FA9321F35423759
:108964001C39A33A443C8A3DC23E25407241ED4243
:10897400F9448947544A414DF24FE952EC55BE58E7
:10898400655B715D845E695E475D505B67588854C2
:108994009F4FE849FB43003E8F38D533E32FD42C57
:1089A4006B2AF3287728B3283C299829B529E62986
:1089B400442A662AFE29C3280D27B92430217A1CAB
:1089C400CF165310060912015AF878EFBFE65DDEA0
:1089D4009DD68BCF6DC94DC42FC02CBD82BBEABAC6
:1089E4005CBBDBBC4ABF6EC2ECC5A3C994CD8FD1BE
:1089F40026D565D81CDB1FDD6ADEDADE89DE48DDBC
:108A0400F3DA78D7DAD265CD24C707C048B83CB0CA
:108A140062A8E5A0DC998D930A8E7C89BA85C88208
:108A2400DC800B802B8042812F83CE850C89398C8E
:108A3400728FD6922C963199FB9B929E18A1AEA36D
:108A440034A6D9A8D4AB47AF48B3DCB7EEBC76C2E2
:108A540078C8D4CE50D5D2DB6DE21DE9C5EF84F6DB
:108A640027FD9C03E70908101016F51B8E21C72665
:108A7400C82B9D30FF340A39A33CBF3F9A42B2440D
:108A8400414628474A4709471E46F044A6434B42FD
:108A94001F4104409A3FD93F56405741C44297442E
:108AA4008A4679484E4AA14B6B4C9C4CE04B164A83
:108AB400AF475744FF3FF43A5335E12E1A28692152
:108AC400411B0316BE10D50B9D0710046B0186FFD6
:108AD400E3FD26FCAFFA96F99BF87CF7ADF61AF69F
:108AE40040F5A2F424F4BEF34EF3A3F272F233F28F
:108AF400CAF17BF154F120F20AF211F26EF3D6F4CA
:108B040094F609F8FFF976FC73FE5400C501D4020B
:108B1400830378031103000258006CFE74FC43FACB
:108B240010F807F6A6F41EF4FCF326F4DCF4DBF5E7
:108B3400C0F614F861F9E5FAEAFCE7FE4A00000021
:108B440078003F06430C2C121718DD1D8A230429D4
:108B5400602E8E33AB38A83D98426D47334CD450C9
:108B6400505594599F5D6161D9640968FA6AB66D7C
:108B74004770BF721D75617783796D7B0F7D5E7E53
:108B8400497FD47FFF7FDA7F707FD87E237E637D29
:108B94009F7CCF7BE57AD1798078E8760875E0729E
:108BA4007470CC6DF56AFD67EE64CE619C5E505BBB
:108BB400E4574E548D50A54C9F4888446940533C1B
:108BC4004C385A347E30B52CF4282B254B21461DC5
:108BD4001819C3145410D80B67070A03D5FED3FA27
:108BE40009F782F342F04AED95EA1EE8E0E5D5E3A1
:108BF400FCE156E0E0DE97DD78DC80DBACDAF9D925
:108C040067D9F8D8ABD884D889D8C0D834D9E5D9AD
:108C1400D9DA08DC72DD0BDFC3E087E23EE4D2E59B
:108C240025E727E8C1E8E9E898E8CAE781E6C1E46E
:108C34009AE211E03CDD27DADAD65FD3BDCFF2CB7E
:108C4400FFC7E7C3ABBF50BBDCB656B2C5AD36A950
:108C5400B6A459A0329C5698DB94D691588F768D41
:108C6400408CC88B1C8C478D4D8F3392F5958F9A11
:108C7400F29F18A6EEAC64B468BCE3C4C1CDECD6D4
:108C840051E0D9E973F30BFD8A06E10FF718B5211A
:108C94000D2AE7313E3903402D46B74B9850CD5449
:108CA4005258255B435DAD5E615F625FB15E565DA8
:108CB400565BBB588E55D4519A4DE148B643233E7A
:108CC4003138F1316C2BAD24C01DAE16810F410833
:108CD400FA00B6F97EF25EEB60E48CDDE5D672D084
:108CE40035CA35C470BEEFB8B0B3BBAE11AABCA5CB
:108CF400BDA11D9EDC9AFB977B955D939E913E9052
:108D0400378F898E378E408EA68E6C8F8F900D9202
:108D1400E29303966D98199B079E31A19AA441A8EA
:108D240031AC60B0D9B48BB97BBE90C3CDC81BCE77
:108D340080D3EBD870DE00E4B0E974EF5CF53DFB62
:108D44007800000078003F06430C2C121718DD1D34
:108D54008A230429602E8E33AB38A83D98426D4790
:108D6400334CD450505594599F5D6161D96409685E
:108D7400FA6AB66D4770BF721D75617783796D7B32
:108D84000F7D5E7E497FD47FFF7FDA7F707FD87E40
:108D9400237E637D9F7CCF7BE57AD1798078E876EA
:108DA4000875E0727470CC6DF56AFD67EE64CE618F
:108DB4009C5E505BE4574E548D50A54C9F488844AC
:108DC4006940533C4C385A347E30B52CF4282B255A
:108DD4004B21461D1819C3145410D80B67070A03F6
:108DE400D5FED3FA09F782F342F04AED95EA1EE87C
:108DF400E0E5D5E3FCE156E0E0DE97DD78DC80DBFE
:108E0400ACDAF9D967D9F8D8ABD884D889D8C0D81E
:108E140034D9E5D9D9DA08DC72DD0BDFC3E087E2A7
:108E24003EE4D2E525E727E8C1E8E9E898E8CAE79F
:108E340081E6C1E49AE211E03CDD27DADAD65FD3B9
:108E4400BDCFF2CBFFC7E7C3ABBF50BBDCB656B256
:108E5400C5AD36A9B6A459A0329C5698DB94D691D8
:108E6400588F768D408CC88B1C8C478D4D8F3392D8
:108E7400F5958F9AF29F18A6EEAC64B468BCE3C46F
:108E8400C1CDECD651E0D9E973F30BFD8A06E10FAD
:108E9400F718B5210D2AE7313E3903402D46B74B6B
:108EA4009850CD545258255B435DAD5E615F625F5F
:108EB400B15E565D565BBB588E55D4519A4DE14810
:108EC400B643233E3138F1316C2BAD24C01DAE16B0
:108ED400810F4108FA00B6F97EF25EEB60E48CDDA6
:108EE400E5D672D035CA35C470BEEFB8B0B3BBAEE8
:108EF40011AABCA5BDA11D9EDC9AFB977B955D9331
:108F04009E913E90378F898E378E408EA68E6C8FC1
:108F14008F900D92E29303966D98199B079E31A151
:108F24009AA441A831AC60B0D9B48BB97BBE90C3CC
:108F3400CDC81BCE80D3EBD870DE00E4B0E974EF6B
:108F44005CF53DFB7800000078003F06430C2C12D2
:108F54001718DD1D8A230429602E8E33AB38A83DF3
:108F640098426D47334CD450505594599F5D61617C
:108F7400D9640968FA6AB66D4770BF721D75617766
:108F840083796D7B0F7D5E7E497FD47FFF7FDA7F9F
:108F9400707FD87E237E637D9F7CCF7BE57AD179F9
:108FA4008078E8760875E0727470CC6DF56AFD67B8
:108FB400EE64CE619C5E505BE4574E548D50A54CDC
:108FC4009F4888446940533C4C385A347E30B52C11
:108FD400F4282B254B21461D1819C3145410D80B03
:108FE40067070A03D5FED3FA09F782F342F04AED84
:108FF40095EA1EE8E0E5D5E3FCE156E0E0DE97DD26
:1090040078DC80DBACDAF9D967D9F8D8ABD884D866
:1090140089D8C0D834D9E5D9D9DA08DC72DD0BDFB8
:10902400C3E087E23EE4D2E525E727E8C1E8E9E8C2
:1090340098E8CAE781E6C1E49AE211E03CDD27DA68
:10904400DAD65FD3BDCFF2CBFFC7E7C3ABBF50BB0C
:10905400DCB656B2C5AD36A9B6A459A0329C569812
:10906400DB94D691588F768D408CC88B1C8C478DA1
:109074004D8F3392F5958F9AF29F18A6EEAC64B497
:1090840068BCE3C4C1CDECD651E0D9E973F30BFD60
:109094008A06E10FF718B5210D2AE7313E3903405E
:1090A4002D46B74B9850CD545258255B435DAD5E69
:1090B400615F625FB15E565D565BBB588E55D4519D
:1090C4009A4DE148B643233E3138F1316C2BAD243F
:1090D400C01DAE16810F4108FA00B6F97EF25EEBB0
:1090E40060E48CDDE5D672D035CA35C470BEEFB805
:1090F400B0B3BBAE11AABCA5BDA11D9EDC9AFB9763
:109104007B955D939E913E90378F898E378E408EEE
:10911400A68E6C8F8F900D92E29303966D98199B97
:10912400079E31A19AA441A831AC60B0D9B48BB9DF
:109134007BBE90C3CDC81BCE80D3EBD870DE00E4D9
:10914400B0E974EF5CF53DFB7800000078003F0661
:10915400430C2C121718DD1D8A230429602E8E332C
:10916400AB38A83D98426D47334CD4505055945970
:109174009F5D6161D9640968FA6AB66D4770BF7210
:109184001D75617783796D7B0F7D5E7E497FD47F0A
:10919400FF7FDA7F707FD87E237E637D9F7CCF7BC9
:1091A400E57AD1798078E8760875E0727470CC6DD0
:1091B400F56AFD67EE64CE619C5E505BE4574E54E5
:1091C4008D50A54C9F4888446940533C4C385A34D0
:1091D4007E30B52CF4282B254B21461D1819C314B9
:1091E4005410D80B67070A03D5FED3FA09F782F3A4
:1091F40042F04AED95EA1EE8E0E5D5E3FCE156E0ED
:10920400E0DE97DD78DC80DBACDAF9D967D9F8D811
:10921400ABD884D889D8C0D834D9E5D9D9DA08DC10
:1092240072DD0BDFC3E087E23EE4D2E525E727E801
:10923400C1E8E9E898E8CAE781E6C1E49AE211E006
:109244003CDD27DADAD65FD3BDCFF2CBFFC7E7C365
:10925400ABBF50BBDCB656B2C5AD36A9B6A459A057
:10926400329C5698DB94D691588F768D408CC88B5F
:109274001C8C478D4D8F3392F5958F9AF29F18A6CB
:10928400EEAC64B468BCE3C4C1CDECD651E0D9E91A
:1092940073F30BFD8A06E10FF718B5210D2AE731A8
:1092A4003E3903402D46B74B9850CD545258255B58
:1092B400435DAD5E615F625FB15E565D565BBB58F8
:1092C4008E55D4519A4DE148B643233E3138F1319D
:1092D4006C2BAD24C01DAE16810F4108FA00B6F9FF
:1092E4007EF25EEB60E48CDDE5D672D035CA35C41F
:1092F40070BEEFB8B0B3BBAE11AABCA5BDA11D9E94
:10930400DC9AFB977B955D939E913E90378F898E77
:10931400378E408EA68E6C8F8F900D92E2930396BB
:109324006D98199B079E31A19AA441A831AC60B0F5
:10933400D9B48BB97BBE90C3CDC81BCE80D3EBD838
:1093440070DE00E4B0E974EF5CF53DFB78000000EA
:109354003D00D3088112DF1B3125602E87379040F2
:109364005F49B95174596D609A66106CD470F37486
:109374006278217B2C7D947E6F7FE47FFE7FBE7FAD
:10938400FB7E967D457BEC7787732E6E106871614A
:10939400955AC353344D0A476341413C8F372933AF
:1093A400D82E532A5F25D61FBE194813C00C7A063F
:1093B400BB00A6FB3AF75FF3F2EFD7ECFEE943E715
:1093C40083E495E168DE09DBA8D788D4EED10FD019
:1093D400E6CE55CE12CEC1CD1DCDFBCB4CCA28C88E
:1093E400B0C515C39BC081BE17BD94BC1ABD99BE40
:1093F400CBC042C37FC515C7BEC778C770C6F5C406
:1094040065C321C272C188C179C231C479C6F7C8A3
:1094140041CBEDCCA7CD4DCDFBCB04CADBC7F7C503
:10942400C5C48AC462C535C7B5C96FCCE4CEA8D05B
:1094340060D1EBD066CF25CD94CA1FC815C6B9C478
:1094440038C4A7C4FCC502C85DCA97CC55CE4DCF5D
:1094540073CFFACE33CE8CCD6FCD24CECECF67D2A0
:10946400CED5D5D92ADE6FE23DE649E960EB87EC3B
:10947400EAECE5ECEEEC67ED94EE83F01CF346F6D3
:10948400E7F9EBFD30029206E00AF50EBD122A164A
:109494003819E81B2D1EF21F3521F82148222F22EE
:1094A400C3211E215220821FD01E6C1E781E051F50
:1094B4000B20792133232225362754296E2B752D31
:1094C4005B2F07315B32393388333B335132C3303E
:1094D4009C2EEA2BDA28BA25F9221E219920B021E4
:1094E40055243D28DA2C9D310C36C439833C193E71
:1094F4006E3E803D713B7B38F8343D31812DD1295E
:109504000726F121631D4F18C712F80C19074901EA
:1095140081FBF4F5D2F027EC0FE88EE490E1C4DE91
:10952400D1DB44D8E8D3A1CEA2C837C2BBBB95B522
:109534003EB017AC6FA97DA85EA912AC66B016B692
:10954400C0BC1FC4EACB1DD486DC56E53AEE8BF7CB
:109554003D0000003D00D3088112DF1B3125602E41
:10956400873790405F49B95174596D609A66106CA1
:10957400D470F3746278217B2C7D947E6F7FE47FBA
:10958400FE7FBE7FFB7E967D457BEC7787732E6ED8
:1095940010687161955AC353344D0A476341413C85
:1095A4008F372933D82E532A5F25D61FBE19481367
:1095B400C00C7A06BB00A6FB3AF75FF3F2EFD7ECD8
:1095C400FEE943E783E495E168DE09DBA8D788D4A4
:1095D400EED10FD0E6CE55CE12CEC1CD1DCDFBCBF4
:1095E4004CCA28C8B0C515C39BC081BE17BD94BC66
:1095F4001ABD99BECBC042C37FC515C7BEC778C7C5
:1096040070C6F5C465C321C272C188C179C231C4B0
:1096140079C6F7C841CBEDCCA7CD4DCDFBCB04CA61
:10962400DBC7F7C5C5C48AC462C535C7B5C96FCC25
:10963400E4CEA8D060D1EBD066CF25CD94CA1FC8A4
:1096440015C6B9C438C4A7C4FCC502C85DCA97CC42
:1096540055CE4DCF73CFFACE33CE8CCD6FCD24CE35
:10966400CECF67D2CED5D5D92ADE6FE23DE649E921
:1096740060EB87ECEAECE5ECEEEC67ED94EE83F05E
:109684001CF346F6E7F9EBFD30029206E00AF50E0C
:10969400BD122A163819E81B2D1EF21F3521F82198
:1096A40048222F22C3211E215220821FD01E6C1E4D
:1096B400781E051F0B2079213323222536275429B0
:1096C4006E2B752D5B2F07315B32393388333B3377
:1096D4005132C3309C2EEA2BDA28BA25F9221E21F6
:1096E4009920B02155243D28DA2C9D310C36C439FB
:1096F400833C193E6E3E803D713B7B38F8343D31EE
:10970400812DD1290726F121631D4F18C712F80CAA
:109714001907490181FBF4F5D2F027EC0FE88EE438
:1097240090E1C4DED1DB44D8E8D3A1CEA2C837C2CD
:10973400BBBB95B53EB017AC6FA97DA85EA912ACB2
:1097440066B016B6C0BC1FC4EACB1DD486DC56E591
:109754003AEE8BF73D0000003D00D3088112DF1B79
:109764003125602E873790405F49B95174596D6037
:109774009A66106CD470F3746278217B2C7D947E8D
:109784006F7FE47FFE7FBE7FFB7E967D457BEC771B
:1097940087732E6E10687161955AC353344D0A470E
:1097A4006341413C8F372933D82E532A5F25D61F76
:1097B400BE194813C00C7A06BB00A6FB3AF75FF348
:1097C400F2EFD7ECFEE943E783E495E168DE09DBD9
:1097D400A8D788D4EED10FD0E6CE55CE12CEC1CDC7
:1097E4001DCDFBCB4CCA28C8B0C515C39BC081BED8
:1097F40017BD94BC1ABD99BECBC042C37FC515C763
:10980400BEC778C770C6F5C465C321C272C188C11A
:1098140079C231C479C6F7C841CBEDCCA7CD4DCDC3
:10982400FBCB04CADBC7F7C5C5C48AC462C535C748
:10983400B5C96FCCE4CEA8D060D1EBD066CF25CD2E
:1098440094CA1FC815C6B9C438C4A7C4FCC502C885
:109854005DCA97CC55CE4DCF73CFFACE33CE8CCDD7
:109864006FCD24CECECF67D2CED5D5D92ADE6FE246
:109874003DE649E960EB87ECEAECE5ECEEEC67EDFC
:1098840094EE83F01CF346F6E7F9EBFD3002920602
:10989400E00AF50EBD122A163819E81B2D1EF21F18
:1098A4003521F82148222F22C3211E215220821F54
:1098B400D01E6C1E781E051F0B2079213323222510
:1098C400362754296E2B752D5B2F07315B323933C4
:1098D40088333B335132C3309C2EEA2BDA28BA2525
:1098E400F9221E219920B02155243D28DA2C9D31DE
:1098F4000C36C439833C193E6E3E803D713B7B3847
:10990400F8343D31812DD1290726F121631D4F18EB
:10991400C712F80C1907490181FBF4F5D2F027ECC2
:109924000FE88EE490E1C4DED1DB44D8E8D3A1CEC5
:10993400A2C837C2BBBB95B53EB017AC6FA97DA812
:109944005EA912AC66B016B6C0BC1FC4EACB1DD467
:1099540086DC56E53AEE8BF73D0000003D00D30867
:109964008112DF1B3125602E873790405F49B95142
:1099740074596D609A66106CD470F3746278217BAC
:109984002C7D947E6F7FE47FFE7FBE7FFB7E967D81
:10999400457BEC7787732E6E10687161955AC353BB
:1099A400344D0A476341413C8F372933D82E532A1B
:1099B4005F25D61FBE194813C00C7A06BB00A6FB50
:1099C4003AF75FF3F2EFD7ECFEE943E783E495E17E
:1099D40068DE09DBA8D788D4EED10FD0E6CE55CE09
:1099E40012CEC1CD1DCDFBCB4CCA28C8B0C515C302
:1099F4009BC081BE17BD94BC1ABD99BECBC042C3E7
:109A04007FC515C7BEC778C770C6F5C465C321C274
:109A140072C188C179C231C479C6F7C841CBEDCCD3
:109A2400A7CD4DCDFBCB04CADBC7F7C5C5C48AC4DB
:109A340062C535C7B5C96FCCE4CEA8D060D1EBD030
:109A440066CF25CD94CA1FC815C6B9C438C4A7C4E7
:109A5400FCC502C85DCA97CC55CE4DCF73CFFACEA4
:109A640033CE8CCD6FCD24CECECF67D2CED5D5D943
:109A74002ADE6FE23DE649E960EB87ECEAECE5ECCF
:109A8400EEEC67ED94EE83F01CF346F6E7F9EBFD9C
:109A940030029206E00AF50EBD122A163819E81BA8
:109AA4002D1EF21F3521F82148222F22C3211E2109
:109AB4005220821FD01E6C1E781E051F0B20792198
:109AC40033232225362754296E2B752D5B2F07311E
:109AD4005B32393388333B335132C3309C2EEA2B0B
:109AE400DA28BA25F9221E219920B02155243D28CF
:109AF400DA2C9D310C36C439833C193E6E3E803DD0
:109B0400713B7B38F8343D31812DD1290726F12171
:109B1400631D4F18C712F80C1907490181FBF4F5AE
:109B2400D2F027EC0FE88EE490E1C4DED1DB44D818
:109B3400E8D3A1CEA2C837C2BBBB95B53EB017AC23
:109B44006FA97DA85EA912AC66B016B6C0BC1FC4CE
:109B5400EACB1DD486DC56E53AEE8BF73D000000D7
:109B6400E4008703AC06A5093E0C3D0EB20FD310EA
:109B74001612B0134F157F1609172117091713175B
:109B84008917451803199919311AFF1A2C1CDB1D62
:109B9400F01F22221124BE254E27E728822AFE2BFD
:109BA400302D032E7B2EBF2E0F2FAD2FA230A231CE
:109BB4005532A332C5322233EA3302354936BB3734
:109BC4005339E13A5C3CC93D4D3FFE400543604595
:109BD400F047824A054D8F4F1D528654A1569C581A
:109BE400B65AFE5C225FF6609F626E649D661F69D2
:109BF400AF6B1D6E54704C722674FA75F377047A49
:109C0400FA7B8D7D887E1B7F8B7FED7FEB7F4C7F86
:109C1400257EB97C087BF378A8768774E4729B71FF
:109C24009770AC6FB66E8F6D536C336B3F6A43693C
:109C3400E7671266B963F560D05D4B5A4356945199
:109C4400524CB046EB402B3B93354530452B5E26BA
:109C54006421401CF9169E11350CE206DA0132FD2E
:109C6400FDF845F50AF25BEF31ED72EB0DEA03E91D
:109C74006DE84CE86EE85BE8B7E79FE682E5AEE4A2
:109C8400E7E3E7E286E1DADFEFDDCDDB7AD906D779
:109C940078D4F2D1ABCFC8CD69CC7ECB01CBBDCAD1
:109CA40077CAF2C93CC97DC8B9C7D0C6B6C59EC477
:109CB400A2C3B1C296C14CC0E8BE9BBD74BC72BB0A
:109CC40076BA61B934B819B731B637B5D2B3F5B18C
:109CD4000CB06DAEF7AC0FAB75A878A5BBA271A0A4
:109CE4005E9E259C9799B696BE9326910D8F788D8E
:109CF4004E8C9A8B528B4D8B6B8B868B7C8B228BF1
:109D0400778A95899E889987828669857084C783B6
:109D140078837583A9831A84DD840D86CA87268A8D
:109D2400FA8C13905993A296D699E19CD09FA4A241
:109D340065A516A8A5AAF1ACF1AEC9B0C6B22AB5FC
:109D4400DEB7DCBA36BE12C25BC6DACA7ECF68D4CE
:109D54009ED908DF87E4FEE977EFB3F489F9DEFDE5
:109D6400E4000000E4008703AC06A5093E0C3D0EA8
:109D7400B20FD3101612B0134F157F1609172117FF
:109D8400091713178917451803199919311AFF1A56
:109D94002C1CDB1DF01F22221124BE254E27E72890
:109DA400822AFE2B302D032E7B2EBF2E0F2FAD2F9C
:109DB400A230A2315532A332C5322233EA330235FE
:109DC4004936BB375339E13A5C3CC93D4D3FFE400F
:109DD40005436045F047824A054D8F4F1D52865416
:109DE400A1569C58B65AFE5C225FF6609F626E6470
:109DF4009D661F69AF6B1D6E54704C722674FA75A4
:109E0400F377047AFA7B8D7D887E1B7F8B7FED7FD1
:109E1400EB7F4C7F257EB97C087BF378A87687742A
:109E2400E4729B719770AC6FB66E8F6D536C336B2D
:109E34003F6A4369E7671266B963F560D05D4B5AC0
:109E440043569451524CB046EB402B3B933545302E
:109E5400452B5E266421401CF9169E11350CE20642
:109E6400DA0132FDFDF845F50AF25BEF31ED72EBF4
:109E74000DEA03E96DE84CE86EE85BE8B7E79FE6B6
:109E840082E5AEE4E7E3E7E286E1DADFEFDDCDDBAE
:109E94007AD906D778D4F2D1ABCFC8CD69CC7ECBF2
:109EA40001CBBDCA77CAF2C93CC97DC8B9C7D0C6FF
:109EB400B6C59EC4A2C3B1C296C14CC0E8BE9BBD88
:109EC40074BC72BB76BA61B934B819B731B637B558
:109ED400D2B3F5B10CB06DAEF7AC0FAB75A878A5E5
:109EE400BBA271A05E9E259C9799B696BE932691BF
:109EF4000D8F788D4E8C9A8B528B4D8B6B8B868B02
:109F04007C8B228B778A95899E889987828669853E
:109F14007084C78378837583A9831A84DD840D864E
:109F2400CA87268AFA8C13905993A296D699E19CF3
:109F3400D09FA4A265A516A8A5AAF1ACF1AEC9B09C
:109F4400C6B22AB5DEB7DCBA36BE12C25BC6DACAFE
:109F54007ECF68D49ED908DF87E4FEE977EFB3F4B7
:109F640089F9DEFDE4000000E4008703AC06A509DE
:109F74003E0C3D0EB20FD3101612B0134F157F16C0
:109F84000917211709171317891745180319991960
:109F9400311AFF1A2C1CDB1DF01F22221124BE25AE
:109FA4004E27E728822AFE2B302D032E7B2EBF2E30
:109FB4000F2FAD2FA230A2315532A332C532223336
:109FC400EA3302354936BB375339E13A5C3CC93D83
:109FD4004D3FFE4005436045F047824A054D8F4F93
:109FE4001D528654A1569C58B65AFE5C225FF660F8
:109FF4009F626E649D661F69AF6B1D6E54704C72D8
:10A004002674FA75F377047AFA7B8D7D887E1B7F3C
:10A014008B7FED7FEB7F4C7F257EB97C087BF378CB
:10A02400A8768774E4729B719770AC6FB66E8F6D6F
:10A03400536C336B3F6A4369E7671266B963F56033
:10A04400D05D4B5A43569451524CB046EB402B3B97
:10A0540093354530452B5E266421401CF9169E112C
:10A06400350CE206DA0132FDFDF845F50AF25BEF44
:10A0740031ED72EB0DEA03E96DE84CE86EE85BE85C
:10A08400B7E79FE682E5AEE4E7E3E7E286E1DADFFD
:10A09400EFDDCDDB7AD906D778D4F2D1ABCFC8CDFA
:10A0A40069CC7ECB01CBBDCA77CAF2C93CC97DC895
:10A0B400B9C7D0C6B6C59EC4A2C3B1C296C14CC06E
:10A0C400E8BE9BBD74BC72BB76BA61B934B819B72B
:10A0D40031B637B5D2B3F5B10CB06DAEF7AC0FAB4A
:10A0E40075A878A5BBA271A05E9E259C9799B6968B
:10A0F400BE9326910D8F788D4E8C9A8B528B4D8BFF
:10A104006B8B868B7C8B228B778A95899E8899872B
:10A11400828669857084C78378837583A9831A844A
:10A12400DD840D86CA87268AFA8C13905993A296E9
:10A13400D699E19CD09FA4A265A516A8A5AAF1ACC6
:10A14400F1AEC9B0C6B22AB5DEB7DCBA36BE12C2A9
:10A154005BC6DACA7ECF68D49ED908DF87E4FEE9FD
:10A1640077EFB3F489F9DEFDE4000000E40087032F
:10A17400AC06A5093E0C3D0EB20FD3101612B01357
:10A184004F157F1609172117091713178917451833
:10A1940003199919311AFF1A2C1CDB1DF01F2222F6
:10A1A4001124BE254E27E728822AFE2B302D032EAC
:10A1B4007B2EBF2E0F2FAD2FA230A2315532A332EA
:10A1C400C5322233EA3302354936BB375339E13AD3
:10A1D4005C3CC93D4D3FFE4005436045F047824A23
:10A1E400054D8F4F1D528654A1569C58B65AFE5C9D
:10A1F400225FF6609F626E649D661F69AF6B1D6E81
:10A2040054704C722674FA75F377047AFA7B8D7D58
:10A21400887E1B7F8B7FED7FEB7F4C7F257EB97C17
:10A22400087BF378A8768774E4729B719770AC6F9F
:10A23400B66E8F6D536C336B3F6A4369E767126682
:10A24400B963F560D05D4B5A43569451524CB046B5
:10A25400EB402B3B93354530452B5E266421401C57
:10A26400F9169E11350CE206DA0132FDFDF845F5CA
:10A274000AF25BEF31ED72EB0DEA03E96DE84CE8AD
:10A284006EE85BE8B7E79FE682E5AEE4E7E3E7E282
:10A2940086E1DADFEFDDCDDB7AD906D778D4F2D1E7
:10A2A400ABCFC8CD69CC7ECB01CBBDCA77CAF2C9CE
:10A2B4003CC97DC8B9C7D0C6B6C59EC4A2C3B1C285
:10A2C40096C14CC0E8BE9BBD74BC72BB76BA61B982
:10A2D40034B819B731B637B5D2B3F5B10CB06DAEE9
:10A2E400F7AC0FAB75A878A5BBA271A05E9E259CA8
:10A2F4009799B696BE9326910D8F788D4E8C9A8B36
:10A30400528B4D8B6B8B868B7C8B228B778A9589BA
:10A314009E889987828669857084C78378837583CC
:10A32400A9831A84DD840D86CA87268AFA8C139041
:10A334005993A296D699E19CD09FA4A265A516A88C
:10A34400A5AAF1ACF1AEC9B0C6B22AB5DEB7DCBA83
:10A3540036BE12C25BC6DACA7ECF68D49ED908DF85
:10A3640087E4FEE977EFB3F489F9DEFDE400000049
:10A37400E4008703AC06A5093E0C3D0EB20FD310D2
:10A384001612B0134F157F16091721170917131743
:10A394008917451803199919311AFF1A2C1CDB1D4A
:10A3A400F01F22221124BE254E27E728822AFE2BE5
:10A3B400302D032E7B2EBF2E0F2FAD2FA230A231B6
:10A3C4005532A332C5322233EA3302354936BB371C
:10A3D4005339E13A5C3CC93D4D3FFE40054360457D
:10A3E400F047824A054D8F4F1D528654A1569C5802
:10A3F400B65AFE5C225FF6609F626E649D661F69BA
:10A40400AF6B1D6E54704C722674FA75F377047A30
:10A41400FA7B8D7D887E1B7F8B7FED7FEB7F4C7F6E
:10A42400257EB97C087BF378A8768774E4729B71E7
:10A434009770AC6FB66E8F6D536C336B3F6A436924
:10A44400E7671266B963F560D05D4B5A4356945181
:10A45400524CB046EB402B3B93354530452B5E26A2
:10A464006421401CF9169E11350CE206DA0132FD16
:10A47400FDF845F50AF25BEF31ED72EB0DEA03E905
:10A484006DE84CE86EE85BE8B7E79FE682E5AEE48A
:10A49400E7E3E7E286E1DADFEFDDCDDB7AD906D761
:10A4A40078D4F2D1ABCFC8CD69CC7ECB01CBBDCAB9
:10A4B40077CAF2C93CC97DC8B9C7D0C6B6C59EC45F
:10A4C400A2C3B1C296C14CC0E8BE9BBD74BC72BBF2
:10A4D40076BA61B934B819B731B637B5D2B3F5B174
:10A4E4000CB06DAEF7AC0FAB75A878A5BBA271A08C
:10A4F4005E9E259C9799B696BE9326910D8F788D76
:10A504004E8C9A8B528B4D8B6B8B868B7C8B228BD8
:10A51400778A95899E889987828669857084C7839E
:10A5240078837583A9831A84DD840D86CA87268A75
:10A53400FA8C13905993A296D699E19CD09FA4A229
:10A5440065A516A8A5AAF1ACF1AEC9B0C6B22AB5E4
:10A55400DEB7DCBA36BE12C25BC6DACA7ECF68D4B6
:10A564009ED908DF87E4FEE977EFB3F489F9DEFDCD
:10A57400E4000000E4008703AC06A5093E0C3D0E90
:10A58400B20FD3101612B0134F157F1609172117E7
:10A59400091713178917451803199919311AFF1A3E
:10A5A4002C1CDB1DF01F22221124BE254E27E72878
:10A5B400822AFE2B302D032E7B2EBF2E0F2FAD2F84
:10A5C400A230A2315532A332C5322233EA330235E6
:10A5D4004936BB375339E13A5C3CC93D4D3FFE40F7
:10A5E40005436045F047824A054D8F4F1D528654FE
:10A5F400A1569C58B65AFE5C225FF6609F626E6458
:10A604009D661F69AF6B1D6E54704C722674FA758B
:10A61400F377047AFA7B8D7D887E1B7F8B7FED7FB9
:10A62400EB7F4C7F257EB97C087BF378A876877412
:10A63400E4729B719770AC6FB66E8F6D536C336B15
:10A644003F6A4369E7671266B963F560D05D4B5AA8
:10A6540043569451524CB046EB402B3B9335453016
:10A66400452B5E266421401CF9169E11350CE2062A
:10A67400DA0132FDFDF845F50AF25BEF31ED72EBDC
:10A684000DEA03E96DE84CE86EE85BE8B7E79FE69E
:10A6940082E5AEE4E7E3E7E286E1DADFEFDDCDDB96
:10A6A4007AD906D778D4F2D1ABCFC8CD69CC7ECBDA
:10A6B40001CBBDCA77CAF2C93CC97DC8B9C7D0C6E7
:10A6C400B6C59EC4A2C3B1C296C14CC0E8BE9BBD70
:10A6D40074BC72BB76BA61B934B819B731B637B540
:10A6E400D2B3F5B10CB06DAEF7AC0FAB75A878A5CD
:10A6F400BBA271A05E9E259C9799B696BE932691A7
:10A704000D8F788D4E8C9A8B528B4D8B6B8B868BE9
:10A714007C8B228B778A95899E8899878286698526
:10A724007084C78378837583A9831A84DD840D8636
:10A73400CA87268AFA8C13905993A296D699E19CDB
:10A74400D09FA4A265A516A8A5AAF1ACF1AEC9B084
:10A75400C6B22AB5DEB7DCBA36BE12C25BC6DACAE6
:10A764007ECF68D49ED908DF87E4FEE977EFB3F49F
:10A7740089F9DEFDE4000000FE00F803AC06D80809
:10A78400D60AB10C890E5310E011271333141F1588
:10A79400E21587161C17AB173918D3188B19441AEE
:10A7A400F11A9D1B751C7F1D9C1EA51FB020022243
:10A7B400E423612615298E2B7E2DED2E1730423190
:10A7C4009332EF3304359135C235E1352436923670
:10A7D4001B37A6372A38C2389439C43A5D3C353E13
:10A7E4001640D8415B43A544D9455E477849094C96
:10A7F400D94EB3516C5401577959C95BD95D895FFE
:10A80400D060E161016337644F6504666966CF66B1
:10A814009267E268D46A416DD56F3E7253742576AF
:10A82400C9775879DD7A527C997D617E7B7E0F7E73
:10A83400DF7C447B9179D977FA75BD7317710D6EFE
:10A84400AE6A1B6799636B60B75D895BA959B6579C
:10A854007B551A53BC50354E324BB84741440141E5
:10A86400D63D703AB436BA32B42EB22AA2266A223F
:10A874001A1ED319A3158111600D0E097D04DDFF85
:10A88400A5FB20F841F5DDF2CEF017EFE2ED2EED59
:10A89400C0EC45EC8DEBB2EADDE915E952E86DE771
:10A8A40034E67EE472E26AE091DEDFDC4CDBDCD984
:10A8B4006AD8F1D69FD59FD4D0D306D35ED2E2D145
:10A8C40078D1EFD05CD0CDCF23CF13CE84CCA3CA24
:10A8D400D7C851C7F9C58DC4F9C236C168BFC8BD50
:10A8E40093BCC4BB15BB2EBA03B9B6B772B642B596
:10A8F4001AB4E8B2A5B102B0ACADCDAAE5A749A59A
:10A90400C0A24DA0249E8B9C5B9B879A1C9A0E9A96
:10A914003A9A7B9ABD9AE99A139B529B7F9B829B9E
:10A92400699B729BA09BC09B879BB49A5499AD97DB
:10A934000C96CB94369463941A953896B597869969
:10A94400B59B659EAEA160A551A978ADFBB1D9B602
:10A95400E8BB1EC16BC692CB42D061D419D899DB37
:10A96400DCDEE4E1B9E455E7B8E90FEC9EEE67F10B
:10A9740063F4CEF716FC23FFFE00000018B5002098
:10A9840000000000030000000000003F0000000081
:10A9940000000000000000000000000000000000B3
:10A9A40000000000000000000000000000000000A3
:10A9B4000000000000000000000000000000000093
:10A9C4000000000000000000000000000000000083
:10A9D4000000000000000000000000000000000073
:10A9E4000000000000000000000000000000000063
:10A9F40028B50020B07A0020000000000000003FCD
:10AA04000000000000000000000000000000000042
:10AA14000000000000000000000000000000000032
:10AA24000000000000000000000000000000000022
:10AA34000000000000000000000000000000000012
:10AA44000000000000000000000000000000000002
:10AA540000000000000000000000000000000000F2
:10AA64000000000038B50020D08A0020000000005B
:10AA74000000003F00000000000000000000000093
:10AA840000000000000000000000000000000000C2
:10AA940000000000000000000000000000000000B2
:10AAA40000000000000000000000000000000000A2
:10AAB4000000000000000000000000000000000092
:10AAC4000000000000000000000000000000000082
:10AAD400000000000000000044B50020645F002076
:10AAE400000000000000003F000000000000000023
:10AAF4000000000000000000000000000000000052
:10AB04000000000000000000000000000000000041
:10AB14000000000000000000000000000000000031
:10AB24000000000000000000000000000000000021
:10AB34000000000000000000000000000000000011
:10AB44000000000000000000000000004CB50020E0
:10AB540000000000010000000000003F00000000B1
:10AB640000000000000000000000000000000000E1
:10AB7400000000006666E63ECDCCCC3E000000003E
:10AB840000000000000000000000000000000000C1
:10AB940000000000000000000000000000000000B1
:10ABA40000000000000000000000000000000000A1
:10ABB4000000000000000000000000000000000091
:10ABC40050B5002000000000030000000000003F1A
:10ABD4000000000000000000000000000000000071
:10ABE40000000000000000000000803ECDCC4C3E80
:10ABF4000000000000000000000000000000000051
:10AC04000000000000000000000000000000000040
:10AC14000000000000000000000000000000000030
:10AC24000000000000000000000000000000000020
:10AC34000000000058B500200000000003000000E0
:10AC44006666E63E0000000000000000CDCCCC3E6D
:10AC5400000040C1000000000000000000000000EF
:10AC640000000000000000000000000000000000E0
:10AC740000000000000000000000000000000000D0
:10AC840000000000000000000000000000000000C0
:10AC940000000000000000000000000000000000B0
:10ACA400000000000000000064B500200000000067
:10ACB400010000003D0AD73E000000000100000032
:10ACC400295C8F3E000040410000000000000000AD
:10ACD4006666E63ECDCCCC3E0000000000000000DD
:10ACE4000000000000000000000000000000000060
:10ACF4000000000000000000000000000000000050
:10AD0400000000000000000000000000000000003F
:10AD140000000000000000000000000074B50020E6
:10AD240000000000000000003D0AD73E00000000C3
:10AD340000000000EC51B83E0000E04000000000BC
:10AD440000000000000000000000000000000000FF
:10AD540000000000000000000000000000000000EF
:10AD640000000000000000000000000000000000DF
:10AD740000000000000000000000000000000000CF
:10AD840000000000000000000000000000000000BF
:10AD940080B500200000000001000000CDCCCC3EB6
:10ADA4000000000001000000CDCCCC3E00000000FB
:10ADB40000003041000000006666E63ECDCCCC3E8B
:10ADC400000000000000000000000000000000007F
:10ADD400000000000000000000000000000000006F
:10ADE400000000000000000000000000000000005F
:10ADF400000000000000000000000000000000004F
:10AE0400000000008CB500201C3B00200000000066
:10AE14006666E63E3045002000000000EC51B83E76
:10AE2400000040C10000804000000000CDCC4C3E3A
:10AE34009A99193E00000000000000000000000084
:10AE440000000000000000000000000000000000FE
:10AE540000000000000000000000000000000000EE
:10AE640000000000000000000000000000000000DE
:10AE7400000000000000000098B50020C0820020FF
:10AE8400000000003D0AD73E000000000000000062
:10AE94009A99993E000098410000000000000000CB
:10AEA400000000000000000000000000000000009E
:10AEB400000000000000000000000000000000008E
:10AEC400000000000000000000000000000000007E
:10AED400000000000000000000000000000000006E
:10AEE400000000000000000000000000A4B50020E5
:10AEF400000000000100000000000000000000004D
:10AF0400000000000000000000000000000000003D
:10AF1400010000000000000000000000000000002C
:10AF2400000000000000000000000000000000001D
:10AF3400000000000000000000000000000000000D
:10AF440000000000000000000000000000000000FD
:10AF540000000000000000000000000000000000ED
:10AF6400B4B5002000000000010000008195833E7C
:10AF740000000000010000001283403E00000000B9
:10AF84000000E04000000000CDCC4C3E000000007A
:10AF9400010000000000D2430000C8443333733F73
:10AFA40000000244000061440000003F00002F4400
:10AFB4004001000004010000000034430000003F91
:10AFC4000000E0416666A6400000824301000000E4
:10AFD4003333333F18B500200000000003000000A5
:10AFE4000000003F0000000000000000000000001E
:10AFF400000000000000000000000000000000004D
:10B00400000000000000000000000000000000003C
:10B01400000000000000000000000000000000002C
:10B02400000000000000000000000000000000001C
:10B03400000000000000000000000000000000000C
:10B04400000000000000000028B50020B87E0020A9
:10B05400000000000000003F0000000000000000AD
:10B0640000000000000000000000000000000000DC
:10B0740000000000000000000000000000000000CC
:10B0840000000000000000000000000000000000BC
:10B0940000000000000000000000000000000000AC
:10B0A400000000000000000000000000000000009C
:10B0B40000000000000000000000000038B500207F
:10B0C400D88E0020000000000000003F00000000B7
:10B0D400000000000000000000000000000000006C
:10B0E400000000000000000000000000000000005C
:10B0F400000000000000000000000000000000004C
:10B10400000000000000000000000000000000003B
:10B11400000000000000000000000000000000002B
:10B12400000000000000000000000000000000001B
:10B1340044B5002070650020000000000000003FBE
:10B1440000000000000000000000000000000000FB
:10B1540000000000000000000000000000000000EB
:10B1640000000000000000000000000000000000DB
:10B1740000000000000000000000000000000000CB
:10B1840000000000000000000000000000000000BB
:10B1940000000000000000000000000000000000AB
:10B1A400000000004CB50020000000000100000079
:10B1B4000000003F0000000000000000000000004C
:10B1C4000000000000000000000000006666E63E8B
:10B1D400CDCCCC3E000000000000000000000000C8
:10B1E400000000000000000000000000000000005B
:10B1F400000000000000000000000000000000004B
:10B20400000000000000000000000000000000003A
:10B21400000000000000000050B500200000000005
:10B22400030000000000003F0000000000000000D8
:10B23400000000000000000000000000000000000A
:10B244000000803ECDCC4C3E000000000000000019
:10B2540000000000000000000000000000000000EA
:10B2640000000000000000000000000000000000DA
:10B2740000000000000000000000000000000000CA
:10B2840000000000000000000000000058B500208D
:10B2940000000000030000006666E63E00000000B7
:10B2A40000000000CDCCCC3E000040C100000000F6
:10B2B400000000000000000000000000000000008A
:10B2C400000000000000000000000000000000007A
:10B2D400000000000000000000000000000000006A
:10B2E400000000000000000000000000000000005A
:10B2F400000000000000000000000000000000004A
:10B3040064B5002000000000010000003D0AD73EA3
:10B314000000000001000000295C8F3E0000404155
:10B3240000000000000000006666E63ECDCCCC3E86
:10B334000000000000000000000000000000000009
:10B3440000000000000000000000000000000000F9
:10B3540000000000000000000000000000000000E9
:10B3640000000000000000000000000000000000D9
:10B374000000000074B50020000000000000000080
:10B384003D0AD73E0000000000000000EC51B83E2A
:10B394000000E04000000000000000000000000089
:10B3A4000000000000000000000000000000000099
:10B3B4000000000000000000000000000000000089
:10B3C4000000000000000000000000000000000079
:10B3D4000000000000000000000000000000000069
:10B3E400000000000000000080B500200000000004
:10B3F40001000000CDCCCC3E0000000001000000A4
:10B40400CDCCCC3E00000000000030410000000024
:10B414006666E63ECDCCCC3E000000000000000095
:10B424000000000000000000000000000000000018
:10B434000000000000000000000000000000000008
:10B4440000000000000000000000000000000000F8
:10B454000000000000000000000000008CB5002087
:10B46400203D0020000000006666E63E38490020CA
:10B4740000000000EC51B83E000040C100008040D4
:10B4840000000000CDCC4C3E9A99193E000000000B
:10B4940000000000000000000000000000000000A8
:10B4A4000000000000000000000000000000000098
:10B4B4000000000000000000000000000000000088
:10B4C4000000000000000000000000000000000078
:10B4D40098B50020C4840020000000003D0AD73E37
:10B4E40000000000000000009A99993E0000984175
:10B4F4000000000000000000000000000000000048
:10B504000000000000000000000000000000000037
:10B514000000000000000000000000000000000027
:10B524000000000000000000000000000000000017
:10B534000000000000000000000000000000000007
:10B5440000000000A4B5002000000000010000007D
:10B5540000000000000000000000000000000000E7
:10B5640000000000000000000100000000000000D6
:10B5740000000000000000000000000000000000C7
:10B5840000000000000000000000000000000000B7
:10B5940000000000000000000000000000000000A7
:10B5A4000000000000000000000000000000000097
:10B5B4000000000000000000B4B5002000000000FE
:10B5C400010000008195833E00000000010000009E
:10B5D4001283403E000000000000E0400000000034
:10B5E400CDCC4C3E00000000010000000000D2431E
:10B5F4000000C8443333733F000002440000614438
:10B604000000003F00002F4440010000040100003E
:10B61400000034430000003F0000E0416666A6409D
:10B6240000008243010000003333333F221812101C
:10B634000800000022181210080000001E16121044
:10B644000E0000001E1612100E00000001705502BC
:10B654000000020000020000013C37020000015F0C
:10B66400550200000200000200000137370000000C
:10B6740001645A01465001645A01465001645A015A
:10B68400465001645A014650015F37000000000033
:10B6940000015F37000000000000015F3700000078
:10B6A400000000015F37000000000000D00097098F
:10B6B4003612321B4224922DEF36E23FCF483451EA
:10B6C40038597E6031671C6D4E729576207ACC7C39
:10B6D400987EA17FFF7F447F3F7E297DBE7AA1783B
:10B6E400E575CD7200706E6C4D69C9658D62305F11
:10B6F400DF5B91580755FF51A94EB34B7C488F45EA
:10B70400A142EF3F203D843A013866351A33C830F0
:10B71400AB2E7F2C762A6A288C268324CA22F42016
:10B72400281F891DBD1BFE197118A116E31450139F
:10B734007511D40F1E0E5F0CAD0ADE0822075505E5
:10B744008C03DC01F4FF1DFE6EFC8FFAABF8E9F606
:10B75400EBF42AF369F18BEFB6EDE8EB2FEA64E83A
:10B764009FE6BDE410E331E172DFC9DDECDB3BDAD7
:10B774005AD88FD6C3D4FCD22BD16ACF74CDA8CBE0
:10B78400E2C9E2C72FC633C46EC28EC0ADBED3BCFD
:10B7940001BB19B955B77CB599B3F7B10BB080AEFD
:10B7A400D6AC31ABD0A94BA8E4A6A3A545A435A338
:10B7B40029A22BA181A0DF9F4E9FF89ED59ED49EE7
:10B7C400139F809F3AA047A18EA23FA440A6B1A890
:10B7D400D4AB45AF89B339B868BD4BC3D3C9D4D052
:10B7E40066D875E0E6E8C3F1A5FAF003DE0CB215FD
:10B7F400611E9426522E5335AD3B544127461A4AB6
:10B80400354D704FE050B5519D51EE50AA4FD04D7B
:10B81400924BBB48A9454F42C23E1B3B4A37343387
:10B82400632F4F2B4B279B23AA1FE21B3D188A141F
:10B834004E11FA0DB20AB907A804DE0126FFB4FCC2
:10B8440047FACEF765F55CF313F109EF34ED11EB2C
:10B854006EE960E7A7E5FCE327E2A8E0E4DE53DD58
:10B8640092DBFAD96AD8D0D642D5A3D336D286D0C1
:10B8740014CFB8CD30CCEECAADC95DC836C71DC62D
:10B8840032C56AC4B2C337C3E4C2DFC222C38CC3A5
:10B894004EC479C51EC7FDC85ACB1DCE97D182D5DB
:10B8A400FAD911DF9EE4ECEA99F1DDF8D00000004A
:10B8B400D00097093612321B4224922DEF36E23F14
:10B8C400CF48345138597E6031671C6D4E7295767D
:10B8D400207ACC7C987EA17FFF7F447F3F7E297DA8
:10B8E400BE7AA178E575CD7200706E6C4D69C9653C
:10B8F4008D62305FDF5B91580755FF51A94EB34B02
:10B904007C488F45A142EF3F203D843A013866359B
:10B914001A33C830AB2E7F2C762A6A288C268324CF
:10B92400CA22F420281F891DBD1BFE197118A116F7
:10B93400E31450137511D40F1E0E5F0CAD0ADE080C
:10B94400220755058C03DC01F4FF1DFE6EFC8FFA03
:10B95400ABF8E9F6EBF42AF369F18BEFB6EDE8EB1B
:10B964002FEA64E89FE6BDE410E331E172DFC9DD4C
:10B97400ECDB3BDA5AD88FD6C3D4FCD22BD16ACFB6
:10B9840074CDA8CBE2C9E2C72FC633C46EC28EC041
:10B99400ADBED3BC01BB19B955B77CB599B3F7B1EA
:10B9A4000BB080AED6AC31ABD0A94BA8E4A6A3A50E
:10B9B40045A435A329A22BA181A0DF9F4E9FF89E09
:10B9C400D59ED49E139F809F3AA047A18EA23FA4E8
:10B9D40040A6B1A8D4AB45AF89B339B868BD4BC351
:10B9E400D3C9D4D066D875E0E6E8C3F1A5FAF0036C
:10B9F400DE0CB215611E9426522E5335AD3B5441D4
:10BA040027461A4A354D704FE050B5519D51EE50BE
:10BA1400AA4FD04D924BBB48A9454F42C23E1B3B57
:10BA24004A373433632F4F2B4B279B23AA1FE21B28
:10BA34003D188A144E11FA0DB20AB907A804DE01A2
:10BA440026FFB4FC47FACEF765F55CF313F109EF72
:10BA540034ED11EB6EE960E7A7E5FCE327E2A8E02B
:10BA6400E4DE53DD92DBFAD96AD8D0D642D5A3D32B
:10BA740036D286D014CFB8CD30CCEECAADC95DC8AD
:10BA840036C71DC632C56AC4B2C337C3E4C2DFC2F7
:10BA940022C38CC34EC479C51EC7FDC85ACB1DCE64
:10BAA40097D182D5FAD911DF9EE4ECEA99F1DDF859
:10BAB400D0000000D00097093612321B4224922D88
:10BAC400EF36E23FCF48345138597E6031671C6D00
:10BAD4004E729576207ACC7C987EA17FFF7F447F3E
:10BAE4003F7E297DBE7AA178E575CD7200706E6CBB
:10BAF4004D69C9658D62305FDF5B91580755FF5111
:10BB0400A94EB34B7C488F45A142EF3F203D843A78
:10BB1400013866351A33C830AB2E7F2C762A6A2852
:10BB24008C268324CA22F420281F891DBD1BFE19DC
:10BB34007118A116E31450137511D40F1E0E5F0C67
:10BB4400AD0ADE08220755058C03DC01F4FF1DFE57
:10BB54006EFC8FFAABF8E9F6EBF42AF369F18BEF9C
:10BB6400B6EDE8EB2FEA64E89FE6BDE410E331E1CB
:10BB740072DFC9DDECDB3BDA5AD88FD6C3D4FCD2F2
:10BB84002BD16ACF74CDA8CBE2C9E2C72FC633C488
:10BB94006EC28EC0ADBED3BC01BB19B955B77CB55E
:10BBA40099B3F7B10BB080AED6AC31ABD0A94BA8EA
:10BBB400E4A6A3A545A435A329A22BA181A0DF9FB8
:10BBC4004E9FF89ED59ED49E139F809F3AA047A176
:10BBD4008EA23FA440A6B1A8D4AB45AF89B339B86F
:10BBE40068BD4BC3D3C9D4D066D875E0E6E8C3F1C9
:10BBF400A5FAF003DE0CB215611E9426522E5335BD
:10BC0400AD3B544127461A4A354D704FE050B5516B
:10BC14009D51EE50AA4FD04D924BBB48A9454F427F
:10BC2400C23E1B3B4A373433632F4F2B4B279B2396
:10BC3400AA1FE21B3D188A144E11FA0DB20AB90765
:10BC4400A804DE0126FFB4FC47FACEF765F55CF3E1
:10BC540013F109EF34ED11EB6EE960E7A7E5FCE3BE
:10BC640027E2A8E0E4DE53DD92DBFAD96AD8D0D625
:10BC740042D5A3D336D286D014CFB8CD30CCEECAB9
:10BC8400ADC95DC836C71DC632C56AC4B2C337C3A1
:10BC9400E4C2DFC222C38CC34EC479C51EC7FDC82B
:10BCA4005ACB1DCE97D182D5FAD911DF9EE4ECEAA6
:10BCB40099F1DDF8D0000000D00097093612321B4C
:10BCC4004224922DEF36E23FCF48345138597E60FA
:10BCD40031671C6D4E729576207ACC7C987EA17F5C
:10BCE400FF7F447F3F7E297DBE7AA178E575CD72C2
:10BCF40000706E6C4D69C9658D62305FDF5B915871
:10BD04000755FF51A94EB34B7C488F45A142EF3FE5
:10BD1400203D843A013866351A33C830AB2E7F2C67
:10BD2400762A6A288C268324CA22F420281F891D97
:10BD3400BD1BFE197118A116E31450137511D40F0D
:10BD44001E0E5F0CAD0ADE08220755058C03DC01CC
:10BD5400F4FF1DFE6EFC8FFAABF8E9F6EBF42AF360
:10BD640069F18BEFB6EDE8EB2FEA64E89FE6BDE4FA
:10BD740010E331E172DFC9DDECDB3BDA5AD88FD650
:10BD8400C3D4FCD22BD16ACF74CDA8CBE2C9E2C70D
:10BD94002FC633C46EC28EC0ADBED3BC01BB19B9AD
:10BDA40055B77CB599B3F7B10BB080AED6AC31AB17
:10BDB400D0A94BA8E4A6A3A545A435A329A22BA1E9
:10BDC40081A0DF9F4E9FF89ED59ED49E139F809F97
:10BDD4003AA047A18EA23FA440A6B1A8D4AB45AFD8
:10BDE40089B339B868BD4BC3D3C9D4D066D875E01C
:10BDF400E6E8C3F1A5FAF003DE0CB215611E942641
:10BE0400522E5335AD3B544127461A4A354D704F97
:10BE1400E050B5519D51EE50AA4FD04D924BBB48C6
:10BE2400A9454F42C23E1B3B4A373433632F4F2B45
:10BE34004B279B23AA1FE21B3D188A144E11FA0DAF
:10BE4400B20AB907A804DE0126FFB4FC47FACEF70C
:10BE540065F55CF313F109EF34ED11EB6EE960E77E
:10BE6400A7E5FCE327E2A8E0E4DE53DD92DBFAD9A0
:10BE74006AD8D0D642D5A3D336D286D014CFB8CD83
:10BE840030CCEECAADC95DC836C71DC632C56AC45A
:10BE9400B2C337C3E4C2DFC222C38CC34EC479C564
:10BEA4001EC7FDC85ACB1DCE97D182D5FAD911DF52
:10BEB4009EE4ECEA99F1DDF8D0000000D000970987
:10BEC4003612321B4224922DEF36E23FCF483451D2
:10BED40038597E6031671C6D4E729576207ACC7C21
:10BEE400987EA17FFF7F447F3F7E297DBE7AA17823
:10BEF400E575CD7200706E6C4D69C9658D62305FF9
:10BF0400DF5B91580755FF51A94EB34B7C488F45D1
:10BF1400A142EF3F203D843A013866351A33C830D8
:10BF2400AB2E7F2C762A6A288C268324CA22F420FE
:10BF3400281F891DBD1BFE197118A116E314501387
:10BF44007511D40F1E0E5F0CAD0ADE0822075505CD
:10BF54008C03DC01F4FF1DFE6EFC8FFAABF8E9F6EE
:10BF6400EBF42AF369F18BEFB6EDE8EB2FEA64E822
:10BF74009FE6BDE410E331E172DFC9DDECDB3BDABF
:10BF84005AD88FD6C3D4FCD22BD16ACF74CDA8CBC8
:10BF9400E2C9E2C72FC633C46EC28EC0ADBED3BCE5
:10BFA40001BB19B955B77CB599B3F7B10BB080AEE5
:10BFB400D6AC31ABD0A94BA8E4A6A3A545A435A320
:10BFC40029A22BA181A0DF9F4E9FF89ED59ED49ECF
:10BFD400139F809F3AA047A18EA23FA440A6B1A878
:10BFE400D4AB45AF89B339B868BD4BC3D3C9D4D03A
:10BFF40066D875E0E6E8C3F1A5FAF003DE0CB215E5
:10C00400611E9426522E5335AD3B544127461A4A9D
:10C01400354D704FE050B5519D51EE50AA4FD04D63
:10C02400924BBB48A9454F42C23E1B3B4A3734336F
:10C03400632F4F2B4B279B23AA1FE21B3D188A1407
:10C044004E11FA0DB20AB907A804DE0126FFB4FCAA
:10C0540047FACEF765F55CF313F109EF34ED11EB14
:10C064006EE960E7A7E5FCE327E2A8E0E4DE53DD40
:10C0740092DBFAD96AD8D0D642D5A3D336D286D0A9
:10C0840014CFB8CD30CCEECAADC95DC836C71DC615
:10C0940032C56AC4B2C337C3E4C2DFC222C38CC38D
:10C0A4004EC479C51EC7FDC85ACB1DCE97D182D5C3
:10C0B400FAD911DF9EE4ECEA99F1DDF8D000000032
:10C0C4000103E20B00154D1EA427ED30F0399A420E
:10C0D400DF4A9F52C4594B602066546BD46FB173CE
:10C0E400E77680797F7BF87CEC7D647E6E7E117EC2
:10C0F400537D427CE17A3E795B773E75ED726D70DB
:10C10400C76DFD6A0C68FD64D561975E465BE157B7
:10C114006654E050524DB34914466842B83E073B5A
:10C124005537A833FD2F592CB5281E259321191EE8
:10C13400A91A4C17FE13C310A30D950A9B07BB0441
:10C14400F5014CFFBFFC4AFAF5F7BCF5A0F3A9F1E1
:10C15400CFEF12EE77ECFBEAA2E96FE85DE776E653
:10C16400B9E52CE5D0E4A5E4ACE4DFE440E5C3E5BF
:10C1740067E620E7EAE7BDE893E961EA26EBE0EB4E
:10C1840089EC1EEDA6ED19EE79EECDEE0DEF46EF3E
:10C194006DEF8CEFA5EFB4EFBFEFC6EFCCEFCDEFB3
:10C1A400C9EFC6EFC2EFBDEFB5EFAEEFA2EF92EF6E
:10C1B40080EF67EF49EF25EFF7EEC1EE82EE38EE40
:10C1C400E3ED83ED18EDA1EC1CEC8EEBF2EA4BEA07
:10C1D4009BE9DEE819E84AE776E69BE5B9E4D0E3B3
:10C1E400E5E2F5E102E113E01DDF2CDE39DD47DC99
:10C1F4005BDB72DA91D9B4D8E1D71CD76DD6D4D52C
:10C204005AD50AD5EDD407D571D528D637D7A8D8AD
:10C214007EDAB1DC43DF25E24EE5ADE82CECC1EF7C
:10C2240057F3E0F647FA80FD7E003C03B105D607DC
:10C23400A309180B390C040D730D910D5E0DDD0C63
:10C24400160C090BB80933087B068E0479023F00EB
:10C25400E6FD76FBECF853F6ACF3FDF04FEE9FEB06
:10C26400F3E84FE6B4E32DE1B9DE55DC0BDAD7D7BA
:10C27400BDD5BED3E1D11ED077CEF0CC8ACB42CA95
:10C2840014C909C819C746C691C5FAC478C416C4E6
:10C29400CEC39DC387C38DC3ACC3E7C33FC4B6C479
:10C2A4004FC511C6FFC624C88DC940CB56CDDECFBD
:10C2B400E7D284D6C9DAC6DF77E5E1EBFFF2E1FA2B
:10C2C400010300000103E20B00154D1EA427ED300D
:10C2D400F0399A42DF4A9F52C4594B602066546B2E
:10C2E400D46FB173E77680797F7BF87CEC7D647ED4
:10C2F4006E7E117E537D427CE17A3E795B773E759A
:10C30400ED726D70C76DFD6A0C68FD64D561975E52
:10C31400465BE1576654E050524DB34914466842B7
:10C32400B83E073B5537A833FD2F592CB5281E2599
:10C334009321191EA91A4C17FE13C310A30D950AB5
:10C344009B07BB04F5014CFFBFFC4AFAF5F7BCF5AB
:10C35400A0F3A9F1CFEF12EE77ECFBEAA2E96FE8C4
:10C364005DE776E6B9E52CE5D0E4A5E4ACE4DFE4EA
:10C3740040E5C3E567E620E7EAE7BDE893E961EA5B
:10C3840026EBE0EB89EC1EEDA6ED19EE79EECDEE91
:10C394000DEF46EF6DEF8CEFA5EFB4EFBFEFC6EFF7
:10C3A400CCEFCDEFC9EFC6EFC2EFBDEFB5EFAEEF07
:10C3B400A2EF92EF80EF67EF49EF25EFF7EEC1EEC2
:10C3C40082EE38EEE3ED83ED18EDA1EC1CEC8EEB80
:10C3D400F2EA4BEA9BE9DEE819E84AE776E69BE5F0
:10C3E400B9E4D0E3E5E2F5E102E113E01DDF2CDE80
:10C3F40039DD47DC5BDB72DA91D9B4D8E1D71CD7DD
:10C404006DD6D4D55AD50AD5EDD407D571D528D64D
:10C4140037D7A8D87EDAB1DC43DF25E24EE5ADE8B4
:10C424002CECC1EF57F3E0F647FA80FD7E003C03A5
:10C43400B105D607A309180B390C040D730D910D22
:10C444005E0DDD0C160C090BB80933087B068E044F
:10C4540079023F00E6FD76FBECF853F6ACF3FDF011
:10C464004FEE9FEBF3E84FE6B4E32DE1B9DE55DC84
:10C474000BDAD7D7BDD5BED3E1D11ED077CEF0CC61
:10C484008ACB42CA14C909C819C746C691C5FAC499
:10C4940078C416C4CEC39DC387C38DC3ACC3E7C3DE
:10C4A4003FC4B6C44FC511C6FFC624C88DC940CB0E
:10C4B40056CDDECFE7D284D6C9DAC6DF77E5E1EB25
:10C4C400FFF2E1FA010300000103E20B00154D1E27
:10C4D400A427ED30F0399A42DF4A9F52C4594B6089
:10C4E4002066546BD46FB173E77680797F7BF87CD8
:10C4F400EC7D647E6E7E117E537D427CE17A3E79D2
:10C504005B773E75ED726D70C76DFD6A0C68FD64F6
:10C51400D561975E465BE1576654E050524DB3498E
:10C5240014466842B83E073B5537A833FD2F592CB3
:10C53400B5281E259321191EA91A4C17FE13C310E2
:10C54400A30D950A9B07BB04F5014CFFBFFC4AFAF7
:10C55400F5F7BCF5A0F3A9F1CFEF12EE77ECFBEA07
:10C56400A2E96FE85DE776E6B9E52CE5D0E4A5E459
:10C57400ACE4DFE440E5C3E567E620E7EAE7BDE8CD
:10C5840093E961EA26EBE0EB89EC1EEDA6ED19EEEA
:10C5940079EECDEE0DEF46EF6DEF8CEFA5EFB4EF36
:10C5A400BFEFC6EFCCEFCDEFC9EFC6EFC2EFBDEFE3
:10C5B400B5EFAEEFA2EF92EF80EF67EF49EF25EF13
:10C5C400F7EEC1EE82EE38EEE3ED83ED18EDA1EC6B
:10C5D4001CEC8EEBF2EA4BEA9BE9DEE819E84AE749
:10C5E40076E69BE5B9E4D0E3E5E2F5E102E113E0A8
:10C5F4001DDF2CDE39DD47DC5BDB72DA91D9B4D880
:10C60400E1D71CD76DD6D4D55AD50AD5EDD407D5E4
:10C6140071D528D637D7A8D87EDAB1DC43DF25E236
:10C624004EE5ADE82CECC1EF57F3E0F647FA80FD98
:10C634007E003C03B105D607A309180B390C040D81
:10C64400730D910D5E0DDD0C160C090BB809330842
:10C654007B068E0479023F00E6FD76FBECF853F688
:10C66400ACF3FDF04FEE9FEBF3E84FE6B4E32DE1BE
:10C67400B9DE55DC0BDAD7D7BDD5BED3E1D11ED098
:10C6840077CEF0CC8ACB42CA14C909C819C746C6AA
:10C6940091C5FAC478C416C4CEC39DC387C38DC3E1
:10C6A400ACC3E7C33FC4B6C44FC511C6FFC624C854
:10C6B4008DC940CB56CDDECFE7D284D6C9DAC6DFEA
:10C6C40077E5E1EBFFF2E1FA0103000070008C056D
:10C6D400EA0AD00FB013D316F1199B1DE0215B2693
:10C6E4006B2A802D772FA4307C314F326033FE3497
:10C6F400A737DA3BE9418A49CD516C59625F5E63E1
:10C70400D06599679269196C066FF0717E74A27690
:10C714008978617A277CA67DB77E637FD87FFE7F88
:10C72400367F457CDB75656BA85DB54E22411137BC
:10C734006A31B82F97306E32FD338534C333C43138
:10C74400BE2EFA2ABC262522061DE6162F0FA105A9
:10C75400BBFAC8EF7FE636E024DD52DC2ADC4FDB8F
:10C764003CD925D689D2A1CE58CA98C5A6C027BC23
:10C77400D7B82EB72BB75FB810BA6DBBA9BB1FBA19
:10C784007FB6F5B02BAA47A3B39DB79A009B5B9ED7
:10C79400D7A33EAABBB015B765BD91C312C937CDA7
:10C7A4009CCF61D0EFCF90CE45CCF6C8E4C4E7C0AF
:10C7B40027BEACBDFBBFD1C422CB6FD148D6E2D8D3
:10C7C40068D9D0D84FD8D0D8D1DA7DDEDEE3B5EA47
:10C7D40045F27DF973FFF2038F07120BCD0E56124B
:10C7E400F21435165A163116A7167E18021C0521A6
:10C7F400CF26562CA5305833B4345535BD351A36AA
:10C804006C36C1365B3775381F3A393CA13E4C4112
:10C814002F442247CB49C74BCA4CA34C414BBD487C
:10C824007B453742BA3F793E6A3E213F2F40404123
:10C8340019426642C8410640433DE6395436BF3288
:10C84400232F722B9B276E23B51E4A1962138E0D5C
:10C854006A081D043A0007FCFDF618F1C5EA95E4E0
:10C86400EFDE00DABAD5D7D1EACD87C98DC43FBF90
:10C8740025BAC2B54CB2A3AF71AD63AB55A95EA7DF
:10C88400C8A5E3A4B8A4C7A41FA4DDA1BD9D629854
:10C8940019932F8F738D198ED9901D950D9ACA9E59
:10C8A400CEA249A621AA3FAFC8B5BFBC9CC254C6FC
:10C8B40015C820C9F3CA73CE92D39AD9A2DF03E56F
:10C8C40070E90FED64F0EFF3CCF7E2FB70000000C9
:10C8D40070008C05EA0AD00FB013D316F1199B1D12
:10C8E400E0215B266B2A802D772FA4307C314F32D8
:10C8F4006033FE34A737DA3BE9418A49CD516C599C
:10C90400625F5E63D06599679269196C066FF07116
:10C914007E74A2768978617A277CA67DB77E637F50
:10C92400D87FFE7F367F457CDB75656BA85DB54E91
:10C93400224111376A31B82F97306E32FD33853476
:10C94400C333C431BE2EFA2ABC262522061DE616A0
:10C954002F0FA105BBFAC8EF7FE636E024DD52DCD9
:10C964002ADC4FDB3CD925D689D2A1CE58CA98C53A
:10C97400A6C027BCD7B82EB72BB75FB810BA6DBB0B
:10C98400A9BB1FBA7FB6F5B02BAA47A3B39DB79A2C
:10C99400009B5B9ED7A33EAABBB015B765BD91C3F0
:10C9A40012C937CD9CCF61D0EFCF90CE45CCF6C81D
:10C9B400E4C4E7C027BEACBDFBBFD1C422CB6FD15A
:10C9C40048D6E2D868D9D0D84FD8D0D8D1DA7DDECD
:10C9D400DEE3B5EA45F27DF973FFF2038F07120B2C
:10C9E400CD0E5612F21435165A163116A7167E18A5
:10C9F400021C0521CF26562CA5305833B4345535A6
:10CA0400BD351A366C36C1365B3775381F3A393C3A
:10CA1400A13E4C412F442247CB49C74BCA4CA34C9F
:10CA2400414BBD487B453742BA3F793E6A3E213F80
:10CA34002F40404119426642C8410640433DE63911
:10CA44005436BF32232F722B9B276E23B51E4A19EF
:10CA540062138E0D6A081D043A0007FCFDF618F1F6
:10CA6400C5EA95E4EFDE00DABAD5D7D1EACD87C9B5
:10CA74008DC43FBF25BAC2B54CB2A3AF71AD63AB91
:10CA840055A95EA7C8A5E3A4B8A4C7A41FA4DDA1A3
:10CA9400BD9D629819932F8F738D198ED9901D9512
:10CAA4000D9ACA9ECEA249A621AA3FAFC8B5BFBC63
:10CAB4009CC254C615C820C9F3CA73CE92D39AD95E
:10CAC400A2DF03E570E90FED64F0EFF3CCF7E2FBCE
:10CAD4007000000070008C05EA0AD00FB013D31662
:10CAE400F1199B1DE0215B266B2A802D772FA43042
:10CAF4007C314F326033FE34A737DA3BE9418A494F
:10CB0400CD516C59625F5E63D06599679269196C07
:10CB1400066FF0717E74A2768978617A277CA67D8F
:10CB2400B77E637FD87FFE7F367F457CDB75656B80
:10CB3400A85DB54E224111376A31B82F97306E3255
:10CB4400FD338534C333C431BE2EFA2ABC262522D4
:10CB5400061DE6162F0FA105BBFAC8EF7FE636E0E7
:10CB640024DD52DC2ADC4FDB3CD925D689D2A1CE88
:10CB740058CA98C5A6C027BCD7B82EB72BB75FB87C
:10CB840010BA6DBBA9BB1FBA7FB6F5B02BAA47A3D9
:10CB9400B39DB79A009B5B9ED7A33EAABBB015B7C3
:10CBA40065BD91C312C937CD9CCF61D0EFCF90CE74
:10CBB40045CCF6C8E4C4E7C027BEACBDFBBFD1C4B6
:10CBC40022CB6FD148D6E2D868D9D0D84FD8D0D8A4
:10CBD400D1DA7DDEDEE3B5EA45F27DF973FFF203D7
:10CBE4008F07120BCD0E5612F21435165A16311643
:10CBF400A7167E18021C0521CF26562CA5305833C3
:10CC0400B4345535BD351A366C36C1365B37753894
:10CC14001F3A393CA13E4C412F442247CB49C74BD4
:10CC2400CA4CA34C414BBD487B453742BA3F793E81
:10CC34006A3E213F2F40404119426642C8410640A6
:10CC4400433DE6395436BF32232F722B9B276E2384
:10CC5400B51E4A1962138E0D6A081D043A0007FCBA
:10CC6400FDF618F1C5EA95E4EFDE00DABAD5D7D1BE
:10CC7400EACD87C98DC43FBF25BAC2B54CB2A3AFB4
:10CC840071AD63AB55A95EA7C8A5E3A4B8A4C7A4B6
:10CC94001FA4DDA1BD9D629819932F8F738D198EEA
:10CCA400D9901D950D9ACA9ECEA249A621AA3FAF3E
:10CCB400C8B5BFBC9CC254C615C820C9F3CA73CE3C
:10CCC40092D39AD9A2DF03E570E90FED64F0EFF394
:10CCD400CCF7E2FB7000000070008C05EA0AD00F6C
:10CCE400B013D316F1199B1DE0215B266B2A802D0E
:10CCF400772FA4307C314F326033FE34A737DA3BD0
:10CD0400E9418A49CD516C59625F5E63D065996788
:10CD14009269196C066FF0717E74A2768978617AD3
:10CD2400277CA67DB77E637FD87FFE7F367F457CD8
:10CD3400DB75656BA85DB54E224111376A31B82F9A
:10CD440097306E32FD338534C333C431BE2EFA2A94
:10CD5400BC262522061DE6162F0FA105BBFAC8EF37
:10CD64007FE636E024DD52DC2ADC4FDB3CD925D6D5
:10CD740089D2A1CE58CA98C5A6C027BCD7B82EB7A9
:10CD84002BB75FB810BA6DBBA9BB1FBA7FB6F5B09D
:10CD94002BAA47A3B39DB79A009B5B9ED7A33EAA39
:10CDA400BBB015B765BD91C312C937CD9CCF61D057
:10CDB400EFCF90CE45CCF6C8E4C4E7C027BEACBDE7
:10CDC400FBBFD1C422CB6FD148D6E2D868D9D0D822
:10CDD4004FD8D0D8D1DA7DDEDEE3B5EA45F27DF96D
:10CDE40073FFF2038F07120BCD0E5612F214351691
:10CDF4005A163116A7167E18021C0521CF26562C6A
:10CE0400A5305833B4345535BD351A366C36C13671
:10CE14005B3775381F3A393CA13E4C412F442247B9
:10CE2400CB49C74BCA4CA34C414BBD487B45374209
:10CE3400BA3F793E6A3E213F2F4040411942664243
:10CE4400C8410640433DE6395436BF32232F722B86
:10CE54009B276E23B51E4A1962138E0D6A081D04A2
:10CE64003A0007FCFDF618F1C5EA95E4EFDE00DAB6
:10CE7400BAD5D7D1EACD87C98DC43FBF25BAC2B5CB
:10CE84004CB2A3AF71AD63AB55A95EA7C8A5E3A42B
:10CE9400B8A4C7A41FA4DDA1BD9D629819932F8FC8
:10CEA400738D198ED9901D950D9ACA9ECEA249A64E
:10CEB40021AA3FAFC8B5BFBC9CC254C615C820C97F
:10CEC400F3CA73CE92D39AD9A2DF03E570E90FEDCA
:10CED40064F0EFF3CCF7E2FB7000000070008C0507
:10CEE400EA0AD00FB013D316F1199B1DE0215B267B
:10CEF4006B2A802D772FA4307C314F326033FE347F
:10CF0400A737DA3BE9418A49CD516C59625F5E63C8
:10CF1400D06599679269196C066FF0717E74A27678
:10CF24008978617A277CA67DB77E637FD87FFE7F70
:10CF3400367F457CDB75656BA85DB54E22411137A4
:10CF44006A31B82F97306E32FD338534C333C43120
:10CF5400BE2EFA2ABC262522061DE6162F0FA10591
:10CF6400BBFAC8EF7FE636E024DD52DC2ADC4FDB77
:10CF74003CD925D689D2A1CE58CA98C5A6C027BC0B
:10CF8400D7B82EB72BB75FB810BA6DBBA9BB1FBA01
:10CF94007FB6F5B02BAA47A3B39DB79A009B5B9EBF
:10CFA400D7A33EAABBB015B765BD91C312C937CD8F
:10CFB4009CCF61D0EFCF90CE45CCF6C8E4C4E7C097
:10CFC40027BEACBDFBBFD1C422CB6FD148D6E2D8BB
:10CFD40068D9D0D84FD8D0D8D1DA7DDEDEE3B5EA2F
:10CFE40045F27DF973FFF2038F07120BCD0E561233
:10CFF400F21435165A163116A7167E18021C05218E
:10D00400CF26562CA5305833B4345535BD351A3691
:10D014006C36C1365B3775381F3A393CA13E4C41FA
:10D024002F442247CB49C74BCA4CA34C414BBD4864
:10D034007B453742BA3F793E6A3E213F2F4040410B
:10D0440019426642C8410640433DE6395436BF3270
:10D05400232F722B9B276E23B51E4A1962138E0D44
:10D064006A081D043A0007FCFDF618F1C5EA95E4C8
:10D07400EFDE00DABAD5D7D1EACD87C98DC43FBF78
:10D0840025BAC2B54CB2A3AF71AD63AB55A95EA7C7
:10D09400C8A5E3A4B8A4C7A41FA4DDA1BD9D62983C
:10D0A40019932F8F738D198ED9901D950D9ACA9E41
:10D0B400CEA249A621AA3FAFC8B5BFBC9CC254C6E4
:10D0C40015C820C9F3CA73CE92D39AD9A2DF03E557
:10D0D40070E90FED64F0EFF3CCF7E2FB70000000B1
:10D0E40070008C05EA0AD00FB013D316F1199B1DFA
:10D0F400E0215B266B2A802D772FA4307C314F32C0
:10D104006033FE34A737DA3BE9418A49CD516C5983
:10D11400625F5E63D06599679269196C066FF071FE
:10D124007E74A2768978617A277CA67DB77E637F38
:10D13400D87FFE7F367F457CDB75656BA85DB54E79
:10D14400224111376A31B82F97306E32FD3385345E
:10D15400C333C431BE2EFA2ABC262522061DE61688
:10D164002F0FA105BBFAC8EF7FE636E024DD52DCC1
:10D174002ADC4FDB3CD925D689D2A1CE58CA98C522
:10D18400A6C027BCD7B82EB72BB75FB810BA6DBBF3
:10D19400A9BB1FBA7FB6F5B02BAA47A3B39DB79A14
:10D1A400009B5B9ED7A33EAABBB015B765BD91C3D8
:10D1B40012C937CD9CCF61D0EFCF90CE45CCF6C805
:10D1C400E4C4E7C027BEACBDFBBFD1C422CB6FD142
:10D1D40048D6E2D868D9D0D84FD8D0D8D1DA7DDEB5
:10D1E400DEE3B5EA45F27DF973FFF2038F07120B14
:10D1F400CD0E5612F21435165A163116A7167E188D
:10D20400021C0521CF26562CA5305833B43455358D
:10D21400BD351A366C36C1365B3775381F3A393C22
:10D22400A13E4C412F442247CB49C74BCA4CA34C87
:10D23400414BBD487B453742BA3F793E6A3E213F68
:10D244002F40404119426642C8410640433DE639F9
:10D254005436BF32232F722B9B276E23B51E4A19D7
:10D2640062138E0D6A081D043A0007FCFDF618F1DE
:10D27400C5EA95E4EFDE00DABAD5D7D1EACD87C99D
:10D284008DC43FBF25BAC2B54CB2A3AF71AD63AB79
:10D2940055A95EA7C8A5E3A4B8A4C7A41FA4DDA18B
:10D2A400BD9D629819932F8F738D198ED9901D95FA
:10D2B4000D9ACA9ECEA249A621AA3FAFC8B5BFBC4B
:10D2C4009CC254C615C820C9F3CA73CE92D39AD946
:10D2D400A2DF03E570E90FED64F0EFF3CCF7E2FBB6
:10D2E40070000000010101FFFF00000000010203C3
:10D2F40002000000015AB402000002000000000015
:10D30400016EB4020000000000000000B10657786E
:10D3140083633D6FE266CE6C8468436C5369626BD1
:10D32400A669706A9E696269EB697E644037C008C9
:10D3340043EEB0DA2CD562D237DC8FE620FD4B10F9
:10D34400B62D2C42D660CB658F6B3A63456F9A1825
:10D35400C0895E8CC2896C8BD68AE38A098BC68AA3
:10D36400F08B598B198DF98B738E738BBFACF3EAE9
:10D37400D91DCD4EB96AC3693D6ABB69EE69AE6910
:10D38400BE697F697F6945694E690369EE686968AA
:10D394002A685667C3675667E84CDA241812A6024F
:10D3A4002C039C03A3120A1F5D38B74A1E67E86169
:10D3B400DA6D4A42139748853A8B4E87CF8A528753
:10D3C400018A22871B8AB887A98A81887B8BDD889A
:10D3D4005BA878DA31FFC31758215423921B9210AB
:10D3E40076FD2DE9BDCE6DB6BA9AE78BF88B988B96
:10D3F400C98D23A91E3EB7737E64826D9766176C30
:10D40400BE67A46BE467DD6AC867EC6927673769A0
:10D414007D66BD690559DF315F1845081802FF01B3
:10D4240059093415F226723A8751D564F067CE66ED
:10D434005B67A766126776667866D865CC656065B3
:10D4440053650865F264C664A0648E6469645264BA
:10D454000C64ED639E63876343631E63DF62AB62A8
:10D4640080623A621962BE61A1611861DF60246062
:10D474004560CE5F515F305C775A0358F8568B5441
:10D48400D852494F7D4B1D45D33CC22E7517FCE93C
:10D49400839701805C820080A6810080568106808B
:10D4A4001D813D806781C080D18140815E829181F0
:10D4B400DF82E880E28D2EA79EB475B990B46FA97F
:10D4C400C597AE85F4820984B18362840B84C684D3
:10D4D40066844D85D384D18553858486D685178704
:10D4E400398679878886CC871787248956888489E2
:10D4F400D688CC898989FE89488A0B8A318BE08950
:10D50400968C1A8AA78E9E883D92D681B106000019
:10D51400B106577883633D6FE266CE6C8468436CD2
:10D524005369626BA669706A9E696269EB697E647D
:10D534004037C00843EEB0DA2CD562D237DC8FE630
:10D5440020FD4B10B62D2C42D660CB658F6B3A6311
:10D55400456F9A18C0895E8CC2896C8BD68AE38A1F
:10D56400098BC68AF08B598B198DF98B738E738B4B
:10D57400BFACF3EAD91DCD4EB96AC3693D6ABB6934
:10D58400EE69AE69BE697F697F6945694E69036961
:10D59400EE6869682A685667C3675667E84CDA24F8
:10D5A4001812A6022C039C03A3120A1F5D38B74A63
:10D5B4001E67E861DA6D4A42139748853A8B4E87B5
:10D5C400CF8A5287018A22871B8AB887A98A8188D1
:10D5D4007B8BDD885BA878DA31FFC317582154238D
:10D5E400921B921076FD2DE9BDCE6DB6BA9AE78BEB
:10D5F400F88B988BC98D23A91E3EB7737E64826D08
:10D604009766176CBE67A46BE467DD6AC867EC694C
:10D61400276737697D66BD690559DF315F1845089D
:10D624001802FF0159093415F226723A8751D5645C
:10D63400F067CE665B67A766126776667866D8651C
:10D64400CC65606553650865F264C664A0648E6445
:10D65400696452640C64ED639E63876343631E6371
:10D66400DF62AB6280623A621962BE61A1611861D5
:10D67400DF6024604560CE5F515F305C775A0358A9
:10D68400F8568B54D852494F7D4B1D45D33CC22E7E
:10D694007517FCE9839701805C820080A681008075
:10D6A400568106801D813D806781C080D181408183
:10D6B4005E829181DF82E880E28D2EA79EB475B9E7
:10D6C40090B46FA9C597AE85F4820984B18362844E
:10D6D4000B84C68466844D85D384D1855385848622
:10D6E400D6851787398679878886CC8717872489D2
:10D6F40056888489D688CC898989FE89488A0B8A88
:10D70400318BE089968C1A8AA78E9E883D92D681A9
:10D71400B1060000B106577883633D6FE266CE6CB4
:10D724008468436C5369626BA669706A9E69626916
:10D73400EB697E644037C00843EEB0DA2CD562D280
:10D7440037DC8FE620FD4B10B62D2C42D660CB651E
:10D754008F6B3A63456F9A18C0895E8CC2896C8B53
:10D76400D68AE38A098BC68AF08B598B198DF98B7B
:10D77400738E738BBFACF3EAD91DCD4EB96AC369FE
:10D784003D6ABB69EE69AE69BE697F697F694569B7
:10D794004E690369EE6869682A685667C367566705
:10D7A400E84CDA241812A6022C039C03A3120A1FC5
:10D7B4005D38B74A1E67E861DA6D4A4213974885B7
:10D7C4003A8B4E87CF8A5287018A22871B8AB88771
:10D7D400A98A81887B8BDD885BA878DA31FFC3173F
:10D7E40058215423921B921076FD2DE9BDCE6DB6BF
:10D7F400BA9AE78BF88B988BC98D23A91E3EB77311
:10D804007E64826D9766176CBE67A46BE467DD6AFD
:10D81400C867EC69276737697D66BD690559DF31DB
:10D824005F1845081802FF0159093415F226723AA7
:10D834008751D564F067CE665B67A7661267766624
:10D844007866D865CC65606553650865F264C6641E
:10D85400A0648E64696452640C64ED639E638763A0
:10D8640043631E63DF62AB6280623A621962BE6127
:10D87400A1611861DF6024604560CE5F515F305C58
:10D88400775A0358F8568B54D852494F7D4B1D454F
:10D89400D33CC22E7517FCE9839701805C8200801B
:10D8A400A6810080568106801D813D806781C080ED
:10D8B400D18140815E829181DF82E880E28D2EA752
:10D8C4009EB475B990B46FA9C597AE85F4820984E6
:10D8D400B18362840B84C68466844D85D384D185E8
:10D8E40053858486D6851787398679878886CC8739
:10D8F4001787248956888489D688CC898989FE89A2
:10D90400488A0B8A318BE089968C1A8AA78E9E8866
:10D914003D92D681B1060000000000000200000024
:10D9240004000000060000000700000009000000D9
:10D934000B0000000C0000000E00000010000000AE
:10D9440000000000020000000400000005000000C8
:10D9540007000000090000000A0000000C0000009D
:10D964000E00000010000000000000000200000093
:10D9740004000000070000000B0000000C00000081
:10D984000E0000001000000013000000170000004B
:10D994000000000002000000050000000700000075
:10D9A4000A0000000C0000000E000000110000003E
:10D9B4001300000016000000000000000200000038
:10D9C400040000000500000007000000090000003A
:10D9D4000B0000000C0000000E000000100000000E
:10D9E4000000000002000000040000000700000026
:10D9F400090000000C0000000E00000010000000F0
:10DA040013000000150000000000000003000000E7
:10DA140005000000070000000A0000000C000000E0
:10DA24000F000000110000001300000016000000A9
:10DA340000000000020000000300000005000000D8
:10DA440007000000090000000A0000000C000000AC
:10DA54000E0000000F0000000000000004000000A1
:10DA640005000000070000000B0000000C0000008F
:10DA74001000000011000000130000001700000057
:10DA84000000000002000000040000000600000086
:10DA940007000000090000000B0000000C0000005B
:10DAA4000E00000010000000000000000200000052
:10DAB4000400000005000000070000000900000049
:10DAC4000A0000000C0000000E000000100000001E
:10DAD4000000000002000000040000000700000035
:10DAE4000B0000000C0000000E00000010000000FD
:10DAF40013000000170000000000000002000000F6
:10DB040005000000070000000A0000000C000000EF
:10DB14000E000000110000001300000016000000B9
:10DB240000000000020000000400000005000000E6
:10DB340007000000090000000B0000000C000000BA
:10DB44000E000000100000000000000002000000B1
:10DB54000400000007000000090000000C000000A1
:10DB64000E0000001000000013000000150000006B
:10DB74000000000003000000050000000700000092
:10DB84000A0000000C0000000F000000110000005B
:10DB94001300000016000000000000000200000056
:10DBA4000300000005000000070000000900000059
:10DBB4000A0000000C0000000E0000000F0000002E
:10DBC4000000000004000000050000000700000041
:10DBD4000B0000000C000000100000001100000009
:10DBE4001300000017000000016E460000000155FC
:10DBF4003C000000000000000000015A3C0000004E
:10DC040001694600000001553C00000000000000CE
:10DC14000000015A3C0000000164BE020000020042
:10DC240000020000020000020000020000020000E6
:10DC3400013C3C02000000000000000001643C03C1
:10DC44005A3C01643C00000001643C035A3C0164FA
:10DC54003C00000000040700000408000300030760
:10DC6400000003080003000207000002080003008C
:10DC7400050700000508000300050A0000050A0066
:10DC8400030003070E0004080E040004070B00043D
:10DC9400080B040003070A0003080A040004070928
:10DCA400000408090400000064CE002068CE0020AF
:10DCB4006CCE002074CE00207CCE002084CE0020C8
:10DCC4008CCE002094CE00209CCE002000010205C2
:10DCD4000008060202030405010704002E434F0056
:10DCE4001C343C00A0CE0020A4CE002044B7002069
:10DCF400A8CE0020ACCE0020B0CE0020B4CE0020B0
:10DD0400B8CE0020BCCE0020C0CE0020C4CE00205F
:10DD14002CCF0020000102030400000100000000D9
:10DD24000607050505050607080000003F0000007A
:10DD34004C44522073696D756C6174696F6E3A203E
:10DD4400000000002028000029202D20275527202E
:10DD5400746F2072656C65617365206261636B200A
:10DD6400746F20746865207265616C2073656E73CE
:10DD74006F72000001644600000000000001553C81
:10DD840000000000000000000000000001553C00FD
:10DD9400000000000001643C01643C00000000003D
:10DDA400000000005B4C44525D204348414F532027
:10DDB4007472696767657265642061742062726950
:10DDC4006768746E6573733A200000005B4C4452BC
:10DDD4005D204348414F5320657869746564206130
:10DDE40074206272696768746E6573733A20000008
:10DDF40000010203050708090807060402020304D8
:10DE0400050607080102030405060708090A0B0CA6
:10DE14000100000000010D020D0C0D030D0B0D0E91
:10DE2400040E0F0A0F100510110911061112081221
:10DE34001307000003000000073000000E2000005C
:10DE44001C60000038C0010070000300E0000E00F8
:10DE5400C001080080030C0000070600008E0300C8
:10DE640000FC0000023800000E78000018E80000F2
:10DE740010CC0100308403006006070040030E004C
:10DE8400C0010C0001040304050405030404050592
:10DE94000306050505060504000402050305070637
:10DEA400050608050905060401030403000102032D
:10DEB4000405060708090A0B0C0D0E0F10111213A6
:10DEC400040603070207010801090009130A130BDA
:10DED400120B110C110D100E030208008703000031
:10DEE4008E000000DC0000007800000070000000DC
:10DEF400F8000000CE0100008203000003070800C0
:10DF0400000E0800001C0E00003802000070030020
:10DF140000E0010000C0010000E003000038070039
:10DF240000080E00010E0C0003050304030204059F
:10DF340003050305030403020405030508000000A8
:10DF44001000000014000000180000001C00000075
:10DF5400736F6C61725F726174650000736F6C61E2
:10DF6400725F776574000000426C6F73736F6D208D
:10DF74007061746368205B005D200000426C6F7305
:10DF8400736F6D20616D70733A20776176653D30F3
:10DF94002E352064633D302E3335207374616765FC
:10DFA4005F6761696E3D0000526573740000000094
:10DFB40046696C6C000000000400020305080609B1
:10DFC4000707050403010000000102030405060716
:10DFD40008090A0B0C0D00000001000200030004F4
:10DFE40000050006000700080009000A000B000CE9
:10DFF400000D0000FF3F0000070000000F000000BC
:10E004001D0000003900000071000000E100000064
:10E01400C10100008103000001070000010E00009F
:10E02400011C000001380000013000000D02030350
:10E0340003030303030303030302000000010205B7
:10E044000408050906070305020100000001020394
:10E054000405060708090A0B0C0D0E000301040150
:10E0640005000600070E080E090D0A0D0B0000003E
:10E07400E34000003F0000000E0000001E0000000E
:10E084003A00000073000000E1000000C1410000FC
:10E094008043000000670000002E0000003C0000E8
:10E0A40000380000007E00008163000005050203C3
:10E0B4000304030403040303020505006E616E00F8
:10E0C400696E66006F766600C9600200CD6002006A
:10E0D400D1600200D5600200424144004F4B000071
:10E0E40043484F52443A2067656E3D0020626561A3
:10E0F40074733D0020726F6F743D000020713D0009
:10E1040020746F6E65733D5B000000005D207465D4
:10E114006E73696F6E3D0000206C6561643D0000A4
:10E124002C000000487A290020494E3D00000000E0
:10E134002063726F73733D0020636C6173683D00EC
:10E14400564F494345533A20626173733D000000C2
:10E154002068323D000000002068313D00000000CE
:10E1640000000000000000007D41020000000000EB
:10E1740000000000F576020000000000000000002E
:10E184000000000000000000F5760200F5760200B1
:10E19400F5760200F5760200F57602000000000034
:10E1A400000000008930010029310100B12D010077
:10E1B400E92D0100212E0100592E0100612E0100DC
:10E1C400000000000000000001310100593101008D
:10E1D400D52F01000D3001004530010079300100D8
:10E1E400813001000000000000000000D93001006F
:10E1F400B9310100692E01009D2E0100D52E0100C8
:10E204000D2F0100152F0100000000000000000088
:10E21400B143020000000000000000002984020055
:10E224000000000000000000B1300100893101004D
:10E234001D2F0100552F01008D2F0100C52F010056
:10E24400CD2F01000000000000000000113A020080
:10E254000000000000000000B1620200618A0200B8
:10E264005D8A0200598A0200558A0200518A02001E
:10E274004D8A0200498A02000000000000000000EC
:10E284006900000000000000000000001DCB000039
:10E294000000000000000000254E02000000000005
:10E2A40000000000D93B0200000000000000000054
:10E2B400E5CD00000000000000000000853E0200E3
:10E2C400000000000000000055380200E93502009B
:10E2D4004D390200ED3502008538020000000000CF
:10E2E40000000000A9580200000000000000000027
:10E2F4005D48020000000000000000002546020006
:10E304000000000000000000E9D10000000000004F
:10E3140000000000414A020000000000000000006C
:10E324007547020000000000000000008540020064
:10E3340000000000000000002D5202000000000058
:10E3440000000000715A0200815A0200000000001F
:10E3540000000000E99B0200159C0200AD6202006F
:10E36400E59B0200A19B0200AD9B0200CD9B020035
:10E3740054D0002060D000206CD0002078D0002041
:10E3840088D000208CD00020115C0200155C0200B3
:10E394001D5C0200255C02002C2066756E637469A6
:10E3A4006F6E3A2000000000617373657274696FC8
:10E3B4006E2022257322206661696C65643A2066AA
:10E3C400696C6520222573222C206C696E652025DA
:10E3D40064257325730A0000A2000000F9A200005E
:10E3E40083F9A2006E83F9A24E6E83F9444E6E83C4
:10E3F40015444E6E2915444EFC29154427FC291555
:10E404005727FC29D15727FCF5D1572734F5D15785
:10E41400DD34F5D1C0DD34F5DBC0DD3462DBC0DDD5
:10E424009562DBC0999562DB3C999562433C999572
:10E4340090433C994190433C42616C6C6F63207300
:10E444007563636565646564000000002F566F6C36
:10E45400756D65732F646174612F6A656E6B696E87
:10E46400732F776F726B73706163652F474E552DF1
:10E47400746F6F6C636861696E2F61726D2D3131D9
:10E484002F7372632F6E65776C69622D637967777A
:10E49400696E2F6E65776C69622F6C6962632F7386
:10E4A40074646C69622F6D707265632E6300000082
:10E4B4000020202020202020202028282828282050
:10E4C4002020202020202020202020202020202048
:10E4D40020881010101010101010101010101010B0
:10E4E40010040404040404040404041010101010A0
:10E4F400101041414141414101010101010101016A
:10E5040001010101010101010101010110101010BB
:10E51400101042424242424202020202020202023B
:10E52400020202020202020202020202101010108F
:10E5340020000000000000000000000000000000B7
:10E5440000000000000000000000000000000000C7
:10E5540000000000000000000000000000000000B7
:10E5640000000000000000000000000000000000A7
:10E574000000000000000000000000000000000097
:10E584000000000000000000000000000000000087
:10E594000000000000000000000000000000000077
:10E5A4000000000000000000000000000000000067
:10E5B40000000000496E66696E697479000000000D
:10E5C4004E614E002F566F6C756D65732F646174C8
:10E5D400612F6A656E6B696E732F776F726B7370E0
:10E5E4006163652F474E552D746F6F6C6368616965
:10E5F4006E2F61726D2D31312F7372632F6E6577BB
:10E604006C69622D63796777696E2F6E65776C69C3
:10E61400622F6C6962632F7374646C69622F647413
:10E624006F612E6300000000494E46004E414E00CB
:10E634003031323334353637383961626364656674
:10E644000000000030313233343536373839414236
:10E654004344454600000000286E756C6C29000098
:10E6640030000000202020202020202020202020F6
:10E674002020202020202020202020202020202096
:10E684002020202000000042C8801F40B8821F4084
:10E694000800000000000042C4801F40B4821F40F4
:10E6A4000400000000C0004224801F4014821F4068
:10E6B4001000000000C0004228801F4018821F4044
:10E6C4002000000000C000422C801F401C821F401C
:10E6D4004000000000C0004234801F4024821F40DC
:10E6E400000100000040004264811F4054831F4029
:10E6F400000400000040004280811F4070831F40DE
:10E7040000000200004000427C811F406C831F40D7
:10E71400000001000040004268811F4058831F40F0
:10E7240000080000004000423C811F402C831F4031
:10E73400010000000040004244811F4034831F4018
:10E74400040000000040004240811F4030831F400D
:10E75400020000000040004248811F4038831F40EF
:10E76400080000000000004204811F40F4821F40A2
:10E77400000004000000004208811F40F8821F408E
:10E78400000008000000004218811F4008831F4059
:10E79400000080000000004214811F4004831F40D9
:10E7A400000040000000004200811F40F0821F4032
:10E7B4000000020000000042FC801F40EC821F4069
:10E7C400000001000000004224811F4014831F4008
:10E7D400000000040000004228811F4018831F40ED
:10E7E40000000008000000421C811F400C831F40F1
:10E7F400000000010000004220811F4010831F40E0
:10E804000000000200000042EC801F40DC821F4038
:10E814000010000000000042F0801F40E0821F4012
:10E82400002000000000004234811F4024831F4068
:10E83400000000400000004238811F4028831F4030
:10E84400000000800080004294801F4084821F40AA
:10E854000000040000C0004290801F4080821F40DE
:10E864000000008000800042A8801F4098821F4062
:10E874000000800000800042A4801F4094821F405A
:10E8840000004000004000426C811F405C831F4038
:10E894000010000000C0004230801F4020821F4052
:10E8A4008000000000800042C8811F40B8831F40E0
:10E8B4000080000000800042C4811F40B4831F40D8
:10E8C4000040000000800042C0811F40B0831F4010
:10E8D4000020000000800042BC811F40AC831F4028
:10E8E4000010000000800042D0811F40C0831F4000
:10E8F4000000020000800042CC811F40BC831F4006
:10E9040000000100000209080103070D05040A0EB6
:10E914000C060B0FE89D002010000000D0D1002051
:10E924003838002010000000E0D10020D030002052
:10E9340008000000ECD100207078002008000000DE
:10E94400F4D10020887800200C00000000D20020C0
:10E954003C9E0020080000000CD2002068380020F3
:10E96400100000001CD20020E83800201000000035
:10E9740028D20020F49400200800000034D20020A3
:10E984008C9F00200800000040D20020B8380020EE
:10E994000800000048D20020749F002007000000F7
:10E9A40054D20020D0380020080000005CD200209F
:10E9B400D43700200C00000068D200204C780020DE
:10E9C4000C00000070D20020189E00200C000000F3
:10E9D4007CD2002018B600200000803F0000803F59
:10E9E4000000803F0000803F0000803F0000803F27
:10E9F4000000803F0000803F0000803F0E00550073
:10EA040020B600200000803F0000003F0000803F4F
:10EA14000000803F0000803F0000803F0000803FF6
:10EA24000000803F0000803F0800000030B6002056
:10EA34000000803F0000803F000000000000000054
:10EA44000000803F0000803F0000803F0000803FC6
:10EA54000000803F0600000040B600200000803F18
:10EA64000000803F0000803F0000803F0000000065
:10EA74000000803F0000803F0000803F0000803F96
:10EA84000800000048B600200000803F0000803FDE
:10EA94000000803F0000803F0000003F0000803FF6
:10EAA4000000803F0000803F0000803F080000001D
:10EAB40058B600200000803F0000803F0000003F67
:10EAC4000000003F0000803F0000803F0000803FC6
:10EAD4000000803F0000803F0800000070B6002066
:10EAE4000000803F3333B33E00000000000000000C
:10EAF4000000803F000000003333B33E0000803F3D
:10EB04003333B33E050000007CB600203333333F7B
:10EB14000000803F00000000000000003333B33EDB
:10EB2400000000000000803F0000803F0000803FA4
:10EB3400050000008CB600203333333F9A99193F07
:10EB44006666E63E6666E63E9A99193F0000000056
:10EB5400CDCCCC3E0000803FCDCCCC3E06000000A6
:10EB640094B600209A99193FCDCCCC3E0000803F4A
:10EB7400CDCC4C3ECDCCCC3ECDCCCC3ECDCCCC3E85
:10EB84000000803FCDCCCC3E041E0000A8B600207F
:10EB94000000803F0000803F0000803F0000803F75
:10EBA4000000803F0000803F0000803F0000803F65
:10EBB4000000803F0A4655001000000003000000DA
:10EBC4000400000005000000554E4B4E4F574E0008
:10EBD4003D3D3D3D3D3D3D3D3D3D20424C4F53532C
:10EBE4004F4D20444941474E4F53544943204845D3
:10EBF40041444552203D3D3D3D3D3D3D3D3D3D0073
:10EC040025732F25730000005B52414E445D2000A4
:10EC1400207C52414E444F4D207C0000206375728D
:10EC2400723D000020667265713D00005B4E4F54DA
:10EC3400455D2000207365713D00000020703D009B
:10EC4400206E6578743D0000050000001900000086
:10EC54007D00000007080C0B06050F000D0E0102D5
:10EC6400838407080C0B06050F000D0E0102838434
:10EC7400010100040100000401320101013202011A
:10EC84000110010101110101011201020103020637
:10EC94000103010601120202020000010202000146
:10ECA40002010001021000010222000102230001FE
:10ECB4000000000000000000022100010220000109
:10ECC40000000000000000000130010101310101D9
:10ECD4000102000401030004000000000000000021
:10ECE40001210201012101010000000000000000D7
:10ECF40000000000011002010101020101010101F3
:10ED040001000201010001010102020101020101ED
:10ED1400000092012403B6044806D9076B09FB0AD4
:10ED24008C0C1C0EAB0F3A11C8125514E2156E1759
:10ED3400F918831A0C1C931D1A1F9F202422A72341
:10ED44002825A8262728A4291F2B992C112E872F84
:10ED5400FC306E32DF334E35BA3625388D39F33A0E
:10ED6400573CB83D173F7440CE4126437B44CD45C4
:10ED74001D476A48B449FB4A404C814DC04EFB4F85
:10ED8400345169529B53CA54F6551E57435864591B
:10ED9400825A9D5BB45CC85DD75EE45FEC60F16150
:10EDA400F262EF63E964DE65D066BD67A7688C69CB
:10EDB4006E6A4B6B246CF96CCA6D976E5F6F23702F
:10EDC400E3709E7155720873B67360740575A67509
:10EDD4004276D9766C77FB7785780A798A79067AD0
:10EDE4007D7AEF7A5D7BC67B2A7C897CE47C3A7DE4
:10EDF4008A7DD67D1E7E607E9D7ED67E0A7F387F8C
:10EE0400627F877FA77FC27FD97FEA7FF67FFE7FFD
:10EE1400FF7FFE7FF67FEA7FD97FC27FA77F877F50
:10EE2400627F387F0A7FD67E9D7E607E1E7ED67D81
:10EE34008A7D3A7DE47C897C2A7CC67B5D7BEF7A83
:10EE44007D7A067A8A790A798578FB776C77D97620
:10EE54004276A67505756074B673087355729E7113
:10EE6400E37023705F6F976ECA6DF96C246C4B6B03
:10EE74006E6A8C69A768BD67D066DE65E964EF6376
:10EE8400F262F161EC60E45FD75EC85DB45C9D5BE7
:10EE9400825A645943581E57F655CA549B536952B3
:10EEA4003451FB4FC04E814D404CFB4AB4496A4833
:10EEB4001D47CD457B442643CE417440173FB83DA2
:10EEC400573CF33A8D392538BA364E35DF336E3236
:10EED400FC30872F112E992C1F2BA4292728A82614
:10EEE4002825A72324229F201A1F931D0C1C831A54
:10EEF400F9186E17E2155514C8123A11AB0F1C0E0F
:10EF04008C0CFB0A6B09D9074806B604240392014A
:10EF140000006EFEDCFC4AFBB8F927F895F605F50F
:10EF240074F3E4F155F0C6EE38EDABEB1EEA92E86B
:10EF340007E77DE5F4E36DE2E6E061DFDCDD59DC63
:10EF4400D8DA58D9D9D75CD6E1D467D3EFD179D000
:10EF540004CF92CD21CCB2CA46C9DBC773C60DC556
:10EF6400A9C348C2E9C08CBF32BEDABC85BB33BA80
:10EF7400E3B896B74CB605B5C0B37FB240B105B09F
:10EF8400CCAE97AD65AC36AB0AAAE2A8BDA79CA6E9
:10EF94007EA563A44CA338A229A11CA0149F0F9E94
:10EFA4000E9D119C179B229A3099439859977496F9
:10EFB4009295B594DC93079336926991A190DD8F75
:10EFC4001D8F628EAB8DF88C4A8CA08BFB8A5A8A7B
:10EFD400BE892789948805887B87F6867686FA8594
:10EFE40083851185A3843A84D68377831C83C68260
:10EFF40076822A82E281A08163812A81F680C88098
:10F004009E80798059803E80278016800A80028005
:10F01400008002800A80168027803E805980798093
:10F024009E80C880F6802A816381A081E2812A8241
:10F034007682C6821C837783D6833A84A38411851F
:10F044008385FA857686F6867B8705889488278962
:10F05400BE895A8AFB8AA08B4A8CF88CAB8D628E4F
:10F064001D8FDD8FA190699136920793DC93B5943F
:10F0740092957496599743983099229A179B119CAC
:10F084000E9D0F9E149F1CA029A138A24CA363A41B
:10F094007EA59CA6BDA7E2A80AAA36AB65AC97AD2F
:10F0A400CCAE05B040B17FB2C0B305B54CB696B78F
:10F0B400E3B833BA85BBDABC32BE8CBFE9C048C200
:10F0C400A9C30DC573C6DBC746C9B2CA21CC92CD4C
:10F0D40004CF79D0EFD167D3E1D45CD6D9D758D94E
:10F0E400D8DA59DCDCDD61DFE6E06DE2F4E37DE5EE
:10F0F40007E792E81EEAABEB38EDC6EE55F0E4F113
:10F1040074F305F595F627F8B8F94AFBDCFC6EFEB6
:10F114000000000000A019A01AA01BA01CA01EA0A3
:10F1240020A022A024A026A027A027A027A025A0B5
:10F1340021A01DA017A010A007A0FD9FF29FE69F8D
:10F14400DA9FCD9FC19FB59FA99F9F9F969F8F9F39
:10F154008B9F899F8A9F8D9F949F9E9FAB9FBA9FF1
:10F16400CD9FE19FF79F0FA028A041A05AA071A0B6
:10F1740087A09BA0ADA0BAA0C4A0CAA0CBA0C7A0E2
:10F18400BEA0B0A09EA087A06BA04DA02BA007A0FE
:10F19400E19FBB9F959F709F4D9F2E9F129FFC9E4A
:10F1A400EA9EDF9EDA9EDD9EE69EF69E0D9F2B9FD5
:10F1B4004F9F789FA69FD79F0AA03FA074A0A8A0A6
:10F1C400D9A006A12EA151A16CA17FA18AA18BA1D6
:10F1D40083A172A157A134A108A1D4A09AA05BA0D5
:10F1E40018A0D39F8D9F489F069FC79E8F9E5E9EAB
:10F1F400369E189E049EFD9D019E129E2F9E589E33
:10F204008C9ECA9E119F609FB49F0CA067A0C1A052
:10F2140018A16BA1B8A1FCA135A263A282A294A2F9
:10F2240096A288A26AA23DA200A2B7A160A100A1F1
:10F2340096A027A0B39F3F9FCC9E5E9EF79D9A9D6C
:10F24400499D079DD59CB69CAA9CB29CCE9CFF9CD4
:10F25400449D9C9D049E7C9E009F8D9F22A0B9A0EE
:10F2640050A1E4A16FA2F0A262A3C3A30FA444A47B
:10F2740060A462A44AA415A4C6A35EA3DDA247A207
:10F284009EA1E5A022A0579F8A9EBF9DFC9C459C01
:10F294009F9B0F9B989A409A089AF399049A3A9ADA
:10F2A400979A199BBF9B869C6A9D689E7A9F9AA099
:10F2B400C3A1ECA211A428A52AA612A7D6A772A8B6
:10F2C400E0A81AA91CA9E4A86FA8BEA7D1A6AAA55C
:10F2D4004DA4C0A209A12F9F3D9D3D9B3999409704
:10F2E4005C959D931192C490C58F228FE78E208FD9
:10F2F400D98F1A91ED9257955E98049C4BA032A534
:10F30400B4AACEB077B7A7BE52C66DCEE7D6B3DFE8
:10F31400BFE8F9F150FBB004547269616E676C6523
:10F324002B53696E65000000456C656374726963F4
:10F33400205069616E6F000048756D616E20566FD4
:10F3440069636500466C757465000000536177005D
:10F354004D6F7270680000005375622053696E65CA
:10F36400000000004F637461766520537461636B21
:10F37400000000004669667468204F7267616E0081
:10F3840046617420446574756E65000043656C6C59
:10F394006F20506164000000476C61737320426504
:10F3A4006C6C00004B6172706C75732047756974E6
:10F3B400617200004372617A79204469616D6F6EF5
:10F3C400640000005069616E6F000000566F69634D
:10F3D40065000000426173730000000043656C6CBB
:10F3E4006F0000004F7267616E6963005374726945
:10F3F4006E6773003246314200000000326D4631C0
:10F404006D42000053706972616C00004261636B6D
:10F41400747261636B000000416C6C20496E0000E3
:10F42400417474656E756174656420426173730020
:10F434004E6F204861726D6F6E6965730000000045
:10F444004E6F205061640000417474656E75617480
:10F454006564205061640000417474656E75617464
:10F464006564204861726D6F6E6965730000000009
:10F474004C656164202620506164000052687974F0
:10F48400686D2053656374696F6E00004875736816
:10F4940065640000536F6C6F6973743A204861723D
:10F4A4006D6F6E7920310000547574746920506555
:10F4B400616B0000426C6F73736F6D004261737314
:10F4C400697374004861726D6F6E793100000000D9
:10F4D4004861726D6F6E7932000000005061640003
:10F4E4005768616C6573000042697264732F4472DB
:10F4F400756D730035303D442C2035313D44232C4B
:10F504002035323D452C2035333D462C2035343DC5
:10F5140046232C2035353D472C2035363D47232CBA
:10F524002035373D412C2035383D41232C203539B9
:10F534003D422C2036303D432C2036313D43232C94
:10F544002036323D440000004D75736963000000AD
:10F55400303D4C796469616E2C20313D4D69786F82
:10F564006C796469616E2C20323D48616D7361640D
:10F574006877616E692C20333D45677970746961E1
:10F584006E2C20343D4D616A6F722C20353D4D61E7
:10F594006A6F722050656E7461746F6E69632C209B
:10F5A400363D4D696E6F722050656E7461746F6E76
:10F5B40069632C20373D446F7269616E2C20383D9D
:10F5C4005279756B797500004D696C6C697365636C
:10F5D4006F6E647320706572206265617400000050
:10F5E400303D4C6561662C20313D52616469616C2B
:10F5F4002C20323D576176652C20333D4D6F756E5E
:10F604007461696E00000000303D536B656C657475
:10F61400616C2C20313D52616E646F6D2C20323D43
:10F62400436F6E746F757200303D466F727761720E
:10F63400642C20313D526576657273652C20323D11
:10F6440042726F6B656E2C20333D4A756D702C20B1
:10F65400343D57616C6B324631422C20353D576145
:10F664006C6B326D46316D422C20363D57616C6BAC
:10F6740053706972616C2C20373D57616C6B426129
:10F68400636B747261636B00303D467265652C2058
:10F69400313D5061747465726E0000007061747461
:10F6A40065726E00303D53796E636F70617465648A
:10F6B40031362C20313D4B69636B466F75722C20BB
:10F6C400323D436C6176652C20333D53746561642F
:10F6D40079387468732C20343D547269706C657485
:10F6E4007331322C20353D47616C6C6F70526174FC
:10F6F400636865742C20363D5370617273653136CE
:10F704002C20373D57616C6B696E6731362C20387D
:10F714003D4C656761746F5377656C6C2C20393D83
:10F72400507573682C2031303D4865617274626590
:10F7340061742C2031313D4F6464372C2031323DCB
:10F744004C6F6E6550756C73652C2031333D576179
:10F754006C747A31322C2031343D536978456967B1
:10F76400687431322C2031353D57616C747A53778B
:10F77400696E673132000000626C6F73736F6D5F86
:10F78400736F756E64000000303D5472692B5369C9
:10F794006E652C20313D455069616E6F2C20323DE1
:10F7A400566F6963652C20333D466C7574652C2057
:10F7B400343D5361772C20353D4D4F5250482C2019
:10F7C400363D53756253696E652C20373D4F637423
:10F7D400537461636B2C20383D46696674682C2031
:10F7E400393D466174446574756E652C2031303D35
:10F7F40043656C6C6F5061642C2031313D476C6102
:10F80400737342656C6C2C2031323D4B6172706CA9
:10F8140075734774722C2031333D4372617A794495
:10F8240069616D6F6E640000626C6F73736F6D5FFE
:10F83400666C616E67650000466C616E6765722078
:10F84400776574206D697820302D313030252E2075
:10F85400556E7365742C206561636820426C6F7308
:10F86400736F6D20706174636820737570706C6958
:10F87400657320697473206F776E2028626C6F73D0
:10F88400736F6D5F706174636865732E682920738C
:10F8940063616C656420627920746865204C44520D
:10F8A40000000000626C6F73736F6D5F6C696D694B
:10F8B400745F746872657368000000004C696D6958
:10F8C400746572206365696C696E672C2025206FEE
:10F8D400662066756C6C207363616C6520286566B0
:10F8E400666563745F6C696D697465722E68292E30
:10F8F40020436F6D7061726520616761696E737416
:10F9040020626C6F73736F6D5F6C696D69745F698E
:10F914006E20696E2021535441545553202D207478
:10F92400686973206E6F6465207065616B73206E07
:10F93400656172203135252C206E6F742031303092
:10F94400252C20736F20616E797468696E6720615D
:10F95400626F766520746861742069732061206E1B
:10F964006F2D6F702E203130303D6279706173736A
:10F9740065640000626C6F73736F6D5F6C696D69B1
:10F98400745F72656C0000004C696D697465722067
:10F9940072656C656173652074696D652C206D7387
:10F9A4002E20536C6F772062792064656661756CD4
:10F9B40074202D20666173742072656C65617365B3
:10F9C400206F6E207265736F6E616E742073757331
:10F9D4007461696E2070756D7073206175646962FD
:10F9E4006C7900006E6F6973655F6D6F646500000C
:10F9F400303D42697264204368697270732C20310F
:10FA04003D4D6963726F2042656174732C20323DF1
:10FA14004F6365616E2057617665732C20333D52C8
:10FA24006164696F204275727374732C20343D4F86
:10FA340066662C20353D536F6C61722057696E6485
:10FA4400000000006D6963726F5F6B6974000000F1
:10FA5400303D4175746F2028726F6C6C6564207042
:10FA6400657220726567656E292C20313D476C6193
:10FA740073732026204963652C20323D50617065E4
:10FA84007220262043617264732C20333D576F6FBC
:10FA9400642026204272656174682C20343D436CD6
:10FAA4006173736963204B69742C20353D48796216
:10FAB400726964006E6F6973655F6D6F64653D3173
:10FAC400000000006D6963726F5F6765737475721F
:10FAD400650000004F726E616D656E742064656E22
:10FAE4007369747920617320612070657263656E37
:10FAF40074206F6620746865206B69742773206FA7
:10FB0400776E206F646473202D207374757474652C
:10FB140072732C20666C616D732C206C6179657234
:10FB2400732C20636C7573746572732C2073776502
:10FB34006C6C732E2030203D20706C61696E2073D4
:10FB4400696E676C6520686974732C2031303020CD
:10FB54003D206B69742064656661756C742C203279
:10FB64003030203D207477696365206173206F72A3
:10FB74006E616D656E74656400000000536F6C61A6
:10FB8400722057696E64202852616469616C29206F
:10FB94006576656E742064656E736974792C2025AE
:10FBA400206F6620746865204C44522D6465726928
:10FBB40076656420726174652E203130303D617346
:10FBC4002064657369676E65642C203230303D743F
:10FBD40077696365206173206F6674656E2C2030CD
:10FBE4003D737765657073206F666620287469635A
:10FBF4006B73206B6565702072756E6E696E672914
:10FC0400000000006E6F6973655F6D6F64653D355C
:10FC140000000000736F6C61725F6576656E74003E
:10FC2400303D4175746F20284C44522D77656967C7
:10FC340068746564292C20313D54797065204949E4
:10FC440049207377656570732C20323D576869735A
:10FC5400746C6572732C20333D466C617265732C31
:10FC640020343D5469636B73206F6E6C790000001F
:10FC7400536F6C61722057696E6420726576657289
:10FC8400622073656E642C202520286D6978657266
:10FC94005768616C65206368322F33292E20556EB6
:10FCA4007365742C20746865204C44522064726916
:10FCB40076657320697420353525206461726B2064
:10FCC400746F203330252062726967687400000005
:10FCD400626173736973745F736F756E640000009F
:10FCE400626173736973745F646963650000000023
:10FCF400303D547269616E676C652B5361772C20BB
:10FD0400313D566F6963652B455069616E6F2C20D8
:10FD1400323D456C65637472696320426173732C70
:10FD240020333D43656C6C6F2C20343D506C61690D
:10FD34006E2053696E652C20353D45746865726587
:10FD4400616C205061640000626173735F70617460
:10FD54007465726E00000000626173735F70617499
:10FD64007465726E5F656E61626C656400000000AC
:10FD7400456E61626C652062617373207061747496
:10FD840065726E2073657175656E63696E670000D8
:10FD9400626173735F64726F6E655F6D6F6465003B
:10FDA40050696E2062617373207069746368207493
:10FDB4006F20726F6F74207265676172646C657313
:10FDC40073206F66207061747465726E2F63686F40
:10FDD400726420766F6963696E67202864726F6E3F
:10FDE40065207375622D6D6F646529006861726D9D
:10FDF4006F6E79315F736F756E6400006861726D48
:10FE04006F6E79315F64696365000000303D507541
:10FE140072652053696E652C20313D53696E652BE4
:10FE2400547269616E676C652C20323D466C757442
:10FE3400652B53696E652C20333D507572652053D4
:10FE4400696E652C20343D476F6E67004861726DA2
:10FE54006F6E79006861726D6F6E79325F736F7562
:10FE64006E6400006861726D6F6E79325F646963FD
:10FE740065000000303D507572652053696E652C35
:10FE840020313D547269616E676C652B53696E65F0
:10FE94002C20323D466C7574652B53696E652C209D
:10FEA400333D507572652053696E65006861726DEB
:10FEB4006F6E79315F63686F7275730043686F7238
:10FEC400757320776574206D697820302D3130305A
:10FED400252E204C464F20302E3139487A202D20B3
:10FEE40064656C696265726174656C7920756E65B0
:10FEF4007175616C20746F206861726D6F6E7932F8
:10FF040020736F207468652070616972207769645A
:10FF1400656E7320726174686572207468616E2006
:10FF240070756C73696E6720696E206C6F636B7398
:10FF3400746570006861726D6F6E79325F63686FAB
:10FF44007275730043686F72757320776574206DE2
:10FF5400697820302D313030252E204C464F20300A
:10FF64002E3233487A000000737472696E67735FCF
:10FF740063686F727573000043686F7275732077DE
:10FF84006574206D697820302D31303025206F6EF6
:10FF940020746865204B6172706C75732073747281
:10FFA400696E67732E204865617264207468726F8D
:10FFB400756768204672656576657262206F6E6C3F
:10FFC40079202D20616D70537472696E6773206897
:10FFD4006173206E6F206472792070617468000010
:10FFE4007061645F736F756E64000000303D476C30
:0CFFF4006173732C20313D576F6F6C2C33
:02000004600496
:1000000020323D43686F69722C20333D5461706526
:100010002C20343D4272656174682C20353D426F5E
:10002000776564007061645F6761696E000000005D
:100030005374616765206761696E206F76657272BF
:100040006964652C2025206F662066756C6C2073B2
:1000500063616C6520287265706C61636573205301
:10006000544147455F4741494E5F504144202D2050
:1000700070726573656E63652F6D61737465722D43
:10008000666164652F6D757465207374696C6C208E
:100090006170706C79206F6E20746F7029000000A1
:1000A0007061645F63686F727573000043686F729C
:1000B000757320776574206D697820302D3130306C
:1000C000252C20626F7468204C2F52206368616E6B
:1000D0006E656C7320286465636F7272656C617401
:1000E00065642062792072617465206E6F74206D82
:1000F0006978202D20736565204D6F6446783A3A03
:10010000626567696E282929000000007061645FDC
:100110006272656174680000303D4175746F2C2017
:10012000313D506872617365732C20323D417263BA
:100130002C20333D436F6E74696E756F75730000CC
:1001400063686F72645F656E67696E6500000000CA
:10015000303D4F66662C20313D4F6E0043686F7214
:100160006400000063686F72645F74656E73696F2A
:100170006E000000303D5472696164732C20313D83
:10018000566F6361622C20323D416464203774688D
:100190002F3974682C20333D4D617820636F6C6F6C
:1001A00075722C20343D4175746F20284C445229BF
:1001B0000000000063686F72645F626561747300C1
:1001C000303D4175746F2C20313D3820626561747B
:1001D000732C20323D31362062656174730000005B
:1001E00063686F72645F7175616C69747900000097
:1001F000303D4175746F2C20313D4D616A2C2032A9
:100200003D4D696E2C20333D537573322C20343DA7
:10021000537573342C20353D5175617274616C2CAB
:1002200020363D416464392C20373D4D616A372CBE
:1002300020383D4D696E372C20393D5369780000D8
:1002400062706D00426561747320706572206D6923
:100250006E75746520284D75736963616C436C6FAE
:10026000636B29202D20616C6F6E67736964652054
:10027000746865206C65676163792074656D706F63
:100280003D6D7320706172616D2061626F76652EC5
:1002900020446576696365206175746F2D706963AC
:1002A0006B732077697468696E20616E206F776E5A
:1002B00065722D61646A75737461626C6520726128
:1002C0006E6765202864656661756C742034302D16
:1002D0003132352C20757020746F2034302D31343C
:1002E000302076696120214346475F5345542062A0
:1002F000706D5F6D696E2F62706D5F6D6178293B07
:100300002074686973205345542063616E206F76B2
:1003100065727269646520706173742074686174B9
:100320002C20757020746F203136302C20666F724F
:100330002074657374696E67206F6E6C79000000BD
:1003400062656174735F7065725F62617200000064
:1003500054696D65207369676E6174757265206E8E
:10036000756D657261746F72202864656E6F6D695A
:100370006E61746F7220666F6C6C6F777320746837
:10038000652063757272656E74206D657465722088
:100390002D2034206F722038290000006D696469B7
:1003A0005F73796E63000000303D4175746F2C20DF
:1003B000313D496E7465726E616C2C20323D4D6129
:1003C00073746572000000006D6964695F63685F43
:1003D000626C6F73736F6D00456E61626C65205562
:1003E0005342204D494449206F7574707574206FD5
:1003F0006E2074686520426C6F73736F6D20636844
:10040000616E6E656C202831290000006D69646999
:100410005F63685F6261737300000000456E616234
:100420006C6520555342204D494449206F757470C6
:100430007574206F6E207468652042617373206349
:1004400068616E6E656C2028322900006D696469F0
:100450005F63685F68310000456E61626C652055BE
:100460005342204D494449206F7574707574206F54
:100470006E20746865204861726D6F6E792031203E
:100480006368616E6E656C20283329006D6964694C
:100490005F63685F68320000456E61626C6520557D
:1004A0005342204D494449206F7574707574206F14
:1004B0006E20746865204861726D6F6E79203220FD
:1004C0006368616E6E656C20283429006D6964690B
:1004D0005F63685F70616400456E61626C652055A2
:1004E0005342204D494449206F7574707574206FD4
:1004F0006E2074686520506164206368616E6E656B
:100500006C202835290000006D6964695F6D6F6497
:10051000776865656C000000456E61626C652074EB
:100520006865204C44522D64726976656E206D6F4B
:100530006420776865656C20434320283129206F4B
:100540006E2074686520426C6F73736F6D206368F2
:10055000616E6E656C000000636F6E645F656E6156
:10056000626C6500456E61626C652074686520434D
:100570006F6E647563746F7227732062616C616E55
:1005800063652F637565696E6720283129206F7256
:10059000206279706173732069742C20616C6C2007
:1005A0007472696D7320312E3020283029000000CC
:1005B000436F6E647563746F72000000636F6E64E6
:1005C0005F73656374696F6E00000000303D4175B4
:1005D000746F2C20313D416C6C20496E2C20323DD3
:1005E000417474656E756174656420426173732C27
:1005F00020333D4E6F204861726D6F6E6965732CBC
:1006000020343D4E6F205061642C20353D41747480
:10061000656E7561746564205061642C20363D41BF
:100620007474656E7561746564204861726D6F6E77
:100630006965732C20373D4C65616420262050612C
:10064000642C20383D52687974686D20536563745A
:10065000696F6E2C20393D4875736865642C2031B4
:10066000303D536F6C6F6973743A204861726D6FDF
:100670006E7920312C2031313D54757474692050CD
:1006800065616B00636F6E645F696E74656E73693C
:1006900074790000466F7263652074686520696E26
:1006A00074656E736974792061726320617320616F
:1006B0002070657263656E742C206F722030206626
:1006C0006F72206175746F2028666F6C6C6F777322
:1006D0002070696563652070726F67726573732936
:1006E00000000000636F6E645F73656374696F6E12
:1006F0005F73656300000000466F7263652065618B
:1007000063682073656374696F6E2773206C656E10
:1007100067746820696E207365636F6E64732C2044
:100720006F72203020666F72206175746F2028739D
:1007300063616C6564206F6666207468652072650D
:1007400067656E2077696E646F77290072657665DC
:1007500072625F73697A6500506C617465207461C0
:100760006E6B2073697A652C20302D313030252056
:1007700028736D616C6C20706C61746520746F20DF
:1007800063617468656472616C292E20556E7365AF
:10079000742C206461726B20726F6F6D2067726FB2
:1007A00077732069742C2062726967687420726F95
:1007B0006F6D20736872696E6B7320697420746F3B
:1007C000776172642074686520626173650000005F
:1007D00052657665726200007265766572625F646A
:1007E00065636179000000005461696C206C656E7E
:1007F0006774682C20302D313030252E20486172EE
:10080000642D636C616D70656420696E73696465E5
:1008100020746865206E6F6465206174203932250C
:10082000202D207468657265206973206E6F206DBD
:100830006173746572206C696D697465722C2061D6
:10084000206C6F6E676572207461696C2063616EE5
:1008500020636C69700000007265766572625F6487
:10086000616D70005461696C206461726B6E6573B8
:10087000732C20303D6272696768742C20313030EF
:100880003D6461726B2E20556E7365742C2064611B
:10089000726B20726F6F6D206461726B656E732076
:1008A000697420667572746865722C20627269675B
:1008B000687420726F6F6D20627269676874656E0C
:1008C0007320746F7761726420746865206261734D
:1008D000650000007265766572625F7072656465BE
:1008E0006C6179005072652D64656C61792C206DA6
:1008F000732C206265666F72652074686520736969
:10090000676E616C207265616368657320746865E9
:100910002074616E6B2E204E6F74204C44522D73E8
:1009200068617065640000007265766572625F6D73
:100930006F64000054616E6B20616C6C7061737346
:10094000206D6F64756C6174696F6E20646570747E
:10095000682C20302D313030252E20546865206CD5
:100960007573686E657373206469616C202D203027
:100970002072696E677320636C6F73657220746F89
:1009800020746865206F6C642046726565766572B8
:10099000622C2068696768657220626C6F6F6D7386
:1009A00020696E737465616400000000726576658D
:1009B00072625F6C6F77637574000000496E7075CA
:1009C0007420686967687061737320696E746F2042
:1009D0007468652074616E6B2C20302D31303025A9
:1009E000202832302D333030487A292E204B65654F
:1009F00070732062617373206F7574206F6620744A
:100A0000686520776173682E204E6F74204C4452C5
:100A10002D736861706564007265766572625F64EB
:100A20006966667573696F6E00000000496E7075C7
:100A30007420646966667573657220736D65617292
:100A40002C20302D313030252E204E6F74204C4418
:100A5000522D7368617065640000000072657665F0
:100A600072625F7769647468000000005374657295
:100A7000656F207769647468206F662074686520EC
:100A8000776574207369676E616C2C20303D6D6FE3
:100A90006E6F2C203130303D66756C6C2E204E6FA1
:100AA00074204C44522D736861706564000000002E
:100AB0007265766572625F77657400004D6173746C
:100AC0006572207265766572622072657475726EE9
:100AD0002C20302D3130302520286D697865724CFE
:100AE0006566742F526967687420636831292E2007
:100AF00057617320612068617264636F646564206C
:100B0000302E352C206E6F77206C6976652D7365DD
:100B1000747461626C652E20556E7365742C20644C
:100B200061726B20726F6F6D2072696465732077DC
:100B300065747465722C2062726967687420726FC4
:100B40006F6D2064726965720000000072657665E1
:100B500072625F7374616765000000004449414739
:100B60004E4F535449433A20303D66756C6C2070AB
:100B70006174682C20313D7072652D64656C6179FB
:100B8000206F6E6C792C20323D2B6469666675731C
:100B90006572732C20333D74616E6B206272616EDE
:100BA000636820286E6F206F75747075742074618F
:100BB0007073292E2054656D706F726172792C20CC
:100BC000666F7220626973656374696E672074680A
:100BD0006520637261636B6C6500000074657374FB
:100BE0005F626C6F73736F6D5F6F6E6C7900000086
:100BF000746573745F64726F6E657300746573748B
:100C00005F6E6F6973650000746573745F737472EF
:100C1000696E677300000000616C6C5F766F6963DA
:100C20006573000062617373697374006861726D4B
:100C30006F6E7931000000006861726D6F6E7932FD
:100C400000000000737472696E6773006E6F6973E1
:100C5000650000007768616C65730000626972640A
:100C6000735F6472756D73004D414A004D494E00CB
:100C70005355533200000000535553340000000018
:100C80005155415254414C00414444390000000048
:100C90004D414A37000000004D494E37000000002A
:100CA0005349580043000000432300004423000040
:100CB00045000000460000004623000047000000F9
:100CC0004723000041000000412300004C454146FD
:100CD0000000000052414449414C00005741564534
:100CE000000000004D4F554E5441494E0000000099
:100CF00046524545000000005041545445524E00B4
:100D00004255525354000000464F5257415244003E
:100D1000524556455253450042524F4B454E0000F6
:100D20004A554D500000000057414C4B5F32463150
:100D30004200000057414C4B5F324D46314D42005E
:100D400057414C4B5F53504952414C0057414C4B1B
:100D50005F4241434B545241434B0000534B454C7F
:100D60004554414C0000000052414E444F4D00009C
:100D7000434F4E544F555200507572652053696E63
:100D800065000000466C7574652B53696E65000044
:100D900053696E652B547269616E676C6500000063
:100DA000476F6E6700000000547269616E676C6582
:100DB0002B53617700000000566F6963652B455027
:100DC00069616E6F00000000456C65637472696351
:100DD0002042617373000000506C61696E2053699A
:100DE0006E650000457468657265616C20506164D1
:100DF000000000004C796469616E00004D69786FF5
:100E00006C796469616E000048616D736164687734
:100E1000616E6900456779707469616E0000000059
:100E20004D616A6F720000004D616A6F72205065FB
:100E30006E7461746F6E6963000000004D696E6FBF
:100E4000722050656E7461746F6E696300000000FB
:100E5000446F7269616E0000426972642043686980
:100E6000727073004D6963726F2042656174730024
:100E70004F6365616E2057617665730052616469E6
:100E80006F20427572737473000000004F66660035
:100E9000536F6C61722057696E640000476C617318
:100EA00073202620496365005061706572202620FA
:100EB0004361726473000000576F6F642026204204
:100EC0007265617468000000436C6173736963202C
:100ED0004B697400487962726964000065657072DC
:100EE0006F6D00006372635F6572726F7200000065
:100EF000736368656D615F6E657765720000000001
:100F0000726973650000000064726F700000000079
:100F10006D6964636869727000000000676C6964E1
:100F2000650000006B69796177000000776172628B
:100F30006C650000706565706572000066656562CD
:100F400065650000636F6F0073747574746572007B
:100F500063617363616465006661726F6666000059
:100F6000436C69636B0000005469636B0000000010
:100F7000476C6173730000004361726400000000FD
:100F8000576F6F6400000000546875640000000033
:100F90005469636B36300000546F6D004B69636BAE
:100FA00000000000536E617265000000576F6F6CA7
:100FB0000000000043686F697200000054617065B2
:100FC000000000004272656174680000426F77653E
:100FD0006400000053796E636F706174656431362C
:100FE000000000004B69636B466F757200000000E3
:100FF000436C6176650000005374656164793874F0
:1010000068730000547269706C657473313200004B
:1010100047616C6C6F7052617463686574000000A6
:1010200053706172736531360000000057616C6B5C
:10103000696E6731360000004C656761746F5377E5
:10104000656C6C0050757368000000004865617243
:1010500074626561740000004F6464370000000032
:101060004C6F6E6550756C736500000057616C7451
:101070007A3132005369784569676874313200000B
:1010800057616C747A5377696E67313200000000E3
:101090002E0000004C435F434F4C4C415445000030
:1010A0004C435F4354595045000000004C435F4D92
:1010B0004F4E4554415259004C435F4E554D455299
:1010C000494300004C435F54494D45004C435F4D3C
:1010D00045535341474553000001000034DE0020D2
:1010E0001200000000060000EC2000600A00000072
:1010F00000020000941F006055010000000700007E
:101100003C1E00605501000000030000381E006016
:101110000000000001030904201E00600000000020
:101120000203090480EB002000000000030309040F
:10113000A0EB002000000000000000000000000004
:10114000000000000F000000303030303030303010
:10115000303030303030303030303030303030308F
:1011600030303030303030301000000000000000EF
:10117000A4F700200CF8002074F800200000000004
:10118000000000000000000000000000000000005F
:10119000000000000000000000000000000000004F
:1011A000000000000000000000000000000000003F
:1011B000000000000000000000000000000000002F
:1011C000000000000000000000000000000000001F
:1011D000000000000000000000000000000000000F
:1011E00000000000000000000000000000000000FF
:1011F00000000000000000000000000000000000EF
:101200000000000001000000000000000E33CDAB24
:1012100034126DE6ECDE05000B000000000000005B
:1012200000000000000000000000000000000000BE
:1012300000000000000000000000000000000000AE
:10124000000000000000000000000000000000009E
:10125000000000000000000000000000000000008E
:10126000000000000000000000000000000000007E
:10127000000000000000000000000000000000006E
:101280000000000000000000000000000029DE0750
:10129000007B9A1758A4002000000000E80300001B
:1012A0000000000054A5002000000000E80300003A
:1012B0000000000000003F40982100600000000096
:1012C000000000000000000000000000000000001E
:1012D000000000000000000000000000000000000E
:1012E00000000000000000000000000000000000FE
:1012F00000000000000000000000000000000000EE
:1013000000000000000000000000000000000000DD
:1013100000000000000000000000000000000000CD
:1013200000000000000000000000000000000000BD
:1013300000000000000000000000000000000000AD
:10134000000000000000000000000000000000009D
:10135000000000000000000000000000000000008D
:10136000000000000000000000000000000000007D
:10137000000000000000000000000000000000006D
:10138000000000000000000000000000000000005D
:10139000000000000000000000000000000000004D
:1013A000000000000000000000000000000000003D
:1013B000000000000000000000000000000000002D
:1013C000000000000000000000000000000000001D
:1013D000000000000000000000000000000000000D
:1013E0000000000054A5002000000000E8030000F9
:1013F0000000000000803F40482100600000000025
:1014000000000000000000000000000000000000DC
:1014100000000000000000000000000000000000CC
:1014200000000000000000000000000000000000BC
:1014300000000000000000000000000000000000AC
:10144000000000000000000000000000000000009C
:10145000000000000000000000000000000000008C
:10146000000000000000000000000000000000007C
:10147000000000000000000000000000000000006C
:10148000000000000000000000000000000000005C
:10149000000000000000000000000000000000004C
:1014A000000000000000000000000000000000003C
:1014B000000000000000000000000000000000002C
:1014C000000000000000000000000000000000001C
:1014D000000000000000000000000000000000000C
:1014E00000000000000000000000000000000000FC
:1014F00000000000000000000000000000000000EC
:1015000000000000000000000000000000000000DB
:1015100000000000000000000000000000000000CB
:101520000000000054A5002000000000E8030000B7
:101530000000000000C03F40F820006000000000F4
:10154000000000000000000000000000000000009B
:10155000000000000000000000000000000000008B
:10156000000000000000000000000000000000007B
:10157000000000000000000000000000000000006B
:10158000000000000000000000000000000000005B
:10159000000000000000000000000000000000004B
:1015A000000000000000000000000000000000003B
:1015B000000000000000000000000000000000002B
:1015C000000000000000000000000000000000001B
:1015D000000000000000000000000000000000000B
:1015E00000000000000000000000000000000000FB
:1015F00000000000000000000000000000000000EB
:1016000000000000000000000000000000000000DA
:1016100000000000000000000000000000000000CA
:1016200000000000000000000000000000000000BA
:1016300000000000000000000000000000000000AA
:10164000000000000000000000000000000000009A
:10165000000000000000000000000000000000008A
:101660000000000000000000000000007F000000FB
:10167000FFFFFFFF01000000FFFFFFFF000080BF32
:101680000500000064F70020008424200000000012
:101690004300000000000000000000000000000007
:1016A000000000000000000000000000000000003A
:1016B00043000000000000000000000000000000E7
:1016C000000000000000000000000000000000001A
:1016D00043000000000000000000000000000000C7
:1016E00000000000000000000000000000000000FA
:1016F00043000000000000000000000000000000A7
:1017000000000000000000000000000000000000D9
:101710004300000000000000000000000000000086
:1017200000000000000000000000000000000000B9
:101730004300000000000000000000000000000066
:101740000000000000000000000000000000000099
:101750004300000000000000000000000000000046
:101760000000000000000000000000000000000079
:1017700065F10200A1CB020000000000B0A600202D
:101780008CD20020441E0020441E0020441E002055
:10179000441E0020441E0020441E0020441E002041
:1017A000441E0020441E0020FFFFFFFFFFFFFFFF3D
:1017B000FFFFFFFFFFFF00000100415343494900C5
:1017C0000000000000000000000000000000000019
:1017D00000000000000000000000415343494900A0
:1017E00000000000000000000000000000000000F9
:1017F00000000000000000000000000000000000E9
:1018000000000000F8D90020F8D9002000DA0020FC
:1018100000DA002008DA002008DA002010DA0020C0
:1018200010DA002018DA002018DA002020DA002070
:1018300020DA002028DA002028DA002030DA002020
:1018400030DA002038DA002038DA002040DA0020D0
:1018500040DA002048DA002048DA002050DA002080
:1018600050DA002058DA002058DA002060DA002030
:1018700060DA002068DA002068DA002070DA0020E0
:1018800070DA002078DA002078DA002080DA002090
:1018900080DA002088DA002088DA002090DA002040
:1018A00090DA002098DA002098DA0020A0DA0020F0
:1018B000A0DA0020A8DA0020A8DA0020B0DA0020A0
:1018C000B0DA0020B8DA0020B8DA0020C0DA002050
:1018D000C0DA0020C8DA0020C8DA0020D0DA002000
:1018E000D0DA0020D8DA0020D8DA0020E0DA0020B0
:1018F000E0DA0020E8DA0020E8DA0020F0DA002060
:10190000F0DA0020F8DA0020F8DA002000DB00200E
:1019100000DB002008DB002008DB002010DB0020BB
:1019200010DB002018DB002018DB002020DB00206B
:1019300020DB002028DB002028DB002030DB00201B
:1019400030DB002038DB002038DB002040DB0020CB
:1019500040DB002048DB002048DB002050DB00207B
:1019600050DB002058DB002058DB002060DB00202B
:1019700060DB002068DB002068DB002070DB0020DB
:1019800070DB002078DB002078DB002080DB00208B
:1019900080DB002088DB002088DB002090DB00203B
:1019A00090DB002098DB002098DB0020A0DB0020EB
:1019B000A0DB0020A8DB0020A8DB0020B0DB00209B
:1019C000B0DB0020B8DB0020B8DB0020C0DB00204B
:1019D000C0DB0020C8DB0020C8DB0020D0DB0020FB
:1019E000D0DB0020D8DB0020D8DB0020E0DB0020AB
:1019F000E0DB0020E8DB0020E8DB0020F0DB00205B
:101A0000F0DB0020F8DB0020F8DB002000DC002009
:101A100000DC002008DC002008DC002010DC0020B6
:101A200010DC002018DC002018DC002020DC002066
:101A300020DC002028DC002028DC002030DC002016
:101A400030DC002038DC002038DC002040DC0020C6
:101A500040DC002048DC002048DC002050DC002076
:101A600050DC002058DC002058DC002060DC002026
:101A700060DC002068DC002068DC002070DC0020D6
:101A800070DC002078DC002078DC002080DC002086
:101A900080DC002088DC002088DC002090DC002036
:101AA00090DC002098DC002098DC0020A0DC0020E6
:101AB000A0DC0020A8DC0020A8DC0020B0DC002096
:101AC000B0DC0020B8DC0020B8DC0020C0DC002046
:101AD000C0DC0020C8DC0020C8DC0020D0DC0020F6
:101AE000D0DC0020D8DC0020D8DC0020E0DC0020A6
:101AF000E0DC0020E8DC0020E8DC0020F0DC002056
:101B0000F0DC0020F8DC0020F8DC002000DD002004
:101B100000DD002008DD002008DD002010DD0020B1
:101B200010DD002018DD002018DD002020DD002061
:101B300020DD002028DD002028DD002030DD002011
:101B400030DD002038DD002038DD002040DD0020C1
:101B500040DD002048DD002048DD002050DD002071
:101B600050DD002058DD002058DD002060DD002021
:101B700060DD002068DD002068DD002070DD0020D1
:101B800070DD002078DD002078DD002080DD002081
:101B900080DD002088DD002088DD002090DD002031
:101BA00090DD002098DD002098DD0020A0DD0020E1
:101BB000A0DD0020A8DD0020A8DD0020B0DD002091
:101BC000B0DD0020B8DD0020B8DD0020C0DD002041
:101BD000C0DD0020C8DD0020C8DD0020D0DD0020F1
:101BE000D0DD0020D8DD0020D8DD0020E0DD0020A1
:101BF000E0DD0020E8DD0020E8DD0020F0DD002051
:101C0000F0DD0020FFFFFFFF0000020000000000E9
:101C100003000000A4F7002068D3002003000000A8
:101C2000CDCCCC3E9A99993E009F24000400000040
:101C30007D0000002800000012010002EF020140B8
:101C4000C0168A047902010203010000F4010000B9
:101C5000B80B0000401F000002000000040000005C
:101C6000CC19002000000000320000003E000000FF
:101C70003C00000038F4002050F3002099B300002D
:101C800049B50000F4B6002048B70020000000006D
:101C9000D41900200000000000000000080000002F
:101CA0000000000039F4002054F30020A5B3000028
:101CB00055B5000050B7002048B7002000000000D4
:101CC000DC19002000000000FA000000B80B000042
:101CD000F40100003AF4002058F3002025BA000077
:101CE00061B50000C8B7002048B700200000000020
:101CF000E4190020000000000000000003000000C4
:101D0000000000003BF400205CF3002041BB000019
:101D10004DB60000E0B70020B4B60020000000007F
:101D2000F419002000000000000000000200000084
:101D3000000000003CF4002060F30020B1B300007C
:101D400059B6000008B80020B4B60020000000001A
:101D5000FC19002000000000000000000700000047
:101D6000000000003DF4002064F30020BDB300003B
:101D700065B6000028B80020B4B6002000000000BE
:101D8000041A002000000000000000000100000014
:101D9000000000003EF4002068F30020C9B30000FA
:101DA00071B6000088B80020B4B600200000000022
:101DB0009CB80020000000000000000000000000AF
:101DC000000000003FF400206CF30020D9BB0000AD
:101DD0007DB60000A4B80020B4B6002000000000CA
:101DE00078B9002000000000000000000D00000095
:101DF0000000000040F4002070F300201DBB000034
:101E00009DB6000088B90020B4B600200000000094
:101E100028BA00200000000000000000640000005C
:101E20000000000045F4002084F3002069BE00009B
:101E300085BC000038BA0020B4B6002000000000C5
:101E4000A4BA0020000000000100000064000000AF
:101E50000C00000046F4002088F30020FDBA0000CA
:101E60000DB90000BCBA0020B4B60020000000008C
:101E700074BB00200000000014000000E803000014
:101E8000C800000047F400208CF30020E9BA0000ED
:101E900029B9000088BB0020B4B600200000000073
:101EA000E4BB00200000000000000000050000006E
:101EB0000000000041F4002074F30020D5BA0000B7
:101EC000A9B60000F0BB00207C1A00200000000032
:101ED00044BC0020000000000000000005000000DD
:101EE0000000000048F4002090F30020C1BA000078
:101EF000F9B6000050BC00207C1A0020B4BC0020C1
:101F0000C4BC00200000000000000000C800000069
:101F10006400000049F4002094F3002005B40000A0
:101F200015B70000D4BC00207C1A0020B4BC0020EF
:101F300050A100200000000000000000C8000000C8
:101F40006400000042F4002078F30020D5B30000C4
:101F5000C1B600007CBD00207C1A002004BE002019
:101F600014BE00200000000000000000040000007B
:101F70000000000043F400207CF30020E5B30000E3
:101F8000DDB6000020BE00207C1A002004BE002028
:101F90005CA10020000000000000000064000000C0
:101FA0003700000044F4002080F30020F5B3000067
:101FB000FDBB000070BE00207C1A002004BE002083
:101FC000D0BE0020E0BE00200000000005000000A0
:101FD000010000004AF4002098F3002015B400002E
:101FE00031B70000F0BE0020D4B500200000000092
:101FF00048BF0020000000000000000000000000BA
:10200000000000004BF400209CF30020B9BA00004F
:1020100061B70000A4B80020D4B500200000000083
:1020200058BF002000000000000000000100000078
:10203000000000004CF40020A0F30020ADBA000026
:102040006DB7000070BF0020D4B500200000000074
:1020500090BF002000000000000000000100000010
:10206000000000004DF40020A4F3002039B400006B
:1020700079B70000A0BF0020D4B500200000000008
:10208000ECBF0020FCBF00200000000004000000A6
:10209000010000004EF40020A8F3002021B400004D
:1020A0003DB700000CC000204CC000200000000024
:1020B00054C0002064C000200000000003000000A5
:1020C000010000004FF40020ACF300202DB400000C
:1020D00049B7000074C000204CC000200000000080
:1020E000ACC0002000000000000000006400000000
:1020F0002800000050F40020B0F3002039BE00009A
:1021000035BC0000BCC000204CC000200000000016
:1021100034C1002000000000000000006400000046
:102120002800000051F40020B4F3002009BE000094
:10213000E5B8000044C100204CC0002000000000B1
:1021400068C10020000000000000000064000000E2
:102150002800000052F40020B8F3002099BE0000CF
:102160005DBC000078C10020ECB50020000000003C
:10217000E0C1002000000000000000000500000099
:102180000000000053F40020BCF3002091BA0000CE
:1021900055B70000ECC10020DCB6002000000000B4
:1021A00020C20020000000000000000064000000C9
:1021B0000F00000054F40020C0F3002055B40000CC
:1021C000A1B700002CC20020DCB6002000000000F7
:1021D0009CC200200000000000000000640000001D
:1021E0002300000055F40020C4F30020C9BE000005
:1021F000ADBC0000A8C20020DCB60020000000003A
:1022000008C30020000000000000000003000000E0
:102210000000000056F40020C8F300206DBA000052
:10222000BDB7000014C30020DCB600200000000091
:102230003CC300200000000000000000010000007E
:102240000100000057F40020CCF3002055BA000034
:1022500085B700004CC3002058C3002000000000D8
:1022600060C3002000000000000000000400000027
:102270000400000058F40020D0F3002065B40000F2
:10228000E1B7000070C3002058C300200000000028
:10229000B0C30020000000000000000002000000A9
:1022A0000000000059F40020D4F300207DB40000A9
:1022B00005B80000BCC3002058C300200000000087
:1022C000DCC3002000000000000000000900000046
:1022D000000000005AF40020D8F30020A1B4000050
:1022E00035B80000ECC3002058C3002000000000F7
:1022F0003CC400200000000028000000A0000000F6
:10230000500000005BF40020DCF3002001BA000064
:102310006DB5000040C4002048B700200000000058
:102320003CC5002000000000030000000700000082
:10233000040000005CF40020E0F30020E9B9000094
:102340008DB500004CC5002048B7002000000000FB
:1023500098C50020000000000000000002000000FE
:10236000000000005DF40020E4F30020D5B9000077
:10237000A1B50000A4C5002048B70020000000005F
:10238000C4C50020000000000000000001000000A3
:10239000010000005EF40020E8F30020BDB400005E
:1023A000B1B50000D4C5002048B7002000000000EF
:1023B00008C600200000000000000000010000002E
:1023C000010000005FF40020ECF30020D1B4000015
:1023D000C5B5000018C6002048B700200000000066
:1023E00048C60020000000000000000001000000BE
:1023F0000100000060F40020F0F30020E5B40000CC
:10240000D9B5000054C6002048B7002000000000E5
:1024100088C600200000000000000000010000004D
:102420000100000061F40020F4F30020F9B4000082
:10243000EDB5000094C6002048B700200000000061
:10244000C8C60020000000000000000001000000DD
:102450000100000062F40020F8F300200DB5000038
:1024600001B60000D4C6002048B7002000000000DC
:1024700004C7002000000000000000000100000070
:102480000100000063F40020FCF3002021B50000EF
:1024900015B6000014C7002048B700200000000057
:1024A00054C70020000000000000000001000000F0
:1024B0000100000064F4002000F4002035B50000A5
:1024C00029B6000060C70020ACC700200000000053
:1024D000B8C7002000000000000000000B00000052
:1024E0000000000065F4002004F40020C1B90000E1
:1024F00039B60000C8C70020ACC7002000000000AB
:1025000080C80020000000000000000064000000FF
:102510000000000066F4002008F40020ADB90000BF
:1025200059B8000090C80020ACC70020000000008F
:10253000E0C8002000000000000000002C010000A6
:102540000000000067F400200CF4002099B900009E
:1025500079B80000F4C80020ACC7002000000000DB
:1025600048C90020000000000000000064000000D6
:102570005500000068F4002010F4002041BF000066
:10258000D5BC000054C90020CCC9002000000000C8
:10259000D4C900200000000000000000640000001A
:1025A0004600000069F4002014F4002071BF000010
:1025B00001BD0000E4C90020CCC9002000000000DB
:1025C00054CA002000000000000000006400000069
:1025D000230000006AF4002018F40020A1BF0000CE
:1025E0002DBD000060CA0020CCC900200000000002
:1025F000D0CA0020000000000000000078000000A9
:10260000550000006BF400201CF4002069B90000A4
:10261000B9B80000E0CA0020CCC9002000000000CA
:1026200024CB002000000000000000006400000037
:102630005F0000006CF4002020F40020D1BF0000F7
:1026400059BD000030CB0020CCC9002000000000A4
:10265000A8CB002000000000000000006400000083
:102660001E0000006DF4002024F4002001C00000D2
:1026700085BD0000B8CB0020CCC9002000000000C0
:1026800014CC0020000000000000000064000000E6
:102690004B0000006EF4002028F4002031C0000040
:1026A000B1BD000028CC0020CCC9002000000000F3
:1026B00058CC002000000000000000006400000072
:1026C000550000006FF400202CF4002039B9000000
:1026D000DDBD000068CC0020CCC900200000000057
:1026E000ACCC0020000000000000000064000000EE
:1026F0005A00000070F4002030F4002011BF0000E8
:102700008DB80000B8CC0020CCC90020000000002B
:1027100048CD002000000000000000000300000081
:102720000000000071F4002034F4002049B40000DF
:1027300095B7000058CD0020CCC900200000000053
:10274000009F2400FFFFFFFF0000003F0000003F4C
:1027500064000000CDCC4C3F0000803F3C000000F6
:1027600009D0024159970A4113D5124138901B41B3
:1027700014D02441E09C2E412EFF38412EFF4341CE
:10278000B5A64F4100005C41E4146941D8F07641A0
:10279000DFCF824159978A41FED492412E909B41CE
:1027A00048D0A441159DAE412EFFB84163FFC341FF
:1027B000E9A6CF410000DC41E414E9410DF1F64106
:1027C000F9CF024259970A42FED412422E901B4280
:1027D00048D024422F9D2E4248FF384263FF434297
:1027E000E9A64F4200005C42E41469420DF17642D2
:1027F00007D0824259978A420BD592423B909B4226
:1028000048D0A4422F9DAE4248FFB84263FFC34266
:10281000E9A6CF420000DC427B14E942A4F0F64274
:10282000DFCF02434C970A43FED4124321901B434F
:1028300021D024432F9D2E433BFF38433BFF43438E
:10284000E9A64F4300005C43BC146943E5F07643BE
:1028500000D082434C978A43FED4924321909B43FD
:1028600042D0A4432F9DAE433BFFB8435CFFC3431C
:10287000E9A6CF430000DC43DD14E94306F1F6434B
:1028800010D002445C970A440ED5124431901B4488
:1028900052D024442F9D2E443BFF38445CFF4344D8
:1028A000FAA64F4400005C44EE14694406F17644F5
:1028B00000D082445C978A44CDD4924400909B44DB
:1028C00052D0A4441F9DAE440AFFB8445CFFC344E9
:1028D000B8A6CF440000DC44CD14E944F6F0F64439
:1028E00000D002455C970A45F6D4124529901B4555
:1028F00052D024451F9D2E4533FF38455CFF43458C
:10290000E1A64F4500005C45F6146945F6F07645B2
:1029100000D082455C978A450AD592453D909B45FB
:1029200052D0A445339DAE4548FFB8455CFFC34532
:10293000F6A6CF450000DC45F614E9450AF1F64558
:102940000AD002465C970A4614D512463D901B46B3
:1029500000D02446339D2E4633FF384633FF43468E
:102960000000003E0000803E0000003F0000803F6D
:10297000FFFFFFFF3C000000009F2400E803000071
:10298000009F24001E035400610068006900670076
:1029900061006D0069002000440031002D0034000A
:1029A000300000000C0300000000000000000000E8
:1029B000000000000000000000000000B4B600208D
:1029C000BCB60020C4B60020D0B60020DCB6002083
:1029D000ECB500207C1A0020E0B60020E8B600200C
:1029E000640000006401080801010101FFFFFFFF0E
:1029F00001010101000000000000000000000000D3
:102A000000000000000000000000000000000000C6
:102A100000000000000000000000000000000000B6
:102A200000000000000000000000000000000000A6
:102A30000000000000000000000000000000000096
:102A40000000000000000000000000000000000086
:102A50000000000000000000000000000000000076
:102A60000000000000000000000000000000000066
:102A70000000000000000000000000000000000056
:102A80000000000000000000000000000000000046
:102A90000000000000000000000000000000000036
:102AA0000000000000000000000000000000000026
:102AB0000000000000000000000000000000000016
:102AC0000000000000000000000000000000000006
:102AD00000000000000000000000000000000000F6
:102AE00000000000000000000000000000000000E6
:102AF00000000000000000000000000000000000D6
:102B000000000000000000000000000000000000C5
:102B100000000000000000000000000000000000B5
:102B200000000000000000000000000000000000A5
:102B30000000000000000000000000000000000095
:102B40000000000000000000000000000000000085
:102B50000000000000000000000000000000000075
:102B60000000000000000000000000000000000065
:102B70000000000000000000000000000000000055
:102B80000000000000000000000000000000000045
:102B90000000000000000000000000000000000035
:102BA0000000000000000000000000000000000025
:102BB0000000000000000000000000000000000015
:102BC0000000000000000000000000000000000005
:102BD00000000000000000000000000000000000F5
:102BE00000000000000000000000000000000000E5
:102BF00000000000000000000000000000000000D5
:102C000000000000000000000000000000000000C4
:102C100000000000000000000000000000000000B4
:102C200000000000000000000000000000000000A4
:102C30000000000000000000000000000000000094
:102C40000000000000000000000000000000000084
:102C50000000000000000000000000000000000074
:102C60000000000000000000000000000000000064
:102C70000000000000000000000000000000000054
:102C80000000000000000000000000000000000044
:102C90000000000000000000000000000000000034
:102CA0000000000000000000000000000000000024
:102CB0000000000000000000000000000000000014
:042CC0000000000010
:102CC400FFFFFFFFFFFFFFFFFFFFFFFFFFFFFFFF10
:102CD400FFFFFFFFFFFFFFFFFFFFFFFFFFFFFFFF00
:102CE400FFFFFFFFFFFFFFFFFFFFFFFFFFFFFFFFF0
:102CF400FFFFFFFFFFFFFFFFFFFFFFFFFFFFFFFFE0
:102D0400FFFFFFFFFFFFFFFFFFFFFFFFFFFFFFFFCF
:102D1400FFFFFFFFFFFFFFFFFFFFFFFFFFFFFFFFBF
:102D2400FFFFFFFFFFFFFFFFFFFFFFFFFFFFFFFFAF
:102D3400FFFFFFFFFFFFFFFFFFFFFFFFFFFFFFFF9F
:102D4400FFFFFFFFFFFFFFFFFFFFFFFFFFFFFFFF8F
:102D5400FFFFFFFFFFFFFFFFFFFFFFFFFFFFFFFF7F
:102D6400FFFFFFFFFFFFFFFFFFFFFFFFFFFFFFFF6F
:102D7400FFFFFFFFFFFFFFFFFFFFFFFFFFFFFFFF5F
:102D8400FFFFFFFFFFFFFFFFFFFFFFFFFFFFFFFF4F
:102D9400FFFFFFFFFFFFFFFFFFFFFFFFFFFFFFFF3F
:102DA400FFFFFFFFFFFFFFFFFFFFFFFFFFFFFFFF2F
:102DB400FFFFFFFFFFFFFFFFFFFFFFFFFFFFFFFF1F
:102DC400FFFFFFFFFFFFFFFFFFFFFFFFFFFFFFFF0F
:102DD400FFFFFFFFFFFFFFFFFFFFFFFFFFFFFFFFFF
:102DE400FFFFFFFFFFFFFFFFFFFFFFFFFFFFFFFFEF
:102DF400FFFFFFFFFFFFFFFFFFFFFFFFFFFFFFFFDF
:102E0400FFFFFFFFFFFFFFFFFFFFFFFFFFFFFFFFCE
:102E1400FFFFFFFFFFFFFFFFFFFFFFFFFFFFFFFFBE
:102E2400FFFFFFFFFFFFFFFFFFFFFFFFFFFFFFFFAE
:102E3400FFFFFFFFFFFFFFFFFFFFFFFFFFFFFFFF9E
:102E4400FFFFFFFFFFFFFFFFFFFFFFFFFFFFFFFF8E
:102E5400FFFFFFFFFFFFFFFFFFFFFFFFFFFFFFFF7E
:102E6400FFFFFFFFFFFFFFFFFFFFFFFFFFFFFFFF6E
:102E7400FFFFFFFFFFFFFFFFFFFFFFFFFFFFFFFF5E
:102E8400FFFFFFFFFFFFFFFFFFFFFFFFFFFFFFFF4E
:102E9400FFFFFFFFFFFFFFFFFFFFFFFFFFFFFFFF3E
:102EA400FFFFFFFFFFFFFFFFFFFFFFFFFFFFFFFF2E
:102EB400FFFFFFFFFFFFFFFFFFFFFFFFFFFFFFFF1E
:102EC400FFFFFFFFFFFFFFFFFFFFFFFFFFFFFFFF0E
:102ED400FFFFFFFFFFFFFFFFFFFFFFFFFFFFFFFFFE
:102EE400FFFFFFFFFFFFFFFFFFFFFFFFFFFFFFFFEE
:102EF400FFFFFFFFFFFFFFFFFFFFFFFFFFFFFFFFDE
:102F0400FFFFFFFFFFFFFFFFFFFFFFFFFFFFFFFFCD
:102F1400FFFFFFFFFFFFFFFFFFFFFFFFFFFFFFFFBD
:102F2400FFFFFFFFFFFFFFFFFFFFFFFFFFFFFFFFAD
:102F3400FFFFFFFFFFFFFFFFFFFFFFFFFFFFFFFF9D
:102F4400FFFFFFFFFFFFFFFFFFFFFFFFFFFFFFFF8D
:102F5400FFFFFFFFFFFFFFFFFFFFFFFFFFFFFFFF7D
:102F6400FFFFFFFFFFFFFFFFFFFFFFFFFFFFFFFF6D
:102F7400FFFFFFFFFFFFFFFFFFFFFFFFFFFFFFFF5D
:102F8400FFFFFFFFFFFFFFFFFFFFFFFFFFFFFFFF4D
:102F9400FFFFFFFFFFFFFFFFFFFFFFFFFFFFFFFF3D
:102FA400FFFFFFFFFFFFFFFFFFFFFFFFFFFFFFFF2D
:102FB400FFFFFFFFFFFFFFFFFFFFFFFFFFFFFFFF1D
:102FC400FFFFFFFFFFFFFFFFFFFFFFFFFFFFFFFF0D
:102FD400FFFFFFFFFFFFFFFFFFFFFFFFFFFFFFFFFD
:102FE400FFFFFFFFFFFFFFFFFFFFFFFFFFFFFFFFED
:102FF400FFFFFFFFFFFFFFFFFFFFFFFF00000000D9
:1030040000000000000000000000000000000000BC
:1030140000000000000000000000000000000000AC
:10302400000000000000000000000000000000009C
:10303400000000000000000000000000000000008C
:10304400000000000000000000000000000000007C
:10305400000000000000000000000000000000006C
:10306400000000000000000000000000000000005C
:10307400000000000000000000000000000000004C
:10308400000000000000000000000000000000003C
:10309400000000000000000000000000000000002C
:1030A400000000000000000000000000000000001C
:1030B400000000000000000000000000000000000C
:1030C40000000000000000000000000000000000FC
:1030D40000000000000000000000000000000000EC
:1030E40000000000000000000000000000000000DC
:1030F40000000000000000000000000000000000CC
:1031040000000000000000000000000000000000BB
:1031140000000000000000000000000000000000AB
:10312400000000000000000000000000000000009B
:10313400000000000000000000000000000000008B
:10314400000000000000000000000000000000007B
:10315400000000000000000000000000000000006B
:10316400000000000000000000000000000000005B
:10317400000000000000000000000000000000004B
:10318400000000000000000000000000000000003B
:10319400000000000000000000000000000000002B
:1031A400000000000000000000000000000000001B
:1031B400000000000000000000000000000000000B
:1031C40000000000000000000000000000000000FB
:1031D40000000000000000000000000000000000EB
:1031E40000000000000000000000000000000000DB
:1031F40000000000000000000000000000000000CB
:1032040000000000000000000000000000000000BA
:1032140000000000000000000000000000000000AA
:10322400000000000000000000000000000000009A
:10323400000000000000000000000000000000008A
:10324400000000000000000000000000000000007A
:10325400000000000000000000000000000000006A
:10326400000000000000000000000000000000005A
:10327400000000000000000000000000000000004A
:10328400000000000000000000000000000000003A
:10329400000000000000000000000000000000002A
:1032A400000000000000000000000000000000001A
:1032B400000000000000000000000000000000000A
:1032C40000000000000000000000000000000000FA
:1032D40000000000000000000000000000000000EA
:1032E40000000000000000000000000000000000DA
:1032F40000000000000000000000000000000000CA
:1033040000000000000000000000000000000000B9
:1033140000000000000000000000000000000000A9
:103324000000000000000000000000000000000099
:103334000000000000000000000000000000000089
:103344000000000000000000000000000000000079
:103354000000000000000000000000000000000069
:103364000000000000000000000000000000000059
:103374000000000000000000000000000000000049
:103384000000000000000000000000000000000039
:103394000000000000000000000000000000000029
:1033A4000000000000000000000000000000000019
:1033B4000000000000000000000000000000000009
:1033C40000000000000000000000000000000000F9
:1033D40000000000000000000000000000000000E9
:1033E40000000000000000000000000000000000D9
:1033F40000000000000000000000000000000000C9
:1034040000000000000000000000000000000000B8
:1034140000000000000000000000000000000000A8
:103424000000000000000000000000000000000098
:103434000000000000000000000000000000000088
:103444000000000000000000000000000000000078
:103454000000000000000000000000000000000068
:103464000000000000000000000000000000000058
:103474000000000000000000000000000000000048
:103484000000000000000000000000000000000038
:103494000000000000000000000000000000000028
:1034A4000000000000000000000000000000000018
:1034B4000000000000000000000000000000000008
:1034C40000000000000000000000000000000000F8
:1034D40000000000000000000000000000000000E8
:1034E40000000000000000000000000000000000D8
:1034F40000000000000000000000000000000000C8
:1035040000000000000000000000000000000000B7
:1035140000000000000000000000000000000000A7
:103524000000000000000000000000000000000097
:103534000000000000000000000000000000000087
:103544000000000000000000000000000000000077
:103554000000000000000000000000000000000067
:103564000000000000000000000000000000000057
:103574000000000000000000000000000000000047
:103584000000000000000000000000000000000037
:103594000000000000000000000000000000000027
:1035A4000000000000000000000000000000000017
:1035B4000000000000000000000000000000000007
:1035C40000000000000000000000000000000000F7
:1035D40000000000000000000000000000000000E7
:1035E40000000000000000000000000000000000D7
:1035F40000000000000000000000000000000000C7
:1036040000000000000000000000000000000000B6
:1036140000000000000000000000000000000000A6
:103624000000000000000000000000000000000096
:103634000000000000000000000000000000000086
:103644000000000000000000000000000000000076
:103654000000000000000000000000000000000066
:103664000000000000000000000000000000000056
:103674000000000000000000000000000000000046
:103684000000000000000000000000000000000036
:103694000000000000000000000000000000000026
:1036A4000000000000000000000000000000000016
:1036B4000000000000000000000000000000000006
:1036C40000000000000000000000000000000000F6
:1036D40000000000000000000000000000000000E6
:1036E40000000000000000000000000000000000D6
:1036F40000000000000000000000000000000000C6
:1037040000000000000000000000000000000000B5
:1037140000000000000000000000000000000000A5
:103724000000000000000000000000000000000095
:103734000000000000000000000000000000000085
:103744000000000000000000000000000000000075
:103754000000000000000000000000000000000065
:103764000000000000000000000000000000000055
:103774000000000000000000000000000000000045
:103784000000000000000000000000000000000035
:103794000000000000000000000000000000000025
:1037A4000000000000000000000000000000000015
:1037B4000000000000000000000000000000000005
:1037C40000000000000000000000000000000000F5
:1037D40000000000000000000000000000000000E5
:1037E40000000000000000000000000000000000D5
:1037F40000000000000000000000000000000000C5
:1038040000000000000000000000000000000000B4
:1038140000000000000000000000000000000000A4
:103824000000000000000000000000000000000094
:103834000000000000000000000000000000000084
:103844000000000000000000000000000000000074
:103854000000000000000000000000000000000064
:103864000000000000000000000000000000000054
:103874000000000000000000000000000000000044
:103884000000000000000000000000000000000034
:103894000000000000000000000000000000000024
:1038A4000000000000000000000000000000000014
:1038B4000000000000000000000000000000000004
:1038C40000000000000000000000000000000000F4
:1038D40000000000000000000000000000000000E4
:1038E40000000000000000000000000000000000D4
:1038F40000000000000000000000000000000000C4
:1039040000000000000000000000000000000000B3
:1039140000000000000000000000000000000000A3
:103924000000000000000000000000000000000093
:103934000000000000000000000000000000000083
:103944000000000000000000000000000000000073
:103954000000000000000000000000000000000063
:103964000000000000000000000000000000000053
:103974000000000000000000000000000000000043
:103984000000000000000000000000000000000033
:103994000000000000000000000000000000000023
:1039A4000000000000000000000000000000000013
:1039B4000000000000000000000000000000000003
:1039C40000000000000000000000000000000000F3
:1039D40000000000000000000000000000000000E3
:1039E40000000000000000000000000000000000D3
:1039F40000000000000000000000000000000000C3
:103A040000000000000000000000000000000000B2
:103A140000000000000000000000000000000000A2
:103A24000000000000000000000000000000000092
:103A34000000000000000000000000000000000082
:103A44000000000000000000000000000000000072
:103A54000000000000000000000000000000000062
:103A64000000000000000000000000000000000052
:103A74000000000000000000000000000000000042
:103A84000000000000000000000000000000000032
:103A94000000000000000000000000000000000022
:103AA4000000000000000000000000000000000012
:103AB4000000000000000000000000000000000002
:103AC40000000000000000000000000000000000F2
:103AD40000000000000000000000000000000000E2
:103AE40000000000000000000000000000000000D2
:103AF40000000000000000000000000000000000C2
:103B040000000000000000000000000000000000B1
:103B140000000000000000000000000000000000A1
:103B24000000000000000000000000000000000091
:103B34000000000000000000000000000000000081
:103B44000000000000000000000000000000000071
:103B54000000000000000000000000000000000061
:103B64000000000000000000000000000000000051
:103B74000000000000000000000000000000000041
:103B84000000000000000000000000000000000031
:103B94000000000000000000000000000000000021
:103BA4000000000000000000000000000000000011
:103BB4000000000000000000000000000000000001
:103BC40000000000000000000000000000000000F1
:103BD40000000000000000000000000000000000E1
:103BE40000000000000000000000000000000000D1
:0C3BF400000000000000000000000000C5
:040000056000100087
:00000001FF
